[2026-07-30T12:33:22.021+0000] {manager.py:483} INFO - Processing files using up to 2 processes at a time 
[2026-07-30T12:33:22.025+0000] {manager.py:484} INFO - Process each file at most once every 30 seconds
[2026-07-30T12:33:22.027+0000] {manager.py:485} INFO - Checking for new files in /opt/airflow/dags every 300 seconds
[2026-07-30T12:33:22.028+0000] {manager.py:821} INFO - Searching for files in /opt/airflow/dags
[2026-07-30T12:33:22.074+0000] {manager.py:824} INFO - There are 57 files in /opt/airflow/dags
[2026-07-30T12:33:22.269+0000] {manager.py:997} INFO - 
================================================================================
DAG File Processing Stats

File Path                                                                                                                            PID  Runtime      # DAGs    # Errors  Last Runtime    Last Run      Last # of DB Queries
---------------------------------------------------------------------------------------------------------------------------------  -----  ---------  --------  ----------  --------------  ----------  ----------------------
/home/airflow/.local/lib/python3.12/site-packages/airflow/example_dags/example_skip_dag.py                                            78  0.12s             0           0                                                   0
/home/airflow/.local/lib/python3.12/site-packages/airflow/example_dags/example_sensors.py                                             79  0.05s             0           0                                                   0
/home/airflow/.local/lib/python3.12/site-packages/airflow/example_dags/tutorial_dag.py                                                                      0           0                                                   0
/home/airflow/.local/lib/python3.12/site-packages/airflow/example_dags/example_xcomargs.py                                                                  0           0                                                   0
/home/airflow/.local/lib/python3.12/site-packages/airflow/example_dags/example_python_decorator.py                                                          0           0                                                   0
/home/airflow/.local/lib/python3.12/site-packages/airflow/example_dags/example_outlet_event_extra.py                                                        0           0                                                   0
/home/airflow/.local/lib/python3.12/site-packages/airflow/example_dags/example_complex.py                                                                   0           0                                                   0
/home/airflow/.local/lib/python3.12/site-packages/airflow/example_dags/example_workday_timetable.py                                                         0           0                                                   0
/home/airflow/.local/lib/python3.12/site-packages/airflow/example_dags/example_xcom.py                                                                      0           0                                                   0
/home/airflow/.local/lib/python3.12/site-packages/airflow/example_dags/example_task_group_decorator.py                                                      0           0                                                   0
/home/airflow/.local/lib/python3.12/site-packages/airflow/example_dags/example_branch_labels.py                                                             0           0                                                   0
/home/airflow/.local/lib/python3.12/site-packages/airflow/example_dags/example_params_ui_tutorial.py                                                        0           0                                                   0
/home/airflow/.local/lib/python3.12/site-packages/airflow/example_dags/example_branch_operator.py                                                           0           0                                                   0
/home/airflow/.local/lib/python3.12/site-packages/airflow/example_dags/example_passing_params_via_test_command.py                                           0           0                                                   0
/home/airflow/.local/lib/python3.12/site-packages/airflow/example_dags/example_dynamic_task_mapping_with_no_taskflow_operators.py                           0           0                                                   0
/home/airflow/.local/lib/python3.12/site-packages/airflow/example_dags/example_dynamic_task_mapping.py                                                      0           0                                                   0
/home/airflow/.local/lib/python3.12/site-packages/airflow/example_dags/example_display_name.py                                                              0           0                                                   0
/home/airflow/.local/lib/python3.12/site-packages/airflow/example_dags/tutorial_objectstorage.py                                                            0           0                                                   0
/home/airflow/.local/lib/python3.12/site-packages/airflow/example_dags/tutorial.py                                                                          0           0                                                   0
/home/airflow/.local/lib/python3.12/site-packages/airflow/example_dags/example_branch_day_of_week_operator.py                                               0           0                                                   0
/home/airflow/.local/lib/python3.12/site-packages/airflow/example_dags/example_trigger_controller_dag.py                                                    0           0                                                   0
/home/airflow/.local/lib/python3.12/site-packages/airflow/example_dags/example_latest_only.py                                                               0           0                                                   0
/home/airflow/.local/lib/python3.12/site-packages/airflow/example_dags/example_local_kubernetes_executor.py                                                 0           0                                                   0
/home/airflow/.local/lib/python3.12/site-packages/airflow/example_dags/example_inlet_event_extra.py                                                         0           0                                                   0
/home/airflow/.local/lib/python3.12/site-packages/airflow/example_dags/example_dag_decorator.py                                                             0           0                                                   0
/home/airflow/.local/lib/python3.12/site-packages/airflow/example_dags/example_short_circuit_operator.py                                                    0           0                                                   0
/home/airflow/.local/lib/python3.12/site-packages/airflow/example_dags/example_branch_python_dop_operator_3.py                                              0           0                                                   0
/home/airflow/.local/lib/python3.12/site-packages/airflow/example_dags/example_branch_datetime_operator.py                                                  0           0                                                   0
/home/airflow/.local/lib/python3.12/site-packages/airflow/example_dags/tutorial_taskflow_api.py                                                             0           0                                                   0
/home/airflow/.local/lib/python3.12/site-packages/airflow/example_dags/example_subdag_operator.py                                                           0           0                                                   0
/home/airflow/.local/lib/python3.12/site-packages/airflow/example_dags/example_params_trigger_ui.py                                                         0           0                                                   0
/home/airflow/.local/lib/python3.12/site-packages/airflow/example_dags/example_sensor_decorator.py                                                          0           0                                                   0
/home/airflow/.local/lib/python3.12/site-packages/airflow/example_dags/example_external_task_marker_dag.py                                                  0           0                                                   0
/home/airflow/.local/lib/python3.12/site-packages/airflow/example_dags/example_bash_operator.py                                                             0           0                                                   0
/home/airflow/.local/lib/python3.12/site-packages/airflow/example_dags/tutorial_taskflow_templates.py                                                       0           0                                                   0
/home/airflow/.local/lib/python3.12/site-packages/airflow/example_dags/example_time_delta_sensor_async.py                                                   0           0                                                   0
/home/airflow/.local/lib/python3.12/site-packages/airflow/example_dags/tutorial_taskflow_api_virtualenv.py                                                  0           0                                                   0
/home/airflow/.local/lib/python3.12/site-packages/airflow/example_dags/example_task_group.py                                                                0           0                                                   0
/home/airflow/.local/lib/python3.12/site-packages/airflow/example_dags/example_dataset_alias_with_no_taskflow.py                                            0           0                                                   0
/home/airflow/.local/lib/python3.12/site-packages/airflow/example_dags/example_bash_decorator.py                                                            0           0                                                   0
/home/airflow/.local/lib/python3.12/site-packages/airflow/example_dags/example_python_operator.py                                                           0           0                                                   0
/home/airflow/.local/lib/python3.12/site-packages/airflow/example_dags/example_short_circuit_decorator.py                                                   0           0                                                   0
/home/airflow/.local/lib/python3.12/site-packages/airflow/example_dags/example_trigger_target_dag.py                                                        0           0                                                   0
/home/airflow/.local/lib/python3.12/site-packages/airflow/example_dags/example_kubernetes_executor.py                                                       0           0                                                   0
/home/airflow/.local/lib/python3.12/site-packages/airflow/example_dags/example_branch_operator_decorator.py                                                 0           0                                                   0
/home/airflow/.local/lib/python3.12/site-packages/airflow/example_dags/example_sla_dag.py                                                                   0           0                                                   0
/home/airflow/.local/lib/python3.12/site-packages/airflow/example_dags/example_latest_only_with_trigger.py                                                  0           0                                                   0
/home/airflow/.local/lib/python3.12/site-packages/airflow/example_dags/example_dataset_alias.py                                                             0           0                                                   0
/home/airflow/.local/lib/python3.12/site-packages/airflow/example_dags/example_datasets.py                                                                  0           0                                                   0
/home/airflow/.local/lib/python3.12/site-packages/airflow/example_dags/example_nested_branch_dag.py                                                         0           0                                                   0
/home/airflow/.local/lib/python3.12/site-packages/airflow/example_dags/example_setup_teardown.py                                                            0           0                                                   0
/home/airflow/.local/lib/python3.12/site-packages/airflow/example_dags/example_setup_teardown_taskflow.py                                                   0           0                                                   0
/home/airflow/.local/lib/python3.12/site-packages/airflow/example_dags/subdags/subdag.py                                                                    0           0                                                   0
/home/airflow/.local/lib/python3.12/site-packages/airflow/example_dags/plugins/listener_plugin.py                                                           0           0                                                   0
/home/airflow/.local/lib/python3.12/site-packages/airflow/example_dags/plugins/event_listener.py                                                            0           0                                                   0
/home/airflow/.local/lib/python3.12/site-packages/airflow/example_dags/plugins/workday.py                                                                   0           0                                                   0
/home/airflow/.local/lib/python3.12/site-packages/airflow/example_dags/plugins/decreasing_priority_weight_strategy.py                                       0           0                                                   0
================================================================================
[2026-07-30T12:33:52.640+0000] {manager.py:997} INFO - 
================================================================================
DAG File Processing Stats

File Path                                                                                                                          PID    Runtime      # DAGs    # Errors  Last Runtime    Last Run               Last # of DB Queries
---------------------------------------------------------------------------------------------------------------------------------  -----  ---------  --------  ----------  --------------  -------------------  ----------------------
/home/airflow/.local/lib/python3.12/site-packages/airflow/example_dags/example_outlet_event_extra.py                                                        3           0  3.28s           2026-07-30T12:33:27                     118
/home/airflow/.local/lib/python3.12/site-packages/airflow/example_dags/example_datasets.py                                                                 10           0  2.04s           2026-07-30T12:33:36                     379
/home/airflow/.local/lib/python3.12/site-packages/airflow/example_dags/example_dataset_alias.py                                                             4           0  1.49s           2026-07-30T12:33:35                     157
/home/airflow/.local/lib/python3.12/site-packages/airflow/example_dags/example_dataset_alias_with_no_taskflow.py                                            4           0  1.39s           2026-07-30T12:33:33                     157
/home/airflow/.local/lib/python3.12/site-packages/airflow/example_dags/example_inlet_event_extra.py                                                         2           0  1.08s           2026-07-30T12:33:29                      81
/home/airflow/.local/lib/python3.12/site-packages/airflow/example_dags/example_skip_dag.py                                                                  1           0  0.86s           2026-07-30T12:33:22                      45
/home/airflow/.local/lib/python3.12/site-packages/airflow/example_dags/example_sensors.py                                                                   1           0  0.74s           2026-07-30T12:33:22                      43
/home/airflow/.local/lib/python3.12/site-packages/airflow/example_dags/example_xcomargs.py                                                                  2           0  0.65s           2026-07-30T12:33:23                      79
/home/airflow/.local/lib/python3.12/site-packages/airflow/example_dags/tutorial_dag.py                                                                      1           0  0.61s           2026-07-30T12:33:23                      43
/home/airflow/.local/lib/python3.12/site-packages/airflow/example_dags/example_python_decorator.py                                                          1           0  0.57s           2026-07-30T12:33:24                      43
/home/airflow/.local/lib/python3.12/site-packages/airflow/example_dags/example_branch_operator_decorator.py                                                 1           0  0.52s           2026-07-30T12:33:33                      45
/home/airflow/.local/lib/python3.12/site-packages/airflow/example_dags/example_complex.py                                                                   1           0  0.51s           2026-07-30T12:33:24                      43
/home/airflow/.local/lib/python3.12/site-packages/airflow/example_dags/example_branch_datetime_operator.py                                                  3           0  0.48s           2026-07-30T12:33:30                     117
/home/airflow/.local/lib/python3.12/site-packages/airflow/example_dags/example_kubernetes_executor.py                                                       1           0  0.46s           2026-07-30T12:33:33                      43
/home/airflow/.local/lib/python3.12/site-packages/airflow/example_dags/example_workday_timetable.py                                                         1           0  0.46s           2026-07-30T12:33:25                      45
/home/airflow/.local/lib/python3.12/site-packages/airflow/example_dags/example_sla_dag.py                                                                   1           0  0.45s           2026-07-30T12:33:33                      45
/home/airflow/.local/lib/python3.12/site-packages/airflow/example_dags/example_xcom.py                                                                      1           0  0.44s           2026-07-30T12:33:25                      45
/home/airflow/.local/lib/python3.12/site-packages/airflow/example_dags/example_latest_only_with_trigger.py                                                  1           0  0.42s           2026-07-30T12:33:34                      45
/home/airflow/.local/lib/python3.12/site-packages/airflow/example_dags/example_params_ui_tutorial.py                                                        1           0  0.38s           2026-07-30T12:33:26                      43
/home/airflow/.local/lib/python3.12/site-packages/airflow/example_dags/example_passing_params_via_test_command.py                                           1           0  0.37s           2026-07-30T12:33:27                      45
/home/airflow/.local/lib/python3.12/site-packages/airflow/example_dags/example_task_group.py                                                                1           0  0.36s           2026-07-30T12:33:31                      43
/home/airflow/.local/lib/python3.12/site-packages/airflow/example_dags/example_branch_operator.py                                                           1           0  0.36s           2026-07-30T12:33:27                      45
/home/airflow/.local/lib/python3.12/site-packages/airflow/example_dags/example_task_group_decorator.py                                                      1           0  0.35s           2026-07-30T12:33:25                      43
/home/airflow/.local/lib/python3.12/site-packages/airflow/example_dags/example_external_task_marker_dag.py                                                  2           0  0.35s           2026-07-30T12:33:30                      79
/home/airflow/.local/lib/python3.12/site-packages/airflow/example_dags/example_branch_python_dop_operator_3.py                                              1           0  0.35s           2026-07-30T12:33:29                      45
/home/airflow/.local/lib/python3.12/site-packages/airflow/example_dags/example_trigger_target_dag.py                                                        1           0  0.34s           2026-07-30T12:33:33                      43
/home/airflow/.local/lib/python3.12/site-packages/airflow/example_dags/example_nested_branch_dag.py                                                         1           0  0.34s           2026-07-30T12:33:35                      45
/home/airflow/.local/lib/python3.12/site-packages/airflow/example_dags/example_dynamic_task_mapping_with_no_taskflow_operators.py                           1           0  0.33s           2026-07-30T12:33:27                      43
/home/airflow/.local/lib/python3.12/site-packages/airflow/example_dags/example_python_operator.py                                                           1           0  0.33s           2026-07-30T12:33:32                      43
/home/airflow/.local/lib/python3.12/site-packages/airflow/example_dags/example_subdag_operator.py                                                           3           0  0.33s           2026-07-30T12:33:30                      53
/home/airflow/.local/lib/python3.12/site-packages/airflow/example_dags/example_bash_decorator.py                                                            1           0  0.33s           2026-07-30T12:33:32                      43
/home/airflow/.local/lib/python3.12/site-packages/airflow/example_dags/tutorial.py                                                                          1           0  0.33s           2026-07-30T12:33:28                      45
/home/airflow/.local/lib/python3.12/site-packages/airflow/example_dags/example_branch_labels.py                                                             1           0  0.33s           2026-07-30T12:33:26                      45
/home/airflow/.local/lib/python3.12/site-packages/airflow/example_dags/tutorial_taskflow_api_virtualenv.py                                                  1           0  0.32s           2026-07-30T12:33:31                      43
/home/airflow/.local/lib/python3.12/site-packages/airflow/example_dags/tutorial_objectstorage.py                                                            1           0  0.32s           2026-07-30T12:33:28                      43
/home/airflow/.local/lib/python3.12/site-packages/airflow/example_dags/example_params_trigger_ui.py                                                         1           0  0.32s           2026-07-30T12:33:30                      43
/home/airflow/.local/lib/python3.12/site-packages/airflow/example_dags/example_short_circuit_operator.py                                                    1           0  0.31s           2026-07-30T12:33:29                      43
/home/airflow/.local/lib/python3.12/site-packages/airflow/example_dags/example_branch_day_of_week_operator.py                                               1           0  0.31s           2026-07-30T12:33:28                      45
/home/airflow/.local/lib/python3.12/site-packages/airflow/example_dags/tutorial_taskflow_api.py                                                             1           0  0.31s           2026-07-30T12:33:30                      43
/home/airflow/.local/lib/python3.12/site-packages/airflow/example_dags/example_setup_teardown_taskflow.py                                                   1           0  0.31s           2026-07-30T12:33:36                      43
/home/airflow/.local/lib/python3.12/site-packages/airflow/example_dags/example_short_circuit_decorator.py                                                   1           0  0.31s           2026-07-30T12:33:32                      43
/home/airflow/.local/lib/python3.12/site-packages/airflow/example_dags/example_setup_teardown.py                                                            1           0  0.31s           2026-07-30T12:33:36                      43
/home/airflow/.local/lib/python3.12/site-packages/airflow/example_dags/example_bash_operator.py                                                             1           0  0.30s           2026-07-30T12:33:31                      45
/home/airflow/.local/lib/python3.12/site-packages/airflow/example_dags/example_dag_decorator.py                                                             1           0  0.30s           2026-07-30T12:33:29                      43
/home/airflow/.local/lib/python3.12/site-packages/airflow/example_dags/example_dynamic_task_mapping.py                                                      1           0  0.30s           2026-07-30T12:33:27                      43
/home/airflow/.local/lib/python3.12/site-packages/airflow/example_dags/tutorial_taskflow_templates.py                                                       1           0  0.29s           2026-07-30T12:33:31                      45
/home/airflow/.local/lib/python3.12/site-packages/airflow/example_dags/example_display_name.py                                                              1           0  0.29s           2026-07-30T12:33:27                      43
/home/airflow/.local/lib/python3.12/site-packages/airflow/example_dags/example_time_delta_sensor_async.py                                                   1           0  0.29s           2026-07-30T12:33:31                      43
/home/airflow/.local/lib/python3.12/site-packages/airflow/example_dags/example_local_kubernetes_executor.py                                                 1           0  0.29s           2026-07-30T12:33:28                      43
/home/airflow/.local/lib/python3.12/site-packages/airflow/example_dags/example_latest_only.py                                                               1           0  0.28s           2026-07-30T12:33:28                      45
/home/airflow/.local/lib/python3.12/site-packages/airflow/example_dags/example_trigger_controller_dag.py                                                    1           0  0.27s           2026-07-30T12:33:28                      45
/home/airflow/.local/lib/python3.12/site-packages/airflow/example_dags/example_sensor_decorator.py                                                          1           0  0.27s           2026-07-30T12:33:30                      43
/home/airflow/.local/lib/python3.12/site-packages/airflow/example_dags/subdags/subdag.py                                                                    0           0  0.09s           2026-07-30T12:33:36                       3
/home/airflow/.local/lib/python3.12/site-packages/airflow/example_dags/plugins/workday.py                                                                   0           0  0.09s           2026-07-30T12:33:36                       3
/home/airflow/.local/lib/python3.12/site-packages/airflow/example_dags/plugins/decreasing_priority_weight_strategy.py                                       0           0  0.08s           2026-07-30T12:33:36                       3
/home/airflow/.local/lib/python3.12/site-packages/airflow/example_dags/plugins/listener_plugin.py                                                           0           0  0.07s           2026-07-30T12:33:36                       3
/home/airflow/.local/lib/python3.12/site-packages/airflow/example_dags/plugins/event_listener.py                                                            0           0  0.07s           2026-07-30T12:33:36                       3
================================================================================
[2026-07-30T12:34:23.387+0000] {manager.py:997} INFO - 
================================================================================
DAG File Processing Stats

File Path                                                                                                                          PID    Runtime      # DAGs    # Errors  Last Runtime    Last Run               Last # of DB Queries
---------------------------------------------------------------------------------------------------------------------------------  -----  ---------  --------  ----------  --------------  -------------------  ----------------------
/home/airflow/.local/lib/python3.12/site-packages/airflow/example_dags/example_dataset_alias_with_no_taskflow.py                                            4           0  0.91s           2026-07-30T12:34:04                      27
/home/airflow/.local/lib/python3.12/site-packages/airflow/example_dags/example_datasets.py                                                                 10           0  0.87s           2026-07-30T12:34:07                      49
/home/airflow/.local/lib/python3.12/site-packages/airflow/example_dags/example_dataset_alias.py                                                             4           0  0.80s           2026-07-30T12:34:06                      27
/home/airflow/.local/lib/python3.12/site-packages/airflow/example_dags/example_outlet_event_extra.py                                                        3           0  0.80s           2026-07-30T12:33:58                      19
/home/airflow/.local/lib/python3.12/site-packages/airflow/example_dags/example_inlet_event_extra.py                                                         2           0  0.73s           2026-07-30T12:34:00                      15
/home/airflow/.local/lib/python3.12/site-packages/airflow/example_dags/example_dag_decorator.py                                                             1           0  0.20s           2026-07-30T12:33:59                      32
/home/airflow/.local/lib/python3.12/site-packages/airflow/example_dags/example_skip_dag.py                                                                  1           0  0.19s           2026-07-30T12:33:53                      12
/home/airflow/.local/lib/python3.12/site-packages/airflow/example_dags/tutorial_dag.py                                                                      1           0  0.19s           2026-07-30T12:33:54                      10
/home/airflow/.local/lib/python3.12/site-packages/airflow/example_dags/example_subdag_operator.py                                                           3           0  0.18s           2026-07-30T12:34:00                      20
/home/airflow/.local/lib/python3.12/site-packages/airflow/example_dags/example_python_decorator.py                                                          1           0  0.17s           2026-07-30T12:33:54                      10
/home/airflow/.local/lib/python3.12/site-packages/airflow/example_dags/example_workday_timetable.py                                                         1           0  0.17s           2026-07-30T12:33:55                      12
/home/airflow/.local/lib/python3.12/site-packages/airflow/example_dags/example_sensors.py                                                                   1           0  0.17s           2026-07-30T12:33:53                      10
/home/airflow/.local/lib/python3.12/site-packages/airflow/example_dags/example_bash_decorator.py                                                            1           0  0.17s           2026-07-30T12:34:03                      10
/home/airflow/.local/lib/python3.12/site-packages/airflow/example_dags/example_latest_only_with_trigger.py                                                  1           0  0.16s           2026-07-30T12:34:05                      12
/home/airflow/.local/lib/python3.12/site-packages/airflow/example_dags/example_complex.py                                                                   1           0  0.16s           2026-07-30T12:33:55                      10
/home/airflow/.local/lib/python3.12/site-packages/airflow/example_dags/example_branch_operator_decorator.py                                                 1           0  0.15s           2026-07-30T12:34:05                      12
/home/airflow/.local/lib/python3.12/site-packages/airflow/example_dags/example_xcomargs.py                                                                  2           0  0.15s           2026-07-30T12:33:54                      13
/home/airflow/.local/lib/python3.12/site-packages/airflow/example_dags/example_branch_datetime_operator.py                                                  3           0  0.14s           2026-07-30T12:34:00                      18
/home/airflow/.local/lib/python3.12/site-packages/airflow/example_dags/example_short_circuit_decorator.py                                                   1           0  0.14s           2026-07-30T12:34:04                      10
/home/airflow/.local/lib/python3.12/site-packages/airflow/example_dags/example_kubernetes_executor.py                                                       1           0  0.14s           2026-07-30T12:34:04                      10
/home/airflow/.local/lib/python3.12/site-packages/airflow/example_dags/example_params_ui_tutorial.py                                                        1           0  0.14s           2026-07-30T12:33:57                      10
/home/airflow/.local/lib/python3.12/site-packages/airflow/example_dags/tutorial_taskflow_templates.py                                                       1           0  0.13s           2026-07-30T12:34:01                      12
/home/airflow/.local/lib/python3.12/site-packages/airflow/example_dags/example_bash_operator.py                                                             1           0  0.13s           2026-07-30T12:34:01                      12
/home/airflow/.local/lib/python3.12/site-packages/airflow/example_dags/tutorial_objectstorage.py                                                            1           0  0.13s           2026-07-30T12:33:58                      10
/home/airflow/.local/lib/python3.12/site-packages/airflow/example_dags/example_params_trigger_ui.py                                                         1           0  0.13s           2026-07-30T12:34:00                      10
/home/airflow/.local/lib/python3.12/site-packages/airflow/example_dags/example_branch_python_dop_operator_3.py                                              1           0  0.13s           2026-07-30T12:34:00                      12
/home/airflow/.local/lib/python3.12/site-packages/airflow/example_dags/example_python_operator.py                                                           1           0  0.13s           2026-07-30T12:34:03                      10
/home/airflow/.local/lib/python3.12/site-packages/airflow/example_dags/example_sla_dag.py                                                                   1           0  0.13s           2026-07-30T12:34:05                      12
/home/airflow/.local/lib/python3.12/site-packages/airflow/example_dags/tutorial.py                                                                          1           0  0.13s           2026-07-30T12:33:58                      12
/home/airflow/.local/lib/python3.12/site-packages/airflow/example_dags/example_setup_teardown.py                                                            1           0  0.12s           2026-07-30T12:34:06                      10
/home/airflow/.local/lib/python3.12/site-packages/airflow/example_dags/example_branch_operator.py                                                           1           0  0.12s           2026-07-30T12:33:57                      12
/home/airflow/.local/lib/python3.12/site-packages/airflow/example_dags/example_time_delta_sensor_async.py                                                   1           0  0.12s           2026-07-30T12:34:01                      10
/home/airflow/.local/lib/python3.12/site-packages/airflow/example_dags/example_display_name.py                                                              1           0  0.12s           2026-07-30T12:33:58                      10
/home/airflow/.local/lib/python3.12/site-packages/airflow/example_dags/example_external_task_marker_dag.py                                                  2           0  0.12s           2026-07-30T12:34:01                      13
/home/airflow/.local/lib/python3.12/site-packages/airflow/example_dags/example_setup_teardown_taskflow.py                                                   1           0  0.12s           2026-07-30T12:34:07                      10
/home/airflow/.local/lib/python3.12/site-packages/airflow/example_dags/example_nested_branch_dag.py                                                         1           0  0.12s           2026-07-30T12:34:06                      12
/home/airflow/.local/lib/python3.12/site-packages/airflow/example_dags/example_branch_day_of_week_operator.py                                               1           0  0.12s           2026-07-30T12:33:58                      12
/home/airflow/.local/lib/python3.12/site-packages/airflow/example_dags/example_short_circuit_operator.py                                                    1           0  0.12s           2026-07-30T12:34:00                      10
/home/airflow/.local/lib/python3.12/site-packages/airflow/example_dags/example_passing_params_via_test_command.py                                           1           0  0.12s           2026-07-30T12:33:57                      12
/home/airflow/.local/lib/python3.12/site-packages/airflow/example_dags/example_latest_only.py                                                               1           0  0.12s           2026-07-30T12:33:59                      12
/home/airflow/.local/lib/python3.12/site-packages/airflow/example_dags/example_local_kubernetes_executor.py                                                 1           0  0.12s           2026-07-30T12:33:59                      10
/home/airflow/.local/lib/python3.12/site-packages/airflow/example_dags/example_xcom.py                                                                      1           0  0.12s           2026-07-30T12:33:56                      12
/home/airflow/.local/lib/python3.12/site-packages/airflow/example_dags/example_trigger_controller_dag.py                                                    1           0  0.12s           2026-07-30T12:33:58                      12
/home/airflow/.local/lib/python3.12/site-packages/airflow/example_dags/tutorial_taskflow_api_virtualenv.py                                                  1           0  0.12s           2026-07-30T12:34:02                      10
/home/airflow/.local/lib/python3.12/site-packages/airflow/example_dags/example_trigger_target_dag.py                                                        1           0  0.11s           2026-07-30T12:34:04                      10
/home/airflow/.local/lib/python3.12/site-packages/airflow/example_dags/example_dynamic_task_mapping_with_no_taskflow_operators.py                           1           0  0.11s           2026-07-30T12:33:58                      10
/home/airflow/.local/lib/python3.12/site-packages/airflow/example_dags/example_branch_labels.py                                                             1           0  0.11s           2026-07-30T12:33:56                      12
/home/airflow/.local/lib/python3.12/site-packages/airflow/example_dags/tutorial_taskflow_api.py                                                             1           0  0.11s           2026-07-30T12:34:00                      10
/home/airflow/.local/lib/python3.12/site-packages/airflow/example_dags/example_dynamic_task_mapping.py                                                      1           0  0.11s           2026-07-30T12:33:58                      10
/home/airflow/.local/lib/python3.12/site-packages/airflow/example_dags/example_sensor_decorator.py                                                          1           0  0.10s           2026-07-30T12:34:01                      10
/home/airflow/.local/lib/python3.12/site-packages/airflow/example_dags/example_task_group.py                                                                1           0  0.10s           2026-07-30T12:34:02                      10
/home/airflow/.local/lib/python3.12/site-packages/airflow/example_dags/example_task_group_decorator.py                                                      1           0  0.10s           2026-07-30T12:33:56                      10
/home/airflow/.local/lib/python3.12/site-packages/airflow/example_dags/plugins/workday.py                                                                   0           0  0.08s           2026-07-30T12:34:07                       3
/home/airflow/.local/lib/python3.12/site-packages/airflow/example_dags/plugins/event_listener.py                                                            0           0  0.08s           2026-07-30T12:34:07                       3
/home/airflow/.local/lib/python3.12/site-packages/airflow/example_dags/plugins/decreasing_priority_weight_strategy.py                                       0           0  0.07s           2026-07-30T12:34:07                       3
/home/airflow/.local/lib/python3.12/site-packages/airflow/example_dags/plugins/listener_plugin.py                                                           0           0  0.07s           2026-07-30T12:34:07                       3
/home/airflow/.local/lib/python3.12/site-packages/airflow/example_dags/subdags/subdag.py                                                                    0           0  0.06s           2026-07-30T12:34:07                       3
================================================================================
[2026-07-30T12:34:54.203+0000] {manager.py:997} INFO - 
================================================================================
DAG File Processing Stats

File Path                                                                                                                          PID    Runtime      # DAGs    # Errors  Last Runtime    Last Run               Last # of DB Queries
---------------------------------------------------------------------------------------------------------------------------------  -----  ---------  --------  ----------  --------------  -------------------  ----------------------
/home/airflow/.local/lib/python3.12/site-packages/airflow/example_dags/example_datasets.py                                                                 10           0  0.92s           2026-07-30T12:34:38                      49
/home/airflow/.local/lib/python3.12/site-packages/airflow/example_dags/example_outlet_event_extra.py                                                        3           0  0.91s           2026-07-30T12:34:29                      19
/home/airflow/.local/lib/python3.12/site-packages/airflow/example_dags/example_dataset_alias_with_no_taskflow.py                                            4           0  0.79s           2026-07-30T12:34:35                      27
/home/airflow/.local/lib/python3.12/site-packages/airflow/example_dags/example_inlet_event_extra.py                                                         2           0  0.76s           2026-07-30T12:34:31                      15
/home/airflow/.local/lib/python3.12/site-packages/airflow/example_dags/example_dataset_alias.py                                                             4           0  0.74s           2026-07-30T12:34:37                      27
/home/airflow/.local/lib/python3.12/site-packages/airflow/example_dags/example_bash_decorator.py                                                            1           0  0.20s           2026-07-30T12:34:34                      10
/home/airflow/.local/lib/python3.12/site-packages/airflow/example_dags/example_dag_decorator.py                                                             1           0  0.20s           2026-07-30T12:34:30                      32
/home/airflow/.local/lib/python3.12/site-packages/airflow/example_dags/example_python_operator.py                                                           1           0  0.19s           2026-07-30T12:34:34                      10
/home/airflow/.local/lib/python3.12/site-packages/airflow/example_dags/example_xcomargs.py                                                                  2           0  0.18s           2026-07-30T12:34:24                      13
/home/airflow/.local/lib/python3.12/site-packages/airflow/example_dags/example_skip_dag.py                                                                  1           0  0.18s           2026-07-30T12:34:24                      12
/home/airflow/.local/lib/python3.12/site-packages/airflow/example_dags/example_branch_operator_decorator.py                                                 1           0  0.17s           2026-07-30T12:34:35                      12
/home/airflow/.local/lib/python3.12/site-packages/airflow/example_dags/example_workday_timetable.py                                                         1           0  0.17s           2026-07-30T12:34:25                      12
/home/airflow/.local/lib/python3.12/site-packages/airflow/example_dags/example_xcom.py                                                                      1           0  0.16s           2026-07-30T12:34:27                      12
/home/airflow/.local/lib/python3.12/site-packages/airflow/example_dags/example_task_group_decorator.py                                                      1           0  0.16s           2026-07-30T12:34:27                      10
/home/airflow/.local/lib/python3.12/site-packages/airflow/example_dags/example_external_task_marker_dag.py                                                  2           0  0.16s           2026-07-30T12:34:31                      13
/home/airflow/.local/lib/python3.12/site-packages/airflow/example_dags/example_params_trigger_ui.py                                                         1           0  0.16s           2026-07-30T12:34:31                      10
/home/airflow/.local/lib/python3.12/site-packages/airflow/example_dags/example_python_decorator.py                                                          1           0  0.15s           2026-07-30T12:34:24                      10
/home/airflow/.local/lib/python3.12/site-packages/airflow/example_dags/tutorial.py                                                                          1           0  0.15s           2026-07-30T12:34:29                      12
/home/airflow/.local/lib/python3.12/site-packages/airflow/example_dags/example_complex.py                                                                   1           0  0.15s           2026-07-30T12:34:25                      10
/home/airflow/.local/lib/python3.12/site-packages/airflow/example_dags/example_latest_only_with_trigger.py                                                  1           0  0.15s           2026-07-30T12:34:35                      12
/home/airflow/.local/lib/python3.12/site-packages/airflow/example_dags/example_subdag_operator.py                                                           3           0  0.15s           2026-07-30T12:34:31                      20
/home/airflow/.local/lib/python3.12/site-packages/airflow/example_dags/example_branch_operator.py                                                           1           0  0.14s           2026-07-30T12:34:28                      12
/home/airflow/.local/lib/python3.12/site-packages/airflow/example_dags/example_sensors.py                                                                   1           0  0.14s           2026-07-30T12:34:24                      10
/home/airflow/.local/lib/python3.12/site-packages/airflow/example_dags/example_bash_operator.py                                                             1           0  0.14s           2026-07-30T12:34:31                      12
/home/airflow/.local/lib/python3.12/site-packages/airflow/example_dags/tutorial_taskflow_templates.py                                                       1           0  0.14s           2026-07-30T12:34:31                      12
/home/airflow/.local/lib/python3.12/site-packages/airflow/example_dags/example_kubernetes_executor.py                                                       1           0  0.14s           2026-07-30T12:34:35                      10
/home/airflow/.local/lib/python3.12/site-packages/airflow/example_dags/example_params_ui_tutorial.py                                                        1           0  0.14s           2026-07-30T12:34:28                      10
/home/airflow/.local/lib/python3.12/site-packages/airflow/example_dags/example_sensor_decorator.py                                                          1           0  0.14s           2026-07-30T12:34:31                      10
/home/airflow/.local/lib/python3.12/site-packages/airflow/example_dags/example_branch_day_of_week_operator.py                                               1           0  0.14s           2026-07-30T12:34:29                      12
/home/airflow/.local/lib/python3.12/site-packages/airflow/example_dags/example_branch_labels.py                                                             1           0  0.14s           2026-07-30T12:34:27                      12
/home/airflow/.local/lib/python3.12/site-packages/airflow/example_dags/example_trigger_controller_dag.py                                                    1           0  0.13s           2026-07-30T12:34:29                      12
/home/airflow/.local/lib/python3.12/site-packages/airflow/example_dags/tutorial_dag.py                                                                      1           0  0.13s           2026-07-30T12:34:24                      10
/home/airflow/.local/lib/python3.12/site-packages/airflow/example_dags/example_sla_dag.py                                                                   1           0  0.13s           2026-07-30T12:34:35                      12
/home/airflow/.local/lib/python3.12/site-packages/airflow/example_dags/example_trigger_target_dag.py                                                        1           0  0.13s           2026-07-30T12:34:35                      10
/home/airflow/.local/lib/python3.12/site-packages/airflow/example_dags/example_passing_params_via_test_command.py                                           1           0  0.13s           2026-07-30T12:34:28                      12
/home/airflow/.local/lib/python3.12/site-packages/airflow/example_dags/example_branch_datetime_operator.py                                                  3           0  0.13s           2026-07-30T12:34:31                      18
/home/airflow/.local/lib/python3.12/site-packages/airflow/example_dags/tutorial_taskflow_api_virtualenv.py                                                  1           0  0.13s           2026-07-30T12:34:32                      10
/home/airflow/.local/lib/python3.12/site-packages/airflow/example_dags/example_time_delta_sensor_async.py                                                   1           0  0.13s           2026-07-30T12:34:31                      10
/home/airflow/.local/lib/python3.12/site-packages/airflow/example_dags/example_task_group.py                                                                1           0  0.12s           2026-07-30T12:34:32                      10
/home/airflow/.local/lib/python3.12/site-packages/airflow/example_dags/example_dynamic_task_mapping.py                                                      1           0  0.12s           2026-07-30T12:34:28                      10
/home/airflow/.local/lib/python3.12/site-packages/airflow/example_dags/example_setup_teardown_taskflow.py                                                   1           0  0.12s           2026-07-30T12:34:37                      10
/home/airflow/.local/lib/python3.12/site-packages/airflow/example_dags/example_branch_python_dop_operator_3.py                                              1           0  0.12s           2026-07-30T12:34:30                      12
/home/airflow/.local/lib/python3.12/site-packages/airflow/example_dags/example_nested_branch_dag.py                                                         1           0  0.12s           2026-07-30T12:34:36                      12
/home/airflow/.local/lib/python3.12/site-packages/airflow/example_dags/tutorial_objectstorage.py                                                            1           0  0.12s           2026-07-30T12:34:28                      10
/home/airflow/.local/lib/python3.12/site-packages/airflow/example_dags/example_local_kubernetes_executor.py                                                 1           0  0.12s           2026-07-30T12:34:30                      10
/home/airflow/.local/lib/python3.12/site-packages/airflow/example_dags/example_short_circuit_operator.py                                                    1           0  0.12s           2026-07-30T12:34:30                      10
/home/airflow/.local/lib/python3.12/site-packages/airflow/example_dags/example_latest_only.py                                                               1           0  0.11s           2026-07-30T12:34:30                      12
/home/airflow/.local/lib/python3.12/site-packages/airflow/example_dags/example_dynamic_task_mapping_with_no_taskflow_operators.py                           1           0  0.11s           2026-07-30T12:34:28                      10
/home/airflow/.local/lib/python3.12/site-packages/airflow/example_dags/tutorial_taskflow_api.py                                                             1           0  0.11s           2026-07-30T12:34:30                      10
/home/airflow/.local/lib/python3.12/site-packages/airflow/example_dags/example_setup_teardown.py                                                            1           0  0.10s           2026-07-30T12:34:37                      10
/home/airflow/.local/lib/python3.12/site-packages/airflow/example_dags/example_display_name.py                                                              1           0  0.10s           2026-07-30T12:34:28                      10
/home/airflow/.local/lib/python3.12/site-packages/airflow/example_dags/example_short_circuit_decorator.py                                                   1           0  0.10s           2026-07-30T12:34:35                      10
/home/airflow/.local/lib/python3.12/site-packages/airflow/example_dags/plugins/listener_plugin.py                                                           0           0  0.09s           2026-07-30T12:34:37                       3
/home/airflow/.local/lib/python3.12/site-packages/airflow/example_dags/subdags/subdag.py                                                                    0           0  0.08s           2026-07-30T12:34:37                       3
/home/airflow/.local/lib/python3.12/site-packages/airflow/example_dags/plugins/workday.py                                                                   0           0  0.07s           2026-07-30T12:34:38                       3
/home/airflow/.local/lib/python3.12/site-packages/airflow/example_dags/plugins/event_listener.py                                                            0           0  0.07s           2026-07-30T12:34:37                       3
/home/airflow/.local/lib/python3.12/site-packages/airflow/example_dags/plugins/decreasing_priority_weight_strategy.py                                       0           0  0.07s           2026-07-30T12:34:38                       3
================================================================================
[2026-07-30T12:35:24.483+0000] {manager.py:997} INFO - 
================================================================================
DAG File Processing Stats

File Path                                                                                                                          PID    Runtime      # DAGs    # Errors  Last Runtime    Last Run               Last # of DB Queries
---------------------------------------------------------------------------------------------------------------------------------  -----  ---------  --------  ----------  --------------  -------------------  ----------------------
/home/airflow/.local/lib/python3.12/site-packages/airflow/example_dags/example_dataset_alias_with_no_taskflow.py                                            4           0  0.93s           2026-07-30T12:35:07                      27
/home/airflow/.local/lib/python3.12/site-packages/airflow/example_dags/example_outlet_event_extra.py                                                        3           0  0.89s           2026-07-30T12:35:00                      19
/home/airflow/.local/lib/python3.12/site-packages/airflow/example_dags/example_datasets.py                                                                 10           0  0.87s           2026-07-30T12:35:09                      49
/home/airflow/.local/lib/python3.12/site-packages/airflow/example_dags/example_dataset_alias.py                                                             4           0  0.86s           2026-07-30T12:35:09                      27
/home/airflow/.local/lib/python3.12/site-packages/airflow/example_dags/example_inlet_event_extra.py                                                         2           0  0.78s           2026-07-30T12:35:02                      15
/home/airflow/.local/lib/python3.12/site-packages/airflow/example_dags/example_params_ui_tutorial.py                                                        1           0  0.23s           2026-07-30T12:34:58                      10
/home/airflow/.local/lib/python3.12/site-packages/airflow/example_dags/example_dag_decorator.py                                                             1           0  0.22s           2026-07-30T12:35:01                      32
/home/airflow/.local/lib/python3.12/site-packages/airflow/example_dags/example_branch_operator_decorator.py                                                 1           0  0.20s           2026-07-30T12:35:06                      12
/home/airflow/.local/lib/python3.12/site-packages/airflow/example_dags/example_branch_operator.py                                                           1           0  0.19s           2026-07-30T12:34:58                      12
/home/airflow/.local/lib/python3.12/site-packages/airflow/example_dags/tutorial_taskflow_api_virtualenv.py                                                  1           0  0.17s           2026-07-30T12:35:03                      10
/home/airflow/.local/lib/python3.12/site-packages/airflow/example_dags/example_latest_only_with_trigger.py                                                  1           0  0.17s           2026-07-30T12:35:06                      12
/home/airflow/.local/lib/python3.12/site-packages/airflow/example_dags/example_sla_dag.py                                                                   1           0  0.17s           2026-07-30T12:35:06                      12
/home/airflow/.local/lib/python3.12/site-packages/airflow/example_dags/example_branch_datetime_operator.py                                                  3           0  0.16s           2026-07-30T12:35:01                      18
/home/airflow/.local/lib/python3.12/site-packages/airflow/example_dags/example_subdag_operator.py                                                           3           0  0.16s           2026-07-30T12:35:01                      20
/home/airflow/.local/lib/python3.12/site-packages/airflow/example_dags/example_trigger_controller_dag.py                                                    1           0  0.16s           2026-07-30T12:35:00                      12
/home/airflow/.local/lib/python3.12/site-packages/airflow/example_dags/example_task_group.py                                                                1           0  0.15s           2026-07-30T12:35:03                      10
/home/airflow/.local/lib/python3.12/site-packages/airflow/example_dags/example_local_kubernetes_executor.py                                                 1           0  0.15s           2026-07-30T12:35:01                      10
/home/airflow/.local/lib/python3.12/site-packages/airflow/example_dags/tutorial.py                                                                          1           0  0.15s           2026-07-30T12:34:59                      12
/home/airflow/.local/lib/python3.12/site-packages/airflow/example_dags/example_xcom.py                                                                      1           0  0.14s           2026-07-30T12:34:57                      12
/home/airflow/.local/lib/python3.12/site-packages/airflow/example_dags/example_latest_only.py                                                               1           0  0.14s           2026-07-30T12:35:01                      12
/home/airflow/.local/lib/python3.12/site-packages/airflow/example_dags/example_branch_day_of_week_operator.py                                               1           0  0.14s           2026-07-30T12:34:59                      12
/home/airflow/.local/lib/python3.12/site-packages/airflow/example_dags/example_workday_timetable.py                                                         1           0  0.14s           2026-07-30T12:34:56                      12
/home/airflow/.local/lib/python3.12/site-packages/airflow/example_dags/example_skip_dag.py                                                                  1           0  0.14s           2026-07-30T12:34:55                      12
/home/airflow/.local/lib/python3.12/site-packages/airflow/example_dags/example_passing_params_via_test_command.py                                           1           0  0.14s           2026-07-30T12:34:59                      12
/home/airflow/.local/lib/python3.12/site-packages/airflow/example_dags/tutorial_taskflow_templates.py                                                       1           0  0.14s           2026-07-30T12:35:02                      12
/home/airflow/.local/lib/python3.12/site-packages/airflow/example_dags/example_branch_labels.py                                                             1           0  0.14s           2026-07-30T12:34:57                      12
/home/airflow/.local/lib/python3.12/site-packages/airflow/example_dags/example_bash_decorator.py                                                            1           0  0.14s           2026-07-30T12:35:04                      10
/home/airflow/.local/lib/python3.12/site-packages/airflow/example_dags/example_nested_branch_dag.py                                                         1           0  0.14s           2026-07-30T12:35:07                      12
/home/airflow/.local/lib/python3.12/site-packages/airflow/example_dags/example_dynamic_task_mapping_with_no_taskflow_operators.py                           1           0  0.14s           2026-07-30T12:34:59                      10
/home/airflow/.local/lib/python3.12/site-packages/airflow/example_dags/example_bash_operator.py                                                             1           0  0.13s           2026-07-30T12:35:02                      12
/home/airflow/.local/lib/python3.12/site-packages/airflow/example_dags/example_kubernetes_executor.py                                                       1           0  0.13s           2026-07-30T12:35:06                      10
/home/airflow/.local/lib/python3.12/site-packages/airflow/example_dags/example_xcomargs.py                                                                  2           0  0.13s           2026-07-30T12:34:55                      13
/home/airflow/.local/lib/python3.12/site-packages/airflow/example_dags/example_python_operator.py                                                           1           0  0.13s           2026-07-30T12:35:04                      10
/home/airflow/.local/lib/python3.12/site-packages/airflow/example_dags/example_setup_teardown_taskflow.py                                                   1           0  0.13s           2026-07-30T12:35:09                      10
/home/airflow/.local/lib/python3.12/site-packages/airflow/example_dags/example_params_trigger_ui.py                                                         1           0  0.13s           2026-07-30T12:35:02                      10
/home/airflow/.local/lib/python3.12/site-packages/airflow/example_dags/example_python_decorator.py                                                          1           0  0.13s           2026-07-30T12:34:55                      10
/home/airflow/.local/lib/python3.12/site-packages/airflow/example_dags/example_trigger_target_dag.py                                                        1           0  0.13s           2026-07-30T12:35:05                      10
/home/airflow/.local/lib/python3.12/site-packages/airflow/example_dags/example_sensor_decorator.py                                                          1           0  0.13s           2026-07-30T12:35:02                      10
/home/airflow/.local/lib/python3.12/site-packages/airflow/example_dags/example_dynamic_task_mapping.py                                                      1           0  0.13s           2026-07-30T12:34:59                      10
/home/airflow/.local/lib/python3.12/site-packages/airflow/example_dags/tutorial_objectstorage.py                                                            1           0  0.13s           2026-07-30T12:34:59                      10
/home/airflow/.local/lib/python3.12/site-packages/airflow/example_dags/example_short_circuit_decorator.py                                                   1           0  0.13s           2026-07-30T12:35:05                      10
/home/airflow/.local/lib/python3.12/site-packages/airflow/example_dags/example_complex.py                                                                   1           0  0.12s           2026-07-30T12:34:56                      10
/home/airflow/.local/lib/python3.12/site-packages/airflow/example_dags/example_display_name.py                                                              1           0  0.12s           2026-07-30T12:34:59                      10
/home/airflow/.local/lib/python3.12/site-packages/airflow/example_dags/example_branch_python_dop_operator_3.py                                              1           0  0.12s           2026-07-30T12:35:01                      12
/home/airflow/.local/lib/python3.12/site-packages/airflow/example_dags/example_external_task_marker_dag.py                                                  2           0  0.12s           2026-07-30T12:35:02                      13
/home/airflow/.local/lib/python3.12/site-packages/airflow/example_dags/example_task_group_decorator.py                                                      1           0  0.12s           2026-07-30T12:34:57                      10
/home/airflow/.local/lib/python3.12/site-packages/airflow/example_dags/example_setup_teardown.py                                                            1           0  0.12s           2026-07-30T12:35:07                      10
/home/airflow/.local/lib/python3.12/site-packages/airflow/example_dags/example_time_delta_sensor_async.py                                                   1           0  0.12s           2026-07-30T12:35:02                      10
/home/airflow/.local/lib/python3.12/site-packages/airflow/example_dags/example_short_circuit_operator.py                                                    1           0  0.12s           2026-07-30T12:35:01                      10
/home/airflow/.local/lib/python3.12/site-packages/airflow/example_dags/example_sensors.py                                                                   1           0  0.11s           2026-07-30T12:34:55                      10
/home/airflow/.local/lib/python3.12/site-packages/airflow/example_dags/tutorial_taskflow_api.py                                                             1           0  0.11s           2026-07-30T12:35:01                      10
/home/airflow/.local/lib/python3.12/site-packages/airflow/example_dags/tutorial_dag.py                                                                      1           0  0.11s           2026-07-30T12:34:55                      10
/home/airflow/.local/lib/python3.12/site-packages/airflow/example_dags/subdags/subdag.py                                                                    0           0  0.08s           2026-07-30T12:35:09                       3
/home/airflow/.local/lib/python3.12/site-packages/airflow/example_dags/plugins/workday.py                                                                   0           0  0.08s           2026-07-30T12:35:09                       3
/home/airflow/.local/lib/python3.12/site-packages/airflow/example_dags/plugins/event_listener.py                                                            0           0  0.07s           2026-07-30T12:35:09                       3
/home/airflow/.local/lib/python3.12/site-packages/airflow/example_dags/plugins/decreasing_priority_weight_strategy.py                                       0           0  0.06s           2026-07-30T12:35:09                       3
/home/airflow/.local/lib/python3.12/site-packages/airflow/example_dags/plugins/listener_plugin.py                                                           0           0  0.06s           2026-07-30T12:35:09                       3
================================================================================
[2026-07-30T12:35:55.190+0000] {manager.py:997} INFO - 
================================================================================
DAG File Processing Stats

File Path                                                                                                                          PID    Runtime      # DAGs    # Errors  Last Runtime    Last Run               Last # of DB Queries
---------------------------------------------------------------------------------------------------------------------------------  -----  ---------  --------  ----------  --------------  -------------------  ----------------------
/home/airflow/.local/lib/python3.12/site-packages/airflow/example_dags/example_inlet_event_extra.py                                                         2           0  1.16s           2026-07-30T12:35:33                      15
/home/airflow/.local/lib/python3.12/site-packages/airflow/example_dags/example_outlet_event_extra.py                                                        3           0  0.92s           2026-07-30T12:35:32                      19
/home/airflow/.local/lib/python3.12/site-packages/airflow/example_dags/example_datasets.py                                                                 10           0  0.76s           2026-07-30T12:35:39                      49
/home/airflow/.local/lib/python3.12/site-packages/airflow/example_dags/example_dataset_alias.py                                                             4           0  0.73s           2026-07-30T12:35:39                      27
/home/airflow/.local/lib/python3.12/site-packages/airflow/example_dags/example_dataset_alias_with_no_taskflow.py                                            4           0  0.69s           2026-07-30T12:35:37                      27
/home/airflow/.local/lib/python3.12/site-packages/airflow/example_dags/example_time_delta_sensor_async.py                                                   1           0  0.30s           2026-07-30T12:35:33                      10
/home/airflow/.local/lib/python3.12/site-packages/airflow/example_dags/tutorial_taskflow_templates.py                                                       1           0  0.20s           2026-07-30T12:35:33                      12
/home/airflow/.local/lib/python3.12/site-packages/airflow/example_dags/example_python_decorator.py                                                          1           0  0.20s           2026-07-30T12:35:26                      10
/home/airflow/.local/lib/python3.12/site-packages/airflow/example_dags/example_xcomargs.py                                                                  2           0  0.19s           2026-07-30T12:35:25                      13
/home/airflow/.local/lib/python3.12/site-packages/airflow/example_dags/example_workday_timetable.py                                                         1           0  0.18s           2026-07-30T12:35:27                      12
/home/airflow/.local/lib/python3.12/site-packages/airflow/example_dags/example_subdag_operator.py                                                           3           0  0.18s           2026-07-30T12:35:32                      20
/home/airflow/.local/lib/python3.12/site-packages/airflow/example_dags/example_local_kubernetes_executor.py                                                 1           0  0.18s           2026-07-30T12:35:31                      10
/home/airflow/.local/lib/python3.12/site-packages/airflow/example_dags/example_branch_operator_decorator.py                                                 1           0  0.17s           2026-07-30T12:35:37                      12
/home/airflow/.local/lib/python3.12/site-packages/airflow/example_dags/example_branch_datetime_operator.py                                                  3           0  0.17s           2026-07-30T12:35:32                      18
/home/airflow/.local/lib/python3.12/site-packages/airflow/example_dags/example_complex.py                                                                   1           0  0.17s           2026-07-30T12:35:27                      10
/home/airflow/.local/lib/python3.12/site-packages/airflow/example_dags/example_bash_operator.py                                                             1           0  0.16s           2026-07-30T12:35:32                      12
/home/airflow/.local/lib/python3.12/site-packages/airflow/example_dags/example_sensors.py                                                                   1           0  0.16s           2026-07-30T12:35:25                      10
/home/airflow/.local/lib/python3.12/site-packages/airflow/example_dags/tutorial_dag.py                                                                      1           0  0.16s           2026-07-30T12:35:25                      10
/home/airflow/.local/lib/python3.12/site-packages/airflow/example_dags/example_external_task_marker_dag.py                                                  2           0  0.16s           2026-07-30T12:35:32                      13
/home/airflow/.local/lib/python3.12/site-packages/airflow/example_dags/example_nested_branch_dag.py                                                         1           0  0.15s           2026-07-30T12:35:38                      12
/home/airflow/.local/lib/python3.12/site-packages/airflow/example_dags/example_params_trigger_ui.py                                                         1           0  0.15s           2026-07-30T12:35:32                      10
/home/airflow/.local/lib/python3.12/site-packages/airflow/example_dags/example_skip_dag.py                                                                  1           0  0.15s           2026-07-30T12:35:25                      12
/home/airflow/.local/lib/python3.12/site-packages/airflow/example_dags/example_branch_python_dop_operator_3.py                                              1           0  0.15s           2026-07-30T12:35:31                      12
/home/airflow/.local/lib/python3.12/site-packages/airflow/example_dags/tutorial_objectstorage.py                                                            1           0  0.15s           2026-07-30T12:35:29                      10
/home/airflow/.local/lib/python3.12/site-packages/airflow/example_dags/example_passing_params_via_test_command.py                                           1           0  0.15s           2026-07-30T12:35:29                      12
/home/airflow/.local/lib/python3.12/site-packages/airflow/example_dags/example_dag_decorator.py                                                             1           0  0.15s           2026-07-30T12:35:31                      10
/home/airflow/.local/lib/python3.12/site-packages/airflow/example_dags/example_xcom.py                                                                      1           0  0.15s           2026-07-30T12:35:28                      12
/home/airflow/.local/lib/python3.12/site-packages/airflow/example_dags/example_branch_operator.py                                                           1           0  0.14s           2026-07-30T12:35:29                      12
/home/airflow/.local/lib/python3.12/site-packages/airflow/example_dags/example_kubernetes_executor.py                                                       1           0  0.14s           2026-07-30T12:35:36                      10
/home/airflow/.local/lib/python3.12/site-packages/airflow/example_dags/example_latest_only.py                                                               1           0  0.14s           2026-07-30T12:35:31                      12
/home/airflow/.local/lib/python3.12/site-packages/airflow/example_dags/example_params_ui_tutorial.py                                                        1           0  0.14s           2026-07-30T12:35:29                      10
/home/airflow/.local/lib/python3.12/site-packages/airflow/example_dags/example_sensor_decorator.py                                                          1           0  0.14s           2026-07-30T12:35:32                      10
/home/airflow/.local/lib/python3.12/site-packages/airflow/example_dags/example_short_circuit_operator.py                                                    1           0  0.14s           2026-07-30T12:35:31                      10
/home/airflow/.local/lib/python3.12/site-packages/airflow/example_dags/tutorial_taskflow_api.py                                                             1           0  0.13s           2026-07-30T12:35:32                      10
/home/airflow/.local/lib/python3.12/site-packages/airflow/example_dags/example_setup_teardown_taskflow.py                                                   1           0  0.13s           2026-07-30T12:35:39                      10
/home/airflow/.local/lib/python3.12/site-packages/airflow/example_dags/example_trigger_target_dag.py                                                        1           0  0.13s           2026-07-30T12:35:36                      10
/home/airflow/.local/lib/python3.12/site-packages/airflow/example_dags/example_branch_day_of_week_operator.py                                               1           0  0.13s           2026-07-30T12:35:30                      12
/home/airflow/.local/lib/python3.12/site-packages/airflow/example_dags/example_task_group.py                                                                1           0  0.13s           2026-07-30T12:35:34                      10
/home/airflow/.local/lib/python3.12/site-packages/airflow/example_dags/tutorial_taskflow_api_virtualenv.py                                                  1           0  0.13s           2026-07-30T12:35:34                      10
/home/airflow/.local/lib/python3.12/site-packages/airflow/example_dags/example_bash_decorator.py                                                            1           0  0.13s           2026-07-30T12:35:35                      10
/home/airflow/.local/lib/python3.12/site-packages/airflow/example_dags/example_branch_labels.py                                                             1           0  0.13s           2026-07-30T12:35:28                      12
/home/airflow/.local/lib/python3.12/site-packages/airflow/example_dags/tutorial.py                                                                          1           0  0.12s           2026-07-30T12:35:29                      12
/home/airflow/.local/lib/python3.12/site-packages/airflow/example_dags/example_task_group_decorator.py                                                      1           0  0.12s           2026-07-30T12:35:28                      10
/home/airflow/.local/lib/python3.12/site-packages/airflow/example_dags/example_short_circuit_decorator.py                                                   1           0  0.12s           2026-07-30T12:35:36                      10
/home/airflow/.local/lib/python3.12/site-packages/airflow/example_dags/example_python_operator.py                                                           1           0  0.12s           2026-07-30T12:35:35                      10
/home/airflow/.local/lib/python3.12/site-packages/airflow/example_dags/example_sla_dag.py                                                                   1           0  0.12s           2026-07-30T12:35:37                      12
/home/airflow/.local/lib/python3.12/site-packages/airflow/example_dags/example_dynamic_task_mapping.py                                                      1           0  0.12s           2026-07-30T12:35:29                      10
/home/airflow/.local/lib/python3.12/site-packages/airflow/example_dags/example_trigger_controller_dag.py                                                    1           0  0.12s           2026-07-30T12:35:30                      12
/home/airflow/.local/lib/python3.12/site-packages/airflow/example_dags/example_latest_only_with_trigger.py                                                  1           0  0.12s           2026-07-30T12:35:37                      12
/home/airflow/.local/lib/python3.12/site-packages/airflow/example_dags/example_dynamic_task_mapping_with_no_taskflow_operators.py                           1           0  0.11s           2026-07-30T12:35:29                      10
/home/airflow/.local/lib/python3.12/site-packages/airflow/example_dags/example_setup_teardown.py                                                            1           0  0.11s           2026-07-30T12:35:38                      10
/home/airflow/.local/lib/python3.12/site-packages/airflow/example_dags/example_display_name.py                                                              1           0  0.11s           2026-07-30T12:35:29                      10
/home/airflow/.local/lib/python3.12/site-packages/airflow/example_dags/plugins/workday.py                                                                   0           0  0.06s           2026-07-30T12:35:40                       3
/home/airflow/.local/lib/python3.12/site-packages/airflow/example_dags/plugins/decreasing_priority_weight_strategy.py                                       0           0  0.06s           2026-07-30T12:35:40                       3
/home/airflow/.local/lib/python3.12/site-packages/airflow/example_dags/subdags/subdag.py                                                                    0           0  0.06s           2026-07-30T12:35:39                       3
/home/airflow/.local/lib/python3.12/site-packages/airflow/example_dags/plugins/listener_plugin.py                                                           0           0  0.06s           2026-07-30T12:35:40                       3
/home/airflow/.local/lib/python3.12/site-packages/airflow/example_dags/plugins/event_listener.py                                                            0           0  0.06s           2026-07-30T12:35:40                       3
================================================================================
[2026-07-30T12:36:25.412+0000] {manager.py:997} INFO - 
================================================================================
DAG File Processing Stats

File Path                                                                                                                          PID    Runtime      # DAGs    # Errors  Last Runtime    Last Run               Last # of DB Queries
---------------------------------------------------------------------------------------------------------------------------------  -----  ---------  --------  ----------  --------------  -------------------  ----------------------
/home/airflow/.local/lib/python3.12/site-packages/airflow/example_dags/example_dataset_alias.py                                                             4           0  1.01s           2026-07-30T12:36:11                      27
/home/airflow/.local/lib/python3.12/site-packages/airflow/example_dags/example_datasets.py                                                                 10           0  1.00s           2026-07-30T12:36:11                      49
/home/airflow/.local/lib/python3.12/site-packages/airflow/example_dags/example_inlet_event_extra.py                                                         2           0  0.87s           2026-07-30T12:36:05                      15
/home/airflow/.local/lib/python3.12/site-packages/airflow/example_dags/example_outlet_event_extra.py                                                        3           0  0.77s           2026-07-30T12:36:02                      19
/home/airflow/.local/lib/python3.12/site-packages/airflow/example_dags/example_dataset_alias_with_no_taskflow.py                                            4           0  0.72s           2026-07-30T12:36:09                      27
/home/airflow/.local/lib/python3.12/site-packages/airflow/example_dags/example_bash_operator.py                                                             1           0  0.21s           2026-07-30T12:36:03                      12
/home/airflow/.local/lib/python3.12/site-packages/airflow/example_dags/example_branch_operator_decorator.py                                                 1           0  0.20s           2026-07-30T12:36:07                      12
/home/airflow/.local/lib/python3.12/site-packages/airflow/example_dags/example_external_task_marker_dag.py                                                  2           0  0.19s           2026-07-30T12:36:03                      13
/home/airflow/.local/lib/python3.12/site-packages/airflow/example_dags/example_subdag_operator.py                                                           3           0  0.18s           2026-07-30T12:36:02                      20
/home/airflow/.local/lib/python3.12/site-packages/airflow/example_dags/example_dag_decorator.py                                                             1           0  0.18s           2026-07-30T12:36:02                      32
/home/airflow/.local/lib/python3.12/site-packages/airflow/example_dags/example_params_ui_tutorial.py                                                        1           0  0.18s           2026-07-30T12:36:00                      10
/home/airflow/.local/lib/python3.12/site-packages/airflow/example_dags/example_time_delta_sensor_async.py                                                   1           0  0.17s           2026-07-30T12:36:04                      10
/home/airflow/.local/lib/python3.12/site-packages/airflow/example_dags/tutorial_taskflow_templates.py                                                       1           0  0.17s           2026-07-30T12:36:03                      12
/home/airflow/.local/lib/python3.12/site-packages/airflow/example_dags/example_task_group.py                                                                1           0  0.16s           2026-07-30T12:36:05                      10
/home/airflow/.local/lib/python3.12/site-packages/airflow/example_dags/tutorial_taskflow_api_virtualenv.py                                                  1           0  0.16s           2026-07-30T12:36:05                      10
/home/airflow/.local/lib/python3.12/site-packages/airflow/example_dags/example_sensor_decorator.py                                                          1           0  0.16s           2026-07-30T12:36:03                      10
/home/airflow/.local/lib/python3.12/site-packages/airflow/example_dags/example_workday_timetable.py                                                         1           0  0.16s           2026-07-30T12:35:57                      12
/home/airflow/.local/lib/python3.12/site-packages/airflow/example_dags/example_passing_params_via_test_command.py                                           1           0  0.16s           2026-07-30T12:36:00                      12
/home/airflow/.local/lib/python3.12/site-packages/airflow/example_dags/example_xcom.py                                                                      1           0  0.16s           2026-07-30T12:35:58                      12
/home/airflow/.local/lib/python3.12/site-packages/airflow/example_dags/example_bash_decorator.py                                                            1           0  0.15s           2026-07-30T12:36:06                      10
/home/airflow/.local/lib/python3.12/site-packages/airflow/example_dags/example_dynamic_task_mapping_with_no_taskflow_operators.py                           1           0  0.15s           2026-07-30T12:36:00                      10
/home/airflow/.local/lib/python3.12/site-packages/airflow/example_dags/example_branch_datetime_operator.py                                                  3           0  0.15s           2026-07-30T12:36:02                      18
/home/airflow/.local/lib/python3.12/site-packages/airflow/example_dags/example_trigger_target_dag.py                                                        1           0  0.15s           2026-07-30T12:36:07                      10
/home/airflow/.local/lib/python3.12/site-packages/airflow/example_dags/example_params_trigger_ui.py                                                         1           0  0.15s           2026-07-30T12:36:02                      10
/home/airflow/.local/lib/python3.12/site-packages/airflow/example_dags/example_sla_dag.py                                                                   1           0  0.15s           2026-07-30T12:36:07                      12
/home/airflow/.local/lib/python3.12/site-packages/airflow/example_dags/example_short_circuit_decorator.py                                                   1           0  0.15s           2026-07-30T12:36:07                      10
/home/airflow/.local/lib/python3.12/site-packages/airflow/example_dags/example_kubernetes_executor.py                                                       1           0  0.15s           2026-07-30T12:36:07                      10
/home/airflow/.local/lib/python3.12/site-packages/airflow/example_dags/example_branch_operator.py                                                           1           0  0.15s           2026-07-30T12:36:00                      12
/home/airflow/.local/lib/python3.12/site-packages/airflow/example_dags/example_display_name.py                                                              1           0  0.15s           2026-07-30T12:36:00                      10
/home/airflow/.local/lib/python3.12/site-packages/airflow/example_dags/example_branch_labels.py                                                             1           0  0.14s           2026-07-30T12:35:59                      12
/home/airflow/.local/lib/python3.12/site-packages/airflow/example_dags/example_setup_teardown_taskflow.py                                                   1           0  0.14s           2026-07-30T12:36:11                      10
/home/airflow/.local/lib/python3.12/site-packages/airflow/example_dags/example_python_operator.py                                                           1           0  0.14s           2026-07-30T12:36:06                      10
/home/airflow/.local/lib/python3.12/site-packages/airflow/example_dags/tutorial.py                                                                          1           0  0.14s           2026-07-30T12:36:00                      12
/home/airflow/.local/lib/python3.12/site-packages/airflow/example_dags/tutorial_objectstorage.py                                                            1           0  0.13s           2026-07-30T12:36:00                      10
/home/airflow/.local/lib/python3.12/site-packages/airflow/example_dags/example_task_group_decorator.py                                                      1           0  0.13s           2026-07-30T12:35:58                      10
/home/airflow/.local/lib/python3.12/site-packages/airflow/example_dags/example_branch_day_of_week_operator.py                                               1           0  0.13s           2026-07-30T12:36:00                      12
/home/airflow/.local/lib/python3.12/site-packages/airflow/example_dags/example_trigger_controller_dag.py                                                    1           0  0.13s           2026-07-30T12:36:00                      12
/home/airflow/.local/lib/python3.12/site-packages/airflow/example_dags/example_skip_dag.py                                                                  1           0  0.13s           2026-07-30T12:35:56                      12
/home/airflow/.local/lib/python3.12/site-packages/airflow/example_dags/example_nested_branch_dag.py                                                         1           0  0.13s           2026-07-30T12:36:08                      12
/home/airflow/.local/lib/python3.12/site-packages/airflow/example_dags/example_latest_only_with_trigger.py                                                  1           0  0.13s           2026-07-30T12:36:07                      12
/home/airflow/.local/lib/python3.12/site-packages/airflow/example_dags/example_complex.py                                                                   1           0  0.13s           2026-07-30T12:35:57                      10
/home/airflow/.local/lib/python3.12/site-packages/airflow/example_dags/example_dynamic_task_mapping.py                                                      1           0  0.12s           2026-07-30T12:36:00                      10
/home/airflow/.local/lib/python3.12/site-packages/airflow/example_dags/example_xcomargs.py                                                                  2           0  0.12s           2026-07-30T12:35:56                      13
/home/airflow/.local/lib/python3.12/site-packages/airflow/example_dags/example_local_kubernetes_executor.py                                                 1           0  0.12s           2026-07-30T12:36:01                      10
/home/airflow/.local/lib/python3.12/site-packages/airflow/example_dags/example_python_decorator.py                                                          1           0  0.12s           2026-07-30T12:35:56                      10
/home/airflow/.local/lib/python3.12/site-packages/airflow/example_dags/example_branch_python_dop_operator_3.py                                              1           0  0.11s           2026-07-30T12:36:02                      12
/home/airflow/.local/lib/python3.12/site-packages/airflow/example_dags/example_latest_only.py                                                               1           0  0.11s           2026-07-30T12:36:01                      12
/home/airflow/.local/lib/python3.12/site-packages/airflow/example_dags/tutorial_taskflow_api.py                                                             1           0  0.11s           2026-07-30T12:36:02                      10
/home/airflow/.local/lib/python3.12/site-packages/airflow/example_dags/example_sensors.py                                                                   1           0  0.11s           2026-07-30T12:35:56                      10
/home/airflow/.local/lib/python3.12/site-packages/airflow/example_dags/tutorial_dag.py                                                                      1           0  0.11s           2026-07-30T12:35:56                      10
/home/airflow/.local/lib/python3.12/site-packages/airflow/example_dags/example_setup_teardown.py                                                            1           0  0.10s           2026-07-30T12:36:09                      10
/home/airflow/.local/lib/python3.12/site-packages/airflow/example_dags/example_short_circuit_operator.py                                                    1           0  0.10s           2026-07-30T12:36:02                      10
/home/airflow/.local/lib/python3.12/site-packages/airflow/example_dags/plugins/event_listener.py                                                            0           0  0.08s           2026-07-30T12:36:11                       3
/home/airflow/.local/lib/python3.12/site-packages/airflow/example_dags/plugins/decreasing_priority_weight_strategy.py                                       0           0  0.08s           2026-07-30T12:36:11                       3
/home/airflow/.local/lib/python3.12/site-packages/airflow/example_dags/plugins/listener_plugin.py                                                           0           0  0.07s           2026-07-30T12:36:11                       3
/home/airflow/.local/lib/python3.12/site-packages/airflow/example_dags/plugins/workday.py                                                                   0           0  0.07s           2026-07-30T12:36:11                       3
/home/airflow/.local/lib/python3.12/site-packages/airflow/example_dags/subdags/subdag.py                                                                    0           0  0.07s           2026-07-30T12:36:11                       3
================================================================================
[2026-07-30T12:36:55.440+0000] {manager.py:997} INFO - 
================================================================================
DAG File Processing Stats

File Path                                                                                                                          PID    Runtime      # DAGs    # Errors  Last Runtime    Last Run               Last # of DB Queries
---------------------------------------------------------------------------------------------------------------------------------  -----  ---------  --------  ----------  --------------  -------------------  ----------------------
/home/airflow/.local/lib/python3.12/site-packages/airflow/example_dags/example_outlet_event_extra.py                                                        3           0  1.83s           2026-07-30T12:36:34                      19
/home/airflow/.local/lib/python3.12/site-packages/airflow/example_dags/example_inlet_event_extra.py                                                         2           0  0.89s           2026-07-30T12:36:36                      15
/home/airflow/.local/lib/python3.12/site-packages/airflow/example_dags/example_dataset_alias_with_no_taskflow.py                                            4           0  0.88s           2026-07-30T12:36:40                      27
/home/airflow/.local/lib/python3.12/site-packages/airflow/example_dags/example_dataset_alias.py                                                             4           0  0.84s           2026-07-30T12:36:42                      27
/home/airflow/.local/lib/python3.12/site-packages/airflow/example_dags/example_datasets.py                                                                 10           0  0.84s           2026-07-30T12:36:42                      49
/home/airflow/.local/lib/python3.12/site-packages/airflow/example_dags/example_branch_datetime_operator.py                                                  3           0  0.33s           2026-07-30T12:36:34                      18
/home/airflow/.local/lib/python3.12/site-packages/airflow/example_dags/tutorial_taskflow_api.py                                                             1           0  0.32s           2026-07-30T12:36:34                      10
/home/airflow/.local/lib/python3.12/site-packages/airflow/example_dags/example_dag_decorator.py                                                             1           0  0.26s           2026-07-30T12:36:32                      32
/home/airflow/.local/lib/python3.12/site-packages/airflow/example_dags/example_subdag_operator.py                                                           3           0  0.25s           2026-07-30T12:36:34                      20
/home/airflow/.local/lib/python3.12/site-packages/airflow/example_dags/tutorial.py                                                                          1           0  0.25s           2026-07-30T12:36:31                      12
/home/airflow/.local/lib/python3.12/site-packages/airflow/example_dags/tutorial_objectstorage.py                                                            1           0  0.23s           2026-07-30T12:36:31                      10
/home/airflow/.local/lib/python3.12/site-packages/airflow/example_dags/example_external_task_marker_dag.py                                                  2           0  0.21s           2026-07-30T12:36:35                      13
/home/airflow/.local/lib/python3.12/site-packages/airflow/example_dags/example_display_name.py                                                              1           0  0.21s           2026-07-30T12:36:30                      10
/home/airflow/.local/lib/python3.12/site-packages/airflow/example_dags/example_params_trigger_ui.py                                                         1           0  0.21s           2026-07-30T12:36:35                      10
/home/airflow/.local/lib/python3.12/site-packages/airflow/example_dags/example_branch_day_of_week_operator.py                                               1           0  0.20s           2026-07-30T12:36:31                      12
/home/airflow/.local/lib/python3.12/site-packages/airflow/example_dags/example_bash_operator.py                                                             1           0  0.20s           2026-07-30T12:36:35                      12
/home/airflow/.local/lib/python3.12/site-packages/airflow/example_dags/example_branch_operator_decorator.py                                                 1           0  0.20s           2026-07-30T12:36:38                      12
/home/airflow/.local/lib/python3.12/site-packages/airflow/example_dags/example_trigger_controller_dag.py                                                    1           0  0.19s           2026-07-30T12:36:31                      12
/home/airflow/.local/lib/python3.12/site-packages/airflow/example_dags/example_dynamic_task_mapping.py                                                      1           0  0.19s           2026-07-30T12:36:30                      10
/home/airflow/.local/lib/python3.12/site-packages/airflow/example_dags/tutorial_taskflow_api_virtualenv.py                                                  1           0  0.19s           2026-07-30T12:36:35                      10
/home/airflow/.local/lib/python3.12/site-packages/airflow/example_dags/example_branch_python_dop_operator_3.py                                              1           0  0.18s           2026-07-30T12:36:33                      12
/home/airflow/.local/lib/python3.12/site-packages/airflow/example_dags/example_xcom.py                                                                      1           0  0.18s           2026-07-30T12:36:29                      12
/home/airflow/.local/lib/python3.12/site-packages/airflow/example_dags/tutorial_taskflow_templates.py                                                       1           0  0.18s           2026-07-30T12:36:35                      12
/home/airflow/.local/lib/python3.12/site-packages/airflow/example_dags/example_sensor_decorator.py                                                          1           0  0.18s           2026-07-30T12:36:35                      10
/home/airflow/.local/lib/python3.12/site-packages/airflow/example_dags/example_short_circuit_operator.py                                                    1           0  0.18s           2026-07-30T12:36:33                      10
/home/airflow/.local/lib/python3.12/site-packages/airflow/example_dags/example_local_kubernetes_executor.py                                                 1           0  0.18s           2026-07-30T12:36:32                      10
/home/airflow/.local/lib/python3.12/site-packages/airflow/example_dags/example_dynamic_task_mapping_with_no_taskflow_operators.py                           1           0  0.18s           2026-07-30T12:36:30                      10
/home/airflow/.local/lib/python3.12/site-packages/airflow/example_dags/example_latest_only.py                                                               1           0  0.17s           2026-07-30T12:36:32                      12
/home/airflow/.local/lib/python3.12/site-packages/airflow/example_dags/example_params_ui_tutorial.py                                                        1           0  0.17s           2026-07-30T12:36:30                      10
/home/airflow/.local/lib/python3.12/site-packages/airflow/example_dags/example_branch_operator.py                                                           1           0  0.17s           2026-07-30T12:36:30                      12
/home/airflow/.local/lib/python3.12/site-packages/airflow/example_dags/example_sla_dag.py                                                                   1           0  0.17s           2026-07-30T12:36:38                      12
/home/airflow/.local/lib/python3.12/site-packages/airflow/example_dags/example_passing_params_via_test_command.py                                           1           0  0.16s           2026-07-30T12:36:30                      12
/home/airflow/.local/lib/python3.12/site-packages/airflow/example_dags/example_setup_teardown_taskflow.py                                                   1           0  0.15s           2026-07-30T12:36:42                      10
/home/airflow/.local/lib/python3.12/site-packages/airflow/example_dags/example_bash_decorator.py                                                            1           0  0.15s           2026-07-30T12:36:36                      10
/home/airflow/.local/lib/python3.12/site-packages/airflow/example_dags/example_task_group_decorator.py                                                      1           0  0.15s           2026-07-30T12:36:29                      10
/home/airflow/.local/lib/python3.12/site-packages/airflow/example_dags/example_workday_timetable.py                                                         1           0  0.15s           2026-07-30T12:36:27                      12
/home/airflow/.local/lib/python3.12/site-packages/airflow/example_dags/example_latest_only_with_trigger.py                                                  1           0  0.15s           2026-07-30T12:36:38                      12
/home/airflow/.local/lib/python3.12/site-packages/airflow/example_dags/example_nested_branch_dag.py                                                         1           0  0.14s           2026-07-30T12:36:39                      12
/home/airflow/.local/lib/python3.12/site-packages/airflow/example_dags/example_task_group.py                                                                1           0  0.14s           2026-07-30T12:36:35                      10
/home/airflow/.local/lib/python3.12/site-packages/airflow/example_dags/example_skip_dag.py                                                                  1           0  0.14s           2026-07-30T12:36:26                      12
/home/airflow/.local/lib/python3.12/site-packages/airflow/example_dags/example_branch_labels.py                                                             1           0  0.13s           2026-07-30T12:36:29                      12
/home/airflow/.local/lib/python3.12/site-packages/airflow/example_dags/example_time_delta_sensor_async.py                                                   1           0  0.13s           2026-07-30T12:36:35                      10
/home/airflow/.local/lib/python3.12/site-packages/airflow/example_dags/example_python_operator.py                                                           1           0  0.13s           2026-07-30T12:36:36                      10
/home/airflow/.local/lib/python3.12/site-packages/airflow/example_dags/example_kubernetes_executor.py                                                       1           0  0.13s           2026-07-30T12:36:37                      10
/home/airflow/.local/lib/python3.12/site-packages/airflow/example_dags/example_short_circuit_decorator.py                                                   1           0  0.12s           2026-07-30T12:36:37                      10
/home/airflow/.local/lib/python3.12/site-packages/airflow/example_dags/example_xcomargs.py                                                                  2           0  0.12s           2026-07-30T12:36:26                      13
/home/airflow/.local/lib/python3.12/site-packages/airflow/example_dags/example_setup_teardown.py                                                            1           0  0.12s           2026-07-30T12:36:39                      10
/home/airflow/.local/lib/python3.12/site-packages/airflow/example_dags/example_python_decorator.py                                                          1           0  0.12s           2026-07-30T12:36:26                      10
/home/airflow/.local/lib/python3.12/site-packages/airflow/example_dags/example_complex.py                                                                   1           0  0.12s           2026-07-30T12:36:27                      10
/home/airflow/.local/lib/python3.12/site-packages/airflow/example_dags/example_sensors.py                                                                   1           0  0.12s           2026-07-30T12:36:26                      10
/home/airflow/.local/lib/python3.12/site-packages/airflow/example_dags/tutorial_dag.py                                                                      1           0  0.11s           2026-07-30T12:36:26                      10
/home/airflow/.local/lib/python3.12/site-packages/airflow/example_dags/example_trigger_target_dag.py                                                        1           0  0.10s           2026-07-30T12:36:37                      10
/home/airflow/.local/lib/python3.12/site-packages/airflow/example_dags/plugins/listener_plugin.py                                                           0           0  0.08s           2026-07-30T12:36:42                       3
/home/airflow/.local/lib/python3.12/site-packages/airflow/example_dags/plugins/event_listener.py                                                            0           0  0.08s           2026-07-30T12:36:42                       3
/home/airflow/.local/lib/python3.12/site-packages/airflow/example_dags/plugins/workday.py                                                                   0           0  0.08s           2026-07-30T12:36:42                       3
/home/airflow/.local/lib/python3.12/site-packages/airflow/example_dags/plugins/decreasing_priority_weight_strategy.py                                       0           0  0.08s           2026-07-30T12:36:42                       3
/home/airflow/.local/lib/python3.12/site-packages/airflow/example_dags/subdags/subdag.py                                                                    0           0  0.07s           2026-07-30T12:36:42                       3
================================================================================
[2026-07-30T12:37:22.238+0000] {manager.py:465} INFO - Exiting gracefully upon receiving signal 15
[2026-07-30T12:38:42.725+0000] {manager.py:483} INFO - Processing files using up to 2 processes at a time 
[2026-07-30T12:38:42.727+0000] {manager.py:484} INFO - Process each file at most once every 30 seconds
[2026-07-30T12:38:42.729+0000] {manager.py:485} INFO - Checking for new files in /opt/airflow/dags every 300 seconds
[2026-07-30T12:38:42.732+0000] {manager.py:821} INFO - Searching for files in /opt/airflow/dags
[2026-07-30T12:38:42.783+0000] {manager.py:824} INFO - There are 57 files in /opt/airflow/dags
[2026-07-30T12:38:43.027+0000] {manager.py:997} INFO - 
================================================================================
DAG File Processing Stats

File Path                                                                                                                            PID  Runtime      # DAGs    # Errors  Last Runtime    Last Run      Last # of DB Queries
---------------------------------------------------------------------------------------------------------------------------------  -----  ---------  --------  ----------  --------------  ----------  ----------------------
/home/airflow/.local/lib/python3.12/site-packages/airflow/example_dags/example_skip_dag.py                                            80  0.12s             0           0                                                   0
/home/airflow/.local/lib/python3.12/site-packages/airflow/example_dags/example_sensors.py                                             81  0.06s             0           0                                                   0
/home/airflow/.local/lib/python3.12/site-packages/airflow/example_dags/tutorial_dag.py                                                                      0           0                                                   0
/home/airflow/.local/lib/python3.12/site-packages/airflow/example_dags/example_xcomargs.py                                                                  0           0                                                   0
/home/airflow/.local/lib/python3.12/site-packages/airflow/example_dags/example_python_decorator.py                                                          0           0                                                   0
/home/airflow/.local/lib/python3.12/site-packages/airflow/example_dags/example_outlet_event_extra.py                                                        0           0                                                   0
/home/airflow/.local/lib/python3.12/site-packages/airflow/example_dags/example_complex.py                                                                   0           0                                                   0
/home/airflow/.local/lib/python3.12/site-packages/airflow/example_dags/example_workday_timetable.py                                                         0           0                                                   0
/home/airflow/.local/lib/python3.12/site-packages/airflow/example_dags/example_xcom.py                                                                      0           0                                                   0
/home/airflow/.local/lib/python3.12/site-packages/airflow/example_dags/example_task_group_decorator.py                                                      0           0                                                   0
/home/airflow/.local/lib/python3.12/site-packages/airflow/example_dags/example_branch_labels.py                                                             0           0                                                   0
/home/airflow/.local/lib/python3.12/site-packages/airflow/example_dags/example_params_ui_tutorial.py                                                        0           0                                                   0
/home/airflow/.local/lib/python3.12/site-packages/airflow/example_dags/example_branch_operator.py                                                           0           0                                                   0
/home/airflow/.local/lib/python3.12/site-packages/airflow/example_dags/example_passing_params_via_test_command.py                                           0           0                                                   0
/home/airflow/.local/lib/python3.12/site-packages/airflow/example_dags/example_dynamic_task_mapping_with_no_taskflow_operators.py                           0           0                                                   0
/home/airflow/.local/lib/python3.12/site-packages/airflow/example_dags/example_dynamic_task_mapping.py                                                      0           0                                                   0
/home/airflow/.local/lib/python3.12/site-packages/airflow/example_dags/example_display_name.py                                                              0           0                                                   0
/home/airflow/.local/lib/python3.12/site-packages/airflow/example_dags/tutorial_objectstorage.py                                                            0           0                                                   0
/home/airflow/.local/lib/python3.12/site-packages/airflow/example_dags/tutorial.py                                                                          0           0                                                   0
/home/airflow/.local/lib/python3.12/site-packages/airflow/example_dags/example_branch_day_of_week_operator.py                                               0           0                                                   0
/home/airflow/.local/lib/python3.12/site-packages/airflow/example_dags/example_trigger_controller_dag.py                                                    0           0                                                   0
/home/airflow/.local/lib/python3.12/site-packages/airflow/example_dags/example_latest_only.py                                                               0           0                                                   0
/home/airflow/.local/lib/python3.12/site-packages/airflow/example_dags/example_local_kubernetes_executor.py                                                 0           0                                                   0
/home/airflow/.local/lib/python3.12/site-packages/airflow/example_dags/example_inlet_event_extra.py                                                         0           0                                                   0
/home/airflow/.local/lib/python3.12/site-packages/airflow/example_dags/example_dag_decorator.py                                                             0           0                                                   0
/home/airflow/.local/lib/python3.12/site-packages/airflow/example_dags/example_short_circuit_operator.py                                                    0           0                                                   0
/home/airflow/.local/lib/python3.12/site-packages/airflow/example_dags/example_branch_python_dop_operator_3.py                                              0           0                                                   0
/home/airflow/.local/lib/python3.12/site-packages/airflow/example_dags/example_branch_datetime_operator.py                                                  0           0                                                   0
/home/airflow/.local/lib/python3.12/site-packages/airflow/example_dags/tutorial_taskflow_api.py                                                             0           0                                                   0
/home/airflow/.local/lib/python3.12/site-packages/airflow/example_dags/example_subdag_operator.py                                                           0           0                                                   0
/home/airflow/.local/lib/python3.12/site-packages/airflow/example_dags/example_params_trigger_ui.py                                                         0           0                                                   0
/home/airflow/.local/lib/python3.12/site-packages/airflow/example_dags/example_sensor_decorator.py                                                          0           0                                                   0
/home/airflow/.local/lib/python3.12/site-packages/airflow/example_dags/example_external_task_marker_dag.py                                                  0           0                                                   0
/home/airflow/.local/lib/python3.12/site-packages/airflow/example_dags/example_bash_operator.py                                                             0           0                                                   0
/home/airflow/.local/lib/python3.12/site-packages/airflow/example_dags/tutorial_taskflow_templates.py                                                       0           0                                                   0
/home/airflow/.local/lib/python3.12/site-packages/airflow/example_dags/example_time_delta_sensor_async.py                                                   0           0                                                   0
/home/airflow/.local/lib/python3.12/site-packages/airflow/example_dags/tutorial_taskflow_api_virtualenv.py                                                  0           0                                                   0
/home/airflow/.local/lib/python3.12/site-packages/airflow/example_dags/example_task_group.py                                                                0           0                                                   0
/home/airflow/.local/lib/python3.12/site-packages/airflow/example_dags/example_dataset_alias_with_no_taskflow.py                                            0           0                                                   0
/home/airflow/.local/lib/python3.12/site-packages/airflow/example_dags/example_bash_decorator.py                                                            0           0                                                   0
/home/airflow/.local/lib/python3.12/site-packages/airflow/example_dags/example_python_operator.py                                                           0           0                                                   0
/home/airflow/.local/lib/python3.12/site-packages/airflow/example_dags/example_short_circuit_decorator.py                                                   0           0                                                   0
/home/airflow/.local/lib/python3.12/site-packages/airflow/example_dags/example_trigger_target_dag.py                                                        0           0                                                   0
/home/airflow/.local/lib/python3.12/site-packages/airflow/example_dags/example_kubernetes_executor.py                                                       0           0                                                   0
/home/airflow/.local/lib/python3.12/site-packages/airflow/example_dags/example_branch_operator_decorator.py                                                 0           0                                                   0
/home/airflow/.local/lib/python3.12/site-packages/airflow/example_dags/example_sla_dag.py                                                                   0           0                                                   0
/home/airflow/.local/lib/python3.12/site-packages/airflow/example_dags/example_latest_only_with_trigger.py                                                  0           0                                                   0
/home/airflow/.local/lib/python3.12/site-packages/airflow/example_dags/example_dataset_alias.py                                                             0           0                                                   0
/home/airflow/.local/lib/python3.12/site-packages/airflow/example_dags/example_datasets.py                                                                  0           0                                                   0
/home/airflow/.local/lib/python3.12/site-packages/airflow/example_dags/example_nested_branch_dag.py                                                         0           0                                                   0
/home/airflow/.local/lib/python3.12/site-packages/airflow/example_dags/example_setup_teardown.py                                                            0           0                                                   0
/home/airflow/.local/lib/python3.12/site-packages/airflow/example_dags/example_setup_teardown_taskflow.py                                                   0           0                                                   0
/home/airflow/.local/lib/python3.12/site-packages/airflow/example_dags/subdags/subdag.py                                                                    0           0                                                   0
/home/airflow/.local/lib/python3.12/site-packages/airflow/example_dags/plugins/listener_plugin.py                                                           0           0                                                   0
/home/airflow/.local/lib/python3.12/site-packages/airflow/example_dags/plugins/event_listener.py                                                            0           0                                                   0
/home/airflow/.local/lib/python3.12/site-packages/airflow/example_dags/plugins/workday.py                                                                   0           0                                                   0
/home/airflow/.local/lib/python3.12/site-packages/airflow/example_dags/plugins/decreasing_priority_weight_strategy.py                                       0           0                                                   0
================================================================================
[2026-07-30T12:39:13.107+0000] {manager.py:997} INFO - 
================================================================================
DAG File Processing Stats

File Path                                                                                                                          PID    Runtime      # DAGs    # Errors  Last Runtime    Last Run               Last # of DB Queries
---------------------------------------------------------------------------------------------------------------------------------  -----  ---------  --------  ----------  --------------  -------------------  ----------------------
/home/airflow/.local/lib/python3.12/site-packages/airflow/example_dags/example_outlet_event_extra.py                                                        3           0  2.74s           2026-07-30T12:38:46                      19
/home/airflow/.local/lib/python3.12/site-packages/airflow/example_dags/example_datasets.py                                                                 10           0  1.25s           2026-07-30T12:38:53                      49
/home/airflow/.local/lib/python3.12/site-packages/airflow/example_dags/example_dataset_alias_with_no_taskflow.py                                            4           0  1.21s           2026-07-30T12:38:51                      27
/home/airflow/.local/lib/python3.12/site-packages/airflow/example_dags/example_inlet_event_extra.py                                                         2           0  1.19s           2026-07-30T12:38:49                      15
/home/airflow/.local/lib/python3.12/site-packages/airflow/example_dags/example_dataset_alias.py                                                             4           0  1.06s           2026-07-30T12:38:53                      27
/home/airflow/.local/lib/python3.12/site-packages/airflow/example_dags/example_python_decorator.py                                                          1           0  0.76s           2026-07-30T12:38:44                      32
/home/airflow/.local/lib/python3.12/site-packages/airflow/example_dags/example_workday_timetable.py                                                         1           0  0.60s           2026-07-30T12:38:45                      12
/home/airflow/.local/lib/python3.12/site-packages/airflow/example_dags/example_complex.py                                                                   1           0  0.55s           2026-07-30T12:38:44                      10
/home/airflow/.local/lib/python3.12/site-packages/airflow/example_dags/example_xcom.py                                                                      1           0  0.44s           2026-07-30T12:38:46                      12
/home/airflow/.local/lib/python3.12/site-packages/airflow/example_dags/example_xcomargs.py                                                                  2           0  0.44s           2026-07-30T12:38:44                      13
/home/airflow/.local/lib/python3.12/site-packages/airflow/example_dags/example_branch_operator.py                                                           1           0  0.39s           2026-07-30T12:38:47                      34
/home/airflow/.local/lib/python3.12/site-packages/airflow/example_dags/example_branch_operator_decorator.py                                                 1           0  0.37s           2026-07-30T12:38:52                      34
/home/airflow/.local/lib/python3.12/site-packages/airflow/example_dags/example_dag_decorator.py                                                             1           0  0.37s           2026-07-30T12:38:48                      32
/home/airflow/.local/lib/python3.12/site-packages/airflow/example_dags/example_skip_dag.py                                                                  1           0  0.36s           2026-07-30T12:38:43                      12
/home/airflow/.local/lib/python3.12/site-packages/airflow/example_dags/example_task_group_decorator.py                                                      1           0  0.36s           2026-07-30T12:38:46                      10
/home/airflow/.local/lib/python3.12/site-packages/airflow/example_dags/example_sensors.py                                                                   1           0  0.35s           2026-07-30T12:38:43                      10
/home/airflow/.local/lib/python3.12/site-packages/airflow/example_dags/example_bash_decorator.py                                                            1           0  0.34s           2026-07-30T12:38:50                      32
/home/airflow/.local/lib/python3.12/site-packages/airflow/example_dags/example_branch_labels.py                                                             1           0  0.32s           2026-07-30T12:38:46                      12
/home/airflow/.local/lib/python3.12/site-packages/airflow/example_dags/tutorial_dag.py                                                                      1           0  0.32s           2026-07-30T12:38:43                      10
/home/airflow/.local/lib/python3.12/site-packages/airflow/example_dags/example_python_operator.py                                                           1           0  0.32s           2026-07-30T12:38:51                      32
/home/airflow/.local/lib/python3.12/site-packages/airflow/example_dags/tutorial_taskflow_api_virtualenv.py                                                  1           0  0.31s           2026-07-30T12:38:50                      32
/home/airflow/.local/lib/python3.12/site-packages/airflow/example_dags/example_branch_datetime_operator.py                                                  3           0  0.25s           2026-07-30T12:38:49                      18
/home/airflow/.local/lib/python3.12/site-packages/airflow/example_dags/example_passing_params_via_test_command.py                                           1           0  0.24s           2026-07-30T12:38:47                      12
/home/airflow/.local/lib/python3.12/site-packages/airflow/example_dags/example_subdag_operator.py                                                           3           0  0.23s           2026-07-30T12:38:49                      20
/home/airflow/.local/lib/python3.12/site-packages/airflow/example_dags/example_params_trigger_ui.py                                                         1           0  0.22s           2026-07-30T12:38:49                      10
/home/airflow/.local/lib/python3.12/site-packages/airflow/example_dags/example_branch_day_of_week_operator.py                                               1           0  0.22s           2026-07-30T12:38:48                      12
/home/airflow/.local/lib/python3.12/site-packages/airflow/example_dags/example_local_kubernetes_executor.py                                                 1           0  0.22s           2026-07-30T12:38:48                      10
/home/airflow/.local/lib/python3.12/site-packages/airflow/example_dags/example_params_ui_tutorial.py                                                        1           0  0.21s           2026-07-30T12:38:47                      10
/home/airflow/.local/lib/python3.12/site-packages/airflow/example_dags/example_latest_only.py                                                               1           0  0.21s           2026-07-30T12:38:48                      12
/home/airflow/.local/lib/python3.12/site-packages/airflow/example_dags/example_nested_branch_dag.py                                                         1           0  0.20s           2026-07-30T12:38:53                      12
/home/airflow/.local/lib/python3.12/site-packages/airflow/example_dags/tutorial.py                                                                          1           0  0.20s           2026-07-30T12:38:47                      12
/home/airflow/.local/lib/python3.12/site-packages/airflow/example_dags/example_sla_dag.py                                                                   1           0  0.20s           2026-07-30T12:38:51                      12
/home/airflow/.local/lib/python3.12/site-packages/airflow/example_dags/tutorial_taskflow_templates.py                                                       1           0  0.20s           2026-07-30T12:38:50                      12
/home/airflow/.local/lib/python3.12/site-packages/airflow/example_dags/example_bash_operator.py                                                             1           0  0.20s           2026-07-30T12:38:50                      12
/home/airflow/.local/lib/python3.12/site-packages/airflow/example_dags/example_display_name.py                                                              1           0  0.20s           2026-07-30T12:38:47                      10
/home/airflow/.local/lib/python3.12/site-packages/airflow/example_dags/example_latest_only_with_trigger.py                                                  1           0  0.20s           2026-07-30T12:38:52                      12
/home/airflow/.local/lib/python3.12/site-packages/airflow/example_dags/example_kubernetes_executor.py                                                       1           0  0.20s           2026-07-30T12:38:51                      10
/home/airflow/.local/lib/python3.12/site-packages/airflow/example_dags/example_trigger_controller_dag.py                                                    1           0  0.19s           2026-07-30T12:38:48                      12
/home/airflow/.local/lib/python3.12/site-packages/airflow/example_dags/example_setup_teardown_taskflow.py                                                   1           0  0.19s           2026-07-30T12:38:53                      10
/home/airflow/.local/lib/python3.12/site-packages/airflow/example_dags/example_branch_python_dop_operator_3.py                                              1           0  0.18s           2026-07-30T12:38:49                      12
/home/airflow/.local/lib/python3.12/site-packages/airflow/example_dags/tutorial_objectstorage.py                                                            1           0  0.18s           2026-07-30T12:38:47                      10
/home/airflow/.local/lib/python3.12/site-packages/airflow/example_dags/example_dynamic_task_mapping.py                                                      1           0  0.18s           2026-07-30T12:38:47                      10
/home/airflow/.local/lib/python3.12/site-packages/airflow/example_dags/example_short_circuit_operator.py                                                    1           0  0.18s           2026-07-30T12:38:48                      10
/home/airflow/.local/lib/python3.12/site-packages/airflow/example_dags/example_setup_teardown.py                                                            1           0  0.18s           2026-07-30T12:38:53                      10
/home/airflow/.local/lib/python3.12/site-packages/airflow/example_dags/example_trigger_target_dag.py                                                        1           0  0.17s           2026-07-30T12:38:51                      10
/home/airflow/.local/lib/python3.12/site-packages/airflow/example_dags/tutorial_taskflow_api.py                                                             1           0  0.17s           2026-07-30T12:38:49                      10
/home/airflow/.local/lib/python3.12/site-packages/airflow/example_dags/example_dynamic_task_mapping_with_no_taskflow_operators.py                           1           0  0.17s           2026-07-30T12:38:47                      10
/home/airflow/.local/lib/python3.12/site-packages/airflow/example_dags/example_time_delta_sensor_async.py                                                   1           0  0.16s           2026-07-30T12:38:50                      10
/home/airflow/.local/lib/python3.12/site-packages/airflow/example_dags/example_sensor_decorator.py                                                          1           0  0.16s           2026-07-30T12:38:49                      10
/home/airflow/.local/lib/python3.12/site-packages/airflow/example_dags/example_external_task_marker_dag.py                                                  2           0  0.16s           2026-07-30T12:38:49                      13
/home/airflow/.local/lib/python3.12/site-packages/airflow/example_dags/example_task_group.py                                                                1           0  0.15s           2026-07-30T12:38:50                      10
/home/airflow/.local/lib/python3.12/site-packages/airflow/example_dags/example_short_circuit_decorator.py                                                   1           0  0.15s           2026-07-30T12:38:51                      10
/home/airflow/.local/lib/python3.12/site-packages/airflow/example_dags/plugins/listener_plugin.py                                                           0           0  0.10s           2026-07-30T12:38:53                       3
/home/airflow/.local/lib/python3.12/site-packages/airflow/example_dags/plugins/event_listener.py                                                            0           0  0.10s           2026-07-30T12:38:53                       3
/home/airflow/.local/lib/python3.12/site-packages/airflow/example_dags/subdags/subdag.py                                                                    0           0  0.09s           2026-07-30T12:38:53                       3
/home/airflow/.local/lib/python3.12/site-packages/airflow/example_dags/plugins/workday.py                                                                   0           0  0.09s           2026-07-30T12:38:53                       3
/home/airflow/.local/lib/python3.12/site-packages/airflow/example_dags/plugins/decreasing_priority_weight_strategy.py                                       0           0  0.09s           2026-07-30T12:38:53                       3
================================================================================
[2026-07-30T12:39:43.125+0000] {manager.py:997} INFO - 
================================================================================
DAG File Processing Stats

File Path                                                                                                                          PID    Runtime      # DAGs    # Errors  Last Runtime    Last Run               Last # of DB Queries
---------------------------------------------------------------------------------------------------------------------------------  -----  ---------  --------  ----------  --------------  -------------------  ----------------------
/home/airflow/.local/lib/python3.12/site-packages/airflow/example_dags/example_outlet_event_extra.py                                                        3           0  2.55s           2026-07-30T12:39:19                      19
/home/airflow/.local/lib/python3.12/site-packages/airflow/example_dags/example_datasets.py                                                                 10           0  1.61s           2026-07-30T12:39:26                      49
/home/airflow/.local/lib/python3.12/site-packages/airflow/example_dags/example_dataset_alias.py                                                             4           0  1.43s           2026-07-30T12:39:26                      27
/home/airflow/.local/lib/python3.12/site-packages/airflow/example_dags/example_inlet_event_extra.py                                                         2           0  1.37s           2026-07-30T12:39:22                      15
/home/airflow/.local/lib/python3.12/site-packages/airflow/example_dags/example_workday_timetable.py                                                         1           0  1.13s           2026-07-30T12:39:17                      12
/home/airflow/.local/lib/python3.12/site-packages/airflow/example_dags/example_dataset_alias_with_no_taskflow.py                                            4           0  1.06s           2026-07-30T12:39:24                      27
/home/airflow/.local/lib/python3.12/site-packages/airflow/example_dags/example_python_decorator.py                                                          1           0  0.62s           2026-07-30T12:39:15                      10
/home/airflow/.local/lib/python3.12/site-packages/airflow/example_dags/example_xcom.py                                                                      1           0  0.60s           2026-07-30T12:39:17                      12
/home/airflow/.local/lib/python3.12/site-packages/airflow/example_dags/example_complex.py                                                                   1           0  0.46s           2026-07-30T12:39:15                      10
/home/airflow/.local/lib/python3.12/site-packages/airflow/example_dags/example_passing_params_via_test_command.py                                           1           0  0.45s           2026-07-30T12:39:19                      12
/home/airflow/.local/lib/python3.12/site-packages/airflow/example_dags/example_dag_decorator.py                                                             1           0  0.41s           2026-07-30T12:39:21                      32
/home/airflow/.local/lib/python3.12/site-packages/airflow/example_dags/example_params_ui_tutorial.py                                                        1           0  0.40s           2026-07-30T12:39:19                      10
/home/airflow/.local/lib/python3.12/site-packages/airflow/example_dags/example_skip_dag.py                                                                  1           0  0.39s           2026-07-30T12:39:14                      12
/home/airflow/.local/lib/python3.12/site-packages/airflow/example_dags/example_task_group_decorator.py                                                      1           0  0.39s           2026-07-30T12:39:18                      10
/home/airflow/.local/lib/python3.12/site-packages/airflow/example_dags/example_display_name.py                                                              1           0  0.35s           2026-07-30T12:39:20                      10
/home/airflow/.local/lib/python3.12/site-packages/airflow/example_dags/example_local_kubernetes_executor.py                                                 1           0  0.35s           2026-07-30T12:39:21                      10
/home/airflow/.local/lib/python3.12/site-packages/airflow/example_dags/example_dynamic_task_mapping_with_no_taskflow_operators.py                           1           0  0.34s           2026-07-30T12:39:19                      10
/home/airflow/.local/lib/python3.12/site-packages/airflow/example_dags/example_xcomargs.py                                                                  2           0  0.34s           2026-07-30T12:39:14                      13
/home/airflow/.local/lib/python3.12/site-packages/airflow/example_dags/example_branch_operator.py                                                           1           0  0.34s           2026-07-30T12:39:19                      12
/home/airflow/.local/lib/python3.12/site-packages/airflow/example_dags/example_dynamic_task_mapping.py                                                      1           0  0.33s           2026-07-30T12:39:20                      10
/home/airflow/.local/lib/python3.12/site-packages/airflow/example_dags/tutorial.py                                                                          1           0  0.33s           2026-07-30T12:39:20                      12
/home/airflow/.local/lib/python3.12/site-packages/airflow/example_dags/example_sensors.py                                                                   1           0  0.33s           2026-07-30T12:39:14                      10
/home/airflow/.local/lib/python3.12/site-packages/airflow/example_dags/tutorial_objectstorage.py                                                            1           0  0.32s           2026-07-30T12:39:20                      10
/home/airflow/.local/lib/python3.12/site-packages/airflow/example_dags/example_branch_day_of_week_operator.py                                               1           0  0.30s           2026-07-30T12:39:20                      12
/home/airflow/.local/lib/python3.12/site-packages/airflow/example_dags/tutorial_dag.py                                                                      1           0  0.30s           2026-07-30T12:39:14                      10
/home/airflow/.local/lib/python3.12/site-packages/airflow/example_dags/example_latest_only.py                                                               1           0  0.29s           2026-07-30T12:39:21                      12
/home/airflow/.local/lib/python3.12/site-packages/airflow/example_dags/example_branch_labels.py                                                             1           0  0.28s           2026-07-30T12:39:18                      12
/home/airflow/.local/lib/python3.12/site-packages/airflow/example_dags/example_trigger_controller_dag.py                                                    1           0  0.25s           2026-07-30T12:39:20                      12
/home/airflow/.local/lib/python3.12/site-packages/airflow/example_dags/example_branch_datetime_operator.py                                                  3           0  0.25s           2026-07-30T12:39:22                      18
/home/airflow/.local/lib/python3.12/site-packages/airflow/example_dags/example_subdag_operator.py                                                           3           0  0.24s           2026-07-30T12:39:22                      20
/home/airflow/.local/lib/python3.12/site-packages/airflow/example_dags/example_nested_branch_dag.py                                                         1           0  0.23s           2026-07-30T12:39:26                      12
/home/airflow/.local/lib/python3.12/site-packages/airflow/example_dags/example_sla_dag.py                                                                   1           0  0.23s           2026-07-30T12:39:24                      12
/home/airflow/.local/lib/python3.12/site-packages/airflow/example_dags/example_latest_only_with_trigger.py                                                  1           0  0.21s           2026-07-30T12:39:24                      12
/home/airflow/.local/lib/python3.12/site-packages/airflow/example_dags/example_params_trigger_ui.py                                                         1           0  0.20s           2026-07-30T12:39:22                      10
/home/airflow/.local/lib/python3.12/site-packages/airflow/example_dags/example_bash_decorator.py                                                            1           0  0.19s           2026-07-30T12:39:23                      10
/home/airflow/.local/lib/python3.12/site-packages/airflow/example_dags/example_branch_operator_decorator.py                                                 1           0  0.19s           2026-07-30T12:39:24                      12
/home/airflow/.local/lib/python3.12/site-packages/airflow/example_dags/example_kubernetes_executor.py                                                       1           0  0.18s           2026-07-30T12:39:24                      10
/home/airflow/.local/lib/python3.12/site-packages/airflow/example_dags/example_bash_operator.py                                                             1           0  0.18s           2026-07-30T12:39:23                      12
/home/airflow/.local/lib/python3.12/site-packages/airflow/example_dags/example_setup_teardown_taskflow.py                                                   1           0  0.18s           2026-07-30T12:39:26                      10
/home/airflow/.local/lib/python3.12/site-packages/airflow/example_dags/example_setup_teardown.py                                                            1           0  0.18s           2026-07-30T12:39:26                      10
/home/airflow/.local/lib/python3.12/site-packages/airflow/example_dags/example_python_operator.py                                                           1           0  0.17s           2026-07-30T12:39:23                      10
/home/airflow/.local/lib/python3.12/site-packages/airflow/example_dags/tutorial_taskflow_templates.py                                                       1           0  0.17s           2026-07-30T12:39:23                      12
/home/airflow/.local/lib/python3.12/site-packages/airflow/example_dags/example_task_group.py                                                                1           0  0.17s           2026-07-30T12:39:23                      10
/home/airflow/.local/lib/python3.12/site-packages/airflow/example_dags/example_branch_python_dop_operator_3.py                                              1           0  0.17s           2026-07-30T12:39:22                      12
/home/airflow/.local/lib/python3.12/site-packages/airflow/example_dags/tutorial_taskflow_api.py                                                             1           0  0.17s           2026-07-30T12:39:22                      10
/home/airflow/.local/lib/python3.12/site-packages/airflow/example_dags/example_short_circuit_operator.py                                                    1           0  0.16s           2026-07-30T12:39:21                      10
/home/airflow/.local/lib/python3.12/site-packages/airflow/example_dags/example_external_task_marker_dag.py                                                  2           0  0.16s           2026-07-30T12:39:23                      13
/home/airflow/.local/lib/python3.12/site-packages/airflow/example_dags/tutorial_taskflow_api_virtualenv.py                                                  1           0  0.15s           2026-07-30T12:39:23                      10
/home/airflow/.local/lib/python3.12/site-packages/airflow/example_dags/example_sensor_decorator.py                                                          1           0  0.15s           2026-07-30T12:39:22                      10
/home/airflow/.local/lib/python3.12/site-packages/airflow/example_dags/example_short_circuit_decorator.py                                                   1           0  0.15s           2026-07-30T12:39:23                      10
/home/airflow/.local/lib/python3.12/site-packages/airflow/example_dags/plugins/listener_plugin.py                                                           0           0  0.14s           2026-07-30T12:39:26                       3
/home/airflow/.local/lib/python3.12/site-packages/airflow/example_dags/example_time_delta_sensor_async.py                                                   1           0  0.14s           2026-07-30T12:39:23                      10
/home/airflow/.local/lib/python3.12/site-packages/airflow/example_dags/example_trigger_target_dag.py                                                        1           0  0.14s           2026-07-30T12:39:23                      10
/home/airflow/.local/lib/python3.12/site-packages/airflow/example_dags/subdags/subdag.py                                                                    0           0  0.11s           2026-07-30T12:39:26                       3
/home/airflow/.local/lib/python3.12/site-packages/airflow/example_dags/plugins/decreasing_priority_weight_strategy.py                                       0           0  0.10s           2026-07-30T12:39:27                       3
/home/airflow/.local/lib/python3.12/site-packages/airflow/example_dags/plugins/event_listener.py                                                            0           0  0.09s           2026-07-30T12:39:26                       3
/home/airflow/.local/lib/python3.12/site-packages/airflow/example_dags/plugins/workday.py                                                                   0           0  0.09s           2026-07-30T12:39:27                       3
================================================================================
[2026-07-30T12:40:13.621+0000] {manager.py:997} INFO - 
================================================================================
DAG File Processing Stats

File Path                                                                                                                          PID    Runtime      # DAGs    # Errors  Last Runtime    Last Run               Last # of DB Queries
---------------------------------------------------------------------------------------------------------------------------------  -----  ---------  --------  ----------  --------------  -------------------  ----------------------
/home/airflow/.local/lib/python3.12/site-packages/airflow/example_dags/example_inlet_event_extra.py                                                         2           0  1.22s           2026-07-30T12:39:54                      15
/home/airflow/.local/lib/python3.12/site-packages/airflow/example_dags/example_dataset_alias_with_no_taskflow.py                                            4           0  1.16s           2026-07-30T12:39:57                      27
/home/airflow/.local/lib/python3.12/site-packages/airflow/example_dags/example_datasets.py                                                                 10           0  1.09s           2026-07-30T12:39:58                      49
/home/airflow/.local/lib/python3.12/site-packages/airflow/example_dags/example_outlet_event_extra.py                                                        3           0  1.06s           2026-07-30T12:39:50                      19
/home/airflow/.local/lib/python3.12/site-packages/airflow/example_dags/example_dataset_alias.py                                                             4           0  1.00s           2026-07-30T12:39:57                      27
/home/airflow/.local/lib/python3.12/site-packages/airflow/example_dags/example_time_delta_sensor_async.py                                                   1           0  0.37s           2026-07-30T12:39:55                      10
/home/airflow/.local/lib/python3.12/site-packages/airflow/example_dags/example_bash_operator.py                                                             1           0  0.35s           2026-07-30T12:39:54                      12
/home/airflow/.local/lib/python3.12/site-packages/airflow/example_dags/tutorial_taskflow_templates.py                                                       1           0  0.34s           2026-07-30T12:39:54                      12
/home/airflow/.local/lib/python3.12/site-packages/airflow/example_dags/example_branch_operator_decorator.py                                                 1           0  0.32s           2026-07-30T12:39:56                      12
/home/airflow/.local/lib/python3.12/site-packages/airflow/example_dags/example_python_operator.py                                                           1           0  0.31s           2026-07-30T12:39:55                      10
/home/airflow/.local/lib/python3.12/site-packages/airflow/example_dags/tutorial_taskflow_api_virtualenv.py                                                  1           0  0.30s           2026-07-30T12:39:55                      10
/home/airflow/.local/lib/python3.12/site-packages/airflow/example_dags/example_bash_decorator.py                                                            1           0  0.26s           2026-07-30T12:39:55                      10
/home/airflow/.local/lib/python3.12/site-packages/airflow/example_dags/example_kubernetes_executor.py                                                       1           0  0.26s           2026-07-30T12:39:56                      10
/home/airflow/.local/lib/python3.12/site-packages/airflow/example_dags/tutorial_dag.py                                                                      1           0  0.26s           2026-07-30T12:39:45                      10
/home/airflow/.local/lib/python3.12/site-packages/airflow/example_dags/example_short_circuit_decorator.py                                                   1           0  0.24s           2026-07-30T12:39:55                      10
/home/airflow/.local/lib/python3.12/site-packages/airflow/example_dags/example_sla_dag.py                                                                   1           0  0.23s           2026-07-30T12:39:56                      12
/home/airflow/.local/lib/python3.12/site-packages/airflow/example_dags/example_branch_datetime_operator.py                                                  3           0  0.22s           2026-07-30T12:39:53                      18
/home/airflow/.local/lib/python3.12/site-packages/airflow/example_dags/example_subdag_operator.py                                                           3           0  0.22s           2026-07-30T12:39:53                      20
/home/airflow/.local/lib/python3.12/site-packages/airflow/example_dags/example_task_group.py                                                                1           0  0.22s           2026-07-30T12:39:55                      10
/home/airflow/.local/lib/python3.12/site-packages/airflow/example_dags/example_short_circuit_operator.py                                                    1           0  0.21s           2026-07-30T12:39:52                      10
/home/airflow/.local/lib/python3.12/site-packages/airflow/example_dags/example_params_trigger_ui.py                                                         1           0  0.21s           2026-07-30T12:39:54                      10
/home/airflow/.local/lib/python3.12/site-packages/airflow/example_dags/example_sensor_decorator.py                                                          1           0  0.20s           2026-07-30T12:39:54                      10
/home/airflow/.local/lib/python3.12/site-packages/airflow/example_dags/example_complex.py                                                                   1           0  0.20s           2026-07-30T12:39:46                      10
/home/airflow/.local/lib/python3.12/site-packages/airflow/example_dags/example_external_task_marker_dag.py                                                  2           0  0.20s           2026-07-30T12:39:54                      13
/home/airflow/.local/lib/python3.12/site-packages/airflow/example_dags/tutorial_objectstorage.py                                                            1           0  0.19s           2026-07-30T12:39:51                      10
/home/airflow/.local/lib/python3.12/site-packages/airflow/example_dags/example_trigger_target_dag.py                                                        1           0  0.19s           2026-07-30T12:39:55                      10
/home/airflow/.local/lib/python3.12/site-packages/airflow/example_dags/example_dag_decorator.py                                                             1           0  0.19s           2026-07-30T12:39:52                      10
/home/airflow/.local/lib/python3.12/site-packages/airflow/example_dags/tutorial.py                                                                          1           0  0.18s           2026-07-30T12:39:51                      12
/home/airflow/.local/lib/python3.12/site-packages/airflow/example_dags/example_branch_python_dop_operator_3.py                                              1           0  0.18s           2026-07-30T12:39:52                      12
/home/airflow/.local/lib/python3.12/site-packages/airflow/example_dags/example_display_name.py                                                              1           0  0.18s           2026-07-30T12:39:51                      10
/home/airflow/.local/lib/python3.12/site-packages/airflow/example_dags/example_trigger_controller_dag.py                                                    1           0  0.18s           2026-07-30T12:39:51                      12
/home/airflow/.local/lib/python3.12/site-packages/airflow/example_dags/example_passing_params_via_test_command.py                                           1           0  0.18s           2026-07-30T12:39:50                      12
/home/airflow/.local/lib/python3.12/site-packages/airflow/example_dags/example_branch_day_of_week_operator.py                                               1           0  0.18s           2026-07-30T12:39:51                      12
/home/airflow/.local/lib/python3.12/site-packages/airflow/example_dags/example_latest_only.py                                                               1           0  0.18s           2026-07-30T12:39:51                      12
/home/airflow/.local/lib/python3.12/site-packages/airflow/example_dags/example_skip_dag.py                                                                  1           0  0.18s           2026-07-30T12:39:45                      12
/home/airflow/.local/lib/python3.12/site-packages/airflow/example_dags/example_local_kubernetes_executor.py                                                 1           0  0.18s           2026-07-30T12:39:51                      10
/home/airflow/.local/lib/python3.12/site-packages/airflow/example_dags/example_setup_teardown_taskflow.py                                                   1           0  0.17s           2026-07-30T12:39:58                      10
/home/airflow/.local/lib/python3.12/site-packages/airflow/example_dags/example_workday_timetable.py                                                         1           0  0.17s           2026-07-30T12:39:47                      12
/home/airflow/.local/lib/python3.12/site-packages/airflow/example_dags/example_latest_only_with_trigger.py                                                  1           0  0.17s           2026-07-30T12:39:56                      12
/home/airflow/.local/lib/python3.12/site-packages/airflow/example_dags/example_nested_branch_dag.py                                                         1           0  0.17s           2026-07-30T12:39:57                      12
/home/airflow/.local/lib/python3.12/site-packages/airflow/example_dags/tutorial_taskflow_api.py                                                             1           0  0.16s           2026-07-30T12:39:53                      10
/home/airflow/.local/lib/python3.12/site-packages/airflow/example_dags/example_branch_labels.py                                                             1           0  0.16s           2026-07-30T12:39:49                      12
/home/airflow/.local/lib/python3.12/site-packages/airflow/example_dags/example_branch_operator.py                                                           1           0  0.16s           2026-07-30T12:39:49                      12
/home/airflow/.local/lib/python3.12/site-packages/airflow/example_dags/example_setup_teardown.py                                                            1           0  0.16s           2026-07-30T12:39:58                      10
/home/airflow/.local/lib/python3.12/site-packages/airflow/example_dags/example_dynamic_task_mapping.py                                                      1           0  0.16s           2026-07-30T12:39:50                      10
/home/airflow/.local/lib/python3.12/site-packages/airflow/example_dags/example_params_ui_tutorial.py                                                        1           0  0.16s           2026-07-30T12:39:49                      10
/home/airflow/.local/lib/python3.12/site-packages/airflow/example_dags/example_task_group_decorator.py                                                      1           0  0.16s           2026-07-30T12:39:49                      10
/home/airflow/.local/lib/python3.12/site-packages/airflow/example_dags/example_xcomargs.py                                                                  2           0  0.15s           2026-07-30T12:39:45                      13
/home/airflow/.local/lib/python3.12/site-packages/airflow/example_dags/example_python_decorator.py                                                          1           0  0.15s           2026-07-30T12:39:45                      10
/home/airflow/.local/lib/python3.12/site-packages/airflow/example_dags/example_sensors.py                                                                   1           0  0.15s           2026-07-30T12:39:45                      10
/home/airflow/.local/lib/python3.12/site-packages/airflow/example_dags/example_dynamic_task_mapping_with_no_taskflow_operators.py                           1           0  0.15s           2026-07-30T12:39:50                      10
/home/airflow/.local/lib/python3.12/site-packages/airflow/example_dags/example_xcom.py                                                                      1           0  0.12s           2026-07-30T12:39:47                      12
/home/airflow/.local/lib/python3.12/site-packages/airflow/example_dags/plugins/event_listener.py                                                            0           0  0.11s           2026-07-30T12:39:58                       3
/home/airflow/.local/lib/python3.12/site-packages/airflow/example_dags/plugins/decreasing_priority_weight_strategy.py                                       0           0  0.10s           2026-07-30T12:39:58                       3
/home/airflow/.local/lib/python3.12/site-packages/airflow/example_dags/plugins/listener_plugin.py                                                           0           0  0.09s           2026-07-30T12:39:58                       3
/home/airflow/.local/lib/python3.12/site-packages/airflow/example_dags/subdags/subdag.py                                                                    0           0  0.09s           2026-07-30T12:39:58                       3
/home/airflow/.local/lib/python3.12/site-packages/airflow/example_dags/plugins/workday.py                                                                   0           0  0.08s           2026-07-30T12:39:58                       3
================================================================================
[2026-07-30T12:40:43.725+0000] {manager.py:997} INFO - 
================================================================================
DAG File Processing Stats

File Path                                                                                                                          PID    Runtime      # DAGs    # Errors  Last Runtime    Last Run               Last # of DB Queries
---------------------------------------------------------------------------------------------------------------------------------  -----  ---------  --------  ----------  --------------  -------------------  ----------------------
/home/airflow/.local/lib/python3.12/site-packages/airflow/example_dags/example_inlet_event_extra.py                                                         2           0  1.04s           2026-07-30T12:40:25                      15
/home/airflow/.local/lib/python3.12/site-packages/airflow/example_dags/example_dataset_alias_with_no_taskflow.py                                            4           0  0.98s           2026-07-30T12:40:28                      27
/home/airflow/.local/lib/python3.12/site-packages/airflow/example_dags/example_dataset_alias.py                                                             4           0  0.98s           2026-07-30T12:40:29                      27
/home/airflow/.local/lib/python3.12/site-packages/airflow/example_dags/example_datasets.py                                                                 10           0  0.95s           2026-07-30T12:40:29                      49
/home/airflow/.local/lib/python3.12/site-packages/airflow/example_dags/example_outlet_event_extra.py                                                        3           0  0.62s           2026-07-30T12:40:22                      19
/home/airflow/.local/lib/python3.12/site-packages/airflow/example_dags/example_bash_decorator.py                                                            1           0  0.34s           2026-07-30T12:40:26                      10
/home/airflow/.local/lib/python3.12/site-packages/airflow/example_dags/example_python_operator.py                                                           1           0  0.30s           2026-07-30T12:40:26                      10
/home/airflow/.local/lib/python3.12/site-packages/airflow/example_dags/example_kubernetes_executor.py                                                       1           0  0.24s           2026-07-30T12:40:26                      10
/home/airflow/.local/lib/python3.12/site-packages/airflow/example_dags/example_trigger_target_dag.py                                                        1           0  0.23s           2026-07-30T12:40:26                      10
/home/airflow/.local/lib/python3.12/site-packages/airflow/example_dags/example_dag_decorator.py                                                             1           0  0.22s           2026-07-30T12:40:22                      32
/home/airflow/.local/lib/python3.12/site-packages/airflow/example_dags/example_branch_operator_decorator.py                                                 1           0  0.20s           2026-07-30T12:40:27                      12
/home/airflow/.local/lib/python3.12/site-packages/airflow/example_dags/tutorial_taskflow_api_virtualenv.py                                                  1           0  0.20s           2026-07-30T12:40:26                      10
/home/airflow/.local/lib/python3.12/site-packages/airflow/example_dags/example_bash_operator.py                                                             1           0  0.20s           2026-07-30T12:40:25                      12
/home/airflow/.local/lib/python3.12/site-packages/airflow/example_dags/example_task_group.py                                                                1           0  0.20s           2026-07-30T12:40:26                      10
/home/airflow/.local/lib/python3.12/site-packages/airflow/example_dags/tutorial_taskflow_templates.py                                                       1           0  0.19s           2026-07-30T12:40:25                      12
/home/airflow/.local/lib/python3.12/site-packages/airflow/example_dags/example_sla_dag.py                                                                   1           0  0.19s           2026-07-30T12:40:27                      12
/home/airflow/.local/lib/python3.12/site-packages/airflow/example_dags/example_latest_only_with_trigger.py                                                  1           0  0.18s           2026-07-30T12:40:27                      12
/home/airflow/.local/lib/python3.12/site-packages/airflow/example_dags/example_xcomargs.py                                                                  2           0  0.17s           2026-07-30T12:40:16                      13
/home/airflow/.local/lib/python3.12/site-packages/airflow/example_dags/example_external_task_marker_dag.py                                                  2           0  0.17s           2026-07-30T12:40:25                      13
/home/airflow/.local/lib/python3.12/site-packages/airflow/example_dags/example_subdag_operator.py                                                           3           0  0.17s           2026-07-30T12:40:24                      20
/home/airflow/.local/lib/python3.12/site-packages/airflow/example_dags/example_short_circuit_decorator.py                                                   1           0  0.16s           2026-07-30T12:40:26                      10
/home/airflow/.local/lib/python3.12/site-packages/airflow/example_dags/example_nested_branch_dag.py                                                         1           0  0.16s           2026-07-30T12:40:28                      12
/home/airflow/.local/lib/python3.12/site-packages/airflow/example_dags/example_time_delta_sensor_async.py                                                   1           0  0.15s           2026-07-30T12:40:25                      10
/home/airflow/.local/lib/python3.12/site-packages/airflow/example_dags/example_setup_teardown_taskflow.py                                                   1           0  0.15s           2026-07-30T12:40:28                      10
/home/airflow/.local/lib/python3.12/site-packages/airflow/example_dags/example_branch_datetime_operator.py                                                  3           0  0.15s           2026-07-30T12:40:24                      18
/home/airflow/.local/lib/python3.12/site-packages/airflow/example_dags/example_python_decorator.py                                                          1           0  0.15s           2026-07-30T12:40:16                      10
/home/airflow/.local/lib/python3.12/site-packages/airflow/example_dags/example_workday_timetable.py                                                         1           0  0.14s           2026-07-30T12:40:17                      12
/home/airflow/.local/lib/python3.12/site-packages/airflow/example_dags/example_short_circuit_operator.py                                                    1           0  0.14s           2026-07-30T12:40:22                      10
/home/airflow/.local/lib/python3.12/site-packages/airflow/example_dags/example_local_kubernetes_executor.py                                                 1           0  0.13s           2026-07-30T12:40:22                      10
/home/airflow/.local/lib/python3.12/site-packages/airflow/example_dags/example_params_trigger_ui.py                                                         1           0  0.13s           2026-07-30T12:40:24                      10
/home/airflow/.local/lib/python3.12/site-packages/airflow/example_dags/tutorial.py                                                                          1           0  0.13s           2026-07-30T12:40:22                      12
/home/airflow/.local/lib/python3.12/site-packages/airflow/example_dags/example_latest_only.py                                                               1           0  0.13s           2026-07-30T12:40:22                      12
/home/airflow/.local/lib/python3.12/site-packages/airflow/example_dags/example_complex.py                                                                   1           0  0.13s           2026-07-30T12:40:16                      10
/home/airflow/.local/lib/python3.12/site-packages/airflow/example_dags/example_sensor_decorator.py                                                          1           0  0.12s           2026-07-30T12:40:24                      10
/home/airflow/.local/lib/python3.12/site-packages/airflow/example_dags/example_setup_teardown.py                                                            1           0  0.12s           2026-07-30T12:40:28                      10
/home/airflow/.local/lib/python3.12/site-packages/airflow/example_dags/example_skip_dag.py                                                                  1           0  0.12s           2026-07-30T12:40:15                      12
/home/airflow/.local/lib/python3.12/site-packages/airflow/example_dags/example_branch_python_dop_operator_3.py                                              1           0  0.12s           2026-07-30T12:40:22                      12
/home/airflow/.local/lib/python3.12/site-packages/airflow/example_dags/example_branch_day_of_week_operator.py                                               1           0  0.11s           2026-07-30T12:40:22                      12
/home/airflow/.local/lib/python3.12/site-packages/airflow/example_dags/tutorial_dag.py                                                                      1           0  0.11s           2026-07-30T12:40:15                      10
/home/airflow/.local/lib/python3.12/site-packages/airflow/example_dags/tutorial_taskflow_api.py                                                             1           0  0.11s           2026-07-30T12:40:23                      10
/home/airflow/.local/lib/python3.12/site-packages/airflow/example_dags/example_xcom.py                                                                      1           0  0.11s           2026-07-30T12:40:17                      12
/home/airflow/.local/lib/python3.12/site-packages/airflow/example_dags/example_trigger_controller_dag.py                                                    1           0  0.10s           2026-07-30T12:40:22                      12
/home/airflow/.local/lib/python3.12/site-packages/airflow/example_dags/example_params_ui_tutorial.py                                                        1           0  0.10s           2026-07-30T12:40:20                      10
/home/airflow/.local/lib/python3.12/site-packages/airflow/example_dags/example_task_group_decorator.py                                                      1           0  0.10s           2026-07-30T12:40:19                      10
/home/airflow/.local/lib/python3.12/site-packages/airflow/example_dags/example_branch_operator.py                                                           1           0  0.10s           2026-07-30T12:40:20                      12
/home/airflow/.local/lib/python3.12/site-packages/airflow/example_dags/example_sensors.py                                                                   1           0  0.10s           2026-07-30T12:40:15                      10
/home/airflow/.local/lib/python3.12/site-packages/airflow/example_dags/example_display_name.py                                                              1           0  0.10s           2026-07-30T12:40:22                      10
/home/airflow/.local/lib/python3.12/site-packages/airflow/example_dags/example_passing_params_via_test_command.py                                           1           0  0.10s           2026-07-30T12:40:21                      12
/home/airflow/.local/lib/python3.12/site-packages/airflow/example_dags/tutorial_objectstorage.py                                                            1           0  0.10s           2026-07-30T12:40:22                      10
/home/airflow/.local/lib/python3.12/site-packages/airflow/example_dags/example_branch_labels.py                                                             1           0  0.09s           2026-07-30T12:40:19                      12
/home/airflow/.local/lib/python3.12/site-packages/airflow/example_dags/example_dynamic_task_mapping.py                                                      1           0  0.09s           2026-07-30T12:40:21                      10
/home/airflow/.local/lib/python3.12/site-packages/airflow/example_dags/example_dynamic_task_mapping_with_no_taskflow_operators.py                           1           0  0.08s           2026-07-30T12:40:21                      10
/home/airflow/.local/lib/python3.12/site-packages/airflow/example_dags/subdags/subdag.py                                                                    0           0  0.07s           2026-07-30T12:40:29                       3
/home/airflow/.local/lib/python3.12/site-packages/airflow/example_dags/plugins/workday.py                                                                   0           0  0.07s           2026-07-30T12:40:29                       3
/home/airflow/.local/lib/python3.12/site-packages/airflow/example_dags/plugins/decreasing_priority_weight_strategy.py                                       0           0  0.07s           2026-07-30T12:40:29                       3
/home/airflow/.local/lib/python3.12/site-packages/airflow/example_dags/plugins/listener_plugin.py                                                           0           0  0.07s           2026-07-30T12:40:29                       3
/home/airflow/.local/lib/python3.12/site-packages/airflow/example_dags/plugins/event_listener.py                                                            0           0  0.07s           2026-07-30T12:40:29                       3
================================================================================
[2026-07-30T12:41:14.502+0000] {manager.py:997} INFO - 
================================================================================
DAG File Processing Stats

File Path                                                                                                                          PID    Runtime      # DAGs    # Errors  Last Runtime    Last Run               Last # of DB Queries
---------------------------------------------------------------------------------------------------------------------------------  -----  ---------  --------  ----------  --------------  -------------------  ----------------------
/home/airflow/.local/lib/python3.12/site-packages/airflow/example_dags/example_inlet_event_extra.py                                                         2           0  1.36s           2026-07-30T12:40:57                      15
/home/airflow/.local/lib/python3.12/site-packages/airflow/example_dags/example_datasets.py                                                                 10           0  1.33s           2026-07-30T12:41:01                      49
/home/airflow/.local/lib/python3.12/site-packages/airflow/example_dags/example_dataset_alias.py                                                             4           0  1.20s           2026-07-30T12:41:00                      27
/home/airflow/.local/lib/python3.12/site-packages/airflow/example_dags/example_dataset_alias_with_no_taskflow.py                                            4           0  1.14s           2026-07-30T12:41:00                      27
/home/airflow/.local/lib/python3.12/site-packages/airflow/example_dags/example_outlet_event_extra.py                                                        3           0  0.79s           2026-07-30T12:40:53                      19
/home/airflow/.local/lib/python3.12/site-packages/airflow/example_dags/example_short_circuit_decorator.py                                                   1           0  0.28s           2026-07-30T12:40:57                      10
/home/airflow/.local/lib/python3.12/site-packages/airflow/example_dags/tutorial_dag.py                                                                      1           0  0.27s           2026-07-30T12:40:46                      10
/home/airflow/.local/lib/python3.12/site-packages/airflow/example_dags/tutorial_taskflow_templates.py                                                       1           0  0.27s           2026-07-30T12:40:56                      12
/home/airflow/.local/lib/python3.12/site-packages/airflow/example_dags/example_task_group.py                                                                1           0  0.27s           2026-07-30T12:40:56                      10
/home/airflow/.local/lib/python3.12/site-packages/airflow/example_dags/example_kubernetes_executor.py                                                       1           0  0.26s           2026-07-30T12:40:57                      10
/home/airflow/.local/lib/python3.12/site-packages/airflow/example_dags/example_trigger_target_dag.py                                                        1           0  0.26s           2026-07-30T12:40:57                      10
/home/airflow/.local/lib/python3.12/site-packages/airflow/example_dags/example_branch_operator_decorator.py                                                 1           0  0.25s           2026-07-30T12:40:57                      12
/home/airflow/.local/lib/python3.12/site-packages/airflow/example_dags/example_subdag_operator.py                                                           3           0  0.25s           2026-07-30T12:40:54                      20
/home/airflow/.local/lib/python3.12/site-packages/airflow/example_dags/example_python_operator.py                                                           1           0  0.24s           2026-07-30T12:40:57                      10
/home/airflow/.local/lib/python3.12/site-packages/airflow/example_dags/example_dag_decorator.py                                                             1           0  0.24s           2026-07-30T12:40:54                      32
/home/airflow/.local/lib/python3.12/site-packages/airflow/example_dags/example_sla_dag.py                                                                   1           0  0.24s           2026-07-30T12:40:58                      12
/home/airflow/.local/lib/python3.12/site-packages/airflow/example_dags/example_complex.py                                                                   1           0  0.24s           2026-07-30T12:40:46                      10
/home/airflow/.local/lib/python3.12/site-packages/airflow/example_dags/example_python_decorator.py                                                          1           0  0.24s           2026-07-30T12:40:46                      10
/home/airflow/.local/lib/python3.12/site-packages/airflow/example_dags/example_latest_only_with_trigger.py                                                  1           0  0.23s           2026-07-30T12:40:58                      12
/home/airflow/.local/lib/python3.12/site-packages/airflow/example_dags/example_xcomargs.py                                                                  2           0  0.22s           2026-07-30T12:40:46                      13
/home/airflow/.local/lib/python3.12/site-packages/airflow/example_dags/example_bash_decorator.py                                                            1           0  0.22s           2026-07-30T12:40:57                      10
/home/airflow/.local/lib/python3.12/site-packages/airflow/example_dags/example_params_trigger_ui.py                                                         1           0  0.21s           2026-07-30T12:40:54                      10
/home/airflow/.local/lib/python3.12/site-packages/airflow/example_dags/example_sensor_decorator.py                                                          1           0  0.20s           2026-07-30T12:40:54                      10
/home/airflow/.local/lib/python3.12/site-packages/airflow/example_dags/example_skip_dag.py                                                                  1           0  0.20s           2026-07-30T12:40:45                      12
/home/airflow/.local/lib/python3.12/site-packages/airflow/example_dags/example_setup_teardown_taskflow.py                                                   1           0  0.20s           2026-07-30T12:40:59                      10
/home/airflow/.local/lib/python3.12/site-packages/airflow/example_dags/example_branch_datetime_operator.py                                                  3           0  0.20s           2026-07-30T12:40:54                      18
/home/airflow/.local/lib/python3.12/site-packages/airflow/example_dags/example_bash_operator.py                                                             1           0  0.19s           2026-07-30T12:40:56                      12
/home/airflow/.local/lib/python3.12/site-packages/airflow/example_dags/example_setup_teardown.py                                                            1           0  0.19s           2026-07-30T12:40:59                      10
/home/airflow/.local/lib/python3.12/site-packages/airflow/example_dags/example_nested_branch_dag.py                                                         1           0  0.18s           2026-07-30T12:40:59                      12
/home/airflow/.local/lib/python3.12/site-packages/airflow/example_dags/example_time_delta_sensor_async.py                                                   1           0  0.18s           2026-07-30T12:40:56                      10
/home/airflow/.local/lib/python3.12/site-packages/airflow/example_dags/tutorial_taskflow_api_virtualenv.py                                                  1           0  0.18s           2026-07-30T12:40:56                      10
/home/airflow/.local/lib/python3.12/site-packages/airflow/example_dags/example_sensors.py                                                                   1           0  0.17s           2026-07-30T12:40:45                      10
/home/airflow/.local/lib/python3.12/site-packages/airflow/example_dags/example_workday_timetable.py                                                         1           0  0.15s           2026-07-30T12:40:47                      12
/home/airflow/.local/lib/python3.12/site-packages/airflow/example_dags/example_branch_python_dop_operator_3.py                                              1           0  0.15s           2026-07-30T12:40:54                      12
/home/airflow/.local/lib/python3.12/site-packages/airflow/example_dags/example_external_task_marker_dag.py                                                  2           0  0.15s           2026-07-30T12:40:55                      13
/home/airflow/.local/lib/python3.12/site-packages/airflow/example_dags/example_trigger_controller_dag.py                                                    1           0  0.14s           2026-07-30T12:40:53                      12
/home/airflow/.local/lib/python3.12/site-packages/airflow/example_dags/example_local_kubernetes_executor.py                                                 1           0  0.14s           2026-07-30T12:40:53                      10
/home/airflow/.local/lib/python3.12/site-packages/airflow/example_dags/example_latest_only.py                                                               1           0  0.14s           2026-07-30T12:40:53                      12
/home/airflow/.local/lib/python3.12/site-packages/airflow/example_dags/example_short_circuit_operator.py                                                    1           0  0.13s           2026-07-30T12:40:54                      10
/home/airflow/.local/lib/python3.12/site-packages/airflow/example_dags/tutorial_taskflow_api.py                                                             1           0  0.13s           2026-07-30T12:40:54                      10
/home/airflow/.local/lib/python3.12/site-packages/airflow/example_dags/example_xcom.py                                                                      1           0  0.12s           2026-07-30T12:40:47                      12
/home/airflow/.local/lib/python3.12/site-packages/airflow/example_dags/example_branch_day_of_week_operator.py                                               1           0  0.11s           2026-07-30T12:40:53                      12
/home/airflow/.local/lib/python3.12/site-packages/airflow/example_dags/example_params_ui_tutorial.py                                                        1           0  0.11s           2026-07-30T12:40:50                      10
/home/airflow/.local/lib/python3.12/site-packages/airflow/example_dags/example_branch_operator.py                                                           1           0  0.10s           2026-07-30T12:40:50                      12
/home/airflow/.local/lib/python3.12/site-packages/airflow/example_dags/tutorial.py                                                                          1           0  0.10s           2026-07-30T12:40:53                      12
/home/airflow/.local/lib/python3.12/site-packages/airflow/example_dags/example_passing_params_via_test_command.py                                           1           0  0.10s           2026-07-30T12:40:51                      12
/home/airflow/.local/lib/python3.12/site-packages/airflow/example_dags/example_dynamic_task_mapping.py                                                      1           0  0.09s           2026-07-30T12:40:52                      10
/home/airflow/.local/lib/python3.12/site-packages/airflow/example_dags/plugins/event_listener.py                                                            0           0  0.09s           2026-07-30T12:41:01                       3
/home/airflow/.local/lib/python3.12/site-packages/airflow/example_dags/example_task_group_decorator.py                                                      1           0  0.09s           2026-07-30T12:40:49                      10
/home/airflow/.local/lib/python3.12/site-packages/airflow/example_dags/plugins/workday.py                                                                   0           0  0.09s           2026-07-30T12:41:01                       3
/home/airflow/.local/lib/python3.12/site-packages/airflow/example_dags/example_branch_labels.py                                                             1           0  0.09s           2026-07-30T12:40:49                      12
/home/airflow/.local/lib/python3.12/site-packages/airflow/example_dags/plugins/decreasing_priority_weight_strategy.py                                       0           0  0.09s           2026-07-30T12:41:01                       3
/home/airflow/.local/lib/python3.12/site-packages/airflow/example_dags/plugins/listener_plugin.py                                                           0           0  0.09s           2026-07-30T12:41:01                       3
/home/airflow/.local/lib/python3.12/site-packages/airflow/example_dags/tutorial_objectstorage.py                                                            1           0  0.09s           2026-07-30T12:40:52                      10
/home/airflow/.local/lib/python3.12/site-packages/airflow/example_dags/example_dynamic_task_mapping_with_no_taskflow_operators.py                           1           0  0.08s           2026-07-30T12:40:51                      10
/home/airflow/.local/lib/python3.12/site-packages/airflow/example_dags/example_display_name.py                                                              1           0  0.08s           2026-07-30T12:40:52                      10
/home/airflow/.local/lib/python3.12/site-packages/airflow/example_dags/subdags/subdag.py                                                                    0           0  0.08s           2026-07-30T12:41:01                       3
================================================================================
[2026-07-30T12:41:45.330+0000] {manager.py:997} INFO - 
================================================================================
DAG File Processing Stats

File Path                                                                                                                          PID    Runtime      # DAGs    # Errors  Last Runtime    Last Run               Last # of DB Queries
---------------------------------------------------------------------------------------------------------------------------------  -----  ---------  --------  ----------  --------------  -------------------  ----------------------
/home/airflow/.local/lib/python3.12/site-packages/airflow/example_dags/example_outlet_event_extra.py                                                        3           0  1.22s           2026-07-30T12:41:25                      19
/home/airflow/.local/lib/python3.12/site-packages/airflow/example_dags/example_datasets.py                                                                 10           0  1.16s           2026-07-30T12:41:33                      49
/home/airflow/.local/lib/python3.12/site-packages/airflow/example_dags/example_inlet_event_extra.py                                                         2           0  0.99s           2026-07-30T12:41:28                      15
/home/airflow/.local/lib/python3.12/site-packages/airflow/example_dags/example_dataset_alias_with_no_taskflow.py                                            4           0  0.82s           2026-07-30T12:41:31                      27
/home/airflow/.local/lib/python3.12/site-packages/airflow/example_dags/example_dataset_alias.py                                                             4           0  0.75s           2026-07-30T12:41:31                      27
/home/airflow/.local/lib/python3.12/site-packages/airflow/example_dags/example_bash_operator.py                                                             1           0  0.34s           2026-07-30T12:41:26                      12
/home/airflow/.local/lib/python3.12/site-packages/airflow/example_dags/example_dag_decorator.py                                                             1           0  0.34s           2026-07-30T12:41:24                      32
/home/airflow/.local/lib/python3.12/site-packages/airflow/example_dags/tutorial_taskflow_templates.py                                                       1           0  0.27s           2026-07-30T12:41:26                      12
/home/airflow/.local/lib/python3.12/site-packages/airflow/example_dags/example_branch_datetime_operator.py                                                  3           0  0.27s           2026-07-30T12:41:25                      18
/home/airflow/.local/lib/python3.12/site-packages/airflow/example_dags/example_task_group_decorator.py                                                      1           0  0.24s           2026-07-30T12:41:20                      10
/home/airflow/.local/lib/python3.12/site-packages/airflow/example_dags/example_subdag_operator.py                                                           3           0  0.24s           2026-07-30T12:41:25                      20
/home/airflow/.local/lib/python3.12/site-packages/airflow/example_dags/example_workday_timetable.py                                                         1           0  0.24s           2026-07-30T12:41:18                      12
/home/airflow/.local/lib/python3.12/site-packages/airflow/example_dags/example_params_trigger_ui.py                                                         1           0  0.22s           2026-07-30T12:41:25                      10
/home/airflow/.local/lib/python3.12/site-packages/airflow/example_dags/example_external_task_marker_dag.py                                                  2           0  0.22s           2026-07-30T12:41:26                      13
/home/airflow/.local/lib/python3.12/site-packages/airflow/example_dags/tutorial_taskflow_api_virtualenv.py                                                  1           0  0.22s           2026-07-30T12:41:27                      10
/home/airflow/.local/lib/python3.12/site-packages/airflow/example_dags/example_sensor_decorator.py                                                          1           0  0.22s           2026-07-30T12:41:25                      10
/home/airflow/.local/lib/python3.12/site-packages/airflow/example_dags/example_branch_labels.py                                                             1           0  0.21s           2026-07-30T12:41:20                      12
/home/airflow/.local/lib/python3.12/site-packages/airflow/example_dags/example_params_ui_tutorial.py                                                        1           0  0.21s           2026-07-30T12:41:21                      10
/home/airflow/.local/lib/python3.12/site-packages/airflow/example_dags/tutorial_dag.py                                                                      1           0  0.21s           2026-07-30T12:41:16                      10
/home/airflow/.local/lib/python3.12/site-packages/airflow/example_dags/example_python_decorator.py                                                          1           0  0.20s           2026-07-30T12:41:17                      10
/home/airflow/.local/lib/python3.12/site-packages/airflow/example_dags/example_branch_operator.py                                                           1           0  0.20s           2026-07-30T12:41:21                      12
/home/airflow/.local/lib/python3.12/site-packages/airflow/example_dags/example_skip_dag.py                                                                  1           0  0.19s           2026-07-30T12:41:16                      12
/home/airflow/.local/lib/python3.12/site-packages/airflow/example_dags/example_xcomargs.py                                                                  2           0  0.19s           2026-07-30T12:41:17                      13
/home/airflow/.local/lib/python3.12/site-packages/airflow/example_dags/tutorial_taskflow_api.py                                                             1           0  0.19s           2026-07-30T12:41:25                      10
/home/airflow/.local/lib/python3.12/site-packages/airflow/example_dags/example_time_delta_sensor_async.py                                                   1           0  0.18s           2026-07-30T12:41:26                      10
/home/airflow/.local/lib/python3.12/site-packages/airflow/example_dags/example_task_group.py                                                                1           0  0.18s           2026-07-30T12:41:27                      10
/home/airflow/.local/lib/python3.12/site-packages/airflow/example_dags/example_branch_operator_decorator.py                                                 1           0  0.18s           2026-07-30T12:41:28                      12
/home/airflow/.local/lib/python3.12/site-packages/airflow/example_dags/example_bash_decorator.py                                                            1           0  0.18s           2026-07-30T12:41:28                      10
/home/airflow/.local/lib/python3.12/site-packages/airflow/example_dags/example_branch_python_dop_operator_3.py                                              1           0  0.17s           2026-07-30T12:41:25                      12
/home/airflow/.local/lib/python3.12/site-packages/airflow/example_dags/example_complex.py                                                                   1           0  0.17s           2026-07-30T12:41:17                      10
/home/airflow/.local/lib/python3.12/site-packages/airflow/example_dags/example_xcom.py                                                                      1           0  0.17s           2026-07-30T12:41:18                      12
/home/airflow/.local/lib/python3.12/site-packages/airflow/example_dags/example_kubernetes_executor.py                                                       1           0  0.17s           2026-07-30T12:41:28                      10
/home/airflow/.local/lib/python3.12/site-packages/airflow/example_dags/example_short_circuit_operator.py                                                    1           0  0.16s           2026-07-30T12:41:24                      10
/home/airflow/.local/lib/python3.12/site-packages/airflow/example_dags/example_nested_branch_dag.py                                                         1           0  0.16s           2026-07-30T12:41:30                      12
/home/airflow/.local/lib/python3.12/site-packages/airflow/example_dags/plugins/decreasing_priority_weight_strategy.py                                       0           0  0.16s           2026-07-30T12:41:33                       3
/home/airflow/.local/lib/python3.12/site-packages/airflow/example_dags/example_python_operator.py                                                           1           0  0.15s           2026-07-30T12:41:28                      10
/home/airflow/.local/lib/python3.12/site-packages/airflow/example_dags/example_sensors.py                                                                   1           0  0.15s           2026-07-30T12:41:16                      10
/home/airflow/.local/lib/python3.12/site-packages/airflow/example_dags/example_latest_only_with_trigger.py                                                  1           0  0.15s           2026-07-30T12:41:29                      12
/home/airflow/.local/lib/python3.12/site-packages/airflow/example_dags/example_local_kubernetes_executor.py                                                 1           0  0.15s           2026-07-30T12:41:24                      10
/home/airflow/.local/lib/python3.12/site-packages/airflow/example_dags/example_sla_dag.py                                                                   1           0  0.15s           2026-07-30T12:41:28                      12
/home/airflow/.local/lib/python3.12/site-packages/airflow/example_dags/example_short_circuit_decorator.py                                                   1           0  0.15s           2026-07-30T12:41:28                      10
/home/airflow/.local/lib/python3.12/site-packages/airflow/example_dags/example_branch_day_of_week_operator.py                                               1           0  0.14s           2026-07-30T12:41:24                      12
/home/airflow/.local/lib/python3.12/site-packages/airflow/example_dags/example_passing_params_via_test_command.py                                           1           0  0.14s           2026-07-30T12:41:22                      12
/home/airflow/.local/lib/python3.12/site-packages/airflow/example_dags/example_trigger_target_dag.py                                                        1           0  0.14s           2026-07-30T12:41:28                      10
/home/airflow/.local/lib/python3.12/site-packages/airflow/example_dags/tutorial.py                                                                          1           0  0.14s           2026-07-30T12:41:24                      12
/home/airflow/.local/lib/python3.12/site-packages/airflow/example_dags/example_latest_only.py                                                               1           0  0.13s           2026-07-30T12:41:24                      12
/home/airflow/.local/lib/python3.12/site-packages/airflow/example_dags/plugins/workday.py                                                                   0           0  0.13s           2026-07-30T12:41:33                       3
/home/airflow/.local/lib/python3.12/site-packages/airflow/example_dags/example_trigger_controller_dag.py                                                    1           0  0.13s           2026-07-30T12:41:24                      12
/home/airflow/.local/lib/python3.12/site-packages/airflow/example_dags/example_setup_teardown.py                                                            1           0  0.13s           2026-07-30T12:41:30                      10
/home/airflow/.local/lib/python3.12/site-packages/airflow/example_dags/example_setup_teardown_taskflow.py                                                   1           0  0.13s           2026-07-30T12:41:30                      10
/home/airflow/.local/lib/python3.12/site-packages/airflow/example_dags/tutorial_objectstorage.py                                                            1           0  0.12s           2026-07-30T12:41:23                      10
/home/airflow/.local/lib/python3.12/site-packages/airflow/example_dags/plugins/listener_plugin.py                                                           0           0  0.12s           2026-07-30T12:41:32                       3
/home/airflow/.local/lib/python3.12/site-packages/airflow/example_dags/plugins/event_listener.py                                                            0           0  0.12s           2026-07-30T12:41:33                       3
/home/airflow/.local/lib/python3.12/site-packages/airflow/example_dags/example_display_name.py                                                              1           0  0.12s           2026-07-30T12:41:22                      10
/home/airflow/.local/lib/python3.12/site-packages/airflow/example_dags/example_dynamic_task_mapping.py                                                      1           0  0.12s           2026-07-30T12:41:22                      10
/home/airflow/.local/lib/python3.12/site-packages/airflow/example_dags/example_dynamic_task_mapping_with_no_taskflow_operators.py                           1           0  0.11s           2026-07-30T12:41:22                      10
/home/airflow/.local/lib/python3.12/site-packages/airflow/example_dags/subdags/subdag.py                                                                    0           0  0.07s           2026-07-30T12:41:31                       3
================================================================================
[2026-07-30T12:42:15.566+0000] {manager.py:997} INFO - 
================================================================================
DAG File Processing Stats

File Path                                                                                                                          PID    Runtime      # DAGs    # Errors  Last Runtime    Last Run               Last # of DB Queries
---------------------------------------------------------------------------------------------------------------------------------  -----  ---------  --------  ----------  --------------  -------------------  ----------------------
/home/airflow/.local/lib/python3.12/site-packages/airflow/example_dags/example_outlet_event_extra.py                                                        3           0  1.20s           2026-07-30T12:41:57                      19
/home/airflow/.local/lib/python3.12/site-packages/airflow/example_dags/example_datasets.py                                                                 10           0  1.16s           2026-07-30T12:42:04                      49
/home/airflow/.local/lib/python3.12/site-packages/airflow/example_dags/example_dataset_alias_with_no_taskflow.py                                            4           0  0.91s           2026-07-30T12:42:03                      27
/home/airflow/.local/lib/python3.12/site-packages/airflow/example_dags/example_inlet_event_extra.py                                                         2           0  0.87s           2026-07-30T12:41:59                      15
/home/airflow/.local/lib/python3.12/site-packages/airflow/example_dags/example_dataset_alias.py                                                             4           0  0.78s           2026-07-30T12:42:03                      27
/home/airflow/.local/lib/python3.12/site-packages/airflow/example_dags/example_dag_decorator.py                                                             1           0  0.53s           2026-07-30T12:41:55                      32
/home/airflow/.local/lib/python3.12/site-packages/airflow/example_dags/example_xcomargs.py                                                                  2           0  0.33s           2026-07-30T12:41:48                      13
/home/airflow/.local/lib/python3.12/site-packages/airflow/example_dags/tutorial_dag.py                                                                      1           0  0.31s           2026-07-30T12:41:47                      10
/home/airflow/.local/lib/python3.12/site-packages/airflow/example_dags/example_trigger_controller_dag.py                                                    1           0  0.30s           2026-07-30T12:41:54                      12
/home/airflow/.local/lib/python3.12/site-packages/airflow/example_dags/example_skip_dag.py                                                                  1           0  0.30s           2026-07-30T12:41:47                      12
/home/airflow/.local/lib/python3.12/site-packages/airflow/example_dags/example_sensors.py                                                                   1           0  0.29s           2026-07-30T12:41:47                      10
/home/airflow/.local/lib/python3.12/site-packages/airflow/example_dags/example_latest_only.py                                                               1           0  0.25s           2026-07-30T12:41:55                      12
/home/airflow/.local/lib/python3.12/site-packages/airflow/example_dags/example_local_kubernetes_executor.py                                                 1           0  0.25s           2026-07-30T12:41:55                      10
/home/airflow/.local/lib/python3.12/site-packages/airflow/example_dags/example_branch_datetime_operator.py                                                  3           0  0.24s           2026-07-30T12:41:57                      18
/home/airflow/.local/lib/python3.12/site-packages/airflow/example_dags/example_task_group_decorator.py                                                      1           0  0.22s           2026-07-30T12:41:51                      10
/home/airflow/.local/lib/python3.12/site-packages/airflow/example_dags/example_branch_day_of_week_operator.py                                               1           0  0.22s           2026-07-30T12:41:54                      12
/home/airflow/.local/lib/python3.12/site-packages/airflow/example_dags/example_branch_labels.py                                                             1           0  0.22s           2026-07-30T12:41:51                      12
/home/airflow/.local/lib/python3.12/site-packages/airflow/example_dags/example_workday_timetable.py                                                         1           0  0.22s           2026-07-30T12:41:49                      12
/home/airflow/.local/lib/python3.12/site-packages/airflow/example_dags/example_branch_operator.py                                                           1           0  0.21s           2026-07-30T12:41:52                      12
/home/airflow/.local/lib/python3.12/site-packages/airflow/example_dags/example_branch_operator_decorator.py                                                 1           0  0.21s           2026-07-30T12:42:00                      12
/home/airflow/.local/lib/python3.12/site-packages/airflow/example_dags/example_bash_operator.py                                                             1           0  0.21s           2026-07-30T12:41:57                      12
/home/airflow/.local/lib/python3.12/site-packages/airflow/example_dags/tutorial.py                                                                          1           0  0.21s           2026-07-30T12:41:54                      12
/home/airflow/.local/lib/python3.12/site-packages/airflow/example_dags/example_python_decorator.py                                                          1           0  0.21s           2026-07-30T12:41:48                      10
/home/airflow/.local/lib/python3.12/site-packages/airflow/example_dags/example_params_ui_tutorial.py                                                        1           0  0.21s           2026-07-30T12:41:52                      10
/home/airflow/.local/lib/python3.12/site-packages/airflow/example_dags/tutorial_taskflow_templates.py                                                       1           0  0.21s           2026-07-30T12:41:57                      12
/home/airflow/.local/lib/python3.12/site-packages/airflow/example_dags/example_branch_python_dop_operator_3.py                                              1           0  0.20s           2026-07-30T12:41:55                      12
/home/airflow/.local/lib/python3.12/site-packages/airflow/example_dags/tutorial_taskflow_api_virtualenv.py                                                  1           0  0.20s           2026-07-30T12:41:58                      10
/home/airflow/.local/lib/python3.12/site-packages/airflow/example_dags/example_subdag_operator.py                                                           3           0  0.20s           2026-07-30T12:41:57                      20
/home/airflow/.local/lib/python3.12/site-packages/airflow/example_dags/example_passing_params_via_test_command.py                                           1           0  0.20s           2026-07-30T12:41:53                      12
/home/airflow/.local/lib/python3.12/site-packages/airflow/example_dags/example_short_circuit_operator.py                                                    1           0  0.19s           2026-07-30T12:41:55                      10
/home/airflow/.local/lib/python3.12/site-packages/airflow/example_dags/example_params_trigger_ui.py                                                         1           0  0.19s           2026-07-30T12:41:57                      10
/home/airflow/.local/lib/python3.12/site-packages/airflow/example_dags/example_dynamic_task_mapping.py                                                      1           0  0.19s           2026-07-30T12:41:53                      10
/home/airflow/.local/lib/python3.12/site-packages/airflow/example_dags/example_nested_branch_dag.py                                                         1           0  0.18s           2026-07-30T12:42:00                      12
/home/airflow/.local/lib/python3.12/site-packages/airflow/example_dags/example_time_delta_sensor_async.py                                                   1           0  0.18s           2026-07-30T12:41:57                      10
/home/airflow/.local/lib/python3.12/site-packages/airflow/example_dags/example_complex.py                                                                   1           0  0.18s           2026-07-30T12:41:48                      10
/home/airflow/.local/lib/python3.12/site-packages/airflow/example_dags/example_sla_dag.py                                                                   1           0  0.17s           2026-07-30T12:42:00                      12
/home/airflow/.local/lib/python3.12/site-packages/airflow/example_dags/example_kubernetes_executor.py                                                       1           0  0.17s           2026-07-30T12:41:59                      10
/home/airflow/.local/lib/python3.12/site-packages/airflow/example_dags/example_task_group.py                                                                1           0  0.17s           2026-07-30T12:41:58                      10
/home/airflow/.local/lib/python3.12/site-packages/airflow/example_dags/example_setup_teardown_taskflow.py                                                   1           0  0.16s           2026-07-30T12:42:00                      10
/home/airflow/.local/lib/python3.12/site-packages/airflow/example_dags/example_sensor_decorator.py                                                          1           0  0.16s           2026-07-30T12:41:57                      10
/home/airflow/.local/lib/python3.12/site-packages/airflow/example_dags/example_setup_teardown.py                                                            1           0  0.16s           2026-07-30T12:42:00                      10
/home/airflow/.local/lib/python3.12/site-packages/airflow/example_dags/tutorial_taskflow_api.py                                                             1           0  0.16s           2026-07-30T12:41:57                      10
/home/airflow/.local/lib/python3.12/site-packages/airflow/example_dags/tutorial_objectstorage.py                                                            1           0  0.16s           2026-07-30T12:41:53                      10
/home/airflow/.local/lib/python3.12/site-packages/airflow/example_dags/example_latest_only_with_trigger.py                                                  1           0  0.16s           2026-07-30T12:42:00                      12
/home/airflow/.local/lib/python3.12/site-packages/airflow/example_dags/example_external_task_marker_dag.py                                                  2           0  0.15s           2026-07-30T12:41:57                      13
/home/airflow/.local/lib/python3.12/site-packages/airflow/example_dags/example_display_name.py                                                              1           0  0.15s           2026-07-30T12:41:53                      10
/home/airflow/.local/lib/python3.12/site-packages/airflow/example_dags/example_python_operator.py                                                           1           0  0.15s           2026-07-30T12:41:59                      10
/home/airflow/.local/lib/python3.12/site-packages/airflow/example_dags/example_xcom.py                                                                      1           0  0.15s           2026-07-30T12:41:49                      12
/home/airflow/.local/lib/python3.12/site-packages/airflow/example_dags/example_short_circuit_decorator.py                                                   1           0  0.14s           2026-07-30T12:41:59                      10
/home/airflow/.local/lib/python3.12/site-packages/airflow/example_dags/example_dynamic_task_mapping_with_no_taskflow_operators.py                           1           0  0.14s           2026-07-30T12:41:53                      10
/home/airflow/.local/lib/python3.12/site-packages/airflow/example_dags/example_trigger_target_dag.py                                                        1           0  0.14s           2026-07-30T12:41:59                      10
/home/airflow/.local/lib/python3.12/site-packages/airflow/example_dags/example_bash_decorator.py                                                            1           0  0.13s           2026-07-30T12:41:59                      10
/home/airflow/.local/lib/python3.12/site-packages/airflow/example_dags/plugins/decreasing_priority_weight_strategy.py                                       0           0  0.09s           2026-07-30T12:42:03                       3
/home/airflow/.local/lib/python3.12/site-packages/airflow/example_dags/plugins/event_listener.py                                                            0           0  0.09s           2026-07-30T12:42:03                       3
/home/airflow/.local/lib/python3.12/site-packages/airflow/example_dags/plugins/listener_plugin.py                                                           0           0  0.08s           2026-07-30T12:42:03                       3
/home/airflow/.local/lib/python3.12/site-packages/airflow/example_dags/plugins/workday.py                                                                   0           0  0.08s           2026-07-30T12:42:03                       3
/home/airflow/.local/lib/python3.12/site-packages/airflow/example_dags/subdags/subdag.py                                                                    0           0  0.07s           2026-07-30T12:42:03                       3
================================================================================
[2026-07-30T12:42:45.971+0000] {manager.py:997} INFO - 
================================================================================
DAG File Processing Stats

File Path                                                                                                                          PID    Runtime      # DAGs    # Errors  Last Runtime    Last Run               Last # of DB Queries
---------------------------------------------------------------------------------------------------------------------------------  -----  ---------  --------  ----------  --------------  -------------------  ----------------------
/home/airflow/.local/lib/python3.12/site-packages/airflow/example_dags/example_outlet_event_extra.py                                                        3           0  1.26s           2026-07-30T12:42:28                      19
/home/airflow/.local/lib/python3.12/site-packages/airflow/example_dags/example_inlet_event_extra.py                                                         2           0  0.91s           2026-07-30T12:42:30                      15
/home/airflow/.local/lib/python3.12/site-packages/airflow/example_dags/example_datasets.py                                                                 10           0  0.90s           2026-07-30T12:42:35                      49
/home/airflow/.local/lib/python3.12/site-packages/airflow/example_dags/example_dataset_alias_with_no_taskflow.py                                            4           0  0.78s           2026-07-30T12:42:34                      27
/home/airflow/.local/lib/python3.12/site-packages/airflow/example_dags/example_dataset_alias.py                                                             4           0  0.74s           2026-07-30T12:42:34                      27
/home/airflow/.local/lib/python3.12/site-packages/airflow/example_dags/example_dag_decorator.py                                                             1           0  0.36s           2026-07-30T12:42:26                      32
/home/airflow/.local/lib/python3.12/site-packages/airflow/example_dags/example_params_trigger_ui.py                                                         1           0  0.23s           2026-07-30T12:42:28                      10
/home/airflow/.local/lib/python3.12/site-packages/airflow/example_dags/example_local_kubernetes_executor.py                                                 1           0  0.23s           2026-07-30T12:42:26                      10
/home/airflow/.local/lib/python3.12/site-packages/airflow/example_dags/example_subdag_operator.py                                                           3           0  0.22s           2026-07-30T12:42:28                      20
/home/airflow/.local/lib/python3.12/site-packages/airflow/example_dags/example_branch_datetime_operator.py                                                  3           0  0.22s           2026-07-30T12:42:27                      18
/home/airflow/.local/lib/python3.12/site-packages/airflow/example_dags/tutorial_taskflow_templates.py                                                       1           0  0.22s           2026-07-30T12:42:29                      12
/home/airflow/.local/lib/python3.12/site-packages/airflow/example_dags/example_external_task_marker_dag.py                                                  2           0  0.21s           2026-07-30T12:42:28                      13
/home/airflow/.local/lib/python3.12/site-packages/airflow/example_dags/example_bash_decorator.py                                                            1           0  0.20s           2026-07-30T12:42:29                      10
/home/airflow/.local/lib/python3.12/site-packages/airflow/example_dags/example_kubernetes_executor.py                                                       1           0  0.20s           2026-07-30T12:42:30                      10
/home/airflow/.local/lib/python3.12/site-packages/airflow/example_dags/example_bash_operator.py                                                             1           0  0.20s           2026-07-30T12:42:28                      12
/home/airflow/.local/lib/python3.12/site-packages/airflow/example_dags/tutorial_taskflow_api_virtualenv.py                                                  1           0  0.20s           2026-07-30T12:42:29                      10
/home/airflow/.local/lib/python3.12/site-packages/airflow/example_dags/tutorial_taskflow_api.py                                                             1           0  0.19s           2026-07-30T12:42:27                      10
/home/airflow/.local/lib/python3.12/site-packages/airflow/example_dags/example_task_group.py                                                                1           0  0.19s           2026-07-30T12:42:29                      10
/home/airflow/.local/lib/python3.12/site-packages/airflow/example_dags/example_python_operator.py                                                           1           0  0.18s           2026-07-30T12:42:29                      10
/home/airflow/.local/lib/python3.12/site-packages/airflow/example_dags/example_branch_python_dop_operator_3.py                                              1           0  0.18s           2026-07-30T12:42:26                      12
/home/airflow/.local/lib/python3.12/site-packages/airflow/example_dags/example_setup_teardown.py                                                            1           0  0.17s           2026-07-30T12:42:31                      10
/home/airflow/.local/lib/python3.12/site-packages/airflow/example_dags/example_trigger_controller_dag.py                                                    1           0  0.16s           2026-07-30T12:42:26                      12
/home/airflow/.local/lib/python3.12/site-packages/airflow/example_dags/example_setup_teardown_taskflow.py                                                   1           0  0.16s           2026-07-30T12:42:31                      10
/home/airflow/.local/lib/python3.12/site-packages/airflow/example_dags/example_short_circuit_decorator.py                                                   1           0  0.16s           2026-07-30T12:42:29                      10
/home/airflow/.local/lib/python3.12/site-packages/airflow/example_dags/example_branch_operator_decorator.py                                                 1           0  0.16s           2026-07-30T12:42:30                      12
/home/airflow/.local/lib/python3.12/site-packages/airflow/example_dags/example_latest_only.py                                                               1           0  0.16s           2026-07-30T12:42:26                      12
/home/airflow/.local/lib/python3.12/site-packages/airflow/example_dags/example_nested_branch_dag.py                                                         1           0  0.16s           2026-07-30T12:42:30                      12
/home/airflow/.local/lib/python3.12/site-packages/airflow/example_dags/example_sla_dag.py                                                                   1           0  0.15s           2026-07-30T12:42:30                      12
/home/airflow/.local/lib/python3.12/site-packages/airflow/example_dags/example_time_delta_sensor_async.py                                                   1           0  0.15s           2026-07-30T12:42:29                      10
/home/airflow/.local/lib/python3.12/site-packages/airflow/example_dags/example_short_circuit_operator.py                                                    1           0  0.15s           2026-07-30T12:42:26                      10
/home/airflow/.local/lib/python3.12/site-packages/airflow/example_dags/tutorial.py                                                                          1           0  0.15s           2026-07-30T12:42:24                      12
/home/airflow/.local/lib/python3.12/site-packages/airflow/example_dags/example_sensor_decorator.py                                                          1           0  0.15s           2026-07-30T12:42:28                      10
/home/airflow/.local/lib/python3.12/site-packages/airflow/example_dags/example_latest_only_with_trigger.py                                                  1           0  0.14s           2026-07-30T12:42:30                      12
/home/airflow/.local/lib/python3.12/site-packages/airflow/example_dags/example_workday_timetable.py                                                         1           0  0.14s           2026-07-30T12:42:20                      12
/home/airflow/.local/lib/python3.12/site-packages/airflow/example_dags/example_trigger_target_dag.py                                                        1           0  0.14s           2026-07-30T12:42:29                      10
/home/airflow/.local/lib/python3.12/site-packages/airflow/example_dags/example_branch_day_of_week_operator.py                                               1           0  0.13s           2026-07-30T12:42:24                      12
/home/airflow/.local/lib/python3.12/site-packages/airflow/example_dags/example_params_ui_tutorial.py                                                        1           0  0.12s           2026-07-30T12:42:23                      10
/home/airflow/.local/lib/python3.12/site-packages/airflow/example_dags/example_complex.py                                                                   1           0  0.12s           2026-07-30T12:42:19                      10
/home/airflow/.local/lib/python3.12/site-packages/airflow/example_dags/example_branch_labels.py                                                             1           0  0.11s           2026-07-30T12:42:22                      12
/home/airflow/.local/lib/python3.12/site-packages/airflow/example_dags/example_skip_dag.py                                                                  1           0  0.10s           2026-07-30T12:42:17                      12
/home/airflow/.local/lib/python3.12/site-packages/airflow/example_dags/example_passing_params_via_test_command.py                                           1           0  0.10s           2026-07-30T12:42:23                      12
/home/airflow/.local/lib/python3.12/site-packages/airflow/example_dags/example_task_group_decorator.py                                                      1           0  0.10s           2026-07-30T12:42:22                      10
/home/airflow/.local/lib/python3.12/site-packages/airflow/example_dags/example_display_name.py                                                              1           0  0.10s           2026-07-30T12:42:23                      10
/home/airflow/.local/lib/python3.12/site-packages/airflow/example_dags/example_branch_operator.py                                                           1           0  0.10s           2026-07-30T12:42:23                      12
/home/airflow/.local/lib/python3.12/site-packages/airflow/example_dags/example_xcom.py                                                                      1           0  0.10s           2026-07-30T12:42:20                      12
/home/airflow/.local/lib/python3.12/site-packages/airflow/example_dags/example_dynamic_task_mapping.py                                                      1           0  0.10s           2026-07-30T12:42:23                      10
/home/airflow/.local/lib/python3.12/site-packages/airflow/example_dags/example_sensors.py                                                                   1           0  0.10s           2026-07-30T12:42:17                      10
/home/airflow/.local/lib/python3.12/site-packages/airflow/example_dags/example_dynamic_task_mapping_with_no_taskflow_operators.py                           1           0  0.10s           2026-07-30T12:42:23                      10
/home/airflow/.local/lib/python3.12/site-packages/airflow/example_dags/example_xcomargs.py                                                                  2           0  0.10s           2026-07-30T12:42:18                      13
/home/airflow/.local/lib/python3.12/site-packages/airflow/example_dags/tutorial_objectstorage.py                                                            1           0  0.10s           2026-07-30T12:42:23                      10
/home/airflow/.local/lib/python3.12/site-packages/airflow/example_dags/example_python_decorator.py                                                          1           0  0.09s           2026-07-30T12:42:19                      10
/home/airflow/.local/lib/python3.12/site-packages/airflow/example_dags/tutorial_dag.py                                                                      1           0  0.09s           2026-07-30T12:42:18                      10
/home/airflow/.local/lib/python3.12/site-packages/airflow/example_dags/plugins/workday.py                                                                   0           0  0.07s           2026-07-30T12:42:34                       3
/home/airflow/.local/lib/python3.12/site-packages/airflow/example_dags/plugins/decreasing_priority_weight_strategy.py                                       0           0  0.07s           2026-07-30T12:42:35                       3
/home/airflow/.local/lib/python3.12/site-packages/airflow/example_dags/subdags/subdag.py                                                                    0           0  0.07s           2026-07-30T12:42:34                       3
/home/airflow/.local/lib/python3.12/site-packages/airflow/example_dags/plugins/listener_plugin.py                                                           0           0  0.07s           2026-07-30T12:42:34                       3
/home/airflow/.local/lib/python3.12/site-packages/airflow/example_dags/plugins/event_listener.py                                                            0           0  0.06s           2026-07-30T12:42:34                       3
================================================================================
[2026-07-30T12:43:16.615+0000] {manager.py:997} INFO - 
================================================================================
DAG File Processing Stats

File Path                                                                                                                          PID    Runtime      # DAGs    # Errors  Last Runtime    Last Run               Last # of DB Queries
---------------------------------------------------------------------------------------------------------------------------------  -----  ---------  --------  ----------  --------------  -------------------  ----------------------
/home/airflow/.local/lib/python3.12/site-packages/airflow/example_dags/example_dataset_alias_with_no_taskflow.py                                            4           0  1.20s           2026-07-30T12:43:06                      27
/home/airflow/.local/lib/python3.12/site-packages/airflow/example_dags/example_inlet_event_extra.py                                                         2           0  1.12s           2026-07-30T12:43:02                      15
/home/airflow/.local/lib/python3.12/site-packages/airflow/example_dags/example_dataset_alias.py                                                             4           0  1.06s           2026-07-30T12:43:06                      27
/home/airflow/.local/lib/python3.12/site-packages/airflow/example_dags/example_datasets.py                                                                 10           0  0.95s           2026-07-30T12:43:07                      49
/home/airflow/.local/lib/python3.12/site-packages/airflow/example_dags/example_outlet_event_extra.py                                                        3           0  0.66s           2026-07-30T12:42:59                      19
/home/airflow/.local/lib/python3.12/site-packages/airflow/example_dags/example_branch_operator_decorator.py                                                 1           0  0.22s           2026-07-30T12:43:00                      12
/home/airflow/.local/lib/python3.12/site-packages/airflow/example_dags/example_kubernetes_executor.py                                                       1           0  0.20s           2026-07-30T12:43:00                      10
/home/airflow/.local/lib/python3.12/site-packages/airflow/example_dags/example_short_circuit_decorator.py                                                   1           0  0.19s           2026-07-30T12:43:00                      10
/home/airflow/.local/lib/python3.12/site-packages/airflow/example_dags/example_nested_branch_dag.py                                                         1           0  0.19s           2026-07-30T12:43:01                      12
/home/airflow/.local/lib/python3.12/site-packages/airflow/example_dags/example_setup_teardown.py                                                            1           0  0.19s           2026-07-30T12:43:01                      10
/home/airflow/.local/lib/python3.12/site-packages/airflow/example_dags/example_python_operator.py                                                           1           0  0.19s           2026-07-30T12:43:00                      10
/home/airflow/.local/lib/python3.12/site-packages/airflow/example_dags/example_dag_decorator.py                                                             1           0  0.19s           2026-07-30T12:42:57                      32
/home/airflow/.local/lib/python3.12/site-packages/airflow/example_dags/example_task_group.py                                                                1           0  0.19s           2026-07-30T12:42:59                      10
/home/airflow/.local/lib/python3.12/site-packages/airflow/example_dags/example_sla_dag.py                                                                   1           0  0.18s           2026-07-30T12:43:00                      12
/home/airflow/.local/lib/python3.12/site-packages/airflow/example_dags/example_bash_operator.py                                                             1           0  0.18s           2026-07-30T12:42:59                      12
/home/airflow/.local/lib/python3.12/site-packages/airflow/example_dags/example_bash_decorator.py                                                            1           0  0.17s           2026-07-30T12:43:00                      10
/home/airflow/.local/lib/python3.12/site-packages/airflow/example_dags/tutorial_taskflow_api_virtualenv.py                                                  1           0  0.17s           2026-07-30T12:42:59                      10
/home/airflow/.local/lib/python3.12/site-packages/airflow/example_dags/example_trigger_target_dag.py                                                        1           0  0.17s           2026-07-30T12:43:00                      10
/home/airflow/.local/lib/python3.12/site-packages/airflow/example_dags/example_setup_teardown_taskflow.py                                                   1           0  0.17s           2026-07-30T12:43:01                      10
/home/airflow/.local/lib/python3.12/site-packages/airflow/example_dags/example_trigger_controller_dag.py                                                    1           0  0.15s           2026-07-30T12:42:56                      12
/home/airflow/.local/lib/python3.12/site-packages/airflow/example_dags/example_latest_only_with_trigger.py                                                  1           0  0.15s           2026-07-30T12:43:01                      12
/home/airflow/.local/lib/python3.12/site-packages/airflow/example_dags/tutorial_taskflow_templates.py                                                       1           0  0.15s           2026-07-30T12:42:59                      12
/home/airflow/.local/lib/python3.12/site-packages/airflow/example_dags/tutorial.py                                                                          1           0  0.15s           2026-07-30T12:42:55                      12
/home/airflow/.local/lib/python3.12/site-packages/airflow/example_dags/example_workday_timetable.py                                                         1           0  0.15s           2026-07-30T12:42:50                      12
/home/airflow/.local/lib/python3.12/site-packages/airflow/example_dags/example_branch_day_of_week_operator.py                                               1           0  0.14s           2026-07-30T12:42:55                      12
/home/airflow/.local/lib/python3.12/site-packages/airflow/example_dags/example_params_trigger_ui.py                                                         1           0  0.14s           2026-07-30T12:42:58                      10
/home/airflow/.local/lib/python3.12/site-packages/airflow/example_dags/example_subdag_operator.py                                                           3           0  0.14s           2026-07-30T12:42:58                      20
/home/airflow/.local/lib/python3.12/site-packages/airflow/example_dags/example_latest_only.py                                                               1           0  0.14s           2026-07-30T12:42:56                      12
/home/airflow/.local/lib/python3.12/site-packages/airflow/example_dags/example_branch_datetime_operator.py                                                  3           0  0.13s           2026-07-30T12:42:58                      18
/home/airflow/.local/lib/python3.12/site-packages/airflow/example_dags/example_branch_python_dop_operator_3.py                                              1           0  0.13s           2026-07-30T12:42:57                      12
/home/airflow/.local/lib/python3.12/site-packages/airflow/example_dags/example_time_delta_sensor_async.py                                                   1           0  0.12s           2026-07-30T12:42:59                      10
/home/airflow/.local/lib/python3.12/site-packages/airflow/example_dags/example_task_group_decorator.py                                                      1           0  0.12s           2026-07-30T12:42:52                      10
/home/airflow/.local/lib/python3.12/site-packages/airflow/example_dags/plugins/listener_plugin.py                                                           0           0  0.11s           2026-07-30T12:43:06                       3
/home/airflow/.local/lib/python3.12/site-packages/airflow/example_dags/example_local_kubernetes_executor.py                                                 1           0  0.11s           2026-07-30T12:42:57                      10
/home/airflow/.local/lib/python3.12/site-packages/airflow/example_dags/example_short_circuit_operator.py                                                    1           0  0.11s           2026-07-30T12:42:57                      10
/home/airflow/.local/lib/python3.12/site-packages/airflow/example_dags/example_skip_dag.py                                                                  1           0  0.11s           2026-07-30T12:42:48                      12
/home/airflow/.local/lib/python3.12/site-packages/airflow/example_dags/example_dynamic_task_mapping_with_no_taskflow_operators.py                           1           0  0.11s           2026-07-30T12:42:53                      10
/home/airflow/.local/lib/python3.12/site-packages/airflow/example_dags/example_external_task_marker_dag.py                                                  2           0  0.11s           2026-07-30T12:42:58                      13
/home/airflow/.local/lib/python3.12/site-packages/airflow/example_dags/example_sensor_decorator.py                                                          1           0  0.11s           2026-07-30T12:42:58                      10
/home/airflow/.local/lib/python3.12/site-packages/airflow/example_dags/example_branch_labels.py                                                             1           0  0.11s           2026-07-30T12:42:52                      12
/home/airflow/.local/lib/python3.12/site-packages/airflow/example_dags/example_complex.py                                                                   1           0  0.10s           2026-07-30T12:42:49                      10
/home/airflow/.local/lib/python3.12/site-packages/airflow/example_dags/subdags/subdag.py                                                                    0           0  0.10s           2026-07-30T12:43:06                       3
/home/airflow/.local/lib/python3.12/site-packages/airflow/example_dags/example_branch_operator.py                                                           1           0  0.10s           2026-07-30T12:42:53                      12
/home/airflow/.local/lib/python3.12/site-packages/airflow/example_dags/example_params_ui_tutorial.py                                                        1           0  0.10s           2026-07-30T12:42:53                      10
/home/airflow/.local/lib/python3.12/site-packages/airflow/example_dags/example_xcom.py                                                                      1           0  0.10s           2026-07-30T12:42:50                      12
/home/airflow/.local/lib/python3.12/site-packages/airflow/example_dags/example_passing_params_via_test_command.py                                           1           0  0.10s           2026-07-30T12:42:53                      12
/home/airflow/.local/lib/python3.12/site-packages/airflow/example_dags/example_xcomargs.py                                                                  2           0  0.10s           2026-07-30T12:42:49                      13
/home/airflow/.local/lib/python3.12/site-packages/airflow/example_dags/tutorial_taskflow_api.py                                                             1           0  0.09s           2026-07-30T12:42:58                      10
/home/airflow/.local/lib/python3.12/site-packages/airflow/example_dags/example_display_name.py                                                              1           0  0.09s           2026-07-30T12:42:53                      10
/home/airflow/.local/lib/python3.12/site-packages/airflow/example_dags/example_sensors.py                                                                   1           0  0.09s           2026-07-30T12:42:48                      10
/home/airflow/.local/lib/python3.12/site-packages/airflow/example_dags/tutorial_objectstorage.py                                                            1           0  0.09s           2026-07-30T12:42:54                      10
/home/airflow/.local/lib/python3.12/site-packages/airflow/example_dags/example_python_decorator.py                                                          1           0  0.09s           2026-07-30T12:42:49                      10
/home/airflow/.local/lib/python3.12/site-packages/airflow/example_dags/example_dynamic_task_mapping.py                                                      1           0  0.09s           2026-07-30T12:42:53                      10
/home/airflow/.local/lib/python3.12/site-packages/airflow/example_dags/plugins/event_listener.py                                                            0           0  0.09s           2026-07-30T12:43:06                       3
/home/airflow/.local/lib/python3.12/site-packages/airflow/example_dags/tutorial_dag.py                                                                      1           0  0.09s           2026-07-30T12:42:49                      10
/home/airflow/.local/lib/python3.12/site-packages/airflow/example_dags/plugins/decreasing_priority_weight_strategy.py                                       0           0  0.08s           2026-07-30T12:43:06                       3
/home/airflow/.local/lib/python3.12/site-packages/airflow/example_dags/plugins/workday.py                                                                   0           0  0.08s           2026-07-30T12:43:06                       3
================================================================================
[2026-07-30T12:43:43.112+0000] {manager.py:821} INFO - Searching for files in /opt/airflow/dags
[2026-07-30T12:43:43.131+0000] {manager.py:824} INFO - There are 57 files in /opt/airflow/dags
[2026-07-30T12:43:47.193+0000] {manager.py:997} INFO - 
================================================================================
DAG File Processing Stats

File Path                                                                                                                          PID    Runtime      # DAGs    # Errors  Last Runtime    Last Run               Last # of DB Queries
---------------------------------------------------------------------------------------------------------------------------------  -----  ---------  --------  ----------  --------------  -------------------  ----------------------
/home/airflow/.local/lib/python3.12/site-packages/airflow/example_dags/example_dataset_alias_with_no_taskflow.py                                            4           0  1.73s           2026-07-30T12:43:38                      27
/home/airflow/.local/lib/python3.12/site-packages/airflow/example_dags/example_dataset_alias.py                                                             4           0  1.67s           2026-07-30T12:43:38                      27
/home/airflow/.local/lib/python3.12/site-packages/airflow/example_dags/example_datasets.py                                                                 10           0  1.50s           2026-07-30T12:43:40                      49
/home/airflow/.local/lib/python3.12/site-packages/airflow/example_dags/example_inlet_event_extra.py                                                         2           0  0.94s           2026-07-30T12:43:33                      15
/home/airflow/.local/lib/python3.12/site-packages/airflow/example_dags/example_outlet_event_extra.py                                                        3           0  0.86s           2026-07-30T12:43:30                      19
/home/airflow/.local/lib/python3.12/site-packages/airflow/example_dags/example_latest_only_with_trigger.py                                                  1           0  0.36s           2026-07-30T12:43:31                      12
/home/airflow/.local/lib/python3.12/site-packages/airflow/example_dags/example_nested_branch_dag.py                                                         1           0  0.29s           2026-07-30T12:43:31                      12
/home/airflow/.local/lib/python3.12/site-packages/airflow/example_dags/example_branch_operator_decorator.py                                                 1           0  0.20s           2026-07-30T12:43:31                      12
/home/airflow/.local/lib/python3.12/site-packages/airflow/example_dags/example_passing_params_via_test_command.py                                           1           0  0.19s           2026-07-30T12:43:24                      12
/home/airflow/.local/lib/python3.12/site-packages/airflow/example_dags/example_setup_teardown.py                                                            1           0  0.18s           2026-07-30T12:43:31                      10
/home/airflow/.local/lib/python3.12/site-packages/airflow/example_dags/example_kubernetes_executor.py                                                       1           0  0.18s           2026-07-30T12:43:31                      10
/home/airflow/.local/lib/python3.12/site-packages/airflow/example_dags/example_dag_decorator.py                                                             1           0  0.18s           2026-07-30T12:43:28                      32
/home/airflow/.local/lib/python3.12/site-packages/airflow/example_dags/example_setup_teardown_taskflow.py                                                   1           0  0.18s           2026-07-30T12:43:31                      10
/home/airflow/.local/lib/python3.12/site-packages/airflow/example_dags/example_skip_dag.py                                                                  1           0  0.17s           2026-07-30T12:43:18                      12
/home/airflow/.local/lib/python3.12/site-packages/airflow/example_dags/example_sensors.py                                                                   1           0  0.17s           2026-07-30T12:43:18                      10
/home/airflow/.local/lib/python3.12/site-packages/airflow/example_dags/example_sla_dag.py                                                                   1           0  0.17s           2026-07-30T12:43:31                      12
/home/airflow/.local/lib/python3.12/site-packages/airflow/example_dags/example_trigger_target_dag.py                                                        1           0  0.17s           2026-07-30T12:43:31                      10
/home/airflow/.local/lib/python3.12/site-packages/airflow/example_dags/example_workday_timetable.py                                                         1           0  0.17s           2026-07-30T12:43:21                      12
/home/airflow/.local/lib/python3.12/site-packages/airflow/example_dags/example_bash_decorator.py                                                            1           0  0.16s           2026-07-30T12:43:30                      10
/home/airflow/.local/lib/python3.12/site-packages/airflow/example_dags/example_short_circuit_decorator.py                                                   1           0  0.16s           2026-07-30T12:43:31                      10
/home/airflow/.local/lib/python3.12/site-packages/airflow/example_dags/tutorial.py                                                                          1           0  0.16s           2026-07-30T12:43:26                      12
/home/airflow/.local/lib/python3.12/site-packages/airflow/example_dags/example_task_group.py                                                                1           0  0.15s           2026-07-30T12:43:30                      10
/home/airflow/.local/lib/python3.12/site-packages/airflow/example_dags/example_dynamic_task_mapping_with_no_taskflow_operators.py                           1           0  0.15s           2026-07-30T12:43:24                      10
/home/airflow/.local/lib/python3.12/site-packages/airflow/example_dags/example_dynamic_task_mapping.py                                                      1           0  0.14s           2026-07-30T12:43:24                      10
/home/airflow/.local/lib/python3.12/site-packages/airflow/example_dags/example_branch_day_of_week_operator.py                                               1           0  0.14s           2026-07-30T12:43:26                      12
/home/airflow/.local/lib/python3.12/site-packages/airflow/example_dags/example_subdag_operator.py                                                           3           0  0.14s           2026-07-30T12:43:29                      20
/home/airflow/.local/lib/python3.12/site-packages/airflow/example_dags/example_python_operator.py                                                           1           0  0.14s           2026-07-30T12:43:30                      10
/home/airflow/.local/lib/python3.12/site-packages/airflow/example_dags/example_latest_only.py                                                               1           0  0.14s           2026-07-30T12:43:27                      12
/home/airflow/.local/lib/python3.12/site-packages/airflow/example_dags/example_params_ui_tutorial.py                                                        1           0  0.13s           2026-07-30T12:43:24                      10
/home/airflow/.local/lib/python3.12/site-packages/airflow/example_dags/example_xcomargs.py                                                                  2           0  0.13s           2026-07-30T12:43:19                      13
/home/airflow/.local/lib/python3.12/site-packages/airflow/example_dags/tutorial_taskflow_api_virtualenv.py                                                  1           0  0.13s           2026-07-30T12:43:30                      10
/home/airflow/.local/lib/python3.12/site-packages/airflow/example_dags/example_complex.py                                                                   1           0  0.13s           2026-07-30T12:43:20                      10
/home/airflow/.local/lib/python3.12/site-packages/airflow/example_dags/tutorial_taskflow_templates.py                                                       1           0  0.13s           2026-07-30T12:43:30                      12
/home/airflow/.local/lib/python3.12/site-packages/airflow/example_dags/example_trigger_controller_dag.py                                                    1           0  0.13s           2026-07-30T12:43:27                      12
/home/airflow/.local/lib/python3.12/site-packages/airflow/example_dags/example_python_decorator.py                                                          1           0  0.13s           2026-07-30T12:43:20                      10
/home/airflow/.local/lib/python3.12/site-packages/airflow/example_dags/example_display_name.py                                                              1           0  0.13s           2026-07-30T12:43:24                      10
/home/airflow/.local/lib/python3.12/site-packages/airflow/example_dags/tutorial_dag.py                                                                      1           0  0.13s           2026-07-30T12:43:19                      10
/home/airflow/.local/lib/python3.12/site-packages/airflow/example_dags/example_branch_operator.py                                                           1           0  0.13s           2026-07-30T12:43:24                      12
/home/airflow/.local/lib/python3.12/site-packages/airflow/example_dags/example_params_trigger_ui.py                                                         1           0  0.13s           2026-07-30T12:43:29                      10
/home/airflow/.local/lib/python3.12/site-packages/airflow/example_dags/plugins/decreasing_priority_weight_strategy.py                                       0           0  0.13s           2026-07-30T12:43:39                       3
/home/airflow/.local/lib/python3.12/site-packages/airflow/example_dags/example_xcom.py                                                                      1           0  0.13s           2026-07-30T12:43:21                      12
/home/airflow/.local/lib/python3.12/site-packages/airflow/example_dags/example_branch_datetime_operator.py                                                  3           0  0.13s           2026-07-30T12:43:29                      18
/home/airflow/.local/lib/python3.12/site-packages/airflow/example_dags/example_local_kubernetes_executor.py                                                 1           0  0.12s           2026-07-30T12:43:28                      10
/home/airflow/.local/lib/python3.12/site-packages/airflow/example_dags/example_time_delta_sensor_async.py                                                   1           0  0.12s           2026-07-30T12:43:30                      10
/home/airflow/.local/lib/python3.12/site-packages/airflow/example_dags/example_bash_operator.py                                                             1           0  0.12s           2026-07-30T12:43:29                      12
/home/airflow/.local/lib/python3.12/site-packages/airflow/example_dags/plugins/listener_plugin.py                                                           0           0  0.12s           2026-07-30T12:43:38                       3
/home/airflow/.local/lib/python3.12/site-packages/airflow/example_dags/subdags/subdag.py                                                                    0           0  0.12s           2026-07-30T12:43:38                       3
/home/airflow/.local/lib/python3.12/site-packages/airflow/example_dags/plugins/workday.py                                                                   0           0  0.11s           2026-07-30T12:43:38                       3
/home/airflow/.local/lib/python3.12/site-packages/airflow/example_dags/example_external_task_marker_dag.py                                                  2           0  0.11s           2026-07-30T12:43:29                      13
/home/airflow/.local/lib/python3.12/site-packages/airflow/example_dags/tutorial_objectstorage.py                                                            1           0  0.11s           2026-07-30T12:43:24                      10
/home/airflow/.local/lib/python3.12/site-packages/airflow/example_dags/example_short_circuit_operator.py                                                    1           0  0.11s           2026-07-30T12:43:28                      10
/home/airflow/.local/lib/python3.12/site-packages/airflow/example_dags/example_branch_python_dop_operator_3.py                                              1           0  0.11s           2026-07-30T12:43:28                      12
/home/airflow/.local/lib/python3.12/site-packages/airflow/example_dags/example_branch_labels.py                                                             1           0  0.10s           2026-07-30T12:43:23                      12
/home/airflow/.local/lib/python3.12/site-packages/airflow/example_dags/example_sensor_decorator.py                                                          1           0  0.10s           2026-07-30T12:43:29                      10
/home/airflow/.local/lib/python3.12/site-packages/airflow/example_dags/plugins/event_listener.py                                                            0           0  0.10s           2026-07-30T12:43:38                       3
/home/airflow/.local/lib/python3.12/site-packages/airflow/example_dags/example_task_group_decorator.py                                                      1           0  0.10s           2026-07-30T12:43:23                      10
/home/airflow/.local/lib/python3.12/site-packages/airflow/example_dags/tutorial_taskflow_api.py                                                             1           0  0.10s           2026-07-30T12:43:29                      10
================================================================================
[2026-07-30T12:44:17.853+0000] {manager.py:997} INFO - 
================================================================================
DAG File Processing Stats

File Path                                                                                                                          PID    Runtime      # DAGs    # Errors  Last Runtime    Last Run               Last # of DB Queries
---------------------------------------------------------------------------------------------------------------------------------  -----  ---------  --------  ----------  --------------  -------------------  ----------------------
/home/airflow/.local/lib/python3.12/site-packages/airflow/example_dags/example_outlet_event_extra.py                                                        3           0  0.97s           2026-07-30T12:44:01                      19
/home/airflow/.local/lib/python3.12/site-packages/airflow/example_dags/example_datasets.py                                                                 10           0  0.91s           2026-07-30T12:44:11                      49
/home/airflow/.local/lib/python3.12/site-packages/airflow/example_dags/example_dataset_alias_with_no_taskflow.py                                            4           0  0.70s           2026-07-30T12:44:09                      27
/home/airflow/.local/lib/python3.12/site-packages/airflow/example_dags/example_dataset_alias.py                                                             4           0  0.68s           2026-07-30T12:44:09                      27
/home/airflow/.local/lib/python3.12/site-packages/airflow/example_dags/example_inlet_event_extra.py                                                         2           0  0.66s           2026-07-30T12:44:04                      15
/home/airflow/.local/lib/python3.12/site-packages/airflow/example_dags/example_branch_day_of_week_operator.py                                               1           0  0.40s           2026-07-30T12:43:56                      12
/home/airflow/.local/lib/python3.12/site-packages/airflow/example_dags/example_dag_decorator.py                                                             1           0  0.32s           2026-07-30T12:43:58                      32
/home/airflow/.local/lib/python3.12/site-packages/airflow/example_dags/example_branch_operator.py                                                           1           0  0.25s           2026-07-30T12:43:55                      12
/home/airflow/.local/lib/python3.12/site-packages/airflow/example_dags/example_workday_timetable.py                                                         1           0  0.25s           2026-07-30T12:43:52                      12
/home/airflow/.local/lib/python3.12/site-packages/airflow/example_dags/example_python_decorator.py                                                          1           0  0.25s           2026-07-30T12:43:50                      10
/home/airflow/.local/lib/python3.12/site-packages/airflow/example_dags/example_sensors.py                                                                   1           0  0.25s           2026-07-30T12:43:49                      10
/home/airflow/.local/lib/python3.12/site-packages/airflow/example_dags/example_params_ui_tutorial.py                                                        1           0  0.25s           2026-07-30T12:43:55                      10
/home/airflow/.local/lib/python3.12/site-packages/airflow/example_dags/example_display_name.py                                                              1           0  0.24s           2026-07-30T12:43:56                      10
/home/airflow/.local/lib/python3.12/site-packages/airflow/example_dags/example_skip_dag.py                                                                  1           0  0.24s           2026-07-30T12:43:49                      12
/home/airflow/.local/lib/python3.12/site-packages/airflow/example_dags/example_xcomargs.py                                                                  2           0  0.23s           2026-07-30T12:43:50                      13
/home/airflow/.local/lib/python3.12/site-packages/airflow/example_dags/tutorial.py                                                                          1           0  0.23s           2026-07-30T12:43:56                      12
/home/airflow/.local/lib/python3.12/site-packages/airflow/example_dags/example_complex.py                                                                   1           0  0.22s           2026-07-30T12:43:50                      10
/home/airflow/.local/lib/python3.12/site-packages/airflow/example_dags/tutorial_dag.py                                                                      1           0  0.21s           2026-07-30T12:43:50                      10
/home/airflow/.local/lib/python3.12/site-packages/airflow/example_dags/tutorial_objectstorage.py                                                            1           0  0.21s           2026-07-30T12:43:56                      10
/home/airflow/.local/lib/python3.12/site-packages/airflow/example_dags/example_local_kubernetes_executor.py                                                 1           0  0.20s           2026-07-30T12:43:58                      10
/home/airflow/.local/lib/python3.12/site-packages/airflow/example_dags/example_nested_branch_dag.py                                                         1           0  0.19s           2026-07-30T12:44:02                      12
/home/airflow/.local/lib/python3.12/site-packages/airflow/example_dags/example_branch_operator_decorator.py                                                 1           0  0.19s           2026-07-30T12:44:01                      12
/home/airflow/.local/lib/python3.12/site-packages/airflow/example_dags/example_passing_params_via_test_command.py                                           1           0  0.19s           2026-07-30T12:43:55                      12
/home/airflow/.local/lib/python3.12/site-packages/airflow/example_dags/example_xcom.py                                                                      1           0  0.19s           2026-07-30T12:43:52                      12
/home/airflow/.local/lib/python3.12/site-packages/airflow/example_dags/example_trigger_controller_dag.py                                                    1           0  0.18s           2026-07-30T12:43:57                      12
/home/airflow/.local/lib/python3.12/site-packages/airflow/example_dags/example_task_group_decorator.py                                                      1           0  0.18s           2026-07-30T12:43:54                      10
/home/airflow/.local/lib/python3.12/site-packages/airflow/example_dags/example_task_group.py                                                                1           0  0.18s           2026-07-30T12:44:00                      10
/home/airflow/.local/lib/python3.12/site-packages/airflow/example_dags/example_branch_labels.py                                                             1           0  0.17s           2026-07-30T12:43:54                      12
/home/airflow/.local/lib/python3.12/site-packages/airflow/example_dags/example_dynamic_task_mapping_with_no_taskflow_operators.py                           1           0  0.17s           2026-07-30T12:43:55                      10
/home/airflow/.local/lib/python3.12/site-packages/airflow/example_dags/example_bash_decorator.py                                                            1           0  0.17s           2026-07-30T12:44:01                      10
/home/airflow/.local/lib/python3.12/site-packages/airflow/example_dags/example_latest_only.py                                                               1           0  0.17s           2026-07-30T12:43:57                      12
/home/airflow/.local/lib/python3.12/site-packages/airflow/example_dags/example_setup_teardown.py                                                            1           0  0.17s           2026-07-30T12:44:02                      10
/home/airflow/.local/lib/python3.12/site-packages/airflow/example_dags/example_subdag_operator.py                                                           3           0  0.17s           2026-07-30T12:44:00                      20
/home/airflow/.local/lib/python3.12/site-packages/airflow/example_dags/example_python_operator.py                                                           1           0  0.17s           2026-07-30T12:44:01                      10
/home/airflow/.local/lib/python3.12/site-packages/airflow/example_dags/example_latest_only_with_trigger.py                                                  1           0  0.16s           2026-07-30T12:44:02                      12
/home/airflow/.local/lib/python3.12/site-packages/airflow/example_dags/tutorial_taskflow_api_virtualenv.py                                                  1           0  0.16s           2026-07-30T12:44:00                      10
/home/airflow/.local/lib/python3.12/site-packages/airflow/example_dags/example_sla_dag.py                                                                   1           0  0.16s           2026-07-30T12:44:01                      12
/home/airflow/.local/lib/python3.12/site-packages/airflow/example_dags/example_branch_datetime_operator.py                                                  3           0  0.16s           2026-07-30T12:44:00                      18
/home/airflow/.local/lib/python3.12/site-packages/airflow/example_dags/example_short_circuit_decorator.py                                                   1           0  0.16s           2026-07-30T12:44:01                      10
/home/airflow/.local/lib/python3.12/site-packages/airflow/example_dags/example_kubernetes_executor.py                                                       1           0  0.15s           2026-07-30T12:44:01                      10
/home/airflow/.local/lib/python3.12/site-packages/airflow/example_dags/example_dynamic_task_mapping.py                                                      1           0  0.15s           2026-07-30T12:43:55                      10
/home/airflow/.local/lib/python3.12/site-packages/airflow/example_dags/example_branch_python_dop_operator_3.py                                              1           0  0.15s           2026-07-30T12:43:59                      12
/home/airflow/.local/lib/python3.12/site-packages/airflow/example_dags/example_bash_operator.py                                                             1           0  0.15s           2026-07-30T12:44:00                      12
/home/airflow/.local/lib/python3.12/site-packages/airflow/example_dags/example_setup_teardown_taskflow.py                                                   1           0  0.15s           2026-07-30T12:44:02                      10
/home/airflow/.local/lib/python3.12/site-packages/airflow/example_dags/tutorial_taskflow_templates.py                                                       1           0  0.15s           2026-07-30T12:44:00                      12
/home/airflow/.local/lib/python3.12/site-packages/airflow/example_dags/example_short_circuit_operator.py                                                    1           0  0.15s           2026-07-30T12:43:58                      10
/home/airflow/.local/lib/python3.12/site-packages/airflow/example_dags/example_params_trigger_ui.py                                                         1           0  0.15s           2026-07-30T12:44:00                      10
/home/airflow/.local/lib/python3.12/site-packages/airflow/example_dags/example_time_delta_sensor_async.py                                                   1           0  0.14s           2026-07-30T12:44:00                      10
/home/airflow/.local/lib/python3.12/site-packages/airflow/example_dags/example_trigger_target_dag.py                                                        1           0  0.14s           2026-07-30T12:44:01                      10
/home/airflow/.local/lib/python3.12/site-packages/airflow/example_dags/example_external_task_marker_dag.py                                                  2           0  0.13s           2026-07-30T12:44:00                      13
/home/airflow/.local/lib/python3.12/site-packages/airflow/example_dags/example_sensor_decorator.py                                                          1           0  0.12s           2026-07-30T12:44:00                      10
/home/airflow/.local/lib/python3.12/site-packages/airflow/example_dags/tutorial_taskflow_api.py                                                             1           0  0.11s           2026-07-30T12:43:59                      10
/home/airflow/.local/lib/python3.12/site-packages/airflow/example_dags/plugins/event_listener.py                                                            0           0  0.08s           2026-07-30T12:44:09                       3
/home/airflow/.local/lib/python3.12/site-packages/airflow/example_dags/plugins/listener_plugin.py                                                           0           0  0.07s           2026-07-30T12:44:09                       3
/home/airflow/.local/lib/python3.12/site-packages/airflow/example_dags/subdags/subdag.py                                                                    0           0  0.07s           2026-07-30T12:44:09                       3
/home/airflow/.local/lib/python3.12/site-packages/airflow/example_dags/plugins/decreasing_priority_weight_strategy.py                                       0           0  0.06s           2026-07-30T12:44:09                       3
/home/airflow/.local/lib/python3.12/site-packages/airflow/example_dags/plugins/workday.py                                                                   0           0  0.06s           2026-07-30T12:44:09                       3
================================================================================
[2026-07-30T12:44:48.093+0000] {manager.py:997} INFO - 
================================================================================
DAG File Processing Stats

File Path                                                                                                                          PID    Runtime      # DAGs    # Errors  Last Runtime    Last Run               Last # of DB Queries
---------------------------------------------------------------------------------------------------------------------------------  -----  ---------  --------  ----------  --------------  -------------------  ----------------------
/home/airflow/.local/lib/python3.12/site-packages/airflow/example_dags/example_outlet_event_extra.py                                                        3           0  0.99s           2026-07-30T12:44:32                      19
/home/airflow/.local/lib/python3.12/site-packages/airflow/example_dags/example_inlet_event_extra.py                                                         2           0  0.80s           2026-07-30T12:44:36                      15
/home/airflow/.local/lib/python3.12/site-packages/airflow/example_dags/example_datasets.py                                                                 10           0  0.67s           2026-07-30T12:44:42                      49
/home/airflow/.local/lib/python3.12/site-packages/airflow/example_dags/example_dataset_alias_with_no_taskflow.py                                            4           0  0.65s           2026-07-30T12:44:40                      27
/home/airflow/.local/lib/python3.12/site-packages/airflow/example_dags/example_dataset_alias.py                                                             4           0  0.63s           2026-07-30T12:44:40                      27
/home/airflow/.local/lib/python3.12/site-packages/airflow/example_dags/example_display_name.py                                                              1           0  0.29s           2026-07-30T12:44:26                      10
/home/airflow/.local/lib/python3.12/site-packages/airflow/example_dags/tutorial_objectstorage.py                                                            1           0  0.26s           2026-07-30T12:44:26                      10
/home/airflow/.local/lib/python3.12/site-packages/airflow/example_dags/example_branch_labels.py                                                             1           0  0.25s           2026-07-30T12:44:25                      12
/home/airflow/.local/lib/python3.12/site-packages/airflow/example_dags/example_task_group_decorator.py                                                      1           0  0.24s           2026-07-30T12:44:25                      10
/home/airflow/.local/lib/python3.12/site-packages/airflow/example_dags/example_branch_operator_decorator.py                                                 1           0  0.21s           2026-07-30T12:44:32                      12
/home/airflow/.local/lib/python3.12/site-packages/airflow/example_dags/example_python_operator.py                                                           1           0  0.20s           2026-07-30T12:44:32                      10
/home/airflow/.local/lib/python3.12/site-packages/airflow/example_dags/example_sla_dag.py                                                                   1           0  0.18s           2026-07-30T12:44:33                      12
/home/airflow/.local/lib/python3.12/site-packages/airflow/example_dags/example_branch_operator.py                                                           1           0  0.18s           2026-07-30T12:44:25                      12
/home/airflow/.local/lib/python3.12/site-packages/airflow/example_dags/example_workday_timetable.py                                                         1           0  0.18s           2026-07-30T12:44:23                      12
/home/airflow/.local/lib/python3.12/site-packages/airflow/example_dags/example_params_ui_tutorial.py                                                        1           0  0.18s           2026-07-30T12:44:25                      10
/home/airflow/.local/lib/python3.12/site-packages/airflow/example_dags/example_dynamic_task_mapping.py                                                      1           0  0.18s           2026-07-30T12:44:26                      10
/home/airflow/.local/lib/python3.12/site-packages/airflow/example_dags/tutorial.py                                                                          1           0  0.17s           2026-07-30T12:44:26                      12
/home/airflow/.local/lib/python3.12/site-packages/airflow/example_dags/example_kubernetes_executor.py                                                       1           0  0.17s           2026-07-30T12:44:32                      10
/home/airflow/.local/lib/python3.12/site-packages/airflow/example_dags/example_passing_params_via_test_command.py                                           1           0  0.17s           2026-07-30T12:44:26                      12
/home/airflow/.local/lib/python3.12/site-packages/airflow/example_dags/example_latest_only_with_trigger.py                                                  1           0  0.17s           2026-07-30T12:44:33                      12
/home/airflow/.local/lib/python3.12/site-packages/airflow/example_dags/example_short_circuit_decorator.py                                                   1           0  0.16s           2026-07-30T12:44:32                      10
/home/airflow/.local/lib/python3.12/site-packages/airflow/example_dags/example_nested_branch_dag.py                                                         1           0  0.16s           2026-07-30T12:44:33                      12
/home/airflow/.local/lib/python3.12/site-packages/airflow/example_dags/example_local_kubernetes_executor.py                                                 1           0  0.16s           2026-07-30T12:44:28                      10
/home/airflow/.local/lib/python3.12/site-packages/airflow/example_dags/example_xcom.py                                                                      1           0  0.15s           2026-07-30T12:44:23                      12
/home/airflow/.local/lib/python3.12/site-packages/airflow/example_dags/example_setup_teardown_taskflow.py                                                   1           0  0.15s           2026-07-30T12:44:33                      10
/home/airflow/.local/lib/python3.12/site-packages/airflow/example_dags/example_setup_teardown.py                                                            1           0  0.15s           2026-07-30T12:44:33                      10
/home/airflow/.local/lib/python3.12/site-packages/airflow/example_dags/example_bash_operator.py                                                             1           0  0.14s           2026-07-30T12:44:30                      12
/home/airflow/.local/lib/python3.12/site-packages/airflow/example_dags/example_trigger_target_dag.py                                                        1           0  0.14s           2026-07-30T12:44:32                      10
/home/airflow/.local/lib/python3.12/site-packages/airflow/example_dags/example_trigger_controller_dag.py                                                    1           0  0.14s           2026-07-30T12:44:27                      12
/home/airflow/.local/lib/python3.12/site-packages/airflow/example_dags/tutorial_taskflow_templates.py                                                       1           0  0.14s           2026-07-30T12:44:30                      12
/home/airflow/.local/lib/python3.12/site-packages/airflow/example_dags/example_dynamic_task_mapping_with_no_taskflow_operators.py                           1           0  0.14s           2026-07-30T12:44:26                      10
/home/airflow/.local/lib/python3.12/site-packages/airflow/example_dags/example_branch_python_dop_operator_3.py                                              1           0  0.14s           2026-07-30T12:44:29                      12
/home/airflow/.local/lib/python3.12/site-packages/airflow/example_dags/example_branch_datetime_operator.py                                                  3           0  0.13s           2026-07-30T12:44:30                      18
/home/airflow/.local/lib/python3.12/site-packages/airflow/example_dags/example_short_circuit_operator.py                                                    1           0  0.13s           2026-07-30T12:44:29                      10
/home/airflow/.local/lib/python3.12/site-packages/airflow/example_dags/tutorial_taskflow_api_virtualenv.py                                                  1           0  0.12s           2026-07-30T12:44:30                      10
/home/airflow/.local/lib/python3.12/site-packages/airflow/example_dags/example_dag_decorator.py                                                             1           0  0.12s           2026-07-30T12:44:28                      10
/home/airflow/.local/lib/python3.12/site-packages/airflow/example_dags/example_subdag_operator.py                                                           3           0  0.12s           2026-07-30T12:44:30                      20
/home/airflow/.local/lib/python3.12/site-packages/airflow/example_dags/example_params_trigger_ui.py                                                         1           0  0.12s           2026-07-30T12:44:30                      10
/home/airflow/.local/lib/python3.12/site-packages/airflow/example_dags/example_time_delta_sensor_async.py                                                   1           0  0.12s           2026-07-30T12:44:30                      10
/home/airflow/.local/lib/python3.12/site-packages/airflow/example_dags/example_task_group.py                                                                1           0  0.12s           2026-07-30T12:44:30                      10
/home/airflow/.local/lib/python3.12/site-packages/airflow/example_dags/example_branch_day_of_week_operator.py                                               1           0  0.12s           2026-07-30T12:44:27                      12
/home/airflow/.local/lib/python3.12/site-packages/airflow/example_dags/example_external_task_marker_dag.py                                                  2           0  0.11s           2026-07-30T12:44:30                      13
/home/airflow/.local/lib/python3.12/site-packages/airflow/example_dags/example_latest_only.py                                                               1           0  0.11s           2026-07-30T12:44:27                      12
/home/airflow/.local/lib/python3.12/site-packages/airflow/example_dags/example_python_decorator.py                                                          1           0  0.11s           2026-07-30T12:44:21                      10
/home/airflow/.local/lib/python3.12/site-packages/airflow/example_dags/example_complex.py                                                                   1           0  0.11s           2026-07-30T12:44:21                      10
/home/airflow/.local/lib/python3.12/site-packages/airflow/example_dags/example_bash_decorator.py                                                            1           0  0.10s           2026-07-30T12:44:31                      10
/home/airflow/.local/lib/python3.12/site-packages/airflow/example_dags/example_sensor_decorator.py                                                          1           0  0.10s           2026-07-30T12:44:30                      10
/home/airflow/.local/lib/python3.12/site-packages/airflow/example_dags/example_xcomargs.py                                                                  2           0  0.09s           2026-07-30T12:44:20                      13
/home/airflow/.local/lib/python3.12/site-packages/airflow/example_dags/example_skip_dag.py                                                                  1           0  0.09s           2026-07-30T12:44:19                      12
/home/airflow/.local/lib/python3.12/site-packages/airflow/example_dags/example_sensors.py                                                                   1           0  0.09s           2026-07-30T12:44:19                      10
/home/airflow/.local/lib/python3.12/site-packages/airflow/example_dags/tutorial_taskflow_api.py                                                             1           0  0.09s           2026-07-30T12:44:30                      10
/home/airflow/.local/lib/python3.12/site-packages/airflow/example_dags/tutorial_dag.py                                                                      1           0  0.09s           2026-07-30T12:44:20                      10
/home/airflow/.local/lib/python3.12/site-packages/airflow/example_dags/plugins/listener_plugin.py                                                           0           0  0.08s           2026-07-30T12:44:40                       3
/home/airflow/.local/lib/python3.12/site-packages/airflow/example_dags/plugins/decreasing_priority_weight_strategy.py                                       0           0  0.07s           2026-07-30T12:44:41                       3
/home/airflow/.local/lib/python3.12/site-packages/airflow/example_dags/plugins/workday.py                                                                   0           0  0.07s           2026-07-30T12:44:40                       3
/home/airflow/.local/lib/python3.12/site-packages/airflow/example_dags/subdags/subdag.py                                                                    0           0  0.06s           2026-07-30T12:44:40                       3
/home/airflow/.local/lib/python3.12/site-packages/airflow/example_dags/plugins/event_listener.py                                                            0           0  0.06s           2026-07-30T12:44:40                       3
================================================================================
[2026-07-30T12:45:18.234+0000] {manager.py:997} INFO - 
================================================================================
DAG File Processing Stats

File Path                                                                                                                          PID    Runtime      # DAGs    # Errors  Last Runtime    Last Run               Last # of DB Queries
---------------------------------------------------------------------------------------------------------------------------------  -----  ---------  --------  ----------  --------------  -------------------  ----------------------
/home/airflow/.local/lib/python3.12/site-packages/airflow/example_dags/example_dataset_alias.py                                                             4           0  0.97s           2026-07-30T12:45:12                      27
/home/airflow/.local/lib/python3.12/site-packages/airflow/example_dags/example_outlet_event_extra.py                                                        3           0  0.97s           2026-07-30T12:45:03                      19
/home/airflow/.local/lib/python3.12/site-packages/airflow/example_dags/example_dataset_alias_with_no_taskflow.py                                            4           0  0.97s           2026-07-30T12:45:12                      27
/home/airflow/.local/lib/python3.12/site-packages/airflow/example_dags/example_datasets.py                                                                 10           0  0.84s           2026-07-30T12:45:14                      49
/home/airflow/.local/lib/python3.12/site-packages/airflow/example_dags/example_inlet_event_extra.py                                                         2           0  0.75s           2026-07-30T12:45:07                      15
/home/airflow/.local/lib/python3.12/site-packages/airflow/example_dags/example_passing_params_via_test_command.py                                           1           0  0.29s           2026-07-30T12:44:56                      12
/home/airflow/.local/lib/python3.12/site-packages/airflow/example_dags/example_branch_operator.py                                                           1           0  0.27s           2026-07-30T12:44:56                      12
/home/airflow/.local/lib/python3.12/site-packages/airflow/example_dags/example_dag_decorator.py                                                             1           0  0.24s           2026-07-30T12:44:59                      32
/home/airflow/.local/lib/python3.12/site-packages/airflow/example_dags/example_display_name.py                                                              1           0  0.23s           2026-07-30T12:44:56                      10
/home/airflow/.local/lib/python3.12/site-packages/airflow/example_dags/example_dynamic_task_mapping_with_no_taskflow_operators.py                           1           0  0.23s           2026-07-30T12:44:56                      10
/home/airflow/.local/lib/python3.12/site-packages/airflow/example_dags/example_branch_labels.py                                                             1           0  0.23s           2026-07-30T12:44:55                      12
/home/airflow/.local/lib/python3.12/site-packages/airflow/example_dags/example_task_group_decorator.py                                                      1           0  0.22s           2026-07-30T12:44:55                      10
/home/airflow/.local/lib/python3.12/site-packages/airflow/example_dags/example_dynamic_task_mapping.py                                                      1           0  0.22s           2026-07-30T12:44:56                      10
/home/airflow/.local/lib/python3.12/site-packages/airflow/example_dags/tutorial.py                                                                          1           0  0.22s           2026-07-30T12:44:57                      12
/home/airflow/.local/lib/python3.12/site-packages/airflow/example_dags/tutorial_objectstorage.py                                                            1           0  0.22s           2026-07-30T12:44:57                      10
/home/airflow/.local/lib/python3.12/site-packages/airflow/example_dags/example_branch_day_of_week_operator.py                                               1           0  0.21s           2026-07-30T12:44:58                      12
/home/airflow/.local/lib/python3.12/site-packages/airflow/example_dags/example_bash_operator.py                                                             1           0  0.20s           2026-07-30T12:45:01                      12
/home/airflow/.local/lib/python3.12/site-packages/airflow/example_dags/example_params_ui_tutorial.py                                                        1           0  0.19s           2026-07-30T12:44:56                      10
/home/airflow/.local/lib/python3.12/site-packages/airflow/example_dags/example_trigger_controller_dag.py                                                    1           0  0.18s           2026-07-30T12:44:58                      12
/home/airflow/.local/lib/python3.12/site-packages/airflow/example_dags/example_nested_branch_dag.py                                                         1           0  0.18s           2026-07-30T12:45:03                      12
/home/airflow/.local/lib/python3.12/site-packages/airflow/example_dags/example_setup_teardown.py                                                            1           0  0.18s           2026-07-30T12:45:03                      10
/home/airflow/.local/lib/python3.12/site-packages/airflow/example_dags/example_params_trigger_ui.py                                                         1           0  0.17s           2026-07-30T12:45:01                      10
/home/airflow/.local/lib/python3.12/site-packages/airflow/example_dags/example_subdag_operator.py                                                           3           0  0.17s           2026-07-30T12:45:00                      20
/home/airflow/.local/lib/python3.12/site-packages/airflow/example_dags/example_latest_only.py                                                               1           0  0.17s           2026-07-30T12:44:58                      12
/home/airflow/.local/lib/python3.12/site-packages/airflow/example_dags/example_branch_datetime_operator.py                                                  3           0  0.17s           2026-07-30T12:45:00                      18
/home/airflow/.local/lib/python3.12/site-packages/airflow/example_dags/example_branch_python_dop_operator_3.py                                              1           0  0.16s           2026-07-30T12:44:59                      12
/home/airflow/.local/lib/python3.12/site-packages/airflow/example_dags/example_local_kubernetes_executor.py                                                 1           0  0.16s           2026-07-30T12:44:59                      10
/home/airflow/.local/lib/python3.12/site-packages/airflow/example_dags/tutorial_taskflow_templates.py                                                       1           0  0.16s           2026-07-30T12:45:01                      12
/home/airflow/.local/lib/python3.12/site-packages/airflow/example_dags/example_bash_decorator.py                                                            1           0  0.15s           2026-07-30T12:45:02                      10
/home/airflow/.local/lib/python3.12/site-packages/airflow/example_dags/example_external_task_marker_dag.py                                                  2           0  0.15s           2026-07-30T12:45:01                      13
/home/airflow/.local/lib/python3.12/site-packages/airflow/example_dags/example_branch_operator_decorator.py                                                 1           0  0.15s           2026-07-30T12:45:03                      12
/home/airflow/.local/lib/python3.12/site-packages/airflow/example_dags/example_setup_teardown_taskflow.py                                                   1           0  0.15s           2026-07-30T12:45:04                      10
/home/airflow/.local/lib/python3.12/site-packages/airflow/example_dags/tutorial_taskflow_api_virtualenv.py                                                  1           0  0.14s           2026-07-30T12:45:01                      10
/home/airflow/.local/lib/python3.12/site-packages/airflow/example_dags/example_time_delta_sensor_async.py                                                   1           0  0.14s           2026-07-30T12:45:01                      10
/home/airflow/.local/lib/python3.12/site-packages/airflow/example_dags/example_workday_timetable.py                                                         1           0  0.14s           2026-07-30T12:44:53                      12
/home/airflow/.local/lib/python3.12/site-packages/airflow/example_dags/example_sensor_decorator.py                                                          1           0  0.14s           2026-07-30T12:45:01                      10
/home/airflow/.local/lib/python3.12/site-packages/airflow/example_dags/example_short_circuit_decorator.py                                                   1           0  0.13s           2026-07-30T12:45:02                      10
/home/airflow/.local/lib/python3.12/site-packages/airflow/example_dags/example_latest_only_with_trigger.py                                                  1           0  0.13s           2026-07-30T12:45:03                      12
/home/airflow/.local/lib/python3.12/site-packages/airflow/example_dags/example_kubernetes_executor.py                                                       1           0  0.13s           2026-07-30T12:45:03                      10
/home/airflow/.local/lib/python3.12/site-packages/airflow/example_dags/example_short_circuit_operator.py                                                    1           0  0.13s           2026-07-30T12:44:59                      10
/home/airflow/.local/lib/python3.12/site-packages/airflow/example_dags/example_sla_dag.py                                                                   1           0  0.13s           2026-07-30T12:45:03                      12
/home/airflow/.local/lib/python3.12/site-packages/airflow/example_dags/example_python_operator.py                                                           1           0  0.13s           2026-07-30T12:45:02                      10
/home/airflow/.local/lib/python3.12/site-packages/airflow/example_dags/example_skip_dag.py                                                                  1           0  0.13s           2026-07-30T12:44:50                      12
/home/airflow/.local/lib/python3.12/site-packages/airflow/example_dags/example_task_group.py                                                                1           0  0.12s           2026-07-30T12:45:01                      10
/home/airflow/.local/lib/python3.12/site-packages/airflow/example_dags/tutorial_taskflow_api.py                                                             1           0  0.12s           2026-07-30T12:45:00                      10
/home/airflow/.local/lib/python3.12/site-packages/airflow/example_dags/example_complex.py                                                                   1           0  0.12s           2026-07-30T12:44:51                      10
/home/airflow/.local/lib/python3.12/site-packages/airflow/example_dags/example_python_decorator.py                                                          1           0  0.11s           2026-07-30T12:44:51                      10
/home/airflow/.local/lib/python3.12/site-packages/airflow/example_dags/example_trigger_target_dag.py                                                        1           0  0.11s           2026-07-30T12:45:02                      10
/home/airflow/.local/lib/python3.12/site-packages/airflow/example_dags/example_xcomargs.py                                                                  2           0  0.11s           2026-07-30T12:44:51                      13
/home/airflow/.local/lib/python3.12/site-packages/airflow/example_dags/example_sensors.py                                                                   1           0  0.11s           2026-07-30T12:44:50                      10
/home/airflow/.local/lib/python3.12/site-packages/airflow/example_dags/tutorial_dag.py                                                                      1           0  0.10s           2026-07-30T12:44:51                      10
/home/airflow/.local/lib/python3.12/site-packages/airflow/example_dags/example_xcom.py                                                                      1           0  0.10s           2026-07-30T12:44:53                      12
/home/airflow/.local/lib/python3.12/site-packages/airflow/example_dags/plugins/event_listener.py                                                            0           0  0.09s           2026-07-30T12:45:12                       3
/home/airflow/.local/lib/python3.12/site-packages/airflow/example_dags/plugins/listener_plugin.py                                                           0           0  0.09s           2026-07-30T12:45:12                       3
/home/airflow/.local/lib/python3.12/site-packages/airflow/example_dags/subdags/subdag.py                                                                    0           0  0.08s           2026-07-30T12:45:12                       3
/home/airflow/.local/lib/python3.12/site-packages/airflow/example_dags/plugins/decreasing_priority_weight_strategy.py                                       0           0  0.08s           2026-07-30T12:45:12                       3
/home/airflow/.local/lib/python3.12/site-packages/airflow/example_dags/plugins/workday.py                                                                   0           0  0.08s           2026-07-30T12:45:12                       3
================================================================================
[2026-07-30T12:45:48.436+0000] {manager.py:997} INFO - 
================================================================================
DAG File Processing Stats

File Path                                                                                                                          PID    Runtime      # DAGs    # Errors  Last Runtime    Last Run               Last # of DB Queries
---------------------------------------------------------------------------------------------------------------------------------  -----  ---------  --------  ----------  --------------  -------------------  ----------------------
/home/airflow/.local/lib/python3.12/site-packages/airflow/example_dags/example_outlet_event_extra.py                                                        3           0  1.28s           2026-07-30T12:45:36                      19
/home/airflow/.local/lib/python3.12/site-packages/airflow/example_dags/example_datasets.py                                                                 10           0  1.20s           2026-07-30T12:45:45                      49
/home/airflow/.local/lib/python3.12/site-packages/airflow/example_dags/example_dataset_alias.py                                                             4           0  0.98s           2026-07-30T12:45:43                      27
/home/airflow/.local/lib/python3.12/site-packages/airflow/example_dags/example_inlet_event_extra.py                                                         2           0  0.88s           2026-07-30T12:45:39                      15
/home/airflow/.local/lib/python3.12/site-packages/airflow/example_dags/example_dataset_alias_with_no_taskflow.py                                            4           0  0.78s           2026-07-30T12:45:42                      27
/home/airflow/.local/lib/python3.12/site-packages/airflow/example_dags/example_bash_decorator.py                                                            1           0  0.39s           2026-07-30T12:45:34                      10
/home/airflow/.local/lib/python3.12/site-packages/airflow/example_dags/example_dag_decorator.py                                                             1           0  0.38s           2026-07-30T12:45:30                      32
/home/airflow/.local/lib/python3.12/site-packages/airflow/example_dags/example_python_operator.py                                                           1           0  0.35s           2026-07-30T12:45:33                      10
/home/airflow/.local/lib/python3.12/site-packages/airflow/example_dags/example_passing_params_via_test_command.py                                           1           0  0.31s           2026-07-30T12:45:27                      12
/home/airflow/.local/lib/python3.12/site-packages/airflow/example_dags/example_nested_branch_dag.py                                                         1           0  0.28s           2026-07-30T12:45:35                      12
/home/airflow/.local/lib/python3.12/site-packages/airflow/example_dags/example_dynamic_task_mapping_with_no_taskflow_operators.py                           1           0  0.26s           2026-07-30T12:45:27                      10
/home/airflow/.local/lib/python3.12/site-packages/airflow/example_dags/tutorial.py                                                                          1           0  0.26s           2026-07-30T12:45:27                      12
/home/airflow/.local/lib/python3.12/site-packages/airflow/example_dags/tutorial_objectstorage.py                                                            1           0  0.25s           2026-07-30T12:45:27                      10
/home/airflow/.local/lib/python3.12/site-packages/airflow/example_dags/example_subdag_operator.py                                                           3           0  0.25s           2026-07-30T12:45:31                      20
/home/airflow/.local/lib/python3.12/site-packages/airflow/example_dags/example_params_ui_tutorial.py                                                        1           0  0.25s           2026-07-30T12:45:26                      10
/home/airflow/.local/lib/python3.12/site-packages/airflow/example_dags/example_short_circuit_decorator.py                                                   1           0  0.23s           2026-07-30T12:45:34                      10
/home/airflow/.local/lib/python3.12/site-packages/airflow/example_dags/example_workday_timetable.py                                                         1           0  0.23s           2026-07-30T12:45:24                      12
/home/airflow/.local/lib/python3.12/site-packages/airflow/example_dags/example_branch_operator_decorator.py                                                 1           0  0.23s           2026-07-30T12:45:34                      12
/home/airflow/.local/lib/python3.12/site-packages/airflow/example_dags/example_branch_datetime_operator.py                                                  3           0  0.22s           2026-07-30T12:45:31                      18
/home/airflow/.local/lib/python3.12/site-packages/airflow/example_dags/example_branch_day_of_week_operator.py                                               1           0  0.22s           2026-07-30T12:45:28                      12
/home/airflow/.local/lib/python3.12/site-packages/airflow/example_dags/example_branch_operator.py                                                           1           0  0.22s           2026-07-30T12:45:26                      12
/home/airflow/.local/lib/python3.12/site-packages/airflow/example_dags/example_bash_operator.py                                                             1           0  0.22s           2026-07-30T12:45:32                      12
/home/airflow/.local/lib/python3.12/site-packages/airflow/example_dags/example_display_name.py                                                              1           0  0.22s           2026-07-30T12:45:27                      10
/home/airflow/.local/lib/python3.12/site-packages/airflow/example_dags/example_params_trigger_ui.py                                                         1           0  0.21s           2026-07-30T12:45:31                      10
/home/airflow/.local/lib/python3.12/site-packages/airflow/example_dags/example_kubernetes_executor.py                                                       1           0  0.20s           2026-07-30T12:45:34                      10
/home/airflow/.local/lib/python3.12/site-packages/airflow/example_dags/example_local_kubernetes_executor.py                                                 1           0  0.20s           2026-07-30T12:45:29                      10
/home/airflow/.local/lib/python3.12/site-packages/airflow/example_dags/example_sla_dag.py                                                                   1           0  0.20s           2026-07-30T12:45:34                      12
/home/airflow/.local/lib/python3.12/site-packages/airflow/example_dags/example_dynamic_task_mapping.py                                                      1           0  0.20s           2026-07-30T12:45:27                      10
/home/airflow/.local/lib/python3.12/site-packages/airflow/example_dags/example_short_circuit_operator.py                                                    1           0  0.19s           2026-07-30T12:45:30                      10
/home/airflow/.local/lib/python3.12/site-packages/airflow/example_dags/example_branch_labels.py                                                             1           0  0.19s           2026-07-30T12:45:26                      12
/home/airflow/.local/lib/python3.12/site-packages/airflow/example_dags/example_external_task_marker_dag.py                                                  2           0  0.19s           2026-07-30T12:45:32                      13
/home/airflow/.local/lib/python3.12/site-packages/airflow/example_dags/tutorial_taskflow_templates.py                                                       1           0  0.19s           2026-07-30T12:45:32                      12
/home/airflow/.local/lib/python3.12/site-packages/airflow/example_dags/example_python_decorator.py                                                          1           0  0.19s           2026-07-30T12:45:21                      10
/home/airflow/.local/lib/python3.12/site-packages/airflow/example_dags/example_branch_python_dop_operator_3.py                                              1           0  0.19s           2026-07-30T12:45:30                      12
/home/airflow/.local/lib/python3.12/site-packages/airflow/example_dags/example_latest_only.py                                                               1           0  0.18s           2026-07-30T12:45:28                      12
/home/airflow/.local/lib/python3.12/site-packages/airflow/example_dags/example_setup_teardown_taskflow.py                                                   1           0  0.18s           2026-07-30T12:45:35                      10
/home/airflow/.local/lib/python3.12/site-packages/airflow/example_dags/example_trigger_target_dag.py                                                        1           0  0.18s           2026-07-30T12:45:34                      10
/home/airflow/.local/lib/python3.12/site-packages/airflow/example_dags/example_task_group_decorator.py                                                      1           0  0.18s           2026-07-30T12:45:26                      10
/home/airflow/.local/lib/python3.12/site-packages/airflow/example_dags/example_skip_dag.py                                                                  1           0  0.18s           2026-07-30T12:45:20                      12
/home/airflow/.local/lib/python3.12/site-packages/airflow/example_dags/example_complex.py                                                                   1           0  0.18s           2026-07-30T12:45:22                      10
/home/airflow/.local/lib/python3.12/site-packages/airflow/example_dags/tutorial_taskflow_api_virtualenv.py                                                  1           0  0.18s           2026-07-30T12:45:32                      10
/home/airflow/.local/lib/python3.12/site-packages/airflow/example_dags/example_latest_only_with_trigger.py                                                  1           0  0.18s           2026-07-30T12:45:34                      12
/home/airflow/.local/lib/python3.12/site-packages/airflow/example_dags/example_xcomargs.py                                                                  2           0  0.18s           2026-07-30T12:45:21                      13
/home/airflow/.local/lib/python3.12/site-packages/airflow/example_dags/example_setup_teardown.py                                                            1           0  0.17s           2026-07-30T12:45:35                      10
/home/airflow/.local/lib/python3.12/site-packages/airflow/example_dags/example_xcom.py                                                                      1           0  0.17s           2026-07-30T12:45:24                      12
/home/airflow/.local/lib/python3.12/site-packages/airflow/example_dags/tutorial_dag.py                                                                      1           0  0.17s           2026-07-30T12:45:21                      10
/home/airflow/.local/lib/python3.12/site-packages/airflow/example_dags/example_trigger_controller_dag.py                                                    1           0  0.17s           2026-07-30T12:45:28                      12
/home/airflow/.local/lib/python3.12/site-packages/airflow/example_dags/example_sensor_decorator.py                                                          1           0  0.17s           2026-07-30T12:45:31                      10
/home/airflow/.local/lib/python3.12/site-packages/airflow/example_dags/tutorial_taskflow_api.py                                                             1           0  0.16s           2026-07-30T12:45:31                      10
/home/airflow/.local/lib/python3.12/site-packages/airflow/example_dags/example_sensors.py                                                                   1           0  0.16s           2026-07-30T12:45:20                      10
/home/airflow/.local/lib/python3.12/site-packages/airflow/example_dags/example_time_delta_sensor_async.py                                                   1           0  0.16s           2026-07-30T12:45:32                      10
/home/airflow/.local/lib/python3.12/site-packages/airflow/example_dags/example_task_group.py                                                                1           0  0.15s           2026-07-30T12:45:32                      10
/home/airflow/.local/lib/python3.12/site-packages/airflow/example_dags/plugins/decreasing_priority_weight_strategy.py                                       0           0  0.10s           2026-07-30T12:45:43                       3
/home/airflow/.local/lib/python3.12/site-packages/airflow/example_dags/plugins/workday.py                                                                   0           0  0.10s           2026-07-30T12:45:43                       3
/home/airflow/.local/lib/python3.12/site-packages/airflow/example_dags/subdags/subdag.py                                                                    0           0  0.08s           2026-07-30T12:45:42                       3
/home/airflow/.local/lib/python3.12/site-packages/airflow/example_dags/plugins/listener_plugin.py                                                           0           0  0.08s           2026-07-30T12:45:43                       3
/home/airflow/.local/lib/python3.12/site-packages/airflow/example_dags/plugins/event_listener.py                                                            0           0  0.08s           2026-07-30T12:45:43                       3
================================================================================
[2026-07-30T12:46:18.894+0000] {manager.py:997} INFO - 
================================================================================
DAG File Processing Stats

File Path                                                                                                                          PID    Runtime      # DAGs    # Errors  Last Runtime    Last Run               Last # of DB Queries
---------------------------------------------------------------------------------------------------------------------------------  -----  ---------  --------  ----------  --------------  -------------------  ----------------------
/home/airflow/.local/lib/python3.12/site-packages/airflow/example_dags/example_outlet_event_extra.py                                                        3           0  1.32s           2026-07-30T12:46:08                      19
/home/airflow/.local/lib/python3.12/site-packages/airflow/example_dags/example_datasets.py                                                                 10           0  1.08s           2026-07-30T12:46:16                      49
/home/airflow/.local/lib/python3.12/site-packages/airflow/example_dags/example_dataset_alias_with_no_taskflow.py                                            4           0  1.06s           2026-07-30T12:46:14                      27
/home/airflow/.local/lib/python3.12/site-packages/airflow/example_dags/example_inlet_event_extra.py                                                         2           0  0.97s           2026-07-30T12:46:10                      15
/home/airflow/.local/lib/python3.12/site-packages/airflow/example_dags/example_dataset_alias.py                                                             4           0  0.89s           2026-07-30T12:46:14                      27
/home/airflow/.local/lib/python3.12/site-packages/airflow/example_dags/example_branch_operator_decorator.py                                                 1           0  0.48s           2026-07-30T12:46:06                      12
/home/airflow/.local/lib/python3.12/site-packages/airflow/example_dags/example_kubernetes_executor.py                                                       1           0  0.48s           2026-07-30T12:46:06                      10
/home/airflow/.local/lib/python3.12/site-packages/airflow/example_dags/example_trigger_target_dag.py                                                        1           0  0.45s           2026-07-30T12:46:05                      10
/home/airflow/.local/lib/python3.12/site-packages/airflow/example_dags/example_nested_branch_dag.py                                                         1           0  0.40s           2026-07-30T12:46:06                      12
/home/airflow/.local/lib/python3.12/site-packages/airflow/example_dags/example_latest_only_with_trigger.py                                                  1           0  0.40s           2026-07-30T12:46:06                      12
/home/airflow/.local/lib/python3.12/site-packages/airflow/example_dags/example_python_operator.py                                                           1           0  0.39s           2026-07-30T12:46:04                      10
/home/airflow/.local/lib/python3.12/site-packages/airflow/example_dags/example_sla_dag.py                                                                   1           0  0.39s           2026-07-30T12:46:06                      12
/home/airflow/.local/lib/python3.12/site-packages/airflow/example_dags/example_bash_decorator.py                                                            1           0  0.38s           2026-07-30T12:46:04                      10
/home/airflow/.local/lib/python3.12/site-packages/airflow/example_dags/example_dag_decorator.py                                                             1           0  0.36s           2026-07-30T12:46:01                      32
/home/airflow/.local/lib/python3.12/site-packages/airflow/example_dags/example_workday_timetable.py                                                         1           0  0.35s           2026-07-30T12:45:55                      12
/home/airflow/.local/lib/python3.12/site-packages/airflow/example_dags/example_short_circuit_decorator.py                                                   1           0  0.31s           2026-07-30T12:46:05                      10
/home/airflow/.local/lib/python3.12/site-packages/airflow/example_dags/example_python_decorator.py                                                          1           0  0.29s           2026-07-30T12:45:53                      10
/home/airflow/.local/lib/python3.12/site-packages/airflow/example_dags/example_complex.py                                                                   1           0  0.26s           2026-07-30T12:45:53                      10
/home/airflow/.local/lib/python3.12/site-packages/airflow/example_dags/example_xcom.py                                                                      1           0  0.26s           2026-07-30T12:45:55                      12
/home/airflow/.local/lib/python3.12/site-packages/airflow/example_dags/example_subdag_operator.py                                                           3           0  0.26s           2026-07-30T12:46:02                      20
/home/airflow/.local/lib/python3.12/site-packages/airflow/example_dags/example_display_name.py                                                              1           0  0.25s           2026-07-30T12:45:58                      10
/home/airflow/.local/lib/python3.12/site-packages/airflow/example_dags/tutorial.py                                                                          1           0  0.25s           2026-07-30T12:45:58                      12
/home/airflow/.local/lib/python3.12/site-packages/airflow/example_dags/example_branch_operator.py                                                           1           0  0.24s           2026-07-30T12:45:57                      12
/home/airflow/.local/lib/python3.12/site-packages/airflow/example_dags/tutorial_objectstorage.py                                                            1           0  0.24s           2026-07-30T12:45:58                      10
/home/airflow/.local/lib/python3.12/site-packages/airflow/example_dags/example_params_trigger_ui.py                                                         1           0  0.23s           2026-07-30T12:46:02                      10
/home/airflow/.local/lib/python3.12/site-packages/airflow/example_dags/example_task_group_decorator.py                                                      1           0  0.23s           2026-07-30T12:45:57                      10
/home/airflow/.local/lib/python3.12/site-packages/airflow/example_dags/example_dynamic_task_mapping_with_no_taskflow_operators.py                           1           0  0.22s           2026-07-30T12:45:57                      10
/home/airflow/.local/lib/python3.12/site-packages/airflow/example_dags/tutorial_taskflow_api_virtualenv.py                                                  1           0  0.22s           2026-07-30T12:46:03                      10
/home/airflow/.local/lib/python3.12/site-packages/airflow/example_dags/example_xcomargs.py                                                                  2           0  0.22s           2026-07-30T12:45:52                      13
/home/airflow/.local/lib/python3.12/site-packages/airflow/example_dags/example_dynamic_task_mapping.py                                                      1           0  0.22s           2026-07-30T12:45:58                      10
/home/airflow/.local/lib/python3.12/site-packages/airflow/example_dags/tutorial_dag.py                                                                      1           0  0.21s           2026-07-30T12:45:52                      10
/home/airflow/.local/lib/python3.12/site-packages/airflow/example_dags/example_latest_only.py                                                               1           0  0.21s           2026-07-30T12:45:59                      12
/home/airflow/.local/lib/python3.12/site-packages/airflow/example_dags/example_branch_datetime_operator.py                                                  3           0  0.21s           2026-07-30T12:46:02                      18
/home/airflow/.local/lib/python3.12/site-packages/airflow/example_dags/example_bash_operator.py                                                             1           0  0.21s           2026-07-30T12:46:03                      12
/home/airflow/.local/lib/python3.12/site-packages/airflow/example_dags/example_passing_params_via_test_command.py                                           1           0  0.21s           2026-07-30T12:45:57                      12
/home/airflow/.local/lib/python3.12/site-packages/airflow/example_dags/example_sensor_decorator.py                                                          1           0  0.21s           2026-07-30T12:46:02                      10
/home/airflow/.local/lib/python3.12/site-packages/airflow/example_dags/example_setup_teardown_taskflow.py                                                   1           0  0.21s           2026-07-30T12:46:07                      10
/home/airflow/.local/lib/python3.12/site-packages/airflow/example_dags/example_params_ui_tutorial.py                                                        1           0  0.20s           2026-07-30T12:45:57                      10
/home/airflow/.local/lib/python3.12/site-packages/airflow/example_dags/example_trigger_controller_dag.py                                                    1           0  0.20s           2026-07-30T12:45:59                      12
/home/airflow/.local/lib/python3.12/site-packages/airflow/example_dags/example_external_task_marker_dag.py                                                  2           0  0.20s           2026-07-30T12:46:02                      13
/home/airflow/.local/lib/python3.12/site-packages/airflow/example_dags/example_setup_teardown.py                                                            1           0  0.20s           2026-07-30T12:46:07                      10
/home/airflow/.local/lib/python3.12/site-packages/airflow/example_dags/example_short_circuit_operator.py                                                    1           0  0.19s           2026-07-30T12:46:01                      10
/home/airflow/.local/lib/python3.12/site-packages/airflow/example_dags/example_branch_day_of_week_operator.py                                               1           0  0.19s           2026-07-30T12:45:59                      12
/home/airflow/.local/lib/python3.12/site-packages/airflow/example_dags/example_local_kubernetes_executor.py                                                 1           0  0.19s           2026-07-30T12:46:00                      10
/home/airflow/.local/lib/python3.12/site-packages/airflow/example_dags/example_branch_labels.py                                                             1           0  0.19s           2026-07-30T12:45:57                      12
/home/airflow/.local/lib/python3.12/site-packages/airflow/example_dags/example_task_group.py                                                                1           0  0.19s           2026-07-30T12:46:03                      10
/home/airflow/.local/lib/python3.12/site-packages/airflow/example_dags/tutorial_taskflow_templates.py                                                       1           0  0.19s           2026-07-30T12:46:03                      12
/home/airflow/.local/lib/python3.12/site-packages/airflow/example_dags/example_branch_python_dop_operator_3.py                                              1           0  0.17s           2026-07-30T12:46:01                      12
/home/airflow/.local/lib/python3.12/site-packages/airflow/example_dags/tutorial_taskflow_api.py                                                             1           0  0.16s           2026-07-30T12:46:02                      10
/home/airflow/.local/lib/python3.12/site-packages/airflow/example_dags/example_time_delta_sensor_async.py                                                   1           0  0.16s           2026-07-30T12:46:03                      10
/home/airflow/.local/lib/python3.12/site-packages/airflow/example_dags/example_skip_dag.py                                                                  1           0  0.14s           2026-07-30T12:45:50                      12
/home/airflow/.local/lib/python3.12/site-packages/airflow/example_dags/example_sensors.py                                                                   1           0  0.12s           2026-07-30T12:45:50                      10
/home/airflow/.local/lib/python3.12/site-packages/airflow/example_dags/plugins/decreasing_priority_weight_strategy.py                                       0           0  0.10s           2026-07-30T12:46:13                       3
/home/airflow/.local/lib/python3.12/site-packages/airflow/example_dags/plugins/listener_plugin.py                                                           0           0  0.09s           2026-07-30T12:46:13                       3
/home/airflow/.local/lib/python3.12/site-packages/airflow/example_dags/plugins/event_listener.py                                                            0           0  0.08s           2026-07-30T12:46:13                       3
/home/airflow/.local/lib/python3.12/site-packages/airflow/example_dags/subdags/subdag.py                                                                    0           0  0.08s           2026-07-30T12:46:13                       3
/home/airflow/.local/lib/python3.12/site-packages/airflow/example_dags/plugins/workday.py                                                                   0           0  0.08s           2026-07-30T12:46:13                       3
================================================================================
[2026-07-30T12:46:49.223+0000] {manager.py:997} INFO - 
================================================================================
DAG File Processing Stats

File Path                                                                                                                          PID    Runtime      # DAGs    # Errors  Last Runtime    Last Run               Last # of DB Queries
---------------------------------------------------------------------------------------------------------------------------------  -----  ---------  --------  ----------  --------------  -------------------  ----------------------
/home/airflow/.local/lib/python3.12/site-packages/airflow/example_dags/example_datasets.py                                                                 10           0  1.40s           2026-07-30T12:46:48                      49
/home/airflow/.local/lib/python3.12/site-packages/airflow/example_dags/example_dataset_alias_with_no_taskflow.py                                            4           0  1.13s           2026-07-30T12:46:46                      27
/home/airflow/.local/lib/python3.12/site-packages/airflow/example_dags/example_dataset_alias.py                                                             4           0  1.00s           2026-07-30T12:46:46                      27
/home/airflow/.local/lib/python3.12/site-packages/airflow/example_dags/example_inlet_event_extra.py                                                         2           0  0.83s           2026-07-30T12:46:41                      15
/home/airflow/.local/lib/python3.12/site-packages/airflow/example_dags/example_outlet_event_extra.py                                                        3           0  0.83s           2026-07-30T12:46:40                      19
/home/airflow/.local/lib/python3.12/site-packages/airflow/example_dags/example_workday_timetable.py                                                         1           0  0.34s           2026-07-30T12:46:25                      12
/home/airflow/.local/lib/python3.12/site-packages/airflow/example_dags/example_dag_decorator.py                                                             1           0  0.30s           2026-07-30T12:46:31                      32
/home/airflow/.local/lib/python3.12/site-packages/airflow/example_dags/example_branch_day_of_week_operator.py                                               1           0  0.27s           2026-07-30T12:46:30                      12
/home/airflow/.local/lib/python3.12/site-packages/airflow/example_dags/example_xcom.py                                                                      1           0  0.26s           2026-07-30T12:46:25                      12
/home/airflow/.local/lib/python3.12/site-packages/airflow/example_dags/example_nested_branch_dag.py                                                         1           0  0.24s           2026-07-30T12:46:37                      12
/home/airflow/.local/lib/python3.12/site-packages/airflow/example_dags/example_kubernetes_executor.py                                                       1           0  0.24s           2026-07-30T12:46:37                      10
/home/airflow/.local/lib/python3.12/site-packages/airflow/example_dags/example_trigger_controller_dag.py                                                    1           0  0.23s           2026-07-30T12:46:30                      12
/home/airflow/.local/lib/python3.12/site-packages/airflow/example_dags/example_branch_operator.py                                                           1           0  0.23s           2026-07-30T12:46:28                      12
/home/airflow/.local/lib/python3.12/site-packages/airflow/example_dags/example_latest_only.py                                                               1           0  0.22s           2026-07-30T12:46:30                      12
/home/airflow/.local/lib/python3.12/site-packages/airflow/example_dags/example_short_circuit_decorator.py                                                   1           0  0.22s           2026-07-30T12:46:35                      10
/home/airflow/.local/lib/python3.12/site-packages/airflow/example_dags/example_latest_only_with_trigger.py                                                  1           0  0.22s           2026-07-30T12:46:37                      12
/home/airflow/.local/lib/python3.12/site-packages/airflow/example_dags/example_python_decorator.py                                                          1           0  0.21s           2026-07-30T12:46:23                      10
/home/airflow/.local/lib/python3.12/site-packages/airflow/example_dags/example_sla_dag.py                                                                   1           0  0.21s           2026-07-30T12:46:37                      12
/home/airflow/.local/lib/python3.12/site-packages/airflow/example_dags/example_branch_operator_decorator.py                                                 1           0  0.21s           2026-07-30T12:46:37                      12
/home/airflow/.local/lib/python3.12/site-packages/airflow/example_dags/example_python_operator.py                                                           1           0  0.20s           2026-07-30T12:46:35                      10
/home/airflow/.local/lib/python3.12/site-packages/airflow/example_dags/example_complex.py                                                                   1           0  0.20s           2026-07-30T12:46:23                      10
/home/airflow/.local/lib/python3.12/site-packages/airflow/example_dags/example_task_group_decorator.py                                                      1           0  0.19s           2026-07-30T12:46:27                      10
/home/airflow/.local/lib/python3.12/site-packages/airflow/example_dags/example_bash_decorator.py                                                            1           0  0.19s           2026-07-30T12:46:35                      10
/home/airflow/.local/lib/python3.12/site-packages/airflow/example_dags/tutorial_objectstorage.py                                                            1           0  0.19s           2026-07-30T12:46:28                      10
/home/airflow/.local/lib/python3.12/site-packages/airflow/example_dags/example_params_ui_tutorial.py                                                        1           0  0.19s           2026-07-30T12:46:28                      10
/home/airflow/.local/lib/python3.12/site-packages/airflow/example_dags/example_dynamic_task_mapping.py                                                      1           0  0.18s           2026-07-30T12:46:28                      10
/home/airflow/.local/lib/python3.12/site-packages/airflow/example_dags/tutorial.py                                                                          1           0  0.18s           2026-07-30T12:46:28                      12
/home/airflow/.local/lib/python3.12/site-packages/airflow/example_dags/example_passing_params_via_test_command.py                                           1           0  0.18s           2026-07-30T12:46:28                      12
/home/airflow/.local/lib/python3.12/site-packages/airflow/example_dags/example_xcomargs.py                                                                  2           0  0.18s           2026-07-30T12:46:23                      13
/home/airflow/.local/lib/python3.12/site-packages/airflow/example_dags/example_branch_python_dop_operator_3.py                                              1           0  0.18s           2026-07-30T12:46:31                      12
/home/airflow/.local/lib/python3.12/site-packages/airflow/example_dags/example_setup_teardown_taskflow.py                                                   1           0  0.17s           2026-07-30T12:46:37                      10
/home/airflow/.local/lib/python3.12/site-packages/airflow/example_dags/example_trigger_target_dag.py                                                        1           0  0.17s           2026-07-30T12:46:35                      10
/home/airflow/.local/lib/python3.12/site-packages/airflow/example_dags/example_time_delta_sensor_async.py                                                   1           0  0.17s           2026-07-30T12:46:34                      10
/home/airflow/.local/lib/python3.12/site-packages/airflow/example_dags/tutorial_dag.py                                                                      1           0  0.17s           2026-07-30T12:46:23                      10
/home/airflow/.local/lib/python3.12/site-packages/airflow/example_dags/example_bash_operator.py                                                             1           0  0.16s           2026-07-30T12:46:34                      12
/home/airflow/.local/lib/python3.12/site-packages/airflow/example_dags/example_branch_labels.py                                                             1           0  0.16s           2026-07-30T12:46:27                      12
/home/airflow/.local/lib/python3.12/site-packages/airflow/example_dags/example_display_name.py                                                              1           0  0.16s           2026-07-30T12:46:28                      10
/home/airflow/.local/lib/python3.12/site-packages/airflow/example_dags/example_subdag_operator.py                                                           3           0  0.16s           2026-07-30T12:46:32                      20
/home/airflow/.local/lib/python3.12/site-packages/airflow/example_dags/example_params_trigger_ui.py                                                         1           0  0.16s           2026-07-30T12:46:32                      10
/home/airflow/.local/lib/python3.12/site-packages/airflow/example_dags/tutorial_taskflow_templates.py                                                       1           0  0.16s           2026-07-30T12:46:34                      12
/home/airflow/.local/lib/python3.12/site-packages/airflow/example_dags/example_setup_teardown.py                                                            1           0  0.15s           2026-07-30T12:46:37                      10
/home/airflow/.local/lib/python3.12/site-packages/airflow/example_dags/example_dynamic_task_mapping_with_no_taskflow_operators.py                           1           0  0.15s           2026-07-30T12:46:28                      10
/home/airflow/.local/lib/python3.12/site-packages/airflow/example_dags/example_skip_dag.py                                                                  1           0  0.15s           2026-07-30T12:46:21                      12
/home/airflow/.local/lib/python3.12/site-packages/airflow/example_dags/example_branch_datetime_operator.py                                                  3           0  0.15s           2026-07-30T12:46:32                      18
/home/airflow/.local/lib/python3.12/site-packages/airflow/example_dags/example_local_kubernetes_executor.py                                                 1           0  0.15s           2026-07-30T12:46:31                      10
/home/airflow/.local/lib/python3.12/site-packages/airflow/example_dags/example_short_circuit_operator.py                                                    1           0  0.15s           2026-07-30T12:46:31                      10
/home/airflow/.local/lib/python3.12/site-packages/airflow/example_dags/example_sensors.py                                                                   1           0  0.15s           2026-07-30T12:46:21                      10
/home/airflow/.local/lib/python3.12/site-packages/airflow/example_dags/tutorial_taskflow_api_virtualenv.py                                                  1           0  0.14s           2026-07-30T12:46:34                      10
/home/airflow/.local/lib/python3.12/site-packages/airflow/example_dags/example_external_task_marker_dag.py                                                  2           0  0.14s           2026-07-30T12:46:33                      13
/home/airflow/.local/lib/python3.12/site-packages/airflow/example_dags/example_task_group.py                                                                1           0  0.14s           2026-07-30T12:46:34                      10
/home/airflow/.local/lib/python3.12/site-packages/airflow/example_dags/example_sensor_decorator.py                                                          1           0  0.13s           2026-07-30T12:46:32                      10
/home/airflow/.local/lib/python3.12/site-packages/airflow/example_dags/tutorial_taskflow_api.py                                                             1           0  0.11s           2026-07-30T12:46:32                      10
/home/airflow/.local/lib/python3.12/site-packages/airflow/example_dags/plugins/workday.py                                                                   0           0  0.09s           2026-07-30T12:46:44                       3
/home/airflow/.local/lib/python3.12/site-packages/airflow/example_dags/plugins/event_listener.py                                                            0           0  0.09s           2026-07-30T12:46:43                       3
/home/airflow/.local/lib/python3.12/site-packages/airflow/example_dags/plugins/decreasing_priority_weight_strategy.py                                       0           0  0.08s           2026-07-30T12:46:44                       3
/home/airflow/.local/lib/python3.12/site-packages/airflow/example_dags/plugins/listener_plugin.py                                                           0           0  0.08s           2026-07-30T12:46:43                       3
/home/airflow/.local/lib/python3.12/site-packages/airflow/example_dags/subdags/subdag.py                                                                    0           0  0.08s           2026-07-30T12:46:43                       3
================================================================================
[2026-07-30T12:47:19.726+0000] {manager.py:997} INFO - 
================================================================================
DAG File Processing Stats

File Path                                                                                                                          PID    Runtime      # DAGs    # Errors  Last Runtime    Last Run               Last # of DB Queries
---------------------------------------------------------------------------------------------------------------------------------  -----  ---------  --------  ----------  --------------  -------------------  ----------------------
/home/airflow/.local/lib/python3.12/site-packages/airflow/example_dags/example_dataset_alias.py                                                             4           0  1.48s           2026-07-30T12:47:17                      27
/home/airflow/.local/lib/python3.12/site-packages/airflow/example_dags/example_dataset_alias_with_no_taskflow.py                                            4           0  1.46s           2026-07-30T12:47:17                      27
/home/airflow/.local/lib/python3.12/site-packages/airflow/example_dags/example_outlet_event_extra.py                                                        3           0  0.89s           2026-07-30T12:47:12                      19
/home/airflow/.local/lib/python3.12/site-packages/airflow/example_dags/example_inlet_event_extra.py                                                         2           0  0.87s           2026-07-30T12:47:12                      15
/home/airflow/.local/lib/python3.12/site-packages/airflow/example_dags/example_datasets.py                                                                 10           0  0.81s           2026-07-30T12:47:19                      49
/home/airflow/.local/lib/python3.12/site-packages/airflow/example_dags/example_sensors.py                                                                   1           0  0.59s           2026-07-30T12:46:51                      10
/home/airflow/.local/lib/python3.12/site-packages/airflow/example_dags/example_skip_dag.py                                                                  1           0  0.55s           2026-07-30T12:46:51                      12
/home/airflow/.local/lib/python3.12/site-packages/airflow/example_dags/example_workday_timetable.py                                                         1           0  0.39s           2026-07-30T12:46:56                      12
/home/airflow/.local/lib/python3.12/site-packages/airflow/example_dags/example_dag_decorator.py                                                             1           0  0.38s           2026-07-30T12:47:01                      32
/home/airflow/.local/lib/python3.12/site-packages/airflow/example_dags/example_bash_operator.py                                                             1           0  0.33s           2026-07-30T12:47:05                      12
/home/airflow/.local/lib/python3.12/site-packages/airflow/example_dags/example_time_delta_sensor_async.py                                                   1           0  0.32s           2026-07-30T12:47:05                      10
/home/airflow/.local/lib/python3.12/site-packages/airflow/example_dags/example_xcom.py                                                                      1           0  0.30s           2026-07-30T12:46:56                      12
/home/airflow/.local/lib/python3.12/site-packages/airflow/example_dags/example_bash_decorator.py                                                            1           0  0.29s           2026-07-30T12:47:06                      10
/home/airflow/.local/lib/python3.12/site-packages/airflow/example_dags/tutorial_taskflow_templates.py                                                       1           0  0.28s           2026-07-30T12:47:05                      12
/home/airflow/.local/lib/python3.12/site-packages/airflow/example_dags/tutorial_taskflow_api_virtualenv.py                                                  1           0  0.28s           2026-07-30T12:47:05                      10
/home/airflow/.local/lib/python3.12/site-packages/airflow/example_dags/example_branch_datetime_operator.py                                                  3           0  0.28s           2026-07-30T12:47:03                      18
/home/airflow/.local/lib/python3.12/site-packages/airflow/example_dags/example_params_trigger_ui.py                                                         1           0  0.27s           2026-07-30T12:47:03                      10
/home/airflow/.local/lib/python3.12/site-packages/airflow/example_dags/example_branch_python_dop_operator_3.py                                              1           0  0.27s           2026-07-30T12:47:02                      12
/home/airflow/.local/lib/python3.12/site-packages/airflow/example_dags/example_short_circuit_decorator.py                                                   1           0  0.26s           2026-07-30T12:47:06                      10
/home/airflow/.local/lib/python3.12/site-packages/airflow/example_dags/example_subdag_operator.py                                                           3           0  0.26s           2026-07-30T12:47:03                      20
/home/airflow/.local/lib/python3.12/site-packages/airflow/example_dags/example_branch_operator.py                                                           1           0  0.23s           2026-07-30T12:46:58                      12
/home/airflow/.local/lib/python3.12/site-packages/airflow/example_dags/example_local_kubernetes_executor.py                                                 1           0  0.23s           2026-07-30T12:47:01                      10
/home/airflow/.local/lib/python3.12/site-packages/airflow/example_dags/example_sensor_decorator.py                                                          1           0  0.23s           2026-07-30T12:47:03                      10
/home/airflow/.local/lib/python3.12/site-packages/airflow/example_dags/example_task_group.py                                                                1           0  0.22s           2026-07-30T12:47:05                      10
/home/airflow/.local/lib/python3.12/site-packages/airflow/example_dags/example_external_task_marker_dag.py                                                  2           0  0.22s           2026-07-30T12:47:03                      13
/home/airflow/.local/lib/python3.12/site-packages/airflow/example_dags/example_trigger_target_dag.py                                                        1           0  0.21s           2026-07-30T12:47:06                      10
/home/airflow/.local/lib/python3.12/site-packages/airflow/example_dags/example_params_ui_tutorial.py                                                        1           0  0.21s           2026-07-30T12:46:58                      10
/home/airflow/.local/lib/python3.12/site-packages/airflow/example_dags/example_task_group_decorator.py                                                      1           0  0.21s           2026-07-30T12:46:58                      10
/home/airflow/.local/lib/python3.12/site-packages/airflow/example_dags/example_latest_only.py                                                               1           0  0.20s           2026-07-30T12:47:00                      12
/home/airflow/.local/lib/python3.12/site-packages/airflow/example_dags/example_branch_operator_decorator.py                                                 1           0  0.20s           2026-07-30T12:47:07                      12
/home/airflow/.local/lib/python3.12/site-packages/airflow/example_dags/example_kubernetes_executor.py                                                       1           0  0.20s           2026-07-30T12:47:07                      10
/home/airflow/.local/lib/python3.12/site-packages/airflow/example_dags/example_short_circuit_operator.py                                                    1           0  0.20s           2026-07-30T12:47:02                      10
/home/airflow/.local/lib/python3.12/site-packages/airflow/example_dags/tutorial_taskflow_api.py                                                             1           0  0.20s           2026-07-30T12:47:03                      10
/home/airflow/.local/lib/python3.12/site-packages/airflow/example_dags/example_branch_day_of_week_operator.py                                               1           0  0.19s           2026-07-30T12:47:00                      12
/home/airflow/.local/lib/python3.12/site-packages/airflow/example_dags/example_dynamic_task_mapping_with_no_taskflow_operators.py                           1           0  0.19s           2026-07-30T12:46:59                      10
/home/airflow/.local/lib/python3.12/site-packages/airflow/example_dags/example_dynamic_task_mapping.py                                                      1           0  0.19s           2026-07-30T12:46:59                      10
/home/airflow/.local/lib/python3.12/site-packages/airflow/example_dags/example_python_operator.py                                                           1           0  0.19s           2026-07-30T12:47:06                      10
/home/airflow/.local/lib/python3.12/site-packages/airflow/example_dags/example_passing_params_via_test_command.py                                           1           0  0.18s           2026-07-30T12:46:58                      12
/home/airflow/.local/lib/python3.12/site-packages/airflow/example_dags/example_branch_labels.py                                                             1           0  0.18s           2026-07-30T12:46:58                      12
/home/airflow/.local/lib/python3.12/site-packages/airflow/example_dags/tutorial.py                                                                          1           0  0.18s           2026-07-30T12:46:59                      12
/home/airflow/.local/lib/python3.12/site-packages/airflow/example_dags/example_display_name.py                                                              1           0  0.17s           2026-07-30T12:46:59                      10
/home/airflow/.local/lib/python3.12/site-packages/airflow/example_dags/tutorial_objectstorage.py                                                            1           0  0.17s           2026-07-30T12:46:59                      10
/home/airflow/.local/lib/python3.12/site-packages/airflow/example_dags/example_nested_branch_dag.py                                                         1           0  0.16s           2026-07-30T12:47:08                      12
/home/airflow/.local/lib/python3.12/site-packages/airflow/example_dags/example_trigger_controller_dag.py                                                    1           0  0.16s           2026-07-30T12:47:00                      12
/home/airflow/.local/lib/python3.12/site-packages/airflow/example_dags/example_latest_only_with_trigger.py                                                  1           0  0.16s           2026-07-30T12:47:08                      12
/home/airflow/.local/lib/python3.12/site-packages/airflow/example_dags/example_sla_dag.py                                                                   1           0  0.16s           2026-07-30T12:47:07                      12
/home/airflow/.local/lib/python3.12/site-packages/airflow/example_dags/example_complex.py                                                                   1           0  0.16s           2026-07-30T12:46:54                      10
/home/airflow/.local/lib/python3.12/site-packages/airflow/example_dags/example_python_decorator.py                                                          1           0  0.15s           2026-07-30T12:46:53                      10
/home/airflow/.local/lib/python3.12/site-packages/airflow/example_dags/plugins/listener_plugin.py                                                           0           0  0.14s           2026-07-30T12:47:14                       3
/home/airflow/.local/lib/python3.12/site-packages/airflow/example_dags/example_xcomargs.py                                                                  2           0  0.14s           2026-07-30T12:46:53                      13
/home/airflow/.local/lib/python3.12/site-packages/airflow/example_dags/example_setup_teardown_taskflow.py                                                   1           0  0.14s           2026-07-30T12:47:08                      10
/home/airflow/.local/lib/python3.12/site-packages/airflow/example_dags/subdags/subdag.py                                                                    0           0  0.14s           2026-07-30T12:47:14                       3
/home/airflow/.local/lib/python3.12/site-packages/airflow/example_dags/example_setup_teardown.py                                                            1           0  0.13s           2026-07-30T12:47:08                      10
/home/airflow/.local/lib/python3.12/site-packages/airflow/example_dags/tutorial_dag.py                                                                      1           0  0.13s           2026-07-30T12:46:53                      10
/home/airflow/.local/lib/python3.12/site-packages/airflow/example_dags/plugins/workday.py                                                                   0           0  0.11s           2026-07-30T12:47:14                       3
/home/airflow/.local/lib/python3.12/site-packages/airflow/example_dags/plugins/decreasing_priority_weight_strategy.py                                       0           0  0.11s           2026-07-30T12:47:14                       3
/home/airflow/.local/lib/python3.12/site-packages/airflow/example_dags/plugins/event_listener.py                                                            0           0  0.11s           2026-07-30T12:47:14                       3
================================================================================
[2026-07-30T12:47:50.233+0000] {manager.py:997} INFO - 
================================================================================
DAG File Processing Stats

File Path                                                                                                                            PID  Runtime      # DAGs    # Errors  Last Runtime    Last Run               Last # of DB Queries
---------------------------------------------------------------------------------------------------------------------------------  -----  ---------  --------  ----------  --------------  -------------------  ----------------------
/home/airflow/.local/lib/python3.12/site-packages/airflow/example_dags/example_dataset_alias.py                                                             4           0  1.29s           2026-07-30T12:47:49                      27
/home/airflow/.local/lib/python3.12/site-packages/airflow/example_dags/example_dataset_alias_with_no_taskflow.py                                            4           0  1.20s           2026-07-30T12:47:49                      27
/home/airflow/.local/lib/python3.12/site-packages/airflow/example_dags/example_outlet_event_extra.py                                                        3           0  0.93s           2026-07-30T12:47:43                      19
/home/airflow/.local/lib/python3.12/site-packages/airflow/example_dags/example_inlet_event_extra.py                                                         2           0  0.89s           2026-07-30T12:47:43                      15
/home/airflow/.local/lib/python3.12/site-packages/airflow/example_dags/example_datasets.py                                          1215  0.01s            10           0  0.81s           2026-07-30T12:47:19                      49
/home/airflow/.local/lib/python3.12/site-packages/airflow/example_dags/example_workday_timetable.py                                                         1           0  0.43s           2026-07-30T12:47:26                      12
/home/airflow/.local/lib/python3.12/site-packages/airflow/example_dags/tutorial_taskflow_templates.py                                                       1           0  0.42s           2026-07-30T12:47:35                      12
/home/airflow/.local/lib/python3.12/site-packages/airflow/example_dags/example_bash_operator.py                                                             1           0  0.41s           2026-07-30T12:47:35                      12
/home/airflow/.local/lib/python3.12/site-packages/airflow/example_dags/example_branch_labels.py                                                             1           0  0.39s           2026-07-30T12:47:29                      12
/home/airflow/.local/lib/python3.12/site-packages/airflow/example_dags/example_task_group_decorator.py                                                      1           0  0.39s           2026-07-30T12:47:29                      10
/home/airflow/.local/lib/python3.12/site-packages/airflow/example_dags/tutorial.py                                                                          1           0  0.36s           2026-07-30T12:47:30                      12
/home/airflow/.local/lib/python3.12/site-packages/airflow/example_dags/example_dag_decorator.py                                                             1           0  0.35s           2026-07-30T12:47:32                      32
/home/airflow/.local/lib/python3.12/site-packages/airflow/example_dags/example_xcom.py                                                                      1           0  0.35s           2026-07-30T12:47:26                      12
/home/airflow/.local/lib/python3.12/site-packages/airflow/example_dags/example_branch_operator.py                                                           1           0  0.35s           2026-07-30T12:47:30                      12
/home/airflow/.local/lib/python3.12/site-packages/airflow/example_dags/example_time_delta_sensor_async.py                                                   1           0  0.32s           2026-07-30T12:47:35                      10
/home/airflow/.local/lib/python3.12/site-packages/airflow/example_dags/example_python_operator.py                                                           1           0  0.31s           2026-07-30T12:47:36                      10
/home/airflow/.local/lib/python3.12/site-packages/airflow/example_dags/example_bash_decorator.py                                                            1           0  0.31s           2026-07-30T12:47:36                      10
/home/airflow/.local/lib/python3.12/site-packages/airflow/example_dags/example_branch_day_of_week_operator.py                                               1           0  0.31s           2026-07-30T12:47:31                      12
/home/airflow/.local/lib/python3.12/site-packages/airflow/example_dags/tutorial_taskflow_api_virtualenv.py                                                  1           0  0.29s           2026-07-30T12:47:36                      10
/home/airflow/.local/lib/python3.12/site-packages/airflow/example_dags/tutorial_objectstorage.py                                                            1           0  0.29s           2026-07-30T12:47:30                      10
/home/airflow/.local/lib/python3.12/site-packages/airflow/example_dags/example_params_ui_tutorial.py                                                        1           0  0.28s           2026-07-30T12:47:29                      10
/home/airflow/.local/lib/python3.12/site-packages/airflow/example_dags/example_passing_params_via_test_command.py                                           1           0  0.27s           2026-07-30T12:47:29                      12
/home/airflow/.local/lib/python3.12/site-packages/airflow/example_dags/example_short_circuit_decorator.py                                                   1           0  0.26s           2026-07-30T12:47:37                      10
/home/airflow/.local/lib/python3.12/site-packages/airflow/example_dags/example_dynamic_task_mapping_with_no_taskflow_operators.py                           1           0  0.26s           2026-07-30T12:47:30                      10
/home/airflow/.local/lib/python3.12/site-packages/airflow/example_dags/example_trigger_controller_dag.py                                                    1           0  0.26s           2026-07-30T12:47:31                      12
/home/airflow/.local/lib/python3.12/site-packages/airflow/example_dags/example_complex.py                                                                   1           0  0.23s           2026-07-30T12:47:24                      10
/home/airflow/.local/lib/python3.12/site-packages/airflow/example_dags/example_task_group.py                                                                1           0  0.23s           2026-07-30T12:47:36                      10
/home/airflow/.local/lib/python3.12/site-packages/airflow/example_dags/example_trigger_target_dag.py                                                        1           0  0.22s           2026-07-30T12:47:37                      10
/home/airflow/.local/lib/python3.12/site-packages/airflow/example_dags/example_display_name.py                                                              1           0  0.22s           2026-07-30T12:47:30                      10
/home/airflow/.local/lib/python3.12/site-packages/airflow/example_dags/example_branch_operator_decorator.py                                                 1           0  0.22s           2026-07-30T12:47:38                      12
/home/airflow/.local/lib/python3.12/site-packages/airflow/example_dags/example_latest_only.py                                                               1           0  0.21s           2026-07-30T12:47:31                      12
/home/airflow/.local/lib/python3.12/site-packages/airflow/example_dags/example_branch_datetime_operator.py                                                  3           0  0.21s           2026-07-30T12:47:33                      18
/home/airflow/.local/lib/python3.12/site-packages/airflow/example_dags/example_dynamic_task_mapping.py                                                      1           0  0.21s           2026-07-30T12:47:30                      10
/home/airflow/.local/lib/python3.12/site-packages/airflow/example_dags/example_kubernetes_executor.py                                                       1           0  0.21s           2026-07-30T12:47:38                      10
/home/airflow/.local/lib/python3.12/site-packages/airflow/example_dags/example_branch_python_dop_operator_3.py                                              1           0  0.20s           2026-07-30T12:47:32                      12
/home/airflow/.local/lib/python3.12/site-packages/airflow/example_dags/example_setup_teardown_taskflow.py                                                   1           0  0.20s           2026-07-30T12:47:38                      10
/home/airflow/.local/lib/python3.12/site-packages/airflow/example_dags/example_subdag_operator.py                                                           3           0  0.20s           2026-07-30T12:47:34                      20
/home/airflow/.local/lib/python3.12/site-packages/airflow/example_dags/example_short_circuit_operator.py                                                    1           0  0.20s           2026-07-30T12:47:32                      10
/home/airflow/.local/lib/python3.12/site-packages/airflow/example_dags/example_nested_branch_dag.py                                                         1           0  0.20s           2026-07-30T12:47:38                      12
/home/airflow/.local/lib/python3.12/site-packages/airflow/example_dags/example_python_decorator.py                                                          1           0  0.19s           2026-07-30T12:47:24                      10
/home/airflow/.local/lib/python3.12/site-packages/airflow/example_dags/example_local_kubernetes_executor.py                                                 1           0  0.18s           2026-07-30T12:47:32                      10
/home/airflow/.local/lib/python3.12/site-packages/airflow/example_dags/example_params_trigger_ui.py                                                         1           0  0.18s           2026-07-30T12:47:34                      10
/home/airflow/.local/lib/python3.12/site-packages/airflow/example_dags/example_setup_teardown.py                                                            1           0  0.18s           2026-07-30T12:47:38                      10
/home/airflow/.local/lib/python3.12/site-packages/airflow/example_dags/example_sla_dag.py                                                                   1           0  0.18s           2026-07-30T12:47:38                      12
/home/airflow/.local/lib/python3.12/site-packages/airflow/example_dags/example_latest_only_with_trigger.py                                                  1           0  0.17s           2026-07-30T12:47:38                      12
/home/airflow/.local/lib/python3.12/site-packages/airflow/example_dags/example_skip_dag.py                                                                  1           0  0.17s           2026-07-30T12:47:22                      12
/home/airflow/.local/lib/python3.12/site-packages/airflow/example_dags/example_xcomargs.py                                                                  2           0  0.17s           2026-07-30T12:47:24                      13
/home/airflow/.local/lib/python3.12/site-packages/airflow/example_dags/tutorial_dag.py                                                                      1           0  0.16s           2026-07-30T12:47:24                      10
/home/airflow/.local/lib/python3.12/site-packages/airflow/example_dags/example_external_task_marker_dag.py                                                  2           0  0.15s           2026-07-30T12:47:34                      13
/home/airflow/.local/lib/python3.12/site-packages/airflow/example_dags/example_sensor_decorator.py                                                          1           0  0.15s           2026-07-30T12:47:34                      10
/home/airflow/.local/lib/python3.12/site-packages/airflow/example_dags/tutorial_taskflow_api.py                                                             1           0  0.15s           2026-07-30T12:47:33                      10
/home/airflow/.local/lib/python3.12/site-packages/airflow/example_dags/example_sensors.py                                                                   1           0  0.14s           2026-07-30T12:47:22                      10
/home/airflow/.local/lib/python3.12/site-packages/airflow/example_dags/plugins/workday.py                                                                   0           0  0.13s           2026-07-30T12:47:45                       3
/home/airflow/.local/lib/python3.12/site-packages/airflow/example_dags/plugins/decreasing_priority_weight_strategy.py                                       0           0  0.10s           2026-07-30T12:47:45                       3
/home/airflow/.local/lib/python3.12/site-packages/airflow/example_dags/plugins/listener_plugin.py                                                           0           0  0.10s           2026-07-30T12:47:44                       3
/home/airflow/.local/lib/python3.12/site-packages/airflow/example_dags/plugins/event_listener.py                                                            0           0  0.10s           2026-07-30T12:47:44                       3
/home/airflow/.local/lib/python3.12/site-packages/airflow/example_dags/subdags/subdag.py                                                                    0           0  0.09s           2026-07-30T12:47:44                       3
================================================================================
[2026-07-30T12:48:20.546+0000] {manager.py:997} INFO - 
================================================================================
DAG File Processing Stats

File Path                                                                                                                            PID  Runtime      # DAGs    # Errors  Last Runtime    Last Run               Last # of DB Queries
---------------------------------------------------------------------------------------------------------------------------------  -----  ---------  --------  ----------  --------------  -------------------  ----------------------
/home/airflow/.local/lib/python3.12/site-packages/airflow/example_dags/example_outlet_event_extra.py                                                        3           0  1.21s           2026-07-30T12:48:15                      19
/home/airflow/.local/lib/python3.12/site-packages/airflow/example_dags/example_dataset_alias_with_no_taskflow.py                    1276  0.88s             4           0  1.20s           2026-07-30T12:47:49                      27
/home/airflow/.local/lib/python3.12/site-packages/airflow/example_dags/example_inlet_event_extra.py                                                         2           0  1.16s           2026-07-30T12:48:15                      15
/home/airflow/.local/lib/python3.12/site-packages/airflow/example_dags/example_datasets.py                                                                 10           0  1.01s           2026-07-30T12:47:51                      49
/home/airflow/.local/lib/python3.12/site-packages/airflow/example_dags/example_dataset_alias.py                                                             4           0  0.86s           2026-07-30T12:48:20                      27
/home/airflow/.local/lib/python3.12/site-packages/airflow/example_dags/example_dag_decorator.py                                                             1           0  0.36s           2026-07-30T12:48:03                      32
/home/airflow/.local/lib/python3.12/site-packages/airflow/example_dags/example_complex.py                                                                   1           0  0.34s           2026-07-30T12:47:55                      10
/home/airflow/.local/lib/python3.12/site-packages/airflow/example_dags/example_trigger_controller_dag.py                                                    1           0  0.31s           2026-07-30T12:48:02                      12
/home/airflow/.local/lib/python3.12/site-packages/airflow/example_dags/example_python_decorator.py                                                          1           0  0.28s           2026-07-30T12:47:54                      10
/home/airflow/.local/lib/python3.12/site-packages/airflow/example_dags/tutorial.py                                                                          1           0  0.28s           2026-07-30T12:48:01                      12
/home/airflow/.local/lib/python3.12/site-packages/airflow/example_dags/example_latest_only.py                                                               1           0  0.28s           2026-07-30T12:48:02                      12
/home/airflow/.local/lib/python3.12/site-packages/airflow/example_dags/tutorial_objectstorage.py                                                            1           0  0.26s           2026-07-30T12:48:01                      10
/home/airflow/.local/lib/python3.12/site-packages/airflow/example_dags/example_workday_timetable.py                                                         1           0  0.26s           2026-07-30T12:47:57                      12
/home/airflow/.local/lib/python3.12/site-packages/airflow/example_dags/example_dynamic_task_mapping.py                                                      1           0  0.25s           2026-07-30T12:48:01                      10
/home/airflow/.local/lib/python3.12/site-packages/airflow/example_dags/example_local_kubernetes_executor.py                                                 1           0  0.25s           2026-07-30T12:48:02                      10
/home/airflow/.local/lib/python3.12/site-packages/airflow/example_dags/example_branch_operator.py                                                           1           0  0.24s           2026-07-30T12:48:00                      12
/home/airflow/.local/lib/python3.12/site-packages/airflow/example_dags/example_branch_day_of_week_operator.py                                               1           0  0.23s           2026-07-30T12:48:01                      12
/home/airflow/.local/lib/python3.12/site-packages/airflow/example_dags/example_xcomargs.py                                                                  2           0  0.22s           2026-07-30T12:47:54                      13
/home/airflow/.local/lib/python3.12/site-packages/airflow/example_dags/example_display_name.py                                                              1           0  0.21s           2026-07-30T12:48:01                      10
/home/airflow/.local/lib/python3.12/site-packages/airflow/example_dags/tutorial_taskflow_api_virtualenv.py                                                  1           0  0.21s           2026-07-30T12:48:07                      10
/home/airflow/.local/lib/python3.12/site-packages/airflow/example_dags/tutorial_dag.py                                                                      1           0  0.21s           2026-07-30T12:47:54                      10
/home/airflow/.local/lib/python3.12/site-packages/airflow/example_dags/example_xcom.py                                                                      1           0  0.20s           2026-07-30T12:47:57                      12
/home/airflow/.local/lib/python3.12/site-packages/airflow/example_dags/example_bash_operator.py                                                             1           0  0.20s           2026-07-30T12:48:05                      12
/home/airflow/.local/lib/python3.12/site-packages/airflow/example_dags/example_task_group.py                                                                1           0  0.20s           2026-07-30T12:48:07                      10
/home/airflow/.local/lib/python3.12/site-packages/airflow/example_dags/example_passing_params_via_test_command.py                                           1           0  0.20s           2026-07-30T12:48:00                      12
/home/airflow/.local/lib/python3.12/site-packages/airflow/example_dags/example_subdag_operator.py                                                           3           0  0.20s           2026-07-30T12:48:04                      20
/home/airflow/.local/lib/python3.12/site-packages/airflow/example_dags/example_time_delta_sensor_async.py                                                   1           0  0.20s           2026-07-30T12:48:07                      10
/home/airflow/.local/lib/python3.12/site-packages/airflow/example_dags/example_short_circuit_decorator.py                                                   1           0  0.20s           2026-07-30T12:48:07                      10
/home/airflow/.local/lib/python3.12/site-packages/airflow/example_dags/example_branch_python_dop_operator_3.py                                              1           0  0.20s           2026-07-30T12:48:03                      12
/home/airflow/.local/lib/python3.12/site-packages/airflow/example_dags/example_branch_labels.py                                                             1           0  0.20s           2026-07-30T12:47:59                      12
/home/airflow/.local/lib/python3.12/site-packages/airflow/example_dags/example_short_circuit_operator.py                                                    1           0  0.20s           2026-07-30T12:48:02                      10
/home/airflow/.local/lib/python3.12/site-packages/airflow/example_dags/example_trigger_target_dag.py                                                        1           0  0.19s           2026-07-30T12:48:07                      10
/home/airflow/.local/lib/python3.12/site-packages/airflow/example_dags/example_task_group_decorator.py                                                      1           0  0.19s           2026-07-30T12:47:59                      10
/home/airflow/.local/lib/python3.12/site-packages/airflow/example_dags/example_branch_datetime_operator.py                                                  3           0  0.19s           2026-07-30T12:48:04                      18
/home/airflow/.local/lib/python3.12/site-packages/airflow/example_dags/example_params_trigger_ui.py                                                         1           0  0.19s           2026-07-30T12:48:04                      10
/home/airflow/.local/lib/python3.12/site-packages/airflow/example_dags/tutorial_taskflow_templates.py                                                       1           0  0.18s           2026-07-30T12:48:05                      12
/home/airflow/.local/lib/python3.12/site-packages/airflow/example_dags/example_bash_decorator.py                                                            1           0  0.18s           2026-07-30T12:48:07                      10
/home/airflow/.local/lib/python3.12/site-packages/airflow/example_dags/example_sensor_decorator.py                                                          1           0  0.17s           2026-07-30T12:48:04                      10
/home/airflow/.local/lib/python3.12/site-packages/airflow/example_dags/example_branch_operator_decorator.py                                                 1           0  0.17s           2026-07-30T12:48:08                      12
/home/airflow/.local/lib/python3.12/site-packages/airflow/example_dags/example_dynamic_task_mapping_with_no_taskflow_operators.py                           1           0  0.17s           2026-07-30T12:48:01                      10
/home/airflow/.local/lib/python3.12/site-packages/airflow/example_dags/example_python_operator.py                                                           1           0  0.16s           2026-07-30T12:48:07                      10
/home/airflow/.local/lib/python3.12/site-packages/airflow/example_dags/example_params_ui_tutorial.py                                                        1           0  0.16s           2026-07-30T12:47:59                      10
/home/airflow/.local/lib/python3.12/site-packages/airflow/example_dags/example_external_task_marker_dag.py                                                  2           0  0.16s           2026-07-30T12:48:04                      13
/home/airflow/.local/lib/python3.12/site-packages/airflow/example_dags/example_kubernetes_executor.py                                                       1           0  0.16s           2026-07-30T12:48:08                      10
/home/airflow/.local/lib/python3.12/site-packages/airflow/example_dags/example_nested_branch_dag.py                                                         1           0  0.16s           2026-07-30T12:48:09                      12
/home/airflow/.local/lib/python3.12/site-packages/airflow/example_dags/example_setup_teardown.py                                                            1           0  0.15s           2026-07-30T12:48:09                      10
/home/airflow/.local/lib/python3.12/site-packages/airflow/example_dags/example_skip_dag.py                                                                  1           0  0.15s           2026-07-30T12:47:52                      12
/home/airflow/.local/lib/python3.12/site-packages/airflow/example_dags/tutorial_taskflow_api.py                                                             1           0  0.15s           2026-07-30T12:48:04                      10
/home/airflow/.local/lib/python3.12/site-packages/airflow/example_dags/plugins/decreasing_priority_weight_strategy.py                                       0           0  0.14s           2026-07-30T12:48:15                       3
/home/airflow/.local/lib/python3.12/site-packages/airflow/example_dags/example_sla_dag.py                                                                   1           0  0.14s           2026-07-30T12:48:08                      12
/home/airflow/.local/lib/python3.12/site-packages/airflow/example_dags/example_latest_only_with_trigger.py                                                  1           0  0.14s           2026-07-30T12:48:08                      12
/home/airflow/.local/lib/python3.12/site-packages/airflow/example_dags/example_sensors.py                                                                   1           0  0.13s           2026-07-30T12:47:52                      10
/home/airflow/.local/lib/python3.12/site-packages/airflow/example_dags/example_setup_teardown_taskflow.py                                                   1           0  0.13s           2026-07-30T12:48:09                      10
/home/airflow/.local/lib/python3.12/site-packages/airflow/example_dags/plugins/listener_plugin.py                                                           0           0  0.11s           2026-07-30T12:48:15                       3
/home/airflow/.local/lib/python3.12/site-packages/airflow/example_dags/plugins/event_listener.py                                                            0           0  0.11s           2026-07-30T12:48:15                       3
/home/airflow/.local/lib/python3.12/site-packages/airflow/example_dags/plugins/workday.py                                                                   0           0  0.10s           2026-07-30T12:48:15                       3
/home/airflow/.local/lib/python3.12/site-packages/airflow/example_dags/subdags/subdag.py                                                                    0           0  0.10s           2026-07-30T12:48:15                       3
================================================================================
[2026-07-30T12:48:43.148+0000] {manager.py:821} INFO - Searching for files in /opt/airflow/dags
[2026-07-30T12:48:43.166+0000] {manager.py:824} INFO - There are 57 files in /opt/airflow/dags
[2026-07-30T12:48:51.127+0000] {manager.py:997} INFO - 
================================================================================
DAG File Processing Stats

File Path                                                                                                                            PID  Runtime      # DAGs    # Errors  Last Runtime    Last Run               Last # of DB Queries
---------------------------------------------------------------------------------------------------------------------------------  -----  ---------  --------  ----------  --------------  -------------------  ----------------------
/home/airflow/.local/lib/python3.12/site-packages/airflow/example_dags/example_outlet_event_extra.py                                                        3           0  1.58s           2026-07-30T12:48:47                      19
/home/airflow/.local/lib/python3.12/site-packages/airflow/example_dags/example_inlet_event_extra.py                                                         2           0  1.55s           2026-07-30T12:48:47                      15
/home/airflow/.local/lib/python3.12/site-packages/airflow/example_dags/example_datasets.py                                                                 10           0  0.93s           2026-07-30T12:48:22                      49
/home/airflow/.local/lib/python3.12/site-packages/airflow/example_dags/example_dataset_alias_with_no_taskflow.py                    1340  0.02s             4           0  0.91s           2026-07-30T12:48:20                      27
/home/airflow/.local/lib/python3.12/site-packages/airflow/example_dags/example_dataset_alias.py                                     1341  0.01s             4           0  0.86s           2026-07-30T12:48:20                      27
/home/airflow/.local/lib/python3.12/site-packages/airflow/example_dags/example_bash_operator.py                                                             1           0  0.27s           2026-07-30T12:48:36                      12
/home/airflow/.local/lib/python3.12/site-packages/airflow/example_dags/example_short_circuit_decorator.py                                                   1           0  0.26s           2026-07-30T12:48:38                      10
/home/airflow/.local/lib/python3.12/site-packages/airflow/example_dags/tutorial_taskflow_api_virtualenv.py                                                  1           0  0.26s           2026-07-30T12:48:37                      10
/home/airflow/.local/lib/python3.12/site-packages/airflow/example_dags/example_dag_decorator.py                                                             1           0  0.25s           2026-07-30T12:48:33                      32
/home/airflow/.local/lib/python3.12/site-packages/airflow/example_dags/tutorial_taskflow_templates.py                                                       1           0  0.25s           2026-07-30T12:48:36                      12
/home/airflow/.local/lib/python3.12/site-packages/airflow/example_dags/example_time_delta_sensor_async.py                                                   1           0  0.23s           2026-07-30T12:48:37                      10
/home/airflow/.local/lib/python3.12/site-packages/airflow/example_dags/example_python_decorator.py                                                          1           0  0.23s           2026-07-30T12:48:25                      10
/home/airflow/.local/lib/python3.12/site-packages/airflow/example_dags/example_branch_operator.py                                                           1           0  0.22s           2026-07-30T12:48:31                      12
/home/airflow/.local/lib/python3.12/site-packages/airflow/example_dags/tutorial_dag.py                                                                      1           0  0.22s           2026-07-30T12:48:24                      10
/home/airflow/.local/lib/python3.12/site-packages/airflow/example_dags/example_complex.py                                                                   1           0  0.22s           2026-07-30T12:48:25                      10
/home/airflow/.local/lib/python3.12/site-packages/airflow/example_dags/example_branch_operator_decorator.py                                                 1           0  0.21s           2026-07-30T12:48:39                      12
/home/airflow/.local/lib/python3.12/site-packages/airflow/example_dags/example_nested_branch_dag.py                                                         1           0  0.21s           2026-07-30T12:48:39                      12
/home/airflow/.local/lib/python3.12/site-packages/airflow/example_dags/example_kubernetes_executor.py                                                       1           0  0.21s           2026-07-30T12:48:39                      10
/home/airflow/.local/lib/python3.12/site-packages/airflow/example_dags/example_bash_decorator.py                                                            1           0  0.21s           2026-07-30T12:48:38                      10
/home/airflow/.local/lib/python3.12/site-packages/airflow/example_dags/example_params_trigger_ui.py                                                         1           0  0.20s           2026-07-30T12:48:35                      10
/home/airflow/.local/lib/python3.12/site-packages/airflow/example_dags/example_xcomargs.py                                                                  2           0  0.20s           2026-07-30T12:48:24                      13
/home/airflow/.local/lib/python3.12/site-packages/airflow/example_dags/example_task_group.py                                                                1           0  0.20s           2026-07-30T12:48:37                      10
/home/airflow/.local/lib/python3.12/site-packages/airflow/example_dags/example_subdag_operator.py                                                           3           0  0.20s           2026-07-30T12:48:35                      20
/home/airflow/.local/lib/python3.12/site-packages/airflow/example_dags/example_latest_only_with_trigger.py                                                  1           0  0.20s           2026-07-30T12:48:39                      12
/home/airflow/.local/lib/python3.12/site-packages/airflow/example_dags/example_dynamic_task_mapping.py                                                      1           0  0.19s           2026-07-30T12:48:31                      10
/home/airflow/.local/lib/python3.12/site-packages/airflow/example_dags/example_passing_params_via_test_command.py                                           1           0  0.19s           2026-07-30T12:48:31                      12
/home/airflow/.local/lib/python3.12/site-packages/airflow/example_dags/example_sensor_decorator.py                                                          1           0  0.19s           2026-07-30T12:48:35                      10
/home/airflow/.local/lib/python3.12/site-packages/airflow/example_dags/example_external_task_marker_dag.py                                                  2           0  0.19s           2026-07-30T12:48:35                      13
/home/airflow/.local/lib/python3.12/site-packages/airflow/example_dags/example_workday_timetable.py                                                         1           0  0.19s           2026-07-30T12:48:28                      12
/home/airflow/.local/lib/python3.12/site-packages/airflow/example_dags/tutorial.py                                                                          1           0  0.18s           2026-07-30T12:48:32                      12
/home/airflow/.local/lib/python3.12/site-packages/airflow/example_dags/example_sla_dag.py                                                                   1           0  0.18s           2026-07-30T12:48:39                      12
/home/airflow/.local/lib/python3.12/site-packages/airflow/example_dags/example_trigger_target_dag.py                                                        1           0  0.18s           2026-07-30T12:48:38                      10
/home/airflow/.local/lib/python3.12/site-packages/airflow/example_dags/example_setup_teardown_taskflow.py                                                   1           0  0.18s           2026-07-30T12:48:40                      10
/home/airflow/.local/lib/python3.12/site-packages/airflow/example_dags/example_branch_datetime_operator.py                                                  3           0  0.18s           2026-07-30T12:48:34                      18
/home/airflow/.local/lib/python3.12/site-packages/airflow/example_dags/example_python_operator.py                                                           1           0  0.18s           2026-07-30T12:48:37                      10
/home/airflow/.local/lib/python3.12/site-packages/airflow/example_dags/example_branch_day_of_week_operator.py                                               1           0  0.18s           2026-07-30T12:48:32                      12
/home/airflow/.local/lib/python3.12/site-packages/airflow/example_dags/tutorial_objectstorage.py                                                            1           0  0.17s           2026-07-30T12:48:31                      10
/home/airflow/.local/lib/python3.12/site-packages/airflow/example_dags/example_skip_dag.py                                                                  1           0  0.17s           2026-07-30T12:48:22                      12
/home/airflow/.local/lib/python3.12/site-packages/airflow/example_dags/example_xcom.py                                                                      1           0  0.17s           2026-07-30T12:48:28                      12
/home/airflow/.local/lib/python3.12/site-packages/airflow/example_dags/example_dynamic_task_mapping_with_no_taskflow_operators.py                           1           0  0.16s           2026-07-30T12:48:31                      10
/home/airflow/.local/lib/python3.12/site-packages/airflow/example_dags/example_setup_teardown.py                                                            1           0  0.16s           2026-07-30T12:48:40                      10
/home/airflow/.local/lib/python3.12/site-packages/airflow/example_dags/example_sensors.py                                                                   1           0  0.16s           2026-07-30T12:48:22                      10
/home/airflow/.local/lib/python3.12/site-packages/airflow/example_dags/example_display_name.py                                                              1           0  0.16s           2026-07-30T12:48:31                      10
/home/airflow/.local/lib/python3.12/site-packages/airflow/example_dags/example_trigger_controller_dag.py                                                    1           0  0.16s           2026-07-30T12:48:33                      12
/home/airflow/.local/lib/python3.12/site-packages/airflow/example_dags/example_branch_labels.py                                                             1           0  0.15s           2026-07-30T12:48:30                      12
/home/airflow/.local/lib/python3.12/site-packages/airflow/example_dags/example_params_ui_tutorial.py                                                        1           0  0.15s           2026-07-30T12:48:30                      10
/home/airflow/.local/lib/python3.12/site-packages/airflow/example_dags/example_task_group_decorator.py                                                      1           0  0.15s           2026-07-30T12:48:30                      10
/home/airflow/.local/lib/python3.12/site-packages/airflow/example_dags/example_short_circuit_operator.py                                                    1           0  0.15s           2026-07-30T12:48:33                      10
/home/airflow/.local/lib/python3.12/site-packages/airflow/example_dags/example_branch_python_dop_operator_3.py                                              1           0  0.15s           2026-07-30T12:48:33                      12
/home/airflow/.local/lib/python3.12/site-packages/airflow/example_dags/example_local_kubernetes_executor.py                                                 1           0  0.14s           2026-07-30T12:48:33                      10
/home/airflow/.local/lib/python3.12/site-packages/airflow/example_dags/example_latest_only.py                                                               1           0  0.14s           2026-07-30T12:48:33                      12
/home/airflow/.local/lib/python3.12/site-packages/airflow/example_dags/plugins/listener_plugin.py                                                           0           0  0.13s           2026-07-30T12:48:47                       3
/home/airflow/.local/lib/python3.12/site-packages/airflow/example_dags/tutorial_taskflow_api.py                                                             1           0  0.12s           2026-07-30T12:48:34                      10
/home/airflow/.local/lib/python3.12/site-packages/airflow/example_dags/plugins/decreasing_priority_weight_strategy.py                                       0           0  0.11s           2026-07-30T12:48:48                       3
/home/airflow/.local/lib/python3.12/site-packages/airflow/example_dags/subdags/subdag.py                                                                    0           0  0.11s           2026-07-30T12:48:47                       3
/home/airflow/.local/lib/python3.12/site-packages/airflow/example_dags/plugins/workday.py                                                                   0           0  0.11s           2026-07-30T12:48:48                       3
/home/airflow/.local/lib/python3.12/site-packages/airflow/example_dags/plugins/event_listener.py                                                            0           0  0.09s           2026-07-30T12:48:47                       3
================================================================================
[2026-07-30T12:49:21.320+0000] {manager.py:997} INFO - 
================================================================================
DAG File Processing Stats

File Path                                                                                                                          PID    Runtime      # DAGs    # Errors  Last Runtime    Last Run               Last # of DB Queries
---------------------------------------------------------------------------------------------------------------------------------  -----  ---------  --------  ----------  --------------  -------------------  ----------------------
/home/airflow/.local/lib/python3.12/site-packages/airflow/example_dags/example_outlet_event_extra.py                                                        3           0  1.02s           2026-07-30T12:49:19                      19
/home/airflow/.local/lib/python3.12/site-packages/airflow/example_dags/example_inlet_event_extra.py                                                         2           0  0.95s           2026-07-30T12:49:18                      15
/home/airflow/.local/lib/python3.12/site-packages/airflow/example_dags/example_dataset_alias.py                                                             4           0  0.79s           2026-07-30T12:48:51                      27
/home/airflow/.local/lib/python3.12/site-packages/airflow/example_dags/example_dataset_alias_with_no_taskflow.py                                            4           0  0.79s           2026-07-30T12:48:51                      27
/home/airflow/.local/lib/python3.12/site-packages/airflow/example_dags/example_datasets.py                                                                 10           0  0.78s           2026-07-30T12:48:53                      49
/home/airflow/.local/lib/python3.12/site-packages/airflow/example_dags/example_xcomargs.py                                                                  2           0  0.29s           2026-07-30T12:48:55                      13
/home/airflow/.local/lib/python3.12/site-packages/airflow/example_dags/tutorial_dag.py                                                                      1           0  0.27s           2026-07-30T12:48:55                      10
/home/airflow/.local/lib/python3.12/site-packages/airflow/example_dags/example_workday_timetable.py                                                         1           0  0.26s           2026-07-30T12:48:58                      12
/home/airflow/.local/lib/python3.12/site-packages/airflow/example_dags/example_python_decorator.py                                                          1           0  0.23s           2026-07-30T12:48:56                      10
/home/airflow/.local/lib/python3.12/site-packages/airflow/example_dags/example_dag_decorator.py                                                             1           0  0.23s           2026-07-30T12:49:04                      32
/home/airflow/.local/lib/python3.12/site-packages/airflow/example_dags/example_params_trigger_ui.py                                                         1           0  0.23s           2026-07-30T12:49:05                      10
/home/airflow/.local/lib/python3.12/site-packages/airflow/example_dags/example_complex.py                                                                   1           0  0.23s           2026-07-30T12:48:56                      10
/home/airflow/.local/lib/python3.12/site-packages/airflow/example_dags/example_subdag_operator.py                                                           3           0  0.23s           2026-07-30T12:49:05                      20
/home/airflow/.local/lib/python3.12/site-packages/airflow/example_dags/example_external_task_marker_dag.py                                                  2           0  0.21s           2026-07-30T12:49:05                      13
/home/airflow/.local/lib/python3.12/site-packages/airflow/example_dags/example_sensor_decorator.py                                                          1           0  0.20s           2026-07-30T12:49:05                      10
/home/airflow/.local/lib/python3.12/site-packages/airflow/example_dags/example_xcom.py                                                                      1           0  0.20s           2026-07-30T12:48:58                      12
/home/airflow/.local/lib/python3.12/site-packages/airflow/example_dags/example_task_group.py                                                                1           0  0.20s           2026-07-30T12:49:08                      10
/home/airflow/.local/lib/python3.12/site-packages/airflow/example_dags/tutorial.py                                                                          1           0  0.20s           2026-07-30T12:49:02                      12
/home/airflow/.local/lib/python3.12/site-packages/airflow/example_dags/example_branch_datetime_operator.py                                                  3           0  0.20s           2026-07-30T12:49:05                      18
/home/airflow/.local/lib/python3.12/site-packages/airflow/example_dags/example_branch_operator.py                                                           1           0  0.19s           2026-07-30T12:49:01                      12
/home/airflow/.local/lib/python3.12/site-packages/airflow/example_dags/example_bash_decorator.py                                                            1           0  0.19s           2026-07-30T12:49:08                      10
/home/airflow/.local/lib/python3.12/site-packages/airflow/example_dags/example_branch_operator_decorator.py                                                 1           0  0.19s           2026-07-30T12:49:09                      12
/home/airflow/.local/lib/python3.12/site-packages/airflow/example_dags/example_nested_branch_dag.py                                                         1           0  0.18s           2026-07-30T12:49:10                      12
/home/airflow/.local/lib/python3.12/site-packages/airflow/example_dags/tutorial_taskflow_api_virtualenv.py                                                  1           0  0.18s           2026-07-30T12:49:08                      10
/home/airflow/.local/lib/python3.12/site-packages/airflow/example_dags/example_latest_only_with_trigger.py                                                  1           0  0.18s           2026-07-30T12:49:10                      12
/home/airflow/.local/lib/python3.12/site-packages/airflow/example_dags/example_time_delta_sensor_async.py                                                   1           0  0.18s           2026-07-30T12:49:07                      10
/home/airflow/.local/lib/python3.12/site-packages/airflow/example_dags/example_branch_day_of_week_operator.py                                               1           0  0.17s           2026-07-30T12:49:02                      12
/home/airflow/.local/lib/python3.12/site-packages/airflow/example_dags/example_dynamic_task_mapping_with_no_taskflow_operators.py                           1           0  0.17s           2026-07-30T12:49:01                      10
/home/airflow/.local/lib/python3.12/site-packages/airflow/example_dags/example_passing_params_via_test_command.py                                           1           0  0.17s           2026-07-30T12:49:01                      12
/home/airflow/.local/lib/python3.12/site-packages/airflow/example_dags/example_bash_operator.py                                                             1           0  0.17s           2026-07-30T12:49:06                      12
/home/airflow/.local/lib/python3.12/site-packages/airflow/example_dags/example_setup_teardown.py                                                            1           0  0.17s           2026-07-30T12:49:11                      10
/home/airflow/.local/lib/python3.12/site-packages/airflow/example_dags/example_skip_dag.py                                                                  1           0  0.16s           2026-07-30T12:48:53                      12
/home/airflow/.local/lib/python3.12/site-packages/airflow/example_dags/example_kubernetes_executor.py                                                       1           0  0.16s           2026-07-30T12:49:09                      10
/home/airflow/.local/lib/python3.12/site-packages/airflow/example_dags/example_display_name.py                                                              1           0  0.16s           2026-07-30T12:49:02                      10
/home/airflow/.local/lib/python3.12/site-packages/airflow/example_dags/example_trigger_target_dag.py                                                        1           0  0.15s           2026-07-30T12:49:08                      10
/home/airflow/.local/lib/python3.12/site-packages/airflow/example_dags/example_setup_teardown_taskflow.py                                                   1           0  0.15s           2026-07-30T12:49:11                      10
/home/airflow/.local/lib/python3.12/site-packages/airflow/example_dags/example_short_circuit_decorator.py                                                   1           0  0.15s           2026-07-30T12:49:08                      10
/home/airflow/.local/lib/python3.12/site-packages/airflow/example_dags/tutorial_taskflow_api.py                                                             1           0  0.15s           2026-07-30T12:49:05                      10
/home/airflow/.local/lib/python3.12/site-packages/airflow/example_dags/example_local_kubernetes_executor.py                                                 1           0  0.15s           2026-07-30T12:49:03                      10
/home/airflow/.local/lib/python3.12/site-packages/airflow/example_dags/example_dynamic_task_mapping.py                                                      1           0  0.15s           2026-07-30T12:49:02                      10
/home/airflow/.local/lib/python3.12/site-packages/airflow/example_dags/tutorial_objectstorage.py                                                            1           0  0.15s           2026-07-30T12:49:02                      10
/home/airflow/.local/lib/python3.12/site-packages/airflow/example_dags/example_latest_only.py                                                               1           0  0.15s           2026-07-30T12:49:03                      12
/home/airflow/.local/lib/python3.12/site-packages/airflow/example_dags/tutorial_taskflow_templates.py                                                       1           0  0.15s           2026-07-30T12:49:06                      12
/home/airflow/.local/lib/python3.12/site-packages/airflow/example_dags/example_python_operator.py                                                           1           0  0.15s           2026-07-30T12:49:08                      10
/home/airflow/.local/lib/python3.12/site-packages/airflow/example_dags/example_trigger_controller_dag.py                                                    1           0  0.14s           2026-07-30T12:49:03                      12
/home/airflow/.local/lib/python3.12/site-packages/airflow/example_dags/example_params_ui_tutorial.py                                                        1           0  0.14s           2026-07-30T12:49:00                      10
/home/airflow/.local/lib/python3.12/site-packages/airflow/example_dags/example_sla_dag.py                                                                   1           0  0.14s           2026-07-30T12:49:09                      12
/home/airflow/.local/lib/python3.12/site-packages/airflow/example_dags/example_task_group_decorator.py                                                      1           0  0.14s           2026-07-30T12:49:00                      10
/home/airflow/.local/lib/python3.12/site-packages/airflow/example_dags/example_sensors.py                                                                   1           0  0.13s           2026-07-30T12:48:53                      10
/home/airflow/.local/lib/python3.12/site-packages/airflow/example_dags/example_branch_python_dop_operator_3.py                                              1           0  0.13s           2026-07-30T12:49:04                      12
/home/airflow/.local/lib/python3.12/site-packages/airflow/example_dags/example_branch_labels.py                                                             1           0  0.13s           2026-07-30T12:49:00                      12
/home/airflow/.local/lib/python3.12/site-packages/airflow/example_dags/example_short_circuit_operator.py                                                    1           0  0.12s           2026-07-30T12:49:03                      10
/home/airflow/.local/lib/python3.12/site-packages/airflow/example_dags/plugins/decreasing_priority_weight_strategy.py                                       0           0  0.11s           2026-07-30T12:49:19                       3
/home/airflow/.local/lib/python3.12/site-packages/airflow/example_dags/plugins/listener_plugin.py                                                           0           0  0.10s           2026-07-30T12:49:19                       3
/home/airflow/.local/lib/python3.12/site-packages/airflow/example_dags/plugins/event_listener.py                                                            0           0  0.10s           2026-07-30T12:49:19                       3
/home/airflow/.local/lib/python3.12/site-packages/airflow/example_dags/plugins/workday.py                                                                   0           0  0.09s           2026-07-30T12:49:19                       3
/home/airflow/.local/lib/python3.12/site-packages/airflow/example_dags/subdags/subdag.py                                                                    0           0  0.08s           2026-07-30T12:49:19                       3
================================================================================
[2026-07-30T12:49:51.483+0000] {manager.py:997} INFO - 
================================================================================
DAG File Processing Stats

File Path                                                                                                                          PID    Runtime      # DAGs    # Errors  Last Runtime    Last Run               Last # of DB Queries
---------------------------------------------------------------------------------------------------------------------------------  -----  ---------  --------  ----------  --------------  -------------------  ----------------------
/home/airflow/.local/lib/python3.12/site-packages/airflow/example_dags/example_dataset_alias_with_no_taskflow.py                                            4           0  1.21s           2026-07-30T12:49:23                      27
/home/airflow/.local/lib/python3.12/site-packages/airflow/example_dags/example_dataset_alias.py                                                             4           0  1.18s           2026-07-30T12:49:23                      27
/home/airflow/.local/lib/python3.12/site-packages/airflow/example_dags/example_datasets.py                                                                 10           0  1.01s           2026-07-30T12:49:24                      49
/home/airflow/.local/lib/python3.12/site-packages/airflow/example_dags/example_outlet_event_extra.py                                                        3           0  0.94s           2026-07-30T12:49:50                      19
/home/airflow/.local/lib/python3.12/site-packages/airflow/example_dags/example_inlet_event_extra.py                                                         2           0  0.82s           2026-07-30T12:49:50                      15
/home/airflow/.local/lib/python3.12/site-packages/airflow/example_dags/example_dag_decorator.py                                                             1           0  0.35s           2026-07-30T12:49:35                      32
/home/airflow/.local/lib/python3.12/site-packages/airflow/example_dags/example_subdag_operator.py                                                           3           0  0.32s           2026-07-30T12:49:36                      20
/home/airflow/.local/lib/python3.12/site-packages/airflow/example_dags/example_params_trigger_ui.py                                                         1           0  0.30s           2026-07-30T12:49:36                      10
/home/airflow/.local/lib/python3.12/site-packages/airflow/example_dags/example_workday_timetable.py                                                         1           0  0.30s           2026-07-30T12:49:29                      12
/home/airflow/.local/lib/python3.12/site-packages/airflow/example_dags/example_branch_python_dop_operator_3.py                                              1           0  0.24s           2026-07-30T12:49:35                      12
/home/airflow/.local/lib/python3.12/site-packages/airflow/example_dags/example_branch_datetime_operator.py                                                  3           0  0.24s           2026-07-30T12:49:36                      18
/home/airflow/.local/lib/python3.12/site-packages/airflow/example_dags/example_xcom.py                                                                      1           0  0.23s           2026-07-30T12:49:29                      12
/home/airflow/.local/lib/python3.12/site-packages/airflow/example_dags/example_task_group_decorator.py                                                      1           0  0.22s           2026-07-30T12:49:31                      10
/home/airflow/.local/lib/python3.12/site-packages/airflow/example_dags/example_sensor_decorator.py                                                          1           0  0.21s           2026-07-30T12:49:36                      10
/home/airflow/.local/lib/python3.12/site-packages/airflow/example_dags/example_branch_operator.py                                                           1           0  0.21s           2026-07-30T12:49:32                      12
/home/airflow/.local/lib/python3.12/site-packages/airflow/example_dags/example_sensors.py                                                                   1           0  0.19s           2026-07-30T12:49:23                      10
/home/airflow/.local/lib/python3.12/site-packages/airflow/example_dags/example_external_task_marker_dag.py                                                  2           0  0.19s           2026-07-30T12:49:36                      13
/home/airflow/.local/lib/python3.12/site-packages/airflow/example_dags/tutorial_taskflow_api_virtualenv.py                                                  1           0  0.19s           2026-07-30T12:49:38                      10
/home/airflow/.local/lib/python3.12/site-packages/airflow/example_dags/example_local_kubernetes_executor.py                                                 1           0  0.19s           2026-07-30T12:49:34                      10
/home/airflow/.local/lib/python3.12/site-packages/airflow/example_dags/tutorial_objectstorage.py                                                            1           0  0.19s           2026-07-30T12:49:33                      10
/home/airflow/.local/lib/python3.12/site-packages/airflow/example_dags/example_branch_labels.py                                                             1           0  0.19s           2026-07-30T12:49:31                      12
/home/airflow/.local/lib/python3.12/site-packages/airflow/example_dags/example_bash_decorator.py                                                            1           0  0.19s           2026-07-30T12:49:38                      10
/home/airflow/.local/lib/python3.12/site-packages/airflow/example_dags/tutorial.py                                                                          1           0  0.19s           2026-07-30T12:49:33                      12
/home/airflow/.local/lib/python3.12/site-packages/airflow/example_dags/example_nested_branch_dag.py                                                         1           0  0.18s           2026-07-30T12:49:41                      12
/home/airflow/.local/lib/python3.12/site-packages/airflow/example_dags/example_branch_day_of_week_operator.py                                               1           0  0.18s           2026-07-30T12:49:33                      12
/home/airflow/.local/lib/python3.12/site-packages/airflow/example_dags/tutorial_taskflow_templates.py                                                       1           0  0.18s           2026-07-30T12:49:38                      12
/home/airflow/.local/lib/python3.12/site-packages/airflow/example_dags/example_task_group.py                                                                1           0  0.18s           2026-07-30T12:49:38                      10
/home/airflow/.local/lib/python3.12/site-packages/airflow/example_dags/example_python_operator.py                                                           1           0  0.18s           2026-07-30T12:49:38                      10
/home/airflow/.local/lib/python3.12/site-packages/airflow/example_dags/example_bash_operator.py                                                             1           0  0.18s           2026-07-30T12:49:38                      12
/home/airflow/.local/lib/python3.12/site-packages/airflow/example_dags/example_latest_only_with_trigger.py                                                  1           0  0.18s           2026-07-30T12:49:41                      12
/home/airflow/.local/lib/python3.12/site-packages/airflow/example_dags/example_display_name.py                                                              1           0  0.18s           2026-07-30T12:49:33                      10
/home/airflow/.local/lib/python3.12/site-packages/airflow/example_dags/example_skip_dag.py                                                                  1           0  0.18s           2026-07-30T12:49:23                      12
/home/airflow/.local/lib/python3.12/site-packages/airflow/example_dags/example_passing_params_via_test_command.py                                           1           0  0.17s           2026-07-30T12:49:32                      12
/home/airflow/.local/lib/python3.12/site-packages/airflow/example_dags/example_setup_teardown_taskflow.py                                                   1           0  0.17s           2026-07-30T12:49:41                      10
/home/airflow/.local/lib/python3.12/site-packages/airflow/example_dags/example_xcomargs.py                                                                  2           0  0.17s           2026-07-30T12:49:25                      13
/home/airflow/.local/lib/python3.12/site-packages/airflow/example_dags/example_params_ui_tutorial.py                                                        1           0  0.17s           2026-07-30T12:49:31                      10
/home/airflow/.local/lib/python3.12/site-packages/airflow/example_dags/example_complex.py                                                                   1           0  0.17s           2026-07-30T12:49:27                      10
/home/airflow/.local/lib/python3.12/site-packages/airflow/example_dags/example_short_circuit_operator.py                                                    1           0  0.17s           2026-07-30T12:49:34                      10
/home/airflow/.local/lib/python3.12/site-packages/airflow/example_dags/tutorial_dag.py                                                                      1           0  0.17s           2026-07-30T12:49:25                      10
/home/airflow/.local/lib/python3.12/site-packages/airflow/example_dags/example_short_circuit_decorator.py                                                   1           0  0.16s           2026-07-30T12:49:38                      10
/home/airflow/.local/lib/python3.12/site-packages/airflow/example_dags/example_dynamic_task_mapping.py                                                      1           0  0.16s           2026-07-30T12:49:33                      10
/home/airflow/.local/lib/python3.12/site-packages/airflow/example_dags/tutorial_taskflow_api.py                                                             1           0  0.16s           2026-07-30T12:49:36                      10
/home/airflow/.local/lib/python3.12/site-packages/airflow/example_dags/example_setup_teardown.py                                                            1           0  0.16s           2026-07-30T12:49:41                      10
/home/airflow/.local/lib/python3.12/site-packages/airflow/example_dags/example_latest_only.py                                                               1           0  0.15s           2026-07-30T12:49:34                      12
/home/airflow/.local/lib/python3.12/site-packages/airflow/example_dags/example_python_decorator.py                                                          1           0  0.15s           2026-07-30T12:49:27                      10
/home/airflow/.local/lib/python3.12/site-packages/airflow/example_dags/example_dynamic_task_mapping_with_no_taskflow_operators.py                           1           0  0.15s           2026-07-30T12:49:32                      10
/home/airflow/.local/lib/python3.12/site-packages/airflow/example_dags/example_branch_operator_decorator.py                                                 1           0  0.15s           2026-07-30T12:49:39                      12
/home/airflow/.local/lib/python3.12/site-packages/airflow/example_dags/example_trigger_controller_dag.py                                                    1           0  0.15s           2026-07-30T12:49:34                      12
/home/airflow/.local/lib/python3.12/site-packages/airflow/example_dags/example_sla_dag.py                                                                   1           0  0.14s           2026-07-30T12:49:40                      12
/home/airflow/.local/lib/python3.12/site-packages/airflow/example_dags/example_kubernetes_executor.py                                                       1           0  0.14s           2026-07-30T12:49:39                      10
/home/airflow/.local/lib/python3.12/site-packages/airflow/example_dags/example_trigger_target_dag.py                                                        1           0  0.14s           2026-07-30T12:49:38                      10
/home/airflow/.local/lib/python3.12/site-packages/airflow/example_dags/example_time_delta_sensor_async.py                                                   1           0  0.14s           2026-07-30T12:49:38                      10
/home/airflow/.local/lib/python3.12/site-packages/airflow/example_dags/plugins/workday.py                                                                   0           0  0.09s           2026-07-30T12:49:50                       3
/home/airflow/.local/lib/python3.12/site-packages/airflow/example_dags/plugins/listener_plugin.py                                                           0           0  0.08s           2026-07-30T12:49:50                       3
/home/airflow/.local/lib/python3.12/site-packages/airflow/example_dags/subdags/subdag.py                                                                    0           0  0.08s           2026-07-30T12:49:50                       3
/home/airflow/.local/lib/python3.12/site-packages/airflow/example_dags/plugins/event_listener.py                                                            0           0  0.08s           2026-07-30T12:49:50                       3
/home/airflow/.local/lib/python3.12/site-packages/airflow/example_dags/plugins/decreasing_priority_weight_strategy.py                                       0           0  0.07s           2026-07-30T12:49:50                       3
================================================================================
[2026-07-30T12:50:00.394+0000] {manager.py:465} INFO - Exiting gracefully upon receiving signal 15
[2026-07-30T12:50:00.418+0000] {manager.py:465} INFO - Exiting gracefully upon receiving signal 15
[2026-07-30T12:50:00.398+0000] {manager.py:465} INFO - Exiting gracefully upon receiving signal 15
[2026-07-30T12:50:02.299+0000] {manager.py:465} INFO - Exiting gracefully upon receiving signal 15
[2026-07-30T12:50:02.424+0000] {manager.py:465} INFO - Exiting gracefully upon receiving signal 15
[2026-07-30T12:54:23.429+0000] {manager.py:483} INFO - Processing files using up to 2 processes at a time 
[2026-07-30T12:54:23.432+0000] {manager.py:484} INFO - Process each file at most once every 30 seconds
[2026-07-30T12:54:23.436+0000] {manager.py:485} INFO - Checking for new files in /opt/airflow/dags every 300 seconds
[2026-07-30T12:54:23.440+0000] {manager.py:821} INFO - Searching for files in /opt/airflow/dags
[2026-07-30T12:54:23.530+0000] {manager.py:824} INFO - There are 57 files in /opt/airflow/dags
[2026-07-30T12:54:23.860+0000] {manager.py:997} INFO - 
================================================================================
DAG File Processing Stats

File Path                                                                                                                            PID  Runtime      # DAGs    # Errors  Last Runtime    Last Run      Last # of DB Queries
---------------------------------------------------------------------------------------------------------------------------------  -----  ---------  --------  ----------  --------------  ----------  ----------------------
/home/airflow/.local/lib/python3.12/site-packages/airflow/example_dags/example_skip_dag.py                                            81  0.15s             0           0                                                   0
/home/airflow/.local/lib/python3.12/site-packages/airflow/example_dags/example_sensors.py                                             82  0.09s             0           0                                                   0
/home/airflow/.local/lib/python3.12/site-packages/airflow/example_dags/tutorial_dag.py                                                                      0           0                                                   0
/home/airflow/.local/lib/python3.12/site-packages/airflow/example_dags/example_xcomargs.py                                                                  0           0                                                   0
/home/airflow/.local/lib/python3.12/site-packages/airflow/example_dags/example_python_decorator.py                                                          0           0                                                   0
/home/airflow/.local/lib/python3.12/site-packages/airflow/example_dags/example_outlet_event_extra.py                                                        0           0                                                   0
/home/airflow/.local/lib/python3.12/site-packages/airflow/example_dags/example_complex.py                                                                   0           0                                                   0
/home/airflow/.local/lib/python3.12/site-packages/airflow/example_dags/example_workday_timetable.py                                                         0           0                                                   0
/home/airflow/.local/lib/python3.12/site-packages/airflow/example_dags/example_xcom.py                                                                      0           0                                                   0
/home/airflow/.local/lib/python3.12/site-packages/airflow/example_dags/example_task_group_decorator.py                                                      0           0                                                   0
/home/airflow/.local/lib/python3.12/site-packages/airflow/example_dags/example_branch_labels.py                                                             0           0                                                   0
/home/airflow/.local/lib/python3.12/site-packages/airflow/example_dags/example_params_ui_tutorial.py                                                        0           0                                                   0
/home/airflow/.local/lib/python3.12/site-packages/airflow/example_dags/example_branch_operator.py                                                           0           0                                                   0
/home/airflow/.local/lib/python3.12/site-packages/airflow/example_dags/example_passing_params_via_test_command.py                                           0           0                                                   0
/home/airflow/.local/lib/python3.12/site-packages/airflow/example_dags/example_dynamic_task_mapping_with_no_taskflow_operators.py                           0           0                                                   0
/home/airflow/.local/lib/python3.12/site-packages/airflow/example_dags/example_dynamic_task_mapping.py                                                      0           0                                                   0
/home/airflow/.local/lib/python3.12/site-packages/airflow/example_dags/example_display_name.py                                                              0           0                                                   0
/home/airflow/.local/lib/python3.12/site-packages/airflow/example_dags/tutorial_objectstorage.py                                                            0           0                                                   0
/home/airflow/.local/lib/python3.12/site-packages/airflow/example_dags/tutorial.py                                                                          0           0                                                   0
/home/airflow/.local/lib/python3.12/site-packages/airflow/example_dags/example_branch_day_of_week_operator.py                                               0           0                                                   0
/home/airflow/.local/lib/python3.12/site-packages/airflow/example_dags/example_trigger_controller_dag.py                                                    0           0                                                   0
/home/airflow/.local/lib/python3.12/site-packages/airflow/example_dags/example_latest_only.py                                                               0           0                                                   0
/home/airflow/.local/lib/python3.12/site-packages/airflow/example_dags/example_local_kubernetes_executor.py                                                 0           0                                                   0
/home/airflow/.local/lib/python3.12/site-packages/airflow/example_dags/example_inlet_event_extra.py                                                         0           0                                                   0
/home/airflow/.local/lib/python3.12/site-packages/airflow/example_dags/example_dag_decorator.py                                                             0           0                                                   0
/home/airflow/.local/lib/python3.12/site-packages/airflow/example_dags/example_short_circuit_operator.py                                                    0           0                                                   0
/home/airflow/.local/lib/python3.12/site-packages/airflow/example_dags/example_branch_python_dop_operator_3.py                                              0           0                                                   0
/home/airflow/.local/lib/python3.12/site-packages/airflow/example_dags/example_branch_datetime_operator.py                                                  0           0                                                   0
/home/airflow/.local/lib/python3.12/site-packages/airflow/example_dags/tutorial_taskflow_api.py                                                             0           0                                                   0
/home/airflow/.local/lib/python3.12/site-packages/airflow/example_dags/example_subdag_operator.py                                                           0           0                                                   0
/home/airflow/.local/lib/python3.12/site-packages/airflow/example_dags/example_params_trigger_ui.py                                                         0           0                                                   0
/home/airflow/.local/lib/python3.12/site-packages/airflow/example_dags/example_sensor_decorator.py                                                          0           0                                                   0
/home/airflow/.local/lib/python3.12/site-packages/airflow/example_dags/example_external_task_marker_dag.py                                                  0           0                                                   0
/home/airflow/.local/lib/python3.12/site-packages/airflow/example_dags/example_bash_operator.py                                                             0           0                                                   0
/home/airflow/.local/lib/python3.12/site-packages/airflow/example_dags/tutorial_taskflow_templates.py                                                       0           0                                                   0
/home/airflow/.local/lib/python3.12/site-packages/airflow/example_dags/example_time_delta_sensor_async.py                                                   0           0                                                   0
/home/airflow/.local/lib/python3.12/site-packages/airflow/example_dags/tutorial_taskflow_api_virtualenv.py                                                  0           0                                                   0
/home/airflow/.local/lib/python3.12/site-packages/airflow/example_dags/example_task_group.py                                                                0           0                                                   0
/home/airflow/.local/lib/python3.12/site-packages/airflow/example_dags/example_dataset_alias_with_no_taskflow.py                                            0           0                                                   0
/home/airflow/.local/lib/python3.12/site-packages/airflow/example_dags/example_bash_decorator.py                                                            0           0                                                   0
/home/airflow/.local/lib/python3.12/site-packages/airflow/example_dags/example_python_operator.py                                                           0           0                                                   0
/home/airflow/.local/lib/python3.12/site-packages/airflow/example_dags/example_short_circuit_decorator.py                                                   0           0                                                   0
/home/airflow/.local/lib/python3.12/site-packages/airflow/example_dags/example_trigger_target_dag.py                                                        0           0                                                   0
/home/airflow/.local/lib/python3.12/site-packages/airflow/example_dags/example_kubernetes_executor.py                                                       0           0                                                   0
/home/airflow/.local/lib/python3.12/site-packages/airflow/example_dags/example_branch_operator_decorator.py                                                 0           0                                                   0
/home/airflow/.local/lib/python3.12/site-packages/airflow/example_dags/example_sla_dag.py                                                                   0           0                                                   0
/home/airflow/.local/lib/python3.12/site-packages/airflow/example_dags/example_latest_only_with_trigger.py                                                  0           0                                                   0
/home/airflow/.local/lib/python3.12/site-packages/airflow/example_dags/example_dataset_alias.py                                                             0           0                                                   0
/home/airflow/.local/lib/python3.12/site-packages/airflow/example_dags/example_datasets.py                                                                  0           0                                                   0
/home/airflow/.local/lib/python3.12/site-packages/airflow/example_dags/example_nested_branch_dag.py                                                         0           0                                                   0
/home/airflow/.local/lib/python3.12/site-packages/airflow/example_dags/example_setup_teardown.py                                                            0           0                                                   0
/home/airflow/.local/lib/python3.12/site-packages/airflow/example_dags/example_setup_teardown_taskflow.py                                                   0           0                                                   0
/home/airflow/.local/lib/python3.12/site-packages/airflow/example_dags/subdags/subdag.py                                                                    0           0                                                   0
/home/airflow/.local/lib/python3.12/site-packages/airflow/example_dags/plugins/listener_plugin.py                                                           0           0                                                   0
/home/airflow/.local/lib/python3.12/site-packages/airflow/example_dags/plugins/event_listener.py                                                            0           0                                                   0
/home/airflow/.local/lib/python3.12/site-packages/airflow/example_dags/plugins/workday.py                                                                   0           0                                                   0
/home/airflow/.local/lib/python3.12/site-packages/airflow/example_dags/plugins/decreasing_priority_weight_strategy.py                                       0           0                                                   0
================================================================================
[2026-07-30T12:54:54.685+0000] {manager.py:997} INFO - 
================================================================================
DAG File Processing Stats

File Path                                                                                                                            PID  Runtime      # DAGs    # Errors  Last Runtime    Last Run               Last # of DB Queries
---------------------------------------------------------------------------------------------------------------------------------  -----  ---------  --------  ----------  --------------  -------------------  ----------------------
/home/airflow/.local/lib/python3.12/site-packages/airflow/example_dags/example_outlet_event_extra.py                                                        3           0  3.51s           2026-07-30T12:54:28                      19
/home/airflow/.local/lib/python3.12/site-packages/airflow/example_dags/example_inlet_event_extra.py                                                         2           0  1.44s           2026-07-30T12:54:33                      15
/home/airflow/.local/lib/python3.12/site-packages/airflow/example_dags/example_datasets.py                                                                 10           0  1.12s           2026-07-30T12:54:38                      49
/home/airflow/.local/lib/python3.12/site-packages/airflow/example_dags/example_dataset_alias.py                                                             4           0  1.03s           2026-07-30T12:54:37                      27
/home/airflow/.local/lib/python3.12/site-packages/airflow/example_dags/example_dataset_alias_with_no_taskflow.py                                            4           0  1.01s           2026-07-30T12:54:35                      27
/home/airflow/.local/lib/python3.12/site-packages/airflow/example_dags/example_python_decorator.py                                                          1           0  0.78s           2026-07-30T12:54:25                      32
/home/airflow/.local/lib/python3.12/site-packages/airflow/example_dags/tutorial_objectstorage.py                                                            1           0  0.73s           2026-07-30T12:54:30                      10
/home/airflow/.local/lib/python3.12/site-packages/airflow/example_dags/example_branch_operator.py                                                           1           0  0.69s           2026-07-30T12:54:29                      34
/home/airflow/.local/lib/python3.12/site-packages/airflow/example_dags/tutorial.py                                                                          1           0  0.67s           2026-07-30T12:54:31                      12
/home/airflow/.local/lib/python3.12/site-packages/airflow/example_dags/example_branch_day_of_week_operator.py                                               1           0  0.66s           2026-07-30T12:54:31                      12
/home/airflow/.local/lib/python3.12/site-packages/airflow/example_dags/example_xcom.py                                                                      1           0  0.64s           2026-07-30T12:54:27                      12
/home/airflow/.local/lib/python3.12/site-packages/airflow/example_dags/example_branch_labels.py                                                             1           0  0.64s           2026-07-30T12:54:28                      12
/home/airflow/.local/lib/python3.12/site-packages/airflow/example_dags/example_task_group_decorator.py                                                      1           0  0.54s           2026-07-30T12:54:27                      10
/home/airflow/.local/lib/python3.12/site-packages/airflow/example_dags/example_skip_dag.py                                           145  0.02s             1           0  0.53s           2026-07-30T12:54:24                      12
/home/airflow/.local/lib/python3.12/site-packages/airflow/example_dags/example_workday_timetable.py                                                         1           0  0.52s           2026-07-30T12:54:26                      12
/home/airflow/.local/lib/python3.12/site-packages/airflow/example_dags/example_complex.py                                                                   1           0  0.51s           2026-07-30T12:54:25                      10
/home/airflow/.local/lib/python3.12/site-packages/airflow/example_dags/example_dynamic_task_mapping.py                                                      1           0  0.47s           2026-07-30T12:54:30                      10
/home/airflow/.local/lib/python3.12/site-packages/airflow/example_dags/example_display_name.py                                                              1           0  0.45s           2026-07-30T12:54:30                      10
/home/airflow/.local/lib/python3.12/site-packages/airflow/example_dags/example_params_ui_tutorial.py                                                        1           0  0.43s           2026-07-30T12:54:28                      10
/home/airflow/.local/lib/python3.12/site-packages/airflow/example_dags/example_passing_params_via_test_command.py                                           1           0  0.43s           2026-07-30T12:54:29                      12
/home/airflow/.local/lib/python3.12/site-packages/airflow/example_dags/example_dag_decorator.py                                                             1           0  0.43s           2026-07-30T12:54:32                      32
/home/airflow/.local/lib/python3.12/site-packages/airflow/example_dags/example_xcomargs.py                                                                  2           0  0.42s           2026-07-30T12:54:24                      13
/home/airflow/.local/lib/python3.12/site-packages/airflow/example_dags/example_sensors.py                                            146  0.01s             1           0  0.42s           2026-07-30T12:54:24                      10
/home/airflow/.local/lib/python3.12/site-packages/airflow/example_dags/example_latest_only.py                                                               1           0  0.38s           2026-07-30T12:54:31                      12
/home/airflow/.local/lib/python3.12/site-packages/airflow/example_dags/example_trigger_controller_dag.py                                                    1           0  0.37s           2026-07-30T12:54:31                      12
/home/airflow/.local/lib/python3.12/site-packages/airflow/example_dags/example_branch_operator_decorator.py                                                 1           0  0.36s           2026-07-30T12:54:36                      34
/home/airflow/.local/lib/python3.12/site-packages/airflow/example_dags/example_bash_decorator.py                                                            1           0  0.36s           2026-07-30T12:54:36                      32
/home/airflow/.local/lib/python3.12/site-packages/airflow/example_dags/example_python_operator.py                                                           1           0  0.35s           2026-07-30T12:54:36                      32
/home/airflow/.local/lib/python3.12/site-packages/airflow/example_dags/example_dynamic_task_mapping_with_no_taskflow_operators.py                           1           0  0.33s           2026-07-30T12:54:29                      10
/home/airflow/.local/lib/python3.12/site-packages/airflow/example_dags/example_local_kubernetes_executor.py                                                 1           0  0.33s           2026-07-30T12:54:32                      10
/home/airflow/.local/lib/python3.12/site-packages/airflow/example_dags/tutorial_dag.py                                                                      1           0  0.33s           2026-07-30T12:54:24                      10
/home/airflow/.local/lib/python3.12/site-packages/airflow/example_dags/tutorial_taskflow_api_virtualenv.py                                                  1           0  0.31s           2026-07-30T12:54:34                      32
/home/airflow/.local/lib/python3.12/site-packages/airflow/example_dags/example_subdag_operator.py                                                           3           0  0.27s           2026-07-30T12:54:33                      20
/home/airflow/.local/lib/python3.12/site-packages/airflow/example_dags/example_short_circuit_operator.py                                                    1           0  0.26s           2026-07-30T12:54:32                      10
/home/airflow/.local/lib/python3.12/site-packages/airflow/example_dags/tutorial_taskflow_templates.py                                                       1           0  0.25s           2026-07-30T12:54:34                      12
/home/airflow/.local/lib/python3.12/site-packages/airflow/example_dags/example_bash_operator.py                                                             1           0  0.25s           2026-07-30T12:54:34                      12
/home/airflow/.local/lib/python3.12/site-packages/airflow/example_dags/example_external_task_marker_dag.py                                                  2           0  0.24s           2026-07-30T12:54:34                      13
/home/airflow/.local/lib/python3.12/site-packages/airflow/example_dags/example_params_trigger_ui.py                                                         1           0  0.24s           2026-07-30T12:54:33                      10
/home/airflow/.local/lib/python3.12/site-packages/airflow/example_dags/example_kubernetes_executor.py                                                       1           0  0.23s           2026-07-30T12:54:36                      10
/home/airflow/.local/lib/python3.12/site-packages/airflow/example_dags/example_branch_python_dop_operator_3.py                                              1           0  0.23s           2026-07-30T12:54:33                      12
/home/airflow/.local/lib/python3.12/site-packages/airflow/example_dags/example_branch_datetime_operator.py                                                  3           0  0.22s           2026-07-30T12:54:33                      18
/home/airflow/.local/lib/python3.12/site-packages/airflow/example_dags/example_sensor_decorator.py                                                          1           0  0.20s           2026-07-30T12:54:34                      10
/home/airflow/.local/lib/python3.12/site-packages/airflow/example_dags/example_sla_dag.py                                                                   1           0  0.19s           2026-07-30T12:54:36                      12
/home/airflow/.local/lib/python3.12/site-packages/airflow/example_dags/example_latest_only_with_trigger.py                                                  1           0  0.19s           2026-07-30T12:54:36                      12
/home/airflow/.local/lib/python3.12/site-packages/airflow/example_dags/example_trigger_target_dag.py                                                        1           0  0.19s           2026-07-30T12:54:36                      10
/home/airflow/.local/lib/python3.12/site-packages/airflow/example_dags/example_nested_branch_dag.py                                                         1           0  0.18s           2026-07-30T12:54:38                      12
/home/airflow/.local/lib/python3.12/site-packages/airflow/example_dags/example_task_group.py                                                                1           0  0.18s           2026-07-30T12:54:34                      10
/home/airflow/.local/lib/python3.12/site-packages/airflow/example_dags/tutorial_taskflow_api.py                                                             1           0  0.17s           2026-07-30T12:54:33                      10
/home/airflow/.local/lib/python3.12/site-packages/airflow/example_dags/example_setup_teardown_taskflow.py                                                   1           0  0.16s           2026-07-30T12:54:38                      10
/home/airflow/.local/lib/python3.12/site-packages/airflow/example_dags/example_setup_teardown.py                                                            1           0  0.16s           2026-07-30T12:54:38                      10
/home/airflow/.local/lib/python3.12/site-packages/airflow/example_dags/example_short_circuit_decorator.py                                                   1           0  0.16s           2026-07-30T12:54:36                      10
/home/airflow/.local/lib/python3.12/site-packages/airflow/example_dags/example_time_delta_sensor_async.py                                                   1           0  0.16s           2026-07-30T12:54:34                      10
/home/airflow/.local/lib/python3.12/site-packages/airflow/example_dags/plugins/workday.py                                                                   0           0  0.09s           2026-07-30T12:54:38                       3
/home/airflow/.local/lib/python3.12/site-packages/airflow/example_dags/plugins/listener_plugin.py                                                           0           0  0.09s           2026-07-30T12:54:38                       3
/home/airflow/.local/lib/python3.12/site-packages/airflow/example_dags/plugins/event_listener.py                                                            0           0  0.09s           2026-07-30T12:54:38                       3
/home/airflow/.local/lib/python3.12/site-packages/airflow/example_dags/plugins/decreasing_priority_weight_strategy.py                                       0           0  0.09s           2026-07-30T12:54:38                       3
/home/airflow/.local/lib/python3.12/site-packages/airflow/example_dags/subdags/subdag.py                                                                    0           0  0.09s           2026-07-30T12:54:38                       3
================================================================================
[2026-07-30T12:55:25.550+0000] {manager.py:997} INFO - 
================================================================================
DAG File Processing Stats

File Path                                                                                                                            PID  Runtime      # DAGs    # Errors  Last Runtime    Last Run               Last # of DB Queries
---------------------------------------------------------------------------------------------------------------------------------  -----  ---------  --------  ----------  --------------  -------------------  ----------------------
/home/airflow/.local/lib/python3.12/site-packages/airflow/example_dags/example_outlet_event_extra.py                                                        3           0  1.77s           2026-07-30T12:55:00                      19
/home/airflow/.local/lib/python3.12/site-packages/airflow/example_dags/example_inlet_event_extra.py                                                         2           0  1.67s           2026-07-30T12:55:05                      15
/home/airflow/.local/lib/python3.12/site-packages/airflow/example_dags/example_datasets.py                                                                 10           0  1.00s           2026-07-30T12:55:09                      49
/home/airflow/.local/lib/python3.12/site-packages/airflow/example_dags/example_dataset_alias.py                                                             4           0  0.90s           2026-07-30T12:55:09                      27
/home/airflow/.local/lib/python3.12/site-packages/airflow/example_dags/example_dataset_alias_with_no_taskflow.py                                            4           0  0.87s           2026-07-30T12:55:07                      27
/home/airflow/.local/lib/python3.12/site-packages/airflow/example_dags/example_dynamic_task_mapping.py                                                      1           0  0.75s           2026-07-30T12:55:01                      10
/home/airflow/.local/lib/python3.12/site-packages/airflow/example_dags/example_passing_params_via_test_command.py                                           1           0  0.64s           2026-07-30T12:55:00                      12
/home/airflow/.local/lib/python3.12/site-packages/airflow/example_dags/example_dag_decorator.py                                                             1           0  0.49s           2026-07-30T12:55:03                      32
/home/airflow/.local/lib/python3.12/site-packages/airflow/example_dags/tutorial_objectstorage.py                                                            1           0  0.47s           2026-07-30T12:55:02                      10
/home/airflow/.local/lib/python3.12/site-packages/airflow/example_dags/tutorial.py                                                                          1           0  0.45s           2026-07-30T12:55:02                      12
/home/airflow/.local/lib/python3.12/site-packages/airflow/example_dags/example_dynamic_task_mapping_with_no_taskflow_operators.py                           1           0  0.43s           2026-07-30T12:55:01                      10
/home/airflow/.local/lib/python3.12/site-packages/airflow/example_dags/example_branch_operator.py                                                           1           0  0.39s           2026-07-30T12:55:00                      12
/home/airflow/.local/lib/python3.12/site-packages/airflow/example_dags/example_params_trigger_ui.py                                                         1           0  0.36s           2026-07-30T12:55:05                      10
/home/airflow/.local/lib/python3.12/site-packages/airflow/example_dags/example_subdag_operator.py                                                           3           0  0.34s           2026-07-30T12:55:04                      20
/home/airflow/.local/lib/python3.12/site-packages/airflow/example_dags/example_branch_datetime_operator.py                                                  3           0  0.33s           2026-07-30T12:55:04                      18
/home/airflow/.local/lib/python3.12/site-packages/airflow/example_dags/example_latest_only.py                                                               1           0  0.32s           2026-07-30T12:55:02                      12
/home/airflow/.local/lib/python3.12/site-packages/airflow/example_dags/example_display_name.py                                                              1           0  0.32s           2026-07-30T12:55:01                      10
/home/airflow/.local/lib/python3.12/site-packages/airflow/example_dags/example_local_kubernetes_executor.py                                                 1           0  0.31s           2026-07-30T12:55:03                      10
/home/airflow/.local/lib/python3.12/site-packages/airflow/example_dags/example_trigger_controller_dag.py                                                    1           0  0.31s           2026-07-30T12:55:02                      12
/home/airflow/.local/lib/python3.12/site-packages/airflow/example_dags/example_branch_day_of_week_operator.py                                               1           0  0.29s           2026-07-30T12:55:02                      12
/home/airflow/.local/lib/python3.12/site-packages/airflow/example_dags/example_params_ui_tutorial.py                                                        1           0  0.29s           2026-07-30T12:54:59                      10
/home/airflow/.local/lib/python3.12/site-packages/airflow/example_dags/example_workday_timetable.py                                                         1           0  0.28s           2026-07-30T12:54:57                      12
/home/airflow/.local/lib/python3.12/site-packages/airflow/example_dags/example_short_circuit_operator.py                                                    1           0  0.26s           2026-07-30T12:55:03                      10
/home/airflow/.local/lib/python3.12/site-packages/airflow/example_dags/example_branch_python_dop_operator_3.py                                              1           0  0.26s           2026-07-30T12:55:03                      12
/home/airflow/.local/lib/python3.12/site-packages/airflow/example_dags/example_branch_labels.py                                                             1           0  0.25s           2026-07-30T12:54:58                      12
/home/airflow/.local/lib/python3.12/site-packages/airflow/example_dags/example_task_group_decorator.py                                                      1           0  0.24s           2026-07-30T12:54:58                      10
/home/airflow/.local/lib/python3.12/site-packages/airflow/example_dags/example_setup_teardown_taskflow.py                                                   1           0  0.24s           2026-07-30T12:55:10                      10
/home/airflow/.local/lib/python3.12/site-packages/airflow/example_dags/tutorial_taskflow_api.py                                                             1           0  0.23s           2026-07-30T12:55:04                      10
/home/airflow/.local/lib/python3.12/site-packages/airflow/example_dags/example_bash_operator.py                                                             1           0  0.20s           2026-07-30T12:55:05                      12
/home/airflow/.local/lib/python3.12/site-packages/airflow/example_dags/example_nested_branch_dag.py                                                         1           0  0.20s           2026-07-30T12:55:09                      12
/home/airflow/.local/lib/python3.12/site-packages/airflow/example_dags/example_external_task_marker_dag.py                                                  2           0  0.19s           2026-07-30T12:55:05                      13
/home/airflow/.local/lib/python3.12/site-packages/airflow/example_dags/example_sensor_decorator.py                                                          1           0  0.18s           2026-07-30T12:55:05                      10
/home/airflow/.local/lib/python3.12/site-packages/airflow/example_dags/example_xcom.py                                                                      1           0  0.18s           2026-07-30T12:54:57                      12
/home/airflow/.local/lib/python3.12/site-packages/airflow/example_dags/example_setup_teardown.py                                                            1           0  0.17s           2026-07-30T12:55:10                      10
/home/airflow/.local/lib/python3.12/site-packages/airflow/example_dags/tutorial_taskflow_templates.py                                                       1           0  0.17s           2026-07-30T12:55:05                      12
/home/airflow/.local/lib/python3.12/site-packages/airflow/example_dags/example_branch_operator_decorator.py                                                 1           0  0.17s           2026-07-30T12:55:07                      12
/home/airflow/.local/lib/python3.12/site-packages/airflow/example_dags/tutorial_taskflow_api_virtualenv.py                                                  1           0  0.16s           2026-07-30T12:55:05                      10
/home/airflow/.local/lib/python3.12/site-packages/airflow/example_dags/example_time_delta_sensor_async.py                                                   1           0  0.16s           2026-07-30T12:55:05                      10
/home/airflow/.local/lib/python3.12/site-packages/airflow/example_dags/example_latest_only_with_trigger.py                                                  1           0  0.15s           2026-07-30T12:55:07                      12
/home/airflow/.local/lib/python3.12/site-packages/airflow/example_dags/example_kubernetes_executor.py                                                       1           0  0.15s           2026-07-30T12:55:07                      10
/home/airflow/.local/lib/python3.12/site-packages/airflow/example_dags/example_bash_decorator.py                                                            1           0  0.14s           2026-07-30T12:55:06                      10
/home/airflow/.local/lib/python3.12/site-packages/airflow/example_dags/example_sensors.py                                            209  0.01s             1           0  0.14s           2026-07-30T12:54:54                      10
/home/airflow/.local/lib/python3.12/site-packages/airflow/example_dags/example_task_group.py                                                                1           0  0.14s           2026-07-30T12:55:05                      10
/home/airflow/.local/lib/python3.12/site-packages/airflow/example_dags/example_skip_dag.py                                           208  0.03s             1           0  0.14s           2026-07-30T12:54:54                      12
/home/airflow/.local/lib/python3.12/site-packages/airflow/example_dags/example_python_operator.py                                                           1           0  0.14s           2026-07-30T12:55:07                      10
/home/airflow/.local/lib/python3.12/site-packages/airflow/example_dags/example_sla_dag.py                                                                   1           0  0.13s           2026-07-30T12:55:07                      12
/home/airflow/.local/lib/python3.12/site-packages/airflow/example_dags/example_short_circuit_decorator.py                                                   1           0  0.12s           2026-07-30T12:55:07                      10
/home/airflow/.local/lib/python3.12/site-packages/airflow/example_dags/example_trigger_target_dag.py                                                        1           0  0.12s           2026-07-30T12:55:07                      10
/home/airflow/.local/lib/python3.12/site-packages/airflow/example_dags/example_xcomargs.py                                                                  2           0  0.12s           2026-07-30T12:54:55                      13
/home/airflow/.local/lib/python3.12/site-packages/airflow/example_dags/tutorial_dag.py                                                                      1           0  0.11s           2026-07-30T12:54:54                      10
/home/airflow/.local/lib/python3.12/site-packages/airflow/example_dags/example_python_decorator.py                                                          1           0  0.11s           2026-07-30T12:54:55                      10
/home/airflow/.local/lib/python3.12/site-packages/airflow/example_dags/example_complex.py                                                                   1           0  0.10s           2026-07-30T12:54:56                      10
/home/airflow/.local/lib/python3.12/site-packages/airflow/example_dags/plugins/listener_plugin.py                                                           0           0  0.10s           2026-07-30T12:55:10                       3
/home/airflow/.local/lib/python3.12/site-packages/airflow/example_dags/subdags/subdag.py                                                                    0           0  0.10s           2026-07-30T12:55:10                       3
/home/airflow/.local/lib/python3.12/site-packages/airflow/example_dags/plugins/event_listener.py                                                            0           0  0.09s           2026-07-30T12:55:10                       3
/home/airflow/.local/lib/python3.12/site-packages/airflow/example_dags/plugins/workday.py                                                                   0           0  0.09s           2026-07-30T12:55:10                       3
/home/airflow/.local/lib/python3.12/site-packages/airflow/example_dags/plugins/decreasing_priority_weight_strategy.py                                       0           0  0.09s           2026-07-30T12:55:10                       3
================================================================================
[2026-07-30T12:55:56.370+0000] {manager.py:997} INFO - 
================================================================================
DAG File Processing Stats

File Path                                                                                                                            PID  Runtime      # DAGs    # Errors  Last Runtime    Last Run               Last # of DB Queries
---------------------------------------------------------------------------------------------------------------------------------  -----  ---------  --------  ----------  --------------  -------------------  ----------------------
/home/airflow/.local/lib/python3.12/site-packages/airflow/example_dags/example_dataset_alias_with_no_taskflow.py                                            4           0  1.69s           2026-07-30T12:55:39                      27
/home/airflow/.local/lib/python3.12/site-packages/airflow/example_dags/example_datasets.py                                                                 10           0  1.69s           2026-07-30T12:55:41                      49
/home/airflow/.local/lib/python3.12/site-packages/airflow/example_dags/example_dataset_alias.py                                                             4           0  1.59s           2026-07-30T12:55:41                      27
/home/airflow/.local/lib/python3.12/site-packages/airflow/example_dags/example_outlet_event_extra.py                                                        3           0  1.18s           2026-07-30T12:55:31                      19
/home/airflow/.local/lib/python3.12/site-packages/airflow/example_dags/example_inlet_event_extra.py                                                         2           0  1.07s           2026-07-30T12:55:36                      15
/home/airflow/.local/lib/python3.12/site-packages/airflow/example_dags/example_nested_branch_dag.py                                                         1           0  0.34s           2026-07-30T12:55:41                      12
/home/airflow/.local/lib/python3.12/site-packages/airflow/example_dags/example_branch_operator_decorator.py                                                 1           0  0.33s           2026-07-30T12:55:39                      12
/home/airflow/.local/lib/python3.12/site-packages/airflow/example_dags/example_dag_decorator.py                                                             1           0  0.29s           2026-07-30T12:55:33                      32
/home/airflow/.local/lib/python3.12/site-packages/airflow/example_dags/example_setup_teardown.py                                                            1           0  0.28s           2026-07-30T12:55:41                      10
/home/airflow/.local/lib/python3.12/site-packages/airflow/example_dags/example_workday_timetable.py                                                         1           0  0.26s           2026-07-30T12:55:28                      12
/home/airflow/.local/lib/python3.12/site-packages/airflow/example_dags/example_kubernetes_executor.py                                                       1           0  0.25s           2026-07-30T12:55:38                      10
/home/airflow/.local/lib/python3.12/site-packages/airflow/example_dags/example_sla_dag.py                                                                   1           0  0.24s           2026-07-30T12:55:39                      12
/home/airflow/.local/lib/python3.12/site-packages/airflow/example_dags/example_subdag_operator.py                                                           3           0  0.23s           2026-07-30T12:55:35                      20
/home/airflow/.local/lib/python3.12/site-packages/airflow/example_dags/example_trigger_target_dag.py                                                        1           0  0.23s           2026-07-30T12:55:38                      10
/home/airflow/.local/lib/python3.12/site-packages/airflow/example_dags/example_branch_operator.py                                                           1           0  0.23s           2026-07-30T12:55:30                      12
/home/airflow/.local/lib/python3.12/site-packages/airflow/example_dags/example_latest_only_with_trigger.py                                                  1           0  0.23s           2026-07-30T12:55:39                      12
/home/airflow/.local/lib/python3.12/site-packages/airflow/example_dags/example_params_ui_tutorial.py                                                        1           0  0.22s           2026-07-30T12:55:30                      10
/home/airflow/.local/lib/python3.12/site-packages/airflow/example_dags/example_skip_dag.py                                           271  0.02s             1           0  0.21s           2026-07-30T12:55:25                      12
/home/airflow/.local/lib/python3.12/site-packages/airflow/example_dags/example_short_circuit_decorator.py                                                   1           0  0.21s           2026-07-30T12:55:37                      10
/home/airflow/.local/lib/python3.12/site-packages/airflow/example_dags/example_setup_teardown_taskflow.py                                                   1           0  0.20s           2026-07-30T12:55:41                      10
/home/airflow/.local/lib/python3.12/site-packages/airflow/example_dags/example_xcom.py                                                                      1           0  0.20s           2026-07-30T12:55:28                      12
/home/airflow/.local/lib/python3.12/site-packages/airflow/example_dags/example_bash_decorator.py                                                            1           0  0.20s           2026-07-30T12:55:37                      10
/home/airflow/.local/lib/python3.12/site-packages/airflow/example_dags/example_bash_operator.py                                                             1           0  0.20s           2026-07-30T12:55:35                      12
/home/airflow/.local/lib/python3.12/site-packages/airflow/example_dags/example_passing_params_via_test_command.py                                           1           0  0.20s           2026-07-30T12:55:31                      12
/home/airflow/.local/lib/python3.12/site-packages/airflow/example_dags/example_task_group_decorator.py                                                      1           0  0.20s           2026-07-30T12:55:29                      10
/home/airflow/.local/lib/python3.12/site-packages/airflow/example_dags/example_params_trigger_ui.py                                                         1           0  0.19s           2026-07-30T12:55:35                      10
/home/airflow/.local/lib/python3.12/site-packages/airflow/example_dags/example_branch_day_of_week_operator.py                                               1           0  0.19s           2026-07-30T12:55:33                      12
/home/airflow/.local/lib/python3.12/site-packages/airflow/example_dags/tutorial_taskflow_templates.py                                                       1           0  0.19s           2026-07-30T12:55:36                      12
/home/airflow/.local/lib/python3.12/site-packages/airflow/example_dags/example_branch_datetime_operator.py                                                  3           0  0.18s           2026-07-30T12:55:35                      18
/home/airflow/.local/lib/python3.12/site-packages/airflow/example_dags/example_time_delta_sensor_async.py                                                   1           0  0.18s           2026-07-30T12:55:36                      10
/home/airflow/.local/lib/python3.12/site-packages/airflow/example_dags/example_latest_only.py                                                               1           0  0.18s           2026-07-30T12:55:33                      12
/home/airflow/.local/lib/python3.12/site-packages/airflow/example_dags/example_branch_labels.py                                                             1           0  0.18s           2026-07-30T12:55:29                      12
/home/airflow/.local/lib/python3.12/site-packages/airflow/example_dags/tutorial.py                                                                          1           0  0.18s           2026-07-30T12:55:33                      12
/home/airflow/.local/lib/python3.12/site-packages/airflow/example_dags/example_python_decorator.py                                                          1           0  0.18s           2026-07-30T12:55:26                      10
/home/airflow/.local/lib/python3.12/site-packages/airflow/example_dags/example_sensors.py                                            272  0.01s             1           0  0.17s           2026-07-30T12:55:25                      10
/home/airflow/.local/lib/python3.12/site-packages/airflow/example_dags/example_xcomargs.py                                                                  2           0  0.17s           2026-07-30T12:55:26                      13
/home/airflow/.local/lib/python3.12/site-packages/airflow/example_dags/example_external_task_marker_dag.py                                                  2           0  0.17s           2026-07-30T12:55:35                      13
/home/airflow/.local/lib/python3.12/site-packages/airflow/example_dags/example_task_group.py                                                                1           0  0.17s           2026-07-30T12:55:36                      10
/home/airflow/.local/lib/python3.12/site-packages/airflow/example_dags/tutorial_objectstorage.py                                                            1           0  0.17s           2026-07-30T12:55:33                      10
/home/airflow/.local/lib/python3.12/site-packages/airflow/example_dags/example_local_kubernetes_executor.py                                                 1           0  0.17s           2026-07-30T12:55:33                      10
/home/airflow/.local/lib/python3.12/site-packages/airflow/example_dags/example_complex.py                                                                   1           0  0.16s           2026-07-30T12:55:27                      10
/home/airflow/.local/lib/python3.12/site-packages/airflow/example_dags/tutorial_taskflow_api_virtualenv.py                                                  1           0  0.16s           2026-07-30T12:55:36                      10
/home/airflow/.local/lib/python3.12/site-packages/airflow/example_dags/tutorial_dag.py                                                                      1           0  0.16s           2026-07-30T12:55:25                      10
/home/airflow/.local/lib/python3.12/site-packages/airflow/example_dags/example_python_operator.py                                                           1           0  0.16s           2026-07-30T12:55:37                      10
/home/airflow/.local/lib/python3.12/site-packages/airflow/example_dags/example_short_circuit_operator.py                                                    1           0  0.16s           2026-07-30T12:55:33                      10
/home/airflow/.local/lib/python3.12/site-packages/airflow/example_dags/example_sensor_decorator.py                                                          1           0  0.15s           2026-07-30T12:55:35                      10
/home/airflow/.local/lib/python3.12/site-packages/airflow/example_dags/example_display_name.py                                                              1           0  0.15s           2026-07-30T12:55:32                      10
/home/airflow/.local/lib/python3.12/site-packages/airflow/example_dags/example_trigger_controller_dag.py                                                    1           0  0.15s           2026-07-30T12:55:33                      12
/home/airflow/.local/lib/python3.12/site-packages/airflow/example_dags/example_branch_python_dop_operator_3.py                                              1           0  0.15s           2026-07-30T12:55:34                      12
/home/airflow/.local/lib/python3.12/site-packages/airflow/example_dags/example_dynamic_task_mapping_with_no_taskflow_operators.py                           1           0  0.15s           2026-07-30T12:55:31                      10
/home/airflow/.local/lib/python3.12/site-packages/airflow/example_dags/example_dynamic_task_mapping.py                                                      1           0  0.14s           2026-07-30T12:55:31                      10
/home/airflow/.local/lib/python3.12/site-packages/airflow/example_dags/plugins/event_listener.py                                                            0           0  0.12s           2026-07-30T12:55:42                       3
/home/airflow/.local/lib/python3.12/site-packages/airflow/example_dags/tutorial_taskflow_api.py                                                             1           0  0.12s           2026-07-30T12:55:35                      10
/home/airflow/.local/lib/python3.12/site-packages/airflow/example_dags/subdags/subdag.py                                                                    0           0  0.12s           2026-07-30T12:55:42                       3
/home/airflow/.local/lib/python3.12/site-packages/airflow/example_dags/plugins/listener_plugin.py                                                           0           0  0.11s           2026-07-30T12:55:42                       3
/home/airflow/.local/lib/python3.12/site-packages/airflow/example_dags/plugins/decreasing_priority_weight_strategy.py                                       0           0  0.09s           2026-07-30T12:55:42                       3
/home/airflow/.local/lib/python3.12/site-packages/airflow/example_dags/plugins/workday.py                                                                   0           0  0.08s           2026-07-30T12:55:42                       3
================================================================================
[2026-07-30T12:56:22.292+0000] {manager.py:465} INFO - Exiting gracefully upon receiving signal 15
[2026-07-30T12:58:23.595+0000] {manager.py:483} INFO - Processing files using up to 2 processes at a time 
[2026-07-30T12:58:23.599+0000] {manager.py:484} INFO - Process each file at most once every 30 seconds
[2026-07-30T12:58:23.601+0000] {manager.py:485} INFO - Checking for new files in /opt/airflow/dags every 300 seconds
[2026-07-30T12:58:23.604+0000] {manager.py:821} INFO - Searching for files in /opt/airflow/dags
[2026-07-30T12:58:23.614+0000] {manager.py:824} INFO - There are 0 files in /opt/airflow/dags
[2026-07-30T13:03:23.850+0000] {manager.py:821} INFO - Searching for files in /opt/airflow/dags
[2026-07-30T13:03:23.858+0000] {manager.py:824} INFO - There are 0 files in /opt/airflow/dags
[2026-07-30T13:08:23.908+0000] {manager.py:821} INFO - Searching for files in /opt/airflow/dags
[2026-07-30T13:08:23.912+0000] {manager.py:824} INFO - There are 0 files in /opt/airflow/dags
[2026-07-30T13:13:24.831+0000] {manager.py:821} INFO - Searching for files in /opt/airflow/dags
[2026-07-30T13:13:24.837+0000] {manager.py:824} INFO - There are 0 files in /opt/airflow/dags
[2026-07-30T13:18:25.737+0000] {manager.py:821} INFO - Searching for files in /opt/airflow/dags
[2026-07-30T13:18:25.745+0000] {manager.py:824} INFO - There are 0 files in /opt/airflow/dags
[2026-07-30T13:23:25.748+0000] {manager.py:821} INFO - Searching for files in /opt/airflow/dags
[2026-07-30T13:23:25.753+0000] {manager.py:824} INFO - There are 0 files in /opt/airflow/dags
[2026-07-30T13:28:26.699+0000] {manager.py:821} INFO - Searching for files in /opt/airflow/dags
[2026-07-30T13:28:26.704+0000] {manager.py:824} INFO - There are 0 files in /opt/airflow/dags
[2026-07-30T13:33:27.676+0000] {manager.py:821} INFO - Searching for files in /opt/airflow/dags
[2026-07-30T13:33:27.684+0000] {manager.py:824} INFO - There are 0 files in /opt/airflow/dags
[2026-07-30T13:38:27.706+0000] {manager.py:821} INFO - Searching for files in /opt/airflow/dags
[2026-07-30T13:38:27.710+0000] {manager.py:824} INFO - There are 0 files in /opt/airflow/dags
[2026-07-30T13:43:28.653+0000] {manager.py:821} INFO - Searching for files in /opt/airflow/dags
[2026-07-30T13:43:28.660+0000] {manager.py:824} INFO - There are 0 files in /opt/airflow/dags
[2026-07-30T13:48:29.571+0000] {manager.py:821} INFO - Searching for files in /opt/airflow/dags
[2026-07-30T13:48:29.578+0000] {manager.py:824} INFO - There are 0 files in /opt/airflow/dags
[2026-07-30T13:53:29.589+0000] {manager.py:821} INFO - Searching for files in /opt/airflow/dags
[2026-07-30T13:53:29.594+0000] {manager.py:824} INFO - There are 0 files in /opt/airflow/dags
[2026-07-30T14:00:21.065+0000] {manager.py:821} INFO - Searching for files in /opt/airflow/dags
[2026-07-30T14:00:21.452+0000] {manager.py:824} INFO - There are 0 files in /opt/airflow/dags
[2026-07-30T14:05:21.117+0000] {manager.py:821} INFO - Searching for files in /opt/airflow/dags
[2026-07-30T14:05:21.132+0000] {manager.py:824} INFO - There are 0 files in /opt/airflow/dags
[2026-07-30T14:10:21.455+0000] {manager.py:821} INFO - Searching for files in /opt/airflow/dags
[2026-07-30T14:10:21.465+0000] {manager.py:824} INFO - There are 0 files in /opt/airflow/dags
[2026-07-30T14:15:22.314+0000] {manager.py:821} INFO - Searching for files in /opt/airflow/dags
[2026-07-30T14:15:22.323+0000] {manager.py:824} INFO - There are 0 files in /opt/airflow/dags
[2026-07-30T14:20:22.874+0000] {manager.py:821} INFO - Searching for files in /opt/airflow/dags
[2026-07-30T14:20:22.881+0000] {manager.py:824} INFO - There are 0 files in /opt/airflow/dags
[2026-07-30T14:25:23.377+0000] {manager.py:821} INFO - Searching for files in /opt/airflow/dags
[2026-07-30T14:25:23.385+0000] {manager.py:824} INFO - There are 0 files in /opt/airflow/dags
[2026-07-30T14:30:23.881+0000] {manager.py:821} INFO - Searching for files in /opt/airflow/dags
[2026-07-30T14:30:23.897+0000] {manager.py:824} INFO - There are 0 files in /opt/airflow/dags
[2026-07-30T14:35:24.546+0000] {manager.py:821} INFO - Searching for files in /opt/airflow/dags
[2026-07-30T14:35:24.564+0000] {manager.py:824} INFO - There are 0 files in /opt/airflow/dags
[2026-07-30T14:40:25.083+0000] {manager.py:821} INFO - Searching for files in /opt/airflow/dags
[2026-07-30T14:40:25.100+0000] {manager.py:824} INFO - There are 0 files in /opt/airflow/dags
[2026-07-30T14:45:25.604+0000] {manager.py:821} INFO - Searching for files in /opt/airflow/dags
[2026-07-30T14:45:25.613+0000] {manager.py:824} INFO - There are 0 files in /opt/airflow/dags
[2026-07-30T14:50:26.030+0000] {manager.py:821} INFO - Searching for files in /opt/airflow/dags
[2026-07-30T14:50:26.040+0000] {manager.py:824} INFO - There are 0 files in /opt/airflow/dags
[2026-07-30T14:55:26.509+0000] {manager.py:821} INFO - Searching for files in /opt/airflow/dags
[2026-07-30T14:55:26.525+0000] {manager.py:824} INFO - There are 0 files in /opt/airflow/dags
[2026-07-30T15:00:27.192+0000] {manager.py:821} INFO - Searching for files in /opt/airflow/dags
[2026-07-30T15:00:27.201+0000] {manager.py:824} INFO - There are 0 files in /opt/airflow/dags
[2026-07-30T15:05:27.735+0000] {manager.py:821} INFO - Searching for files in /opt/airflow/dags
[2026-07-30T15:05:27.746+0000] {manager.py:824} INFO - There are 0 files in /opt/airflow/dags
[2026-07-30T15:10:28.688+0000] {manager.py:821} INFO - Searching for files in /opt/airflow/dags
[2026-07-30T15:10:28.704+0000] {manager.py:824} INFO - There are 0 files in /opt/airflow/dags
[2026-07-30T15:15:29.671+0000] {manager.py:821} INFO - Searching for files in /opt/airflow/dags
[2026-07-30T15:15:29.682+0000] {manager.py:824} INFO - There are 0 files in /opt/airflow/dags
[2026-07-30T15:20:30.577+0000] {manager.py:821} INFO - Searching for files in /opt/airflow/dags
[2026-07-30T15:20:30.613+0000] {manager.py:824} INFO - There are 0 files in /opt/airflow/dags
[2026-07-30T15:25:31.467+0000] {manager.py:821} INFO - Searching for files in /opt/airflow/dags
[2026-07-30T15:25:31.484+0000] {manager.py:824} INFO - There are 0 files in /opt/airflow/dags
[2026-07-30T15:30:32.342+0000] {manager.py:821} INFO - Searching for files in /opt/airflow/dags
[2026-07-30T15:30:32.353+0000] {manager.py:824} INFO - There are 0 files in /opt/airflow/dags
[2026-07-30T15:35:33.231+0000] {manager.py:821} INFO - Searching for files in /opt/airflow/dags
[2026-07-30T15:35:33.242+0000] {manager.py:824} INFO - There are 0 files in /opt/airflow/dags
[2026-07-30T15:40:34.114+0000] {manager.py:821} INFO - Searching for files in /opt/airflow/dags
[2026-07-30T15:40:34.151+0000] {manager.py:824} INFO - There are 0 files in /opt/airflow/dags
[2026-07-30T15:45:34.994+0000] {manager.py:821} INFO - Searching for files in /opt/airflow/dags
[2026-07-30T15:45:35.005+0000] {manager.py:824} INFO - There are 0 files in /opt/airflow/dags
[2026-07-30T15:50:35.737+0000] {manager.py:821} INFO - Searching for files in /opt/airflow/dags
[2026-07-30T15:50:35.782+0000] {manager.py:824} INFO - There are 0 files in /opt/airflow/dags
[2026-07-30T15:55:35.746+0000] {manager.py:821} INFO - Searching for files in /opt/airflow/dags
[2026-07-30T15:55:35.760+0000] {manager.py:824} INFO - There are 0 files in /opt/airflow/dags
[2026-07-30T16:00:35.768+0000] {manager.py:821} INFO - Searching for files in /opt/airflow/dags
[2026-07-30T16:00:35.808+0000] {manager.py:824} INFO - There are 0 files in /opt/airflow/dags
[2026-07-30T16:05:35.839+0000] {manager.py:821} INFO - Searching for files in /opt/airflow/dags
[2026-07-30T16:05:35.852+0000] {manager.py:824} INFO - There are 0 files in /opt/airflow/dags
[2026-07-30T16:10:36.431+0000] {manager.py:821} INFO - Searching for files in /opt/airflow/dags
[2026-07-30T16:10:36.444+0000] {manager.py:824} INFO - There are 0 files in /opt/airflow/dags
[2026-07-30T16:15:37.233+0000] {manager.py:821} INFO - Searching for files in /opt/airflow/dags
[2026-07-30T16:15:37.243+0000] {manager.py:824} INFO - There are 0 files in /opt/airflow/dags
[2026-07-30T16:20:37.953+0000] {manager.py:821} INFO - Searching for files in /opt/airflow/dags
[2026-07-30T16:20:37.963+0000] {manager.py:824} INFO - There are 0 files in /opt/airflow/dags
[2026-07-30T16:25:38.791+0000] {manager.py:821} INFO - Searching for files in /opt/airflow/dags
[2026-07-30T16:25:38.797+0000] {manager.py:824} INFO - There are 0 files in /opt/airflow/dags
[2026-07-30T16:30:39.417+0000] {manager.py:821} INFO - Searching for files in /opt/airflow/dags
[2026-07-30T16:30:39.449+0000] {manager.py:824} INFO - There are 0 files in /opt/airflow/dags
[2026-07-30T16:35:39.558+0000] {manager.py:821} INFO - Searching for files in /opt/airflow/dags
[2026-07-30T16:35:39.567+0000] {manager.py:824} INFO - There are 0 files in /opt/airflow/dags
[2026-07-30T16:40:39.680+0000] {manager.py:821} INFO - Searching for files in /opt/airflow/dags
[2026-07-30T16:40:39.687+0000] {manager.py:824} INFO - There are 0 files in /opt/airflow/dags
[2026-07-30T16:45:39.891+0000] {manager.py:821} INFO - Searching for files in /opt/airflow/dags
[2026-07-30T16:45:39.927+0000] {manager.py:824} INFO - There are 0 files in /opt/airflow/dags
[2026-07-30T16:50:39.981+0000] {manager.py:821} INFO - Searching for files in /opt/airflow/dags
[2026-07-30T16:50:40.014+0000] {manager.py:824} INFO - There are 0 files in /opt/airflow/dags
[2026-07-30T16:55:40.027+0000] {manager.py:821} INFO - Searching for files in /opt/airflow/dags
[2026-07-30T16:55:40.037+0000] {manager.py:824} INFO - There are 0 files in /opt/airflow/dags
[2026-07-30T17:00:40.290+0000] {manager.py:821} INFO - Searching for files in /opt/airflow/dags
[2026-07-30T17:00:40.303+0000] {manager.py:824} INFO - There are 0 files in /opt/airflow/dags
[2026-07-30T17:05:40.512+0000] {manager.py:821} INFO - Searching for files in /opt/airflow/dags
[2026-07-30T17:05:40.526+0000] {manager.py:824} INFO - There are 0 files in /opt/airflow/dags
[2026-07-30T17:10:40.585+0000] {manager.py:821} INFO - Searching for files in /opt/airflow/dags
[2026-07-30T17:10:40.592+0000] {manager.py:824} INFO - There are 0 files in /opt/airflow/dags
[2026-07-30T17:15:41.305+0000] {manager.py:821} INFO - Searching for files in /opt/airflow/dags
[2026-07-30T17:15:41.316+0000] {manager.py:824} INFO - There are 0 files in /opt/airflow/dags
[2026-07-30T17:20:41.545+0000] {manager.py:821} INFO - Searching for files in /opt/airflow/dags
[2026-07-30T17:20:41.555+0000] {manager.py:824} INFO - There are 0 files in /opt/airflow/dags
[2026-07-30T17:25:41.766+0000] {manager.py:821} INFO - Searching for files in /opt/airflow/dags
[2026-07-30T17:25:41.777+0000] {manager.py:824} INFO - There are 0 files in /opt/airflow/dags
[2026-07-30T17:30:42.185+0000] {manager.py:821} INFO - Searching for files in /opt/airflow/dags
[2026-07-30T17:30:42.198+0000] {manager.py:824} INFO - There are 0 files in /opt/airflow/dags
[2026-07-30T20:04:27.042+0000] {manager.py:483} INFO - Processing files using up to 2 processes at a time 
[2026-07-30T20:04:27.045+0000] {manager.py:484} INFO - Process each file at most once every 30 seconds
[2026-07-30T20:04:27.048+0000] {manager.py:485} INFO - Checking for new files in /opt/airflow/dags every 300 seconds
[2026-07-30T20:04:27.050+0000] {manager.py:821} INFO - Searching for files in /opt/airflow/dags
[2026-07-30T20:04:27.060+0000] {manager.py:824} INFO - There are 0 files in /opt/airflow/dags
[2026-07-30T20:09:27.474+0000] {manager.py:821} INFO - Searching for files in /opt/airflow/dags
[2026-07-30T20:09:27.493+0000] {manager.py:824} INFO - There are 0 files in /opt/airflow/dags
[2026-07-30T20:14:28.426+0000] {manager.py:821} INFO - Searching for files in /opt/airflow/dags
[2026-07-30T20:14:28.432+0000] {manager.py:824} INFO - There are 0 files in /opt/airflow/dags
[2026-07-30T20:19:29.317+0000] {manager.py:821} INFO - Searching for files in /opt/airflow/dags
[2026-07-30T20:19:29.330+0000] {manager.py:824} INFO - There are 0 files in /opt/airflow/dags
[2026-07-30T20:24:29.489+0000] {manager.py:821} INFO - Searching for files in /opt/airflow/dags
[2026-07-30T20:24:29.498+0000] {manager.py:824} INFO - There are 0 files in /opt/airflow/dags
[2026-07-30T20:29:30.398+0000] {manager.py:821} INFO - Searching for files in /opt/airflow/dags
[2026-07-30T20:29:30.404+0000] {manager.py:824} INFO - There are 0 files in /opt/airflow/dags
[2026-07-30T20:34:30.400+0000] {manager.py:821} INFO - Searching for files in /opt/airflow/dags
[2026-07-30T20:34:30.408+0000] {manager.py:824} INFO - There are 0 files in /opt/airflow/dags
[2026-07-30T20:39:31.290+0000] {manager.py:821} INFO - Searching for files in /opt/airflow/dags
[2026-07-30T20:39:31.297+0000] {manager.py:824} INFO - There are 0 files in /opt/airflow/dags
[2026-07-30T20:44:32.123+0000] {manager.py:821} INFO - Searching for files in /opt/airflow/dags
[2026-07-30T20:44:32.136+0000] {manager.py:824} INFO - There are 0 files in /opt/airflow/dags
[2026-07-30T20:49:32.340+0000] {manager.py:821} INFO - Searching for files in /opt/airflow/dags
[2026-07-30T20:49:32.347+0000] {manager.py:824} INFO - There are 0 files in /opt/airflow/dags
[2026-07-30T20:54:32.866+0000] {manager.py:821} INFO - Searching for files in /opt/airflow/dags
[2026-07-30T20:54:32.905+0000] {manager.py:824} INFO - There are 0 files in /opt/airflow/dags
[2026-07-30T20:59:33.596+0000] {manager.py:821} INFO - Searching for files in /opt/airflow/dags
[2026-07-30T20:59:33.619+0000] {manager.py:824} INFO - There are 0 files in /opt/airflow/dags
[2026-07-30T21:04:34.397+0000] {manager.py:821} INFO - Searching for files in /opt/airflow/dags
[2026-07-30T21:04:34.413+0000] {manager.py:824} INFO - There are 0 files in /opt/airflow/dags
[2026-07-30T21:09:35.090+0000] {manager.py:821} INFO - Searching for files in /opt/airflow/dags
[2026-07-30T21:09:35.108+0000] {manager.py:824} INFO - There are 0 files in /opt/airflow/dags
[2026-07-30T21:14:35.773+0000] {manager.py:821} INFO - Searching for files in /opt/airflow/dags
[2026-07-30T21:14:35.786+0000] {manager.py:824} INFO - There are 0 files in /opt/airflow/dags
[2026-07-30T21:19:36.433+0000] {manager.py:821} INFO - Searching for files in /opt/airflow/dags
[2026-07-30T21:19:36.448+0000] {manager.py:824} INFO - There are 0 files in /opt/airflow/dags
[2026-07-30T21:24:37.088+0000] {manager.py:821} INFO - Searching for files in /opt/airflow/dags
[2026-07-30T21:24:37.125+0000] {manager.py:824} INFO - There are 0 files in /opt/airflow/dags
[2026-07-30T21:27:21.027+0000] {manager.py:465} INFO - Exiting gracefully upon receiving signal 15
[2026-07-31T08:17:17.402+0000] {manager.py:483} INFO - Processing files using up to 2 processes at a time 
[2026-07-31T08:17:17.408+0000] {manager.py:484} INFO - Process each file at most once every 30 seconds
[2026-07-31T08:17:17.412+0000] {manager.py:485} INFO - Checking for new files in /opt/airflow/dags every 300 seconds
[2026-07-31T08:17:17.413+0000] {manager.py:821} INFO - Searching for files in /opt/airflow/dags
[2026-07-31T08:17:17.422+0000] {manager.py:824} INFO - There are 0 files in /opt/airflow/dags
[2026-07-31T08:22:18.083+0000] {manager.py:821} INFO - Searching for files in /opt/airflow/dags
[2026-07-31T08:22:18.096+0000] {manager.py:824} INFO - There are 0 files in /opt/airflow/dags
[2026-07-31T08:27:18.615+0000] {manager.py:821} INFO - Searching for files in /opt/airflow/dags
[2026-07-31T08:27:18.633+0000] {manager.py:824} INFO - There are 0 files in /opt/airflow/dags
[2026-07-31T08:32:19.146+0000] {manager.py:821} INFO - Searching for files in /opt/airflow/dags
[2026-07-31T08:32:19.158+0000] {manager.py:824} INFO - There are 0 files in /opt/airflow/dags
[2026-07-31T08:37:19.579+0000] {manager.py:821} INFO - Searching for files in /opt/airflow/dags
[2026-07-31T08:37:19.597+0000] {manager.py:824} INFO - There are 0 files in /opt/airflow/dags
[2026-07-31T08:42:20.055+0000] {manager.py:821} INFO - Searching for files in /opt/airflow/dags
[2026-07-31T08:42:20.063+0000] {manager.py:824} INFO - There are 0 files in /opt/airflow/dags
[2026-07-31T08:47:20.176+0000] {manager.py:821} INFO - Searching for files in /opt/airflow/dags
[2026-07-31T08:47:20.183+0000] {manager.py:824} INFO - There are 0 files in /opt/airflow/dags
[2026-07-31T08:52:20.181+0000] {manager.py:821} INFO - Searching for files in /opt/airflow/dags
[2026-07-31T08:52:20.190+0000] {manager.py:824} INFO - There are 0 files in /opt/airflow/dags
[2026-07-31T08:57:21.174+0000] {manager.py:821} INFO - Searching for files in /opt/airflow/dags
[2026-07-31T08:57:21.182+0000] {manager.py:824} INFO - There are 0 files in /opt/airflow/dags
[2026-07-31T09:02:21.560+0000] {manager.py:821} INFO - Searching for files in /opt/airflow/dags
[2026-07-31T09:02:21.574+0000] {manager.py:824} INFO - There are 0 files in /opt/airflow/dags
[2026-07-31T09:07:21.667+0000] {manager.py:821} INFO - Searching for files in /opt/airflow/dags
[2026-07-31T09:07:21.677+0000] {manager.py:824} INFO - There are 0 files in /opt/airflow/dags
[2026-07-31T09:12:21.753+0000] {manager.py:821} INFO - Searching for files in /opt/airflow/dags
[2026-07-31T09:12:21.763+0000] {manager.py:824} INFO - There are 0 files in /opt/airflow/dags
[2026-07-31T09:17:21.926+0000] {manager.py:821} INFO - Searching for files in /opt/airflow/dags
[2026-07-31T09:17:21.937+0000] {manager.py:824} INFO - There are 0 files in /opt/airflow/dags
[2026-07-31T09:22:22.065+0000] {manager.py:821} INFO - Searching for files in /opt/airflow/dags
[2026-07-31T09:22:22.074+0000] {manager.py:824} INFO - There are 0 files in /opt/airflow/dags
[2026-07-31T09:27:22.234+0000] {manager.py:821} INFO - Searching for files in /opt/airflow/dags
[2026-07-31T09:27:22.248+0000] {manager.py:824} INFO - There are 0 files in /opt/airflow/dags
[2026-07-31T09:32:22.462+0000] {manager.py:821} INFO - Searching for files in /opt/airflow/dags
[2026-07-31T09:32:22.470+0000] {manager.py:824} INFO - There are 0 files in /opt/airflow/dags
[2026-07-31T09:37:22.774+0000] {manager.py:821} INFO - Searching for files in /opt/airflow/dags
[2026-07-31T09:37:22.783+0000] {manager.py:824} INFO - There are 0 files in /opt/airflow/dags
[2026-07-31T09:42:22.934+0000] {manager.py:821} INFO - Searching for files in /opt/airflow/dags
[2026-07-31T09:42:22.946+0000] {manager.py:824} INFO - There are 0 files in /opt/airflow/dags
[2026-07-31T09:47:22.945+0000] {manager.py:821} INFO - Searching for files in /opt/airflow/dags
[2026-07-31T09:47:22.953+0000] {manager.py:824} INFO - There are 0 files in /opt/airflow/dags
[2026-07-31T09:52:23.943+0000] {manager.py:821} INFO - Searching for files in /opt/airflow/dags
[2026-07-31T09:52:23.949+0000] {manager.py:824} INFO - There are 0 files in /opt/airflow/dags
[2026-07-31T09:57:23.968+0000] {manager.py:821} INFO - Searching for files in /opt/airflow/dags
[2026-07-31T09:57:23.977+0000] {manager.py:824} INFO - There are 0 files in /opt/airflow/dags
[2026-07-31T10:02:24.920+0000] {manager.py:821} INFO - Searching for files in /opt/airflow/dags
[2026-07-31T10:02:24.928+0000] {manager.py:824} INFO - There are 0 files in /opt/airflow/dags
[2026-07-31T10:07:25.203+0000] {manager.py:821} INFO - Searching for files in /opt/airflow/dags
[2026-07-31T10:07:25.211+0000] {manager.py:824} INFO - There are 0 files in /opt/airflow/dags
[2026-07-31T10:12:25.644+0000] {manager.py:821} INFO - Searching for files in /opt/airflow/dags
[2026-07-31T10:12:25.654+0000] {manager.py:824} INFO - There are 0 files in /opt/airflow/dags
[2026-07-31T10:17:26.100+0000] {manager.py:821} INFO - Searching for files in /opt/airflow/dags
[2026-07-31T10:17:26.111+0000] {manager.py:824} INFO - There are 0 files in /opt/airflow/dags
[2026-07-31T10:22:26.542+0000] {manager.py:821} INFO - Searching for files in /opt/airflow/dags
[2026-07-31T10:22:26.556+0000] {manager.py:824} INFO - There are 0 files in /opt/airflow/dags
[2026-07-31T10:27:27.184+0000] {manager.py:821} INFO - Searching for files in /opt/airflow/dags
[2026-07-31T10:27:27.195+0000] {manager.py:824} INFO - There are 0 files in /opt/airflow/dags
[2026-07-31T10:32:27.945+0000] {manager.py:821} INFO - Searching for files in /opt/airflow/dags
[2026-07-31T10:32:27.956+0000] {manager.py:824} INFO - There are 0 files in /opt/airflow/dags
[2026-07-31T10:37:28.638+0000] {manager.py:821} INFO - Searching for files in /opt/airflow/dags
[2026-07-31T10:37:28.648+0000] {manager.py:824} INFO - There are 0 files in /opt/airflow/dags
[2026-07-31T10:42:28.669+0000] {manager.py:821} INFO - Searching for files in /opt/airflow/dags
[2026-07-31T10:42:28.678+0000] {manager.py:824} INFO - There are 0 files in /opt/airflow/dags
[2026-07-31T10:47:28.952+0000] {manager.py:821} INFO - Searching for files in /opt/airflow/dags
[2026-07-31T10:47:28.989+0000] {manager.py:824} INFO - There are 0 files in /opt/airflow/dags
[2026-07-31T10:52:29.488+0000] {manager.py:821} INFO - Searching for files in /opt/airflow/dags
[2026-07-31T10:52:29.512+0000] {manager.py:824} INFO - There are 0 files in /opt/airflow/dags
[2026-07-31T10:57:30.021+0000] {manager.py:821} INFO - Searching for files in /opt/airflow/dags
[2026-07-31T10:57:30.040+0000] {manager.py:824} INFO - There are 0 files in /opt/airflow/dags
[2026-07-31T11:02:30.577+0000] {manager.py:821} INFO - Searching for files in /opt/airflow/dags
[2026-07-31T11:02:30.613+0000] {manager.py:824} INFO - There are 0 files in /opt/airflow/dags
[2026-07-31T11:07:31.136+0000] {manager.py:821} INFO - Searching for files in /opt/airflow/dags
[2026-07-31T11:07:31.148+0000] {manager.py:824} INFO - There are 0 files in /opt/airflow/dags
[2026-07-31T11:12:31.654+0000] {manager.py:821} INFO - Searching for files in /opt/airflow/dags
[2026-07-31T11:12:31.665+0000] {manager.py:824} INFO - There are 0 files in /opt/airflow/dags
[2026-07-31T11:17:32.208+0000] {manager.py:821} INFO - Searching for files in /opt/airflow/dags
[2026-07-31T11:17:32.221+0000] {manager.py:824} INFO - There are 0 files in /opt/airflow/dags
[2026-07-31T11:22:32.763+0000] {manager.py:821} INFO - Searching for files in /opt/airflow/dags
[2026-07-31T11:22:32.777+0000] {manager.py:824} INFO - There are 0 files in /opt/airflow/dags
[2026-07-31T11:27:33.551+0000] {manager.py:821} INFO - Searching for files in /opt/airflow/dags
[2026-07-31T11:27:33.563+0000] {manager.py:824} INFO - There are 0 files in /opt/airflow/dags
[2026-07-31T11:32:34.262+0000] {manager.py:821} INFO - Searching for files in /opt/airflow/dags
[2026-07-31T11:32:34.308+0000] {manager.py:824} INFO - There are 0 files in /opt/airflow/dags
[2026-07-31T11:37:34.915+0000] {manager.py:821} INFO - Searching for files in /opt/airflow/dags
[2026-07-31T11:37:34.930+0000] {manager.py:824} INFO - There are 0 files in /opt/airflow/dags
[2026-07-31T11:42:35.447+0000] {manager.py:821} INFO - Searching for files in /opt/airflow/dags
[2026-07-31T11:42:35.513+0000] {manager.py:824} INFO - There are 0 files in /opt/airflow/dags
[2026-07-31T11:47:36.160+0000] {manager.py:821} INFO - Searching for files in /opt/airflow/dags
[2026-07-31T11:47:36.198+0000] {manager.py:824} INFO - There are 0 files in /opt/airflow/dags
[2026-07-31T11:52:36.820+0000] {manager.py:821} INFO - Searching for files in /opt/airflow/dags
[2026-07-31T11:52:36.839+0000] {manager.py:824} INFO - There are 0 files in /opt/airflow/dags
[2026-07-31T11:57:37.468+0000] {manager.py:821} INFO - Searching for files in /opt/airflow/dags
[2026-07-31T11:57:37.480+0000] {manager.py:824} INFO - There are 0 files in /opt/airflow/dags
[2026-07-31T12:02:37.786+0000] {manager.py:821} INFO - Searching for files in /opt/airflow/dags
[2026-07-31T12:02:37.801+0000] {manager.py:824} INFO - There are 0 files in /opt/airflow/dags
[2026-07-31T12:07:38.366+0000] {manager.py:821} INFO - Searching for files in /opt/airflow/dags
[2026-07-31T12:07:38.405+0000] {manager.py:824} INFO - There are 0 files in /opt/airflow/dags
[2026-07-31T12:12:38.901+0000] {manager.py:821} INFO - Searching for files in /opt/airflow/dags
[2026-07-31T12:12:38.939+0000] {manager.py:824} INFO - There are 0 files in /opt/airflow/dags
[2026-07-31T12:17:39.487+0000] {manager.py:821} INFO - Searching for files in /opt/airflow/dags
[2026-07-31T12:17:39.502+0000] {manager.py:824} INFO - There are 0 files in /opt/airflow/dags
[2026-07-31T12:22:40.042+0000] {manager.py:821} INFO - Searching for files in /opt/airflow/dags
[2026-07-31T12:22:40.052+0000] {manager.py:824} INFO - There are 0 files in /opt/airflow/dags
[2026-07-31T12:27:40.485+0000] {manager.py:821} INFO - Searching for files in /opt/airflow/dags
[2026-07-31T12:27:40.500+0000] {manager.py:824} INFO - There are 0 files in /opt/airflow/dags
[2026-07-31T12:32:41.101+0000] {manager.py:821} INFO - Searching for files in /opt/airflow/dags
[2026-07-31T12:32:41.115+0000] {manager.py:824} INFO - There are 0 files in /opt/airflow/dags
[2026-07-31T12:37:41.491+0000] {manager.py:821} INFO - Searching for files in /opt/airflow/dags
[2026-07-31T12:37:41.503+0000] {manager.py:824} INFO - There are 0 files in /opt/airflow/dags
[2026-07-31T12:42:42.045+0000] {manager.py:821} INFO - Searching for files in /opt/airflow/dags
[2026-07-31T12:42:42.055+0000] {manager.py:824} INFO - There are 0 files in /opt/airflow/dags
[2026-07-31T12:47:42.746+0000] {manager.py:821} INFO - Searching for files in /opt/airflow/dags
[2026-07-31T12:47:42.785+0000] {manager.py:824} INFO - There are 0 files in /opt/airflow/dags
[2026-07-31T15:02:14.891+0000] {manager.py:821} INFO - Searching for files in /opt/airflow/dags
[2026-07-31T15:02:15.435+0000] {manager.py:824} INFO - There are 0 files in /opt/airflow/dags
[2026-07-31T15:07:15.592+0000] {manager.py:821} INFO - Searching for files in /opt/airflow/dags
[2026-07-31T15:07:15.691+0000] {manager.py:824} INFO - There are 0 files in /opt/airflow/dags
[2026-07-31T15:12:16.167+0000] {manager.py:821} INFO - Searching for files in /opt/airflow/dags
[2026-07-31T15:12:16.179+0000] {manager.py:824} INFO - There are 0 files in /opt/airflow/dags
[2026-07-31T15:17:16.205+0000] {manager.py:821} INFO - Searching for files in /opt/airflow/dags
[2026-07-31T15:17:16.240+0000] {manager.py:824} INFO - There are 0 files in /opt/airflow/dags
[2026-07-31T15:22:16.457+0000] {manager.py:821} INFO - Searching for files in /opt/airflow/dags
[2026-07-31T15:22:16.470+0000] {manager.py:824} INFO - There are 0 files in /opt/airflow/dags
[2026-07-31T15:27:16.680+0000] {manager.py:821} INFO - Searching for files in /opt/airflow/dags
[2026-07-31T15:27:16.705+0000] {manager.py:824} INFO - There are 0 files in /opt/airflow/dags
[2026-07-31T15:32:16.880+0000] {manager.py:821} INFO - Searching for files in /opt/airflow/dags
[2026-07-31T15:32:16.913+0000] {manager.py:824} INFO - There are 0 files in /opt/airflow/dags
[2026-07-31T15:37:17.827+0000] {manager.py:821} INFO - Searching for files in /opt/airflow/dags
[2026-07-31T15:37:17.839+0000] {manager.py:824} INFO - There are 0 files in /opt/airflow/dags
[2026-07-31T15:42:17.987+0000] {manager.py:821} INFO - Searching for files in /opt/airflow/dags
[2026-07-31T15:42:18.001+0000] {manager.py:824} INFO - There are 0 files in /opt/airflow/dags
[2026-07-31T15:47:18.507+0000] {manager.py:821} INFO - Searching for files in /opt/airflow/dags
[2026-07-31T15:47:18.529+0000] {manager.py:824} INFO - There are 0 files in /opt/airflow/dags
[2026-07-31T15:52:19.148+0000] {manager.py:821} INFO - Searching for files in /opt/airflow/dags
[2026-07-31T15:52:19.170+0000] {manager.py:824} INFO - There are 0 files in /opt/airflow/dags
[2026-07-31T15:57:19.833+0000] {manager.py:821} INFO - Searching for files in /opt/airflow/dags
[2026-07-31T15:57:19.854+0000] {manager.py:824} INFO - There are 0 files in /opt/airflow/dags
[2026-07-31T16:02:20.289+0000] {manager.py:821} INFO - Searching for files in /opt/airflow/dags
[2026-07-31T16:02:20.315+0000] {manager.py:824} INFO - There are 0 files in /opt/airflow/dags
[2026-07-31T16:07:20.819+0000] {manager.py:821} INFO - Searching for files in /opt/airflow/dags
[2026-07-31T16:07:20.848+0000] {manager.py:824} INFO - There are 0 files in /opt/airflow/dags
[2026-07-31T16:12:21.217+0000] {manager.py:821} INFO - Searching for files in /opt/airflow/dags
[2026-07-31T16:12:21.229+0000] {manager.py:824} INFO - There are 0 files in /opt/airflow/dags
[2026-07-31T16:45:59.549+0000] {manager.py:821} INFO - Searching for files in /opt/airflow/dags
[2026-07-31T16:45:59.807+0000] {manager.py:824} INFO - There are 0 files in /opt/airflow/dags
[2026-07-31T16:50:59.829+0000] {manager.py:821} INFO - Searching for files in /opt/airflow/dags
[2026-07-31T16:50:59.845+0000] {manager.py:824} INFO - There are 0 files in /opt/airflow/dags
[2026-07-31T16:56:00.604+0000] {manager.py:821} INFO - Searching for files in /opt/airflow/dags
[2026-07-31T16:56:00.613+0000] {manager.py:824} INFO - There are 0 files in /opt/airflow/dags
[2026-07-31T17:01:01.204+0000] {manager.py:821} INFO - Searching for files in /opt/airflow/dags
[2026-07-31T17:01:01.211+0000] {manager.py:824} INFO - There are 0 files in /opt/airflow/dags
[2026-07-31T17:06:01.923+0000] {manager.py:821} INFO - Searching for files in /opt/airflow/dags
[2026-07-31T17:06:01.937+0000] {manager.py:824} INFO - There are 0 files in /opt/airflow/dags
[2026-07-31T17:11:02.659+0000] {manager.py:821} INFO - Searching for files in /opt/airflow/dags
[2026-07-31T17:11:02.668+0000] {manager.py:824} INFO - There are 0 files in /opt/airflow/dags
[2026-07-31T17:16:03.271+0000] {manager.py:821} INFO - Searching for files in /opt/airflow/dags
[2026-07-31T17:16:03.309+0000] {manager.py:824} INFO - There are 0 files in /opt/airflow/dags
[2026-07-31T17:21:04.115+0000] {manager.py:821} INFO - Searching for files in /opt/airflow/dags
[2026-07-31T17:21:04.131+0000] {manager.py:824} INFO - There are 0 files in /opt/airflow/dags
[2026-07-31T17:26:05.008+0000] {manager.py:821} INFO - Searching for files in /opt/airflow/dags
[2026-07-31T17:26:05.028+0000] {manager.py:824} INFO - There are 0 files in /opt/airflow/dags
[2026-07-31T17:31:05.793+0000] {manager.py:821} INFO - Searching for files in /opt/airflow/dags
[2026-07-31T17:31:05.805+0000] {manager.py:824} INFO - There are 0 files in /opt/airflow/dags
[2026-07-31T17:36:06.292+0000] {manager.py:821} INFO - Searching for files in /opt/airflow/dags
[2026-07-31T17:36:06.331+0000] {manager.py:824} INFO - There are 0 files in /opt/airflow/dags
[2026-07-31T17:41:07.085+0000] {manager.py:821} INFO - Searching for files in /opt/airflow/dags
[2026-07-31T17:41:07.121+0000] {manager.py:824} INFO - There are 0 files in /opt/airflow/dags
[2026-07-31T17:46:07.925+0000] {manager.py:821} INFO - Searching for files in /opt/airflow/dags
[2026-07-31T17:46:07.939+0000] {manager.py:824} INFO - There are 0 files in /opt/airflow/dags
[2026-07-31T17:51:08.821+0000] {manager.py:821} INFO - Searching for files in /opt/airflow/dags
[2026-07-31T17:51:08.838+0000] {manager.py:824} INFO - There are 0 files in /opt/airflow/dags
[2026-07-31T17:56:09.359+0000] {manager.py:821} INFO - Searching for files in /opt/airflow/dags
[2026-07-31T17:56:09.399+0000] {manager.py:824} INFO - There are 0 files in /opt/airflow/dags
[2026-07-31T18:01:10.238+0000] {manager.py:821} INFO - Searching for files in /opt/airflow/dags
[2026-07-31T18:01:10.255+0000] {manager.py:824} INFO - There are 0 files in /opt/airflow/dags
[2026-07-31T18:06:11.073+0000] {manager.py:821} INFO - Searching for files in /opt/airflow/dags
[2026-07-31T18:06:11.107+0000] {manager.py:824} INFO - There are 0 files in /opt/airflow/dags
[2026-07-31T18:11:11.851+0000] {manager.py:821} INFO - Searching for files in /opt/airflow/dags
[2026-07-31T18:11:11.866+0000] {manager.py:824} INFO - There are 0 files in /opt/airflow/dags
[2026-07-31T18:16:12.438+0000] {manager.py:821} INFO - Searching for files in /opt/airflow/dags
[2026-07-31T18:16:12.448+0000] {manager.py:824} INFO - There are 0 files in /opt/airflow/dags
[2026-07-31T18:21:13.269+0000] {manager.py:821} INFO - Searching for files in /opt/airflow/dags
[2026-07-31T18:21:13.303+0000] {manager.py:824} INFO - There are 0 files in /opt/airflow/dags
[2026-07-31T18:26:14.179+0000] {manager.py:821} INFO - Searching for files in /opt/airflow/dags
[2026-07-31T18:26:14.192+0000] {manager.py:824} INFO - There are 0 files in /opt/airflow/dags
[2026-07-31T18:31:14.426+0000] {manager.py:821} INFO - Searching for files in /opt/airflow/dags
[2026-07-31T18:31:14.435+0000] {manager.py:824} INFO - There are 0 files in /opt/airflow/dags
[2026-07-31T18:36:15.232+0000] {manager.py:821} INFO - Searching for files in /opt/airflow/dags
[2026-07-31T18:36:15.247+0000] {manager.py:824} INFO - There are 0 files in /opt/airflow/dags
[2026-07-31T18:41:15.307+0000] {manager.py:821} INFO - Searching for files in /opt/airflow/dags
[2026-07-31T18:41:15.341+0000] {manager.py:824} INFO - There are 0 files in /opt/airflow/dags
[2026-07-31T18:46:15.480+0000] {manager.py:821} INFO - Searching for files in /opt/airflow/dags
[2026-07-31T18:46:15.491+0000] {manager.py:824} INFO - There are 0 files in /opt/airflow/dags
[2026-07-31T18:51:15.620+0000] {manager.py:821} INFO - Searching for files in /opt/airflow/dags
[2026-07-31T18:51:15.628+0000] {manager.py:824} INFO - There are 0 files in /opt/airflow/dags
[2026-07-31T18:56:16.501+0000] {manager.py:821} INFO - Searching for files in /opt/airflow/dags
[2026-07-31T18:56:16.528+0000] {manager.py:824} INFO - There are 0 files in /opt/airflow/dags
[2026-07-31T19:01:16.658+0000] {manager.py:821} INFO - Searching for files in /opt/airflow/dags
[2026-07-31T19:01:16.695+0000] {manager.py:824} INFO - There are 0 files in /opt/airflow/dags
[2026-07-31T19:06:16.890+0000] {manager.py:821} INFO - Searching for files in /opt/airflow/dags
[2026-07-31T19:06:16.910+0000] {manager.py:824} INFO - There are 0 files in /opt/airflow/dags
[2026-07-31T19:11:17.695+0000] {manager.py:821} INFO - Searching for files in /opt/airflow/dags
[2026-07-31T19:11:17.705+0000] {manager.py:824} INFO - There are 0 files in /opt/airflow/dags
[2026-07-31T19:16:17.908+0000] {manager.py:821} INFO - Searching for files in /opt/airflow/dags
[2026-07-31T19:16:17.923+0000] {manager.py:824} INFO - There are 0 files in /opt/airflow/dags
[2026-07-31T19:21:18.117+0000] {manager.py:821} INFO - Searching for files in /opt/airflow/dags
[2026-07-31T19:21:18.132+0000] {manager.py:824} INFO - There are 0 files in /opt/airflow/dags
[2026-07-31T19:26:18.347+0000] {manager.py:821} INFO - Searching for files in /opt/airflow/dags
[2026-07-31T19:26:18.358+0000] {manager.py:824} INFO - There are 0 files in /opt/airflow/dags
[2026-08-01T10:07:59.492+0000] {manager.py:483} INFO - Processing files using up to 2 processes at a time 
[2026-08-01T10:07:59.496+0000] {manager.py:484} INFO - Process each file at most once every 30 seconds
[2026-08-01T10:07:59.498+0000] {manager.py:485} INFO - Checking for new files in /opt/airflow/dags every 300 seconds
[2026-08-01T10:07:59.500+0000] {manager.py:821} INFO - Searching for files in /opt/airflow/dags
[2026-08-01T10:07:59.507+0000] {manager.py:824} INFO - There are 0 files in /opt/airflow/dags
[2026-08-01T10:13:00.418+0000] {manager.py:821} INFO - Searching for files in /opt/airflow/dags
[2026-08-01T10:13:00.426+0000] {manager.py:824} INFO - There are 0 files in /opt/airflow/dags
[2026-08-01T10:18:00.923+0000] {manager.py:821} INFO - Searching for files in /opt/airflow/dags
[2026-08-01T10:18:00.935+0000] {manager.py:824} INFO - There are 0 files in /opt/airflow/dags
[2026-08-01T10:23:01.400+0000] {manager.py:821} INFO - Searching for files in /opt/airflow/dags
[2026-08-01T10:23:01.412+0000] {manager.py:824} INFO - There are 0 files in /opt/airflow/dags
[2026-08-01T10:28:01.890+0000] {manager.py:821} INFO - Searching for files in /opt/airflow/dags
[2026-08-01T10:28:01.928+0000] {manager.py:824} INFO - There are 0 files in /opt/airflow/dags
[2026-08-01T10:33:02.632+0000] {manager.py:821} INFO - Searching for files in /opt/airflow/dags
[2026-08-01T10:33:02.637+0000] {manager.py:824} INFO - There are 0 files in /opt/airflow/dags
[2026-08-01T10:38:03.395+0000] {manager.py:821} INFO - Searching for files in /opt/airflow/dags
[2026-08-01T10:38:03.412+0000] {manager.py:824} INFO - There are 0 files in /opt/airflow/dags
[2026-08-01T10:43:04.051+0000] {manager.py:821} INFO - Searching for files in /opt/airflow/dags
[2026-08-01T10:43:04.088+0000] {manager.py:824} INFO - There are 0 files in /opt/airflow/dags
[2026-08-01T10:48:04.849+0000] {manager.py:821} INFO - Searching for files in /opt/airflow/dags
[2026-08-01T10:48:04.862+0000] {manager.py:824} INFO - There are 0 files in /opt/airflow/dags
[2026-08-01T10:53:05.603+0000] {manager.py:821} INFO - Searching for files in /opt/airflow/dags
[2026-08-01T10:53:05.641+0000] {manager.py:824} INFO - There are 0 files in /opt/airflow/dags
[2026-08-01T10:58:06.261+0000] {manager.py:821} INFO - Searching for files in /opt/airflow/dags
[2026-08-01T10:58:06.271+0000] {manager.py:824} INFO - There are 0 files in /opt/airflow/dags
[2026-08-01T11:03:06.905+0000] {manager.py:821} INFO - Searching for files in /opt/airflow/dags
[2026-08-01T11:03:06.914+0000] {manager.py:824} INFO - There are 0 files in /opt/airflow/dags
[2026-08-01T11:08:07.531+0000] {manager.py:821} INFO - Searching for files in /opt/airflow/dags
[2026-08-01T11:08:07.563+0000] {manager.py:824} INFO - There are 0 files in /opt/airflow/dags
[2026-08-01T11:13:08.288+0000] {manager.py:821} INFO - Searching for files in /opt/airflow/dags
[2026-08-01T11:13:08.345+0000] {manager.py:824} INFO - There are 0 files in /opt/airflow/dags
[2026-08-01T11:18:08.941+0000] {manager.py:821} INFO - Searching for files in /opt/airflow/dags
[2026-08-01T11:18:08.991+0000] {manager.py:824} INFO - There are 0 files in /opt/airflow/dags
[2026-08-01T11:23:09.476+0000] {manager.py:821} INFO - Searching for files in /opt/airflow/dags
[2026-08-01T11:23:09.487+0000] {manager.py:824} INFO - There are 0 files in /opt/airflow/dags
[2026-08-01T11:28:09.563+0000] {manager.py:821} INFO - Searching for files in /opt/airflow/dags
[2026-08-01T11:28:09.576+0000] {manager.py:824} INFO - There are 1 files in /opt/airflow/dags
[2026-08-01T11:28:11.918+0000] {manager.py:997} INFO - 
================================================================================
DAG File Processing Stats

File Path                                 PID    Runtime      # DAGs    # Errors  Last Runtime    Last Run               Last # of DB Queries
----------------------------------------  -----  ---------  --------  ----------  --------------  -------------------  ----------------------
/opt/airflow/dags/pricescope_pipeline.py                           0           1  0.24s           2026-08-01T11:28:11                       3
================================================================================
[2026-08-01T11:28:42.173+0000] {manager.py:997} INFO - 
================================================================================
DAG File Processing Stats

File Path                                 PID    Runtime      # DAGs    # Errors  Last Runtime    Last Run               Last # of DB Queries
----------------------------------------  -----  ---------  --------  ----------  --------------  -------------------  ----------------------
/opt/airflow/dags/pricescope_pipeline.py                           0           1  0.08s           2026-08-01T11:28:41                       5
================================================================================
[2026-08-01T11:28:47.950+0000] {manager.py:465} INFO - Exiting gracefully upon receiving signal 15
[2026-08-01T11:30:50.365+0000] {manager.py:483} INFO - Processing files using up to 2 processes at a time 
[2026-08-01T11:30:50.369+0000] {manager.py:484} INFO - Process each file at most once every 30 seconds
[2026-08-01T11:30:50.371+0000] {manager.py:485} INFO - Checking for new files in /opt/airflow/dags every 300 seconds
[2026-08-01T11:30:50.373+0000] {manager.py:821} INFO - Searching for files in /opt/airflow/dags
[2026-08-01T11:30:50.504+0000] {manager.py:824} INFO - There are 1 files in /opt/airflow/dags
[2026-08-01T11:30:54.493+0000] {manager.py:997} INFO - 
================================================================================
DAG File Processing Stats

File Path                                   PID  Runtime      # DAGs    # Errors  Last Runtime    Last Run      Last # of DB Queries
----------------------------------------  -----  ---------  --------  ----------  --------------  ----------  ----------------------
/opt/airflow/dags/pricescope_pipeline.py     83  0.18s             0           0                                                   0
================================================================================
[2026-08-01T11:31:25.322+0000] {manager.py:997} INFO - 
================================================================================
DAG File Processing Stats

File Path                                   PID  Runtime      # DAGs    # Errors  Last Runtime    Last Run               Last # of DB Queries
----------------------------------------  -----  ---------  --------  ----------  --------------  -------------------  ----------------------
/opt/airflow/dags/pricescope_pipeline.py     90  0.01s             0           1  0.44s           2026-08-01T11:30:54                       5
================================================================================
[2026-08-01T11:31:55.583+0000] {manager.py:997} INFO - 
================================================================================
DAG File Processing Stats

File Path                                   PID  Runtime      # DAGs    # Errors  Last Runtime    Last Run               Last # of DB Queries
----------------------------------------  -----  ---------  --------  ----------  --------------  -------------------  ----------------------
/opt/airflow/dags/pricescope_pipeline.py     97  0.00s             0           1  0.09s           2026-08-01T11:31:25                       5
================================================================================
[2026-08-01T11:32:25.903+0000] {manager.py:997} INFO - 
================================================================================
DAG File Processing Stats

File Path                                   PID  Runtime      # DAGs    # Errors  Last Runtime    Last Run               Last # of DB Queries
----------------------------------------  -----  ---------  --------  ----------  --------------  -------------------  ----------------------
/opt/airflow/dags/pricescope_pipeline.py    104  0.01s             0           1  0.08s           2026-08-01T11:31:55                       5
================================================================================
[2026-08-01T11:32:56.236+0000] {manager.py:997} INFO - 
================================================================================
DAG File Processing Stats

File Path                                 PID    Runtime      # DAGs    # Errors  Last Runtime    Last Run               Last # of DB Queries
----------------------------------------  -----  ---------  --------  ----------  --------------  -------------------  ----------------------
/opt/airflow/dags/pricescope_pipeline.py                           0           1  0.09s           2026-08-01T11:32:50                       5
================================================================================
[2026-08-01T11:33:26.654+0000] {manager.py:997} INFO - 
================================================================================
DAG File Processing Stats

File Path                                 PID    Runtime      # DAGs    # Errors  Last Runtime    Last Run               Last # of DB Queries
----------------------------------------  -----  ---------  --------  ----------  --------------  -------------------  ----------------------
/opt/airflow/dags/pricescope_pipeline.py                           0           1  0.07s           2026-08-01T11:33:20                       5
================================================================================
[2026-08-01T11:33:56.932+0000] {manager.py:997} INFO - 
================================================================================
DAG File Processing Stats

File Path                                 PID    Runtime      # DAGs    # Errors  Last Runtime    Last Run               Last # of DB Queries
----------------------------------------  -----  ---------  --------  ----------  --------------  -------------------  ----------------------
/opt/airflow/dags/pricescope_pipeline.py                           0           1  0.09s           2026-08-01T11:33:50                       5
================================================================================
[2026-08-01T11:34:27.223+0000] {manager.py:997} INFO - 
================================================================================
DAG File Processing Stats

File Path                                 PID    Runtime      # DAGs    # Errors  Last Runtime    Last Run               Last # of DB Queries
----------------------------------------  -----  ---------  --------  ----------  --------------  -------------------  ----------------------
/opt/airflow/dags/pricescope_pipeline.py                           0           1  0.10s           2026-08-01T11:34:21                       5
================================================================================
[2026-08-01T11:34:57.511+0000] {manager.py:997} INFO - 
================================================================================
DAG File Processing Stats

File Path                                 PID    Runtime      # DAGs    # Errors  Last Runtime    Last Run               Last # of DB Queries
----------------------------------------  -----  ---------  --------  ----------  --------------  -------------------  ----------------------
/opt/airflow/dags/pricescope_pipeline.py                           0           1  0.08s           2026-08-01T11:34:51                       5
================================================================================
[2026-08-01T11:35:27.790+0000] {manager.py:997} INFO - 
================================================================================
DAG File Processing Stats

File Path                                 PID    Runtime      # DAGs    # Errors  Last Runtime    Last Run               Last # of DB Queries
----------------------------------------  -----  ---------  --------  ----------  --------------  -------------------  ----------------------
/opt/airflow/dags/pricescope_pipeline.py                           0           1  0.07s           2026-08-01T11:35:21                       5
================================================================================
[2026-08-01T11:35:50.995+0000] {manager.py:821} INFO - Searching for files in /opt/airflow/dags
[2026-08-01T11:35:51.024+0000] {manager.py:824} INFO - There are 1 files in /opt/airflow/dags
[2026-08-01T11:35:58.144+0000] {manager.py:997} INFO - 
================================================================================
DAG File Processing Stats

File Path                                 PID    Runtime      # DAGs    # Errors  Last Runtime    Last Run               Last # of DB Queries
----------------------------------------  -----  ---------  --------  ----------  --------------  -------------------  ----------------------
/opt/airflow/dags/pricescope_pipeline.py                           0           1  0.09s           2026-08-01T11:35:52                       5
================================================================================
[2026-08-01T11:36:28.417+0000] {manager.py:997} INFO - 
================================================================================
DAG File Processing Stats

File Path                                 PID    Runtime      # DAGs    # Errors  Last Runtime    Last Run               Last # of DB Queries
----------------------------------------  -----  ---------  --------  ----------  --------------  -------------------  ----------------------
/opt/airflow/dags/pricescope_pipeline.py                           0           1  0.10s           2026-08-01T11:36:22                       5
================================================================================
[2026-08-01T11:36:58.707+0000] {manager.py:997} INFO - 
================================================================================
DAG File Processing Stats

File Path                                 PID    Runtime      # DAGs    # Errors  Last Runtime    Last Run               Last # of DB Queries
----------------------------------------  -----  ---------  --------  ----------  --------------  -------------------  ----------------------
/opt/airflow/dags/pricescope_pipeline.py                           0           1  0.08s           2026-08-01T11:36:52                       5
================================================================================
[2026-08-01T11:37:29.025+0000] {manager.py:997} INFO - 
================================================================================
DAG File Processing Stats

File Path                                 PID    Runtime      # DAGs    # Errors  Last Runtime    Last Run               Last # of DB Queries
----------------------------------------  -----  ---------  --------  ----------  --------------  -------------------  ----------------------
/opt/airflow/dags/pricescope_pipeline.py                           0           1  0.07s           2026-08-01T11:37:22                       5
================================================================================
[2026-08-01T11:37:59.303+0000] {manager.py:997} INFO - 
================================================================================
DAG File Processing Stats

File Path                                 PID    Runtime      # DAGs    # Errors  Last Runtime    Last Run               Last # of DB Queries
----------------------------------------  -----  ---------  --------  ----------  --------------  -------------------  ----------------------
/opt/airflow/dags/pricescope_pipeline.py                           0           1  0.07s           2026-08-01T11:37:53                       5
================================================================================
[2026-08-01T11:38:29.614+0000] {manager.py:997} INFO - 
================================================================================
DAG File Processing Stats

File Path                                 PID    Runtime      # DAGs    # Errors  Last Runtime    Last Run               Last # of DB Queries
----------------------------------------  -----  ---------  --------  ----------  --------------  -------------------  ----------------------
/opt/airflow/dags/pricescope_pipeline.py                           0           1  0.09s           2026-08-01T11:38:23                       5
================================================================================
[2026-08-01T11:38:59.876+0000] {manager.py:997} INFO - 
================================================================================
DAG File Processing Stats

File Path                                 PID    Runtime      # DAGs    # Errors  Last Runtime    Last Run               Last # of DB Queries
----------------------------------------  -----  ---------  --------  ----------  --------------  -------------------  ----------------------
/opt/airflow/dags/pricescope_pipeline.py                           0           1  0.10s           2026-08-01T11:38:53                       5
================================================================================
[2026-08-01T11:39:30.170+0000] {manager.py:997} INFO - 
================================================================================
DAG File Processing Stats

File Path                                 PID    Runtime      # DAGs    # Errors  Last Runtime    Last Run               Last # of DB Queries
----------------------------------------  -----  ---------  --------  ----------  --------------  -------------------  ----------------------
/opt/airflow/dags/pricescope_pipeline.py                           0           1  0.09s           2026-08-01T11:39:24                       5
================================================================================
[2026-08-01T11:40:00.449+0000] {manager.py:997} INFO - 
================================================================================
DAG File Processing Stats

File Path                                 PID    Runtime      # DAGs    # Errors  Last Runtime    Last Run               Last # of DB Queries
----------------------------------------  -----  ---------  --------  ----------  --------------  -------------------  ----------------------
/opt/airflow/dags/pricescope_pipeline.py                           0           1  0.11s           2026-08-01T11:39:54                       5
================================================================================
[2026-08-01T11:40:30.779+0000] {manager.py:997} INFO - 
================================================================================
DAG File Processing Stats

File Path                                 PID    Runtime      # DAGs    # Errors  Last Runtime    Last Run               Last # of DB Queries
----------------------------------------  -----  ---------  --------  ----------  --------------  -------------------  ----------------------
/opt/airflow/dags/pricescope_pipeline.py                           0           1  0.22s           2026-08-01T11:40:24                       5
================================================================================
[2026-08-01T11:40:51.113+0000] {manager.py:821} INFO - Searching for files in /opt/airflow/dags
[2026-08-01T11:40:51.149+0000] {manager.py:824} INFO - There are 1 files in /opt/airflow/dags
[2026-08-01T11:41:01.061+0000] {manager.py:997} INFO - 
================================================================================
DAG File Processing Stats

File Path                                 PID    Runtime      # DAGs    # Errors  Last Runtime    Last Run               Last # of DB Queries
----------------------------------------  -----  ---------  --------  ----------  --------------  -------------------  ----------------------
/opt/airflow/dags/pricescope_pipeline.py                           0           1  0.14s           2026-08-01T11:40:55                       5
================================================================================
[2026-08-01T11:41:31.442+0000] {manager.py:997} INFO - 
================================================================================
DAG File Processing Stats

File Path                                 PID    Runtime      # DAGs    # Errors  Last Runtime    Last Run               Last # of DB Queries
----------------------------------------  -----  ---------  --------  ----------  --------------  -------------------  ----------------------
/opt/airflow/dags/pricescope_pipeline.py                           0           1  0.21s           2026-08-01T11:41:25                       5
================================================================================
[2026-08-01T11:42:01.817+0000] {manager.py:997} INFO - 
================================================================================
DAG File Processing Stats

File Path                                 PID    Runtime      # DAGs    # Errors  Last Runtime    Last Run               Last # of DB Queries
----------------------------------------  -----  ---------  --------  ----------  --------------  -------------------  ----------------------
/opt/airflow/dags/pricescope_pipeline.py                           0           1  0.10s           2026-08-01T11:41:55                       5
================================================================================
[2026-08-01T11:42:32.102+0000] {manager.py:997} INFO - 
================================================================================
DAG File Processing Stats

File Path                                 PID    Runtime      # DAGs    # Errors  Last Runtime    Last Run               Last # of DB Queries
----------------------------------------  -----  ---------  --------  ----------  --------------  -------------------  ----------------------
/opt/airflow/dags/pricescope_pipeline.py                           0           1  0.08s           2026-08-01T11:42:26                       5
================================================================================
[2026-08-01T11:43:02.400+0000] {manager.py:997} INFO - 
================================================================================
DAG File Processing Stats

File Path                                 PID    Runtime      # DAGs    # Errors  Last Runtime    Last Run               Last # of DB Queries
----------------------------------------  -----  ---------  --------  ----------  --------------  -------------------  ----------------------
/opt/airflow/dags/pricescope_pipeline.py                           0           1  0.12s           2026-08-01T11:42:56                       5
================================================================================
[2026-08-01T11:43:32.947+0000] {manager.py:997} INFO - 
================================================================================
DAG File Processing Stats

File Path                                 PID    Runtime      # DAGs    # Errors  Last Runtime    Last Run               Last # of DB Queries
----------------------------------------  -----  ---------  --------  ----------  --------------  -------------------  ----------------------
/opt/airflow/dags/pricescope_pipeline.py                           0           1  0.10s           2026-08-01T11:43:26                       5
================================================================================
[2026-08-01T11:44:03.271+0000] {manager.py:997} INFO - 
================================================================================
DAG File Processing Stats

File Path                                 PID    Runtime      # DAGs    # Errors  Last Runtime    Last Run               Last # of DB Queries
----------------------------------------  -----  ---------  --------  ----------  --------------  -------------------  ----------------------
/opt/airflow/dags/pricescope_pipeline.py                           0           1  0.14s           2026-08-01T11:43:40                       5
================================================================================
[2026-08-01T11:44:33.524+0000] {manager.py:997} INFO - 
================================================================================
DAG File Processing Stats

File Path                                 PID    Runtime      # DAGs    # Errors  Last Runtime    Last Run               Last # of DB Queries
----------------------------------------  -----  ---------  --------  ----------  --------------  -------------------  ----------------------
/opt/airflow/dags/pricescope_pipeline.py                           0           1  0.07s           2026-08-01T11:44:10                       5
================================================================================
[2026-08-01T11:45:03.813+0000] {manager.py:997} INFO - 
================================================================================
DAG File Processing Stats

File Path                                 PID    Runtime      # DAGs    # Errors  Last Runtime    Last Run               Last # of DB Queries
----------------------------------------  -----  ---------  --------  ----------  --------------  -------------------  ----------------------
/opt/airflow/dags/pricescope_pipeline.py                           0           1  0.10s           2026-08-01T11:44:40                       5
================================================================================
[2026-08-01T11:45:34.147+0000] {manager.py:997} INFO - 
================================================================================
DAG File Processing Stats

File Path                                 PID    Runtime      # DAGs    # Errors  Last Runtime    Last Run               Last # of DB Queries
----------------------------------------  -----  ---------  --------  ----------  --------------  -------------------  ----------------------
/opt/airflow/dags/pricescope_pipeline.py                           0           1  0.12s           2026-08-01T11:45:11                       5
================================================================================
[2026-08-01T11:45:51.311+0000] {manager.py:821} INFO - Searching for files in /opt/airflow/dags
[2026-08-01T11:45:51.329+0000] {manager.py:824} INFO - There are 1 files in /opt/airflow/dags
[2026-08-01T11:46:04.449+0000] {manager.py:997} INFO - 
================================================================================
DAG File Processing Stats

File Path                                 PID    Runtime      # DAGs    # Errors  Last Runtime    Last Run               Last # of DB Queries
----------------------------------------  -----  ---------  --------  ----------  --------------  -------------------  ----------------------
/opt/airflow/dags/pricescope_pipeline.py                           0           1  0.07s           2026-08-01T11:45:41                       5
================================================================================
[2026-08-01T11:46:34.716+0000] {manager.py:997} INFO - 
================================================================================
DAG File Processing Stats

File Path                                 PID    Runtime      # DAGs    # Errors  Last Runtime    Last Run               Last # of DB Queries
----------------------------------------  -----  ---------  --------  ----------  --------------  -------------------  ----------------------
/opt/airflow/dags/pricescope_pipeline.py                           0           1  0.07s           2026-08-01T11:46:11                       5
================================================================================
[2026-08-01T11:47:05.059+0000] {manager.py:997} INFO - 
================================================================================
DAG File Processing Stats

File Path                                 PID    Runtime      # DAGs    # Errors  Last Runtime    Last Run               Last # of DB Queries
----------------------------------------  -----  ---------  --------  ----------  --------------  -------------------  ----------------------
/opt/airflow/dags/pricescope_pipeline.py                           0           1  0.07s           2026-08-01T11:46:41                       5
================================================================================
[2026-08-01T11:47:35.350+0000] {manager.py:997} INFO - 
================================================================================
DAG File Processing Stats

File Path                                 PID    Runtime      # DAGs    # Errors  Last Runtime    Last Run               Last # of DB Queries
----------------------------------------  -----  ---------  --------  ----------  --------------  -------------------  ----------------------
/opt/airflow/dags/pricescope_pipeline.py                           0           1  0.09s           2026-08-01T11:47:12                       5
================================================================================
[2026-08-01T11:48:05.635+0000] {manager.py:997} INFO - 
================================================================================
DAG File Processing Stats

File Path                                 PID    Runtime      # DAGs    # Errors  Last Runtime    Last Run               Last # of DB Queries
----------------------------------------  -----  ---------  --------  ----------  --------------  -------------------  ----------------------
/opt/airflow/dags/pricescope_pipeline.py                           0           1  0.07s           2026-08-01T11:47:42                       5
================================================================================
[2026-08-01T11:48:35.893+0000] {manager.py:997} INFO - 
================================================================================
DAG File Processing Stats

File Path                                 PID    Runtime      # DAGs    # Errors  Last Runtime    Last Run               Last # of DB Queries
----------------------------------------  -----  ---------  --------  ----------  --------------  -------------------  ----------------------
/opt/airflow/dags/pricescope_pipeline.py                           0           1  0.07s           2026-08-01T11:48:12                       5
================================================================================
[2026-08-01T11:49:06.200+0000] {manager.py:997} INFO - 
================================================================================
DAG File Processing Stats

File Path                                 PID    Runtime      # DAGs    # Errors  Last Runtime    Last Run               Last # of DB Queries
----------------------------------------  -----  ---------  --------  ----------  --------------  -------------------  ----------------------
/opt/airflow/dags/pricescope_pipeline.py                           0           1  0.08s           2026-08-01T11:48:43                       5
================================================================================
[2026-08-01T11:49:36.430+0000] {manager.py:997} INFO - 
================================================================================
DAG File Processing Stats

File Path                                 PID    Runtime      # DAGs    # Errors  Last Runtime    Last Run               Last # of DB Queries
----------------------------------------  -----  ---------  --------  ----------  --------------  -------------------  ----------------------
/opt/airflow/dags/pricescope_pipeline.py                           0           1  0.08s           2026-08-01T11:49:13                       5
================================================================================
[2026-08-01T11:50:06.675+0000] {manager.py:997} INFO - 
================================================================================
DAG File Processing Stats

File Path                                 PID    Runtime      # DAGs    # Errors  Last Runtime    Last Run               Last # of DB Queries
----------------------------------------  -----  ---------  --------  ----------  --------------  -------------------  ----------------------
/opt/airflow/dags/pricescope_pipeline.py                           0           1  0.06s           2026-08-01T11:49:43                       5
================================================================================
[2026-08-01T11:50:36.966+0000] {manager.py:997} INFO - 
================================================================================
DAG File Processing Stats

File Path                                 PID    Runtime      # DAGs    # Errors  Last Runtime    Last Run               Last # of DB Queries
----------------------------------------  -----  ---------  --------  ----------  --------------  -------------------  ----------------------
/opt/airflow/dags/pricescope_pipeline.py                           0           1  0.06s           2026-08-01T11:50:13                       5
================================================================================
[2026-08-01T11:50:52.091+0000] {manager.py:821} INFO - Searching for files in /opt/airflow/dags
[2026-08-01T11:50:52.110+0000] {manager.py:824} INFO - There are 1 files in /opt/airflow/dags
[2026-08-01T11:51:07.284+0000] {manager.py:997} INFO - 
================================================================================
DAG File Processing Stats

File Path                                 PID    Runtime      # DAGs    # Errors  Last Runtime    Last Run               Last # of DB Queries
----------------------------------------  -----  ---------  --------  ----------  --------------  -------------------  ----------------------
/opt/airflow/dags/pricescope_pipeline.py                           0           1  0.07s           2026-08-01T11:50:44                       5
================================================================================
[2026-08-01T11:51:37.559+0000] {manager.py:997} INFO - 
================================================================================
DAG File Processing Stats

File Path                                 PID    Runtime      # DAGs    # Errors  Last Runtime    Last Run               Last # of DB Queries
----------------------------------------  -----  ---------  --------  ----------  --------------  -------------------  ----------------------
/opt/airflow/dags/pricescope_pipeline.py                           0           1  0.10s           2026-08-01T11:51:14                       5
================================================================================
[2026-08-01T11:52:07.846+0000] {manager.py:997} INFO - 
================================================================================
DAG File Processing Stats

File Path                                 PID    Runtime      # DAGs    # Errors  Last Runtime    Last Run               Last # of DB Queries
----------------------------------------  -----  ---------  --------  ----------  --------------  -------------------  ----------------------
/opt/airflow/dags/pricescope_pipeline.py                           0           1  0.09s           2026-08-01T11:51:44                       5
================================================================================
[2026-08-01T11:52:38.167+0000] {manager.py:997} INFO - 
================================================================================
DAG File Processing Stats

File Path                                 PID    Runtime      # DAGs    # Errors  Last Runtime    Last Run               Last # of DB Queries
----------------------------------------  -----  ---------  --------  ----------  --------------  -------------------  ----------------------
/opt/airflow/dags/pricescope_pipeline.py                           0           1  0.27s           2026-08-01T11:52:15                       5
================================================================================
[2026-08-01T11:53:08.453+0000] {manager.py:997} INFO - 
================================================================================
DAG File Processing Stats

File Path                                 PID    Runtime      # DAGs    # Errors  Last Runtime    Last Run               Last # of DB Queries
----------------------------------------  -----  ---------  --------  ----------  --------------  -------------------  ----------------------
/opt/airflow/dags/pricescope_pipeline.py                           0           1  0.07s           2026-08-01T11:52:45                       5
================================================================================
[2026-08-01T11:53:38.735+0000] {manager.py:997} INFO - 
================================================================================
DAG File Processing Stats

File Path                                 PID    Runtime      # DAGs    # Errors  Last Runtime    Last Run               Last # of DB Queries
----------------------------------------  -----  ---------  --------  ----------  --------------  -------------------  ----------------------
/opt/airflow/dags/pricescope_pipeline.py                           0           1  0.07s           2026-08-01T11:53:15                       5
================================================================================
[2026-08-01T11:54:09.003+0000] {manager.py:997} INFO - 
================================================================================
DAG File Processing Stats

File Path                                 PID    Runtime      # DAGs    # Errors  Last Runtime    Last Run               Last # of DB Queries
----------------------------------------  -----  ---------  --------  ----------  --------------  -------------------  ----------------------
/opt/airflow/dags/pricescope_pipeline.py                           0           1  0.07s           2026-08-01T11:53:45                       5
================================================================================
[2026-08-01T11:54:39.300+0000] {manager.py:997} INFO - 
================================================================================
DAG File Processing Stats

File Path                                 PID    Runtime      # DAGs    # Errors  Last Runtime    Last Run               Last # of DB Queries
----------------------------------------  -----  ---------  --------  ----------  --------------  -------------------  ----------------------
/opt/airflow/dags/pricescope_pipeline.py                           0           1  0.09s           2026-08-01T11:54:16                       5
================================================================================
[2026-08-01T11:55:09.564+0000] {manager.py:997} INFO - 
================================================================================
DAG File Processing Stats

File Path                                 PID    Runtime      # DAGs    # Errors  Last Runtime    Last Run               Last # of DB Queries
----------------------------------------  -----  ---------  --------  ----------  --------------  -------------------  ----------------------
/opt/airflow/dags/pricescope_pipeline.py                           0           1  0.07s           2026-08-01T11:54:46                       5
================================================================================
[2026-08-01T11:55:39.837+0000] {manager.py:997} INFO - 
================================================================================
DAG File Processing Stats

File Path                                 PID    Runtime      # DAGs    # Errors  Last Runtime    Last Run               Last # of DB Queries
----------------------------------------  -----  ---------  --------  ----------  --------------  -------------------  ----------------------
/opt/airflow/dags/pricescope_pipeline.py                           0           1  0.06s           2026-08-01T11:55:16                       5
================================================================================
[2026-08-01T11:55:52.951+0000] {manager.py:821} INFO - Searching for files in /opt/airflow/dags
[2026-08-01T11:55:52.986+0000] {manager.py:824} INFO - There are 1 files in /opt/airflow/dags
[2026-08-01T11:56:10.154+0000] {manager.py:997} INFO - 
================================================================================
DAG File Processing Stats

File Path                                 PID    Runtime      # DAGs    # Errors  Last Runtime    Last Run               Last # of DB Queries
----------------------------------------  -----  ---------  --------  ----------  --------------  -------------------  ----------------------
/opt/airflow/dags/pricescope_pipeline.py                           0           1  0.07s           2026-08-01T11:55:46                       5
================================================================================
[2026-08-01T11:56:40.441+0000] {manager.py:997} INFO - 
================================================================================
DAG File Processing Stats

File Path                                 PID    Runtime      # DAGs    # Errors  Last Runtime    Last Run               Last # of DB Queries
----------------------------------------  -----  ---------  --------  ----------  --------------  -------------------  ----------------------
/opt/airflow/dags/pricescope_pipeline.py                           0           1  0.11s           2026-08-01T11:56:17                       5
================================================================================
[2026-08-01T11:57:10.755+0000] {manager.py:997} INFO - 
================================================================================
DAG File Processing Stats

File Path                                 PID    Runtime      # DAGs    # Errors  Last Runtime    Last Run               Last # of DB Queries
----------------------------------------  -----  ---------  --------  ----------  --------------  -------------------  ----------------------
/opt/airflow/dags/pricescope_pipeline.py                           0           1  0.10s           2026-08-01T11:56:47                       5
================================================================================
[2026-08-01T11:57:41.058+0000] {manager.py:997} INFO - 
================================================================================
DAG File Processing Stats

File Path                                 PID    Runtime      # DAGs    # Errors  Last Runtime    Last Run               Last # of DB Queries
----------------------------------------  -----  ---------  --------  ----------  --------------  -------------------  ----------------------
/opt/airflow/dags/pricescope_pipeline.py                           0           1  0.07s           2026-08-01T11:57:17                       5
================================================================================
[2026-08-01T11:58:11.343+0000] {manager.py:997} INFO - 
================================================================================
DAG File Processing Stats

File Path                                 PID    Runtime      # DAGs    # Errors  Last Runtime    Last Run               Last # of DB Queries
----------------------------------------  -----  ---------  --------  ----------  --------------  -------------------  ----------------------
/opt/airflow/dags/pricescope_pipeline.py                           0           1  0.07s           2026-08-01T11:57:48                       5
================================================================================
[2026-08-01T11:58:41.626+0000] {manager.py:997} INFO - 
================================================================================
DAG File Processing Stats

File Path                                 PID    Runtime      # DAGs    # Errors  Last Runtime    Last Run               Last # of DB Queries
----------------------------------------  -----  ---------  --------  ----------  --------------  -------------------  ----------------------
/opt/airflow/dags/pricescope_pipeline.py                           0           1  0.07s           2026-08-01T11:58:18                       5
================================================================================
[2026-08-01T11:59:11.956+0000] {manager.py:997} INFO - 
================================================================================
DAG File Processing Stats

File Path                                 PID    Runtime      # DAGs    # Errors  Last Runtime    Last Run               Last # of DB Queries
----------------------------------------  -----  ---------  --------  ----------  --------------  -------------------  ----------------------
/opt/airflow/dags/pricescope_pipeline.py                           0           1  0.09s           2026-08-01T11:58:48                       5
================================================================================
[2026-08-01T11:59:42.224+0000] {manager.py:997} INFO - 
================================================================================
DAG File Processing Stats

File Path                                 PID    Runtime      # DAGs    # Errors  Last Runtime    Last Run               Last # of DB Queries
----------------------------------------  -----  ---------  --------  ----------  --------------  -------------------  ----------------------
/opt/airflow/dags/pricescope_pipeline.py                           0           1  0.08s           2026-08-01T11:59:19                       5
================================================================================
[2026-08-01T12:00:12.531+0000] {manager.py:997} INFO - 
================================================================================
DAG File Processing Stats

File Path                                 PID    Runtime      # DAGs    # Errors  Last Runtime    Last Run               Last # of DB Queries
----------------------------------------  -----  ---------  --------  ----------  --------------  -------------------  ----------------------
/opt/airflow/dags/pricescope_pipeline.py                           0           1  0.09s           2026-08-01T11:59:49                       5
================================================================================
[2026-08-01T12:00:42.854+0000] {manager.py:997} INFO - 
================================================================================
DAG File Processing Stats

File Path                                 PID    Runtime      # DAGs    # Errors  Last Runtime    Last Run               Last # of DB Queries
----------------------------------------  -----  ---------  --------  ----------  --------------  -------------------  ----------------------
/opt/airflow/dags/pricescope_pipeline.py                           0           1  0.08s           2026-08-01T12:00:19                       5
================================================================================
[2026-08-01T12:00:53.011+0000] {manager.py:821} INFO - Searching for files in /opt/airflow/dags
[2026-08-01T12:00:53.031+0000] {manager.py:824} INFO - There are 1 files in /opt/airflow/dags
[2026-08-01T12:01:13.237+0000] {manager.py:997} INFO - 
================================================================================
DAG File Processing Stats

File Path                                 PID    Runtime      # DAGs    # Errors  Last Runtime    Last Run               Last # of DB Queries
----------------------------------------  -----  ---------  --------  ----------  --------------  -------------------  ----------------------
/opt/airflow/dags/pricescope_pipeline.py                           0           1  0.13s           2026-08-01T12:00:50                       5
================================================================================
[2026-08-01T12:01:43.524+0000] {manager.py:997} INFO - 
================================================================================
DAG File Processing Stats

File Path                                 PID    Runtime      # DAGs    # Errors  Last Runtime    Last Run               Last # of DB Queries
----------------------------------------  -----  ---------  --------  ----------  --------------  -------------------  ----------------------
/opt/airflow/dags/pricescope_pipeline.py                           0           1  0.10s           2026-08-01T12:01:20                       5
================================================================================
[2026-08-01T12:02:13.753+0000] {manager.py:997} INFO - 
================================================================================
DAG File Processing Stats

File Path                                 PID    Runtime      # DAGs    # Errors  Last Runtime    Last Run               Last # of DB Queries
----------------------------------------  -----  ---------  --------  ----------  --------------  -------------------  ----------------------
/opt/airflow/dags/pricescope_pipeline.py                           0           1  0.08s           2026-08-01T12:01:50                       5
================================================================================
[2026-08-01T12:02:44.081+0000] {manager.py:997} INFO - 
================================================================================
DAG File Processing Stats

File Path                                 PID    Runtime      # DAGs    # Errors  Last Runtime    Last Run               Last # of DB Queries
----------------------------------------  -----  ---------  --------  ----------  --------------  -------------------  ----------------------
/opt/airflow/dags/pricescope_pipeline.py                           0           1  0.07s           2026-08-01T12:02:20                       5
================================================================================
[2026-08-01T12:03:14.358+0000] {manager.py:997} INFO - 
================================================================================
DAG File Processing Stats

File Path                                 PID    Runtime      # DAGs    # Errors  Last Runtime    Last Run               Last # of DB Queries
----------------------------------------  -----  ---------  --------  ----------  --------------  -------------------  ----------------------
/opt/airflow/dags/pricescope_pipeline.py                           0           1  0.07s           2026-08-01T12:02:51                       5
================================================================================
[2026-08-01T12:03:44.635+0000] {manager.py:997} INFO - 
================================================================================
DAG File Processing Stats

File Path                                 PID    Runtime      # DAGs    # Errors  Last Runtime    Last Run               Last # of DB Queries
----------------------------------------  -----  ---------  --------  ----------  --------------  -------------------  ----------------------
/opt/airflow/dags/pricescope_pipeline.py                           0           1  0.07s           2026-08-01T12:03:21                       5
================================================================================
[2026-08-01T13:42:10.413+0000] {manager.py:821} INFO - Searching for files in /opt/airflow/dags
[2026-08-01T13:42:11.901+0000] {manager.py:824} INFO - There are 1 files in /opt/airflow/dags
[2026-08-01T17:59:20.437+0000] {manager.py:821} INFO - Searching for files in /opt/airflow/dags
[2026-08-01T17:59:22.149+0000] {manager.py:824} INFO - There are 1 files in /opt/airflow/dags
[2026-08-01T19:27:31.790+0000] {manager.py:821} INFO - Searching for files in /opt/airflow/dags
[2026-08-01T19:27:33.943+0000] {manager.py:824} INFO - There are 1 files in /opt/airflow/dags
[2026-08-01T19:27:34.053+0000] {manager.py:1366} ERROR - Processor for /opt/airflow/dags/pricescope_pipeline.py with PID 557 started at 2026-08-01T17:59:22.189025+00:00 has timed out, killing it.
[2026-08-01T19:27:36.463+0000] {manager.py:997} INFO - 
================================================================================
DAG File Processing Stats

File Path                                 PID    Runtime      # DAGs    # Errors  Last Runtime    Last Run               Last # of DB Queries
----------------------------------------  -----  ---------  --------  ----------  --------------  -------------------  ----------------------
/opt/airflow/dags/pricescope_pipeline.py                           0           1  5291.86s        2026-08-01T19:27:34                       0
================================================================================
[2026-08-01T19:28:06.880+0000] {manager.py:997} INFO - 
================================================================================
DAG File Processing Stats

File Path                                 PID    Runtime      # DAGs    # Errors  Last Runtime    Last Run               Last # of DB Queries
----------------------------------------  -----  ---------  --------  ----------  --------------  -------------------  ----------------------
/opt/airflow/dags/pricescope_pipeline.py                           0           1  0.09s           2026-08-01T19:28:04                       5
================================================================================
[2026-08-01T19:28:37.260+0000] {manager.py:997} INFO - 
================================================================================
DAG File Processing Stats

File Path                                 PID    Runtime      # DAGs    # Errors  Last Runtime    Last Run               Last # of DB Queries
----------------------------------------  -----  ---------  --------  ----------  --------------  -------------------  ----------------------
/opt/airflow/dags/pricescope_pipeline.py                           0           1  0.11s           2026-08-01T19:28:35                       5
================================================================================
[2026-08-01T19:29:07.652+0000] {manager.py:997} INFO - 
================================================================================
DAG File Processing Stats

File Path                                 PID    Runtime      # DAGs    # Errors  Last Runtime    Last Run               Last # of DB Queries
----------------------------------------  -----  ---------  --------  ----------  --------------  -------------------  ----------------------
/opt/airflow/dags/pricescope_pipeline.py                           0           1  0.17s           2026-08-01T19:29:05                       5
================================================================================
[2026-08-01T19:29:37.974+0000] {manager.py:997} INFO - 
================================================================================
DAG File Processing Stats

File Path                                 PID    Runtime      # DAGs    # Errors  Last Runtime    Last Run               Last # of DB Queries
----------------------------------------  -----  ---------  --------  ----------  --------------  -------------------  ----------------------
/opt/airflow/dags/pricescope_pipeline.py                           0           1  0.11s           2026-08-01T19:29:36                       5
================================================================================
[2026-08-01T19:30:08.315+0000] {manager.py:997} INFO - 
================================================================================
DAG File Processing Stats

File Path                                 PID    Runtime      # DAGs    # Errors  Last Runtime    Last Run               Last # of DB Queries
----------------------------------------  -----  ---------  --------  ----------  --------------  -------------------  ----------------------
/opt/airflow/dags/pricescope_pipeline.py                           0           1  0.10s           2026-08-01T19:30:06                       5
================================================================================
[2026-08-01T19:30:38.755+0000] {manager.py:997} INFO - 
================================================================================
DAG File Processing Stats

File Path                                 PID    Runtime      # DAGs    # Errors  Last Runtime    Last Run               Last # of DB Queries
----------------------------------------  -----  ---------  --------  ----------  --------------  -------------------  ----------------------
/opt/airflow/dags/pricescope_pipeline.py                           0           1  0.20s           2026-08-01T19:30:36                       5
================================================================================
[2026-08-01T19:31:09.098+0000] {manager.py:997} INFO - 
================================================================================
DAG File Processing Stats

File Path                                 PID    Runtime      # DAGs    # Errors  Last Runtime    Last Run               Last # of DB Queries
----------------------------------------  -----  ---------  --------  ----------  --------------  -------------------  ----------------------
/opt/airflow/dags/pricescope_pipeline.py                           0           1  0.11s           2026-08-01T19:31:07                       5
================================================================================
[2026-08-01T19:31:39.523+0000] {manager.py:997} INFO - 
================================================================================
DAG File Processing Stats

File Path                                 PID    Runtime      # DAGs    # Errors  Last Runtime    Last Run               Last # of DB Queries
----------------------------------------  -----  ---------  --------  ----------  --------------  -------------------  ----------------------
/opt/airflow/dags/pricescope_pipeline.py                           0           1  0.15s           2026-08-01T19:31:37                       5
================================================================================
[2026-08-01T19:32:09.924+0000] {manager.py:997} INFO - 
================================================================================
DAG File Processing Stats

File Path                                 PID    Runtime      # DAGs    # Errors  Last Runtime    Last Run               Last # of DB Queries
----------------------------------------  -----  ---------  --------  ----------  --------------  -------------------  ----------------------
/opt/airflow/dags/pricescope_pipeline.py                           0           1  0.12s           2026-08-01T19:32:07                       5
================================================================================
[2026-08-01T19:32:32.196+0000] {manager.py:821} INFO - Searching for files in /opt/airflow/dags
[2026-08-01T19:32:32.281+0000] {manager.py:824} INFO - There are 1 files in /opt/airflow/dags
[2026-08-01T19:32:40.496+0000] {manager.py:997} INFO - 
================================================================================
DAG File Processing Stats

File Path                                 PID    Runtime      # DAGs    # Errors  Last Runtime    Last Run               Last # of DB Queries
----------------------------------------  -----  ---------  --------  ----------  --------------  -------------------  ----------------------
/opt/airflow/dags/pricescope_pipeline.py                           0           1  0.19s           2026-08-01T19:32:38                       5
================================================================================
[2026-08-01T19:33:10.876+0000] {manager.py:997} INFO - 
================================================================================
DAG File Processing Stats

File Path                                 PID    Runtime      # DAGs    # Errors  Last Runtime    Last Run               Last # of DB Queries
----------------------------------------  -----  ---------  --------  ----------  --------------  -------------------  ----------------------
/opt/airflow/dags/pricescope_pipeline.py                           0           1  0.11s           2026-08-01T19:33:08                       5
================================================================================
[2026-08-01T19:33:41.310+0000] {manager.py:997} INFO - 
================================================================================
DAG File Processing Stats

File Path                                 PID    Runtime      # DAGs    # Errors  Last Runtime    Last Run               Last # of DB Queries
----------------------------------------  -----  ---------  --------  ----------  --------------  -------------------  ----------------------
/opt/airflow/dags/pricescope_pipeline.py                           0           1  0.18s           2026-08-01T19:33:39                       5
================================================================================
[2026-08-01T19:34:11.737+0000] {manager.py:997} INFO - 
================================================================================
DAG File Processing Stats

File Path                                 PID    Runtime      # DAGs    # Errors  Last Runtime    Last Run               Last # of DB Queries
----------------------------------------  -----  ---------  --------  ----------  --------------  -------------------  ----------------------
/opt/airflow/dags/pricescope_pipeline.py                           0           1  0.17s           2026-08-01T19:34:09                       5
================================================================================
[2026-08-01T19:34:42.194+0000] {manager.py:997} INFO - 
================================================================================
DAG File Processing Stats

File Path                                 PID    Runtime      # DAGs    # Errors  Last Runtime    Last Run               Last # of DB Queries
----------------------------------------  -----  ---------  --------  ----------  --------------  -------------------  ----------------------
/opt/airflow/dags/pricescope_pipeline.py                           0           1  0.15s           2026-08-01T19:34:40                       5
================================================================================
[2026-08-01T19:35:12.644+0000] {manager.py:997} INFO - 
================================================================================
DAG File Processing Stats

File Path                                 PID    Runtime      # DAGs    # Errors  Last Runtime    Last Run               Last # of DB Queries
----------------------------------------  -----  ---------  --------  ----------  --------------  -------------------  ----------------------
/opt/airflow/dags/pricescope_pipeline.py                           0           1  0.13s           2026-08-01T19:35:10                       5
================================================================================
[2026-08-01T19:35:43.081+0000] {manager.py:997} INFO - 
================================================================================
DAG File Processing Stats

File Path                                 PID    Runtime      # DAGs    # Errors  Last Runtime    Last Run               Last # of DB Queries
----------------------------------------  -----  ---------  --------  ----------  --------------  -------------------  ----------------------
/opt/airflow/dags/pricescope_pipeline.py                           0           1  0.15s           2026-08-01T19:35:41                       5
================================================================================
[2026-08-01T19:36:13.400+0000] {manager.py:997} INFO - 
================================================================================
DAG File Processing Stats

File Path                                 PID    Runtime      # DAGs    # Errors  Last Runtime    Last Run               Last # of DB Queries
----------------------------------------  -----  ---------  --------  ----------  --------------  -------------------  ----------------------
/opt/airflow/dags/pricescope_pipeline.py                           0           1  0.08s           2026-08-01T19:36:11                       5
================================================================================
[2026-08-01T19:36:43.806+0000] {manager.py:997} INFO - 
================================================================================
DAG File Processing Stats

File Path                                 PID    Runtime      # DAGs    # Errors  Last Runtime    Last Run               Last # of DB Queries
----------------------------------------  -----  ---------  --------  ----------  --------------  -------------------  ----------------------
/opt/airflow/dags/pricescope_pipeline.py                           0           1  0.14s           2026-08-01T19:36:41                       5
================================================================================
[2026-08-01T19:37:14.266+0000] {manager.py:997} INFO - 
================================================================================
DAG File Processing Stats

File Path                                 PID    Runtime      # DAGs    # Errors  Last Runtime    Last Run               Last # of DB Queries
----------------------------------------  -----  ---------  --------  ----------  --------------  -------------------  ----------------------
/opt/airflow/dags/pricescope_pipeline.py                           0           1  0.33s           2026-08-01T19:37:12                       5
================================================================================
[2026-08-01T19:37:32.480+0000] {manager.py:821} INFO - Searching for files in /opt/airflow/dags
[2026-08-01T19:37:32.526+0000] {manager.py:824} INFO - There are 1 files in /opt/airflow/dags
[2026-08-01T19:37:44.904+0000] {manager.py:997} INFO - 
================================================================================
DAG File Processing Stats

File Path                                 PID    Runtime      # DAGs    # Errors  Last Runtime    Last Run               Last # of DB Queries
----------------------------------------  -----  ---------  --------  ----------  --------------  -------------------  ----------------------
/opt/airflow/dags/pricescope_pipeline.py                           0           1  0.19s           2026-08-01T19:37:42                       5
================================================================================
[2026-08-01T19:38:15.338+0000] {manager.py:997} INFO - 
================================================================================
DAG File Processing Stats

File Path                                 PID    Runtime      # DAGs    # Errors  Last Runtime    Last Run               Last # of DB Queries
----------------------------------------  -----  ---------  --------  ----------  --------------  -------------------  ----------------------
/opt/airflow/dags/pricescope_pipeline.py                           0           1  0.12s           2026-08-01T19:38:13                       5
================================================================================
[2026-08-01T19:38:45.772+0000] {manager.py:997} INFO - 
================================================================================
DAG File Processing Stats

File Path                                 PID    Runtime      # DAGs    # Errors  Last Runtime    Last Run               Last # of DB Queries
----------------------------------------  -----  ---------  --------  ----------  --------------  -------------------  ----------------------
/opt/airflow/dags/pricescope_pipeline.py                           0           1  0.18s           2026-08-01T19:38:43                       5
================================================================================
[2026-08-01T19:39:16.236+0000] {manager.py:997} INFO - 
================================================================================
DAG File Processing Stats

File Path                                 PID    Runtime      # DAGs    # Errors  Last Runtime    Last Run               Last # of DB Queries
----------------------------------------  -----  ---------  --------  ----------  --------------  -------------------  ----------------------
/opt/airflow/dags/pricescope_pipeline.py                           0           1  0.11s           2026-08-01T19:39:14                       5
================================================================================
[2026-08-01T19:39:46.667+0000] {manager.py:997} INFO - 
================================================================================
DAG File Processing Stats

File Path                                 PID    Runtime      # DAGs    # Errors  Last Runtime    Last Run               Last # of DB Queries
----------------------------------------  -----  ---------  --------  ----------  --------------  -------------------  ----------------------
/opt/airflow/dags/pricescope_pipeline.py                           0           1  0.15s           2026-08-01T19:39:44                       5
================================================================================
[2026-08-01T19:40:17.140+0000] {manager.py:997} INFO - 
================================================================================
DAG File Processing Stats

File Path                                 PID    Runtime      # DAGs    # Errors  Last Runtime    Last Run               Last # of DB Queries
----------------------------------------  -----  ---------  --------  ----------  --------------  -------------------  ----------------------
/opt/airflow/dags/pricescope_pipeline.py                           0           1  0.14s           2026-08-01T19:40:15                       5
================================================================================
[2026-08-01T19:40:47.554+0000] {manager.py:997} INFO - 
================================================================================
DAG File Processing Stats

File Path                                 PID    Runtime      # DAGs    # Errors  Last Runtime    Last Run               Last # of DB Queries
----------------------------------------  -----  ---------  --------  ----------  --------------  -------------------  ----------------------
/opt/airflow/dags/pricescope_pipeline.py                           0           1  0.19s           2026-08-01T19:40:45                       5
================================================================================
[2026-08-01T19:41:18.058+0000] {manager.py:997} INFO - 
================================================================================
DAG File Processing Stats

File Path                                 PID    Runtime      # DAGs    # Errors  Last Runtime    Last Run               Last # of DB Queries
----------------------------------------  -----  ---------  --------  ----------  --------------  -------------------  ----------------------
/opt/airflow/dags/pricescope_pipeline.py                           0           1  0.24s           2026-08-01T19:41:16                       5
================================================================================
[2026-08-01T19:41:48.604+0000] {manager.py:997} INFO - 
================================================================================
DAG File Processing Stats

File Path                                 PID    Runtime      # DAGs    # Errors  Last Runtime    Last Run               Last # of DB Queries
----------------------------------------  -----  ---------  --------  ----------  --------------  -------------------  ----------------------
/opt/airflow/dags/pricescope_pipeline.py                           0           1  0.17s           2026-08-01T19:41:46                       5
================================================================================
[2026-08-01T19:42:19.060+0000] {manager.py:997} INFO - 
================================================================================
DAG File Processing Stats

File Path                                 PID    Runtime      # DAGs    # Errors  Last Runtime    Last Run               Last # of DB Queries
----------------------------------------  -----  ---------  --------  ----------  --------------  -------------------  ----------------------
/opt/airflow/dags/pricescope_pipeline.py                           0           1  0.23s           2026-08-01T19:42:17                       5
================================================================================
[2026-08-01T19:42:33.222+0000] {manager.py:821} INFO - Searching for files in /opt/airflow/dags
[2026-08-01T19:42:33.271+0000] {manager.py:824} INFO - There are 1 files in /opt/airflow/dags
[2026-08-01T19:42:49.582+0000] {manager.py:997} INFO - 
================================================================================
DAG File Processing Stats

File Path                                 PID    Runtime      # DAGs    # Errors  Last Runtime    Last Run               Last # of DB Queries
----------------------------------------  -----  ---------  --------  ----------  --------------  -------------------  ----------------------
/opt/airflow/dags/pricescope_pipeline.py                           0           1  0.14s           2026-08-01T19:42:47                       5
================================================================================
[2026-08-01T19:43:20.014+0000] {manager.py:997} INFO - 
================================================================================
DAG File Processing Stats

File Path                                 PID    Runtime      # DAGs    # Errors  Last Runtime    Last Run               Last # of DB Queries
----------------------------------------  -----  ---------  --------  ----------  --------------  -------------------  ----------------------
/opt/airflow/dags/pricescope_pipeline.py                           0           1  0.22s           2026-08-01T19:43:18                       5
================================================================================
[2026-08-01T19:43:50.430+0000] {manager.py:997} INFO - 
================================================================================
DAG File Processing Stats

File Path                                 PID    Runtime      # DAGs    # Errors  Last Runtime    Last Run               Last # of DB Queries
----------------------------------------  -----  ---------  --------  ----------  --------------  -------------------  ----------------------
/opt/airflow/dags/pricescope_pipeline.py                           0           1  0.12s           2026-08-01T19:43:48                       5
================================================================================
[2026-08-01T19:44:20.897+0000] {manager.py:997} INFO - 
================================================================================
DAG File Processing Stats

File Path                                 PID    Runtime      # DAGs    # Errors  Last Runtime    Last Run               Last # of DB Queries
----------------------------------------  -----  ---------  --------  ----------  --------------  -------------------  ----------------------
/opt/airflow/dags/pricescope_pipeline.py                           0           1  0.13s           2026-08-01T19:44:18                       5
================================================================================
[2026-08-01T19:44:51.337+0000] {manager.py:997} INFO - 
================================================================================
DAG File Processing Stats

File Path                                 PID    Runtime      # DAGs    # Errors  Last Runtime    Last Run               Last # of DB Queries
----------------------------------------  -----  ---------  --------  ----------  --------------  -------------------  ----------------------
/opt/airflow/dags/pricescope_pipeline.py                           0           1  0.14s           2026-08-01T19:44:49                       5
================================================================================
[2026-08-01T19:45:21.809+0000] {manager.py:997} INFO - 
================================================================================
DAG File Processing Stats

File Path                                 PID    Runtime      # DAGs    # Errors  Last Runtime    Last Run               Last # of DB Queries
----------------------------------------  -----  ---------  --------  ----------  --------------  -------------------  ----------------------
/opt/airflow/dags/pricescope_pipeline.py                           0           1  0.16s           2026-08-01T19:45:19                       5
================================================================================
[2026-08-01T19:45:52.243+0000] {manager.py:997} INFO - 
================================================================================
DAG File Processing Stats

File Path                                 PID    Runtime      # DAGs    # Errors  Last Runtime    Last Run               Last # of DB Queries
----------------------------------------  -----  ---------  --------  ----------  --------------  -------------------  ----------------------
/opt/airflow/dags/pricescope_pipeline.py                           0           1  0.15s           2026-08-01T19:45:50                       5
================================================================================
[2026-08-01T19:46:22.669+0000] {manager.py:997} INFO - 
================================================================================
DAG File Processing Stats

File Path                                 PID    Runtime      # DAGs    # Errors  Last Runtime    Last Run               Last # of DB Queries
----------------------------------------  -----  ---------  --------  ----------  --------------  -------------------  ----------------------
/opt/airflow/dags/pricescope_pipeline.py                           0           1  0.19s           2026-08-01T19:46:20                       5
================================================================================
[2026-08-01T19:46:52.689+0000] {manager.py:997} INFO - 
================================================================================
DAG File Processing Stats

File Path                                 PID    Runtime      # DAGs    # Errors  Last Runtime    Last Run               Last # of DB Queries
----------------------------------------  -----  ---------  --------  ----------  --------------  -------------------  ----------------------
/opt/airflow/dags/pricescope_pipeline.py                           1           0  1.64s           2026-08-01T19:46:31                      45
================================================================================
[2026-08-01T19:47:23.042+0000] {manager.py:997} INFO - 
================================================================================
DAG File Processing Stats

File Path                                 PID    Runtime      # DAGs    # Errors  Last Runtime    Last Run               Last # of DB Queries
----------------------------------------  -----  ---------  --------  ----------  --------------  -------------------  ----------------------
/opt/airflow/dags/pricescope_pipeline.py                           1           0  0.18s           2026-08-01T19:47:01                      12
================================================================================
[2026-08-01T19:47:33.336+0000] {manager.py:821} INFO - Searching for files in /opt/airflow/dags
[2026-08-01T19:47:33.380+0000] {manager.py:824} INFO - There are 1 files in /opt/airflow/dags
[2026-08-01T19:47:53.645+0000] {manager.py:997} INFO - 
================================================================================
DAG File Processing Stats

File Path                                 PID    Runtime      # DAGs    # Errors  Last Runtime    Last Run               Last # of DB Queries
----------------------------------------  -----  ---------  --------  ----------  --------------  -------------------  ----------------------
/opt/airflow/dags/pricescope_pipeline.py                           1           0  0.32s           2026-08-01T19:47:32                      12
================================================================================
[2026-08-01T19:48:24.114+0000] {manager.py:997} INFO - 
================================================================================
DAG File Processing Stats

File Path                                 PID    Runtime      # DAGs    # Errors  Last Runtime    Last Run               Last # of DB Queries
----------------------------------------  -----  ---------  --------  ----------  --------------  -------------------  ----------------------
/opt/airflow/dags/pricescope_pipeline.py                           1           0  0.20s           2026-08-01T19:48:02                      12
================================================================================
[2026-08-01T19:48:54.591+0000] {manager.py:997} INFO - 
================================================================================
DAG File Processing Stats

File Path                                 PID    Runtime      # DAGs    # Errors  Last Runtime    Last Run               Last # of DB Queries
----------------------------------------  -----  ---------  --------  ----------  --------------  -------------------  ----------------------
/opt/airflow/dags/pricescope_pipeline.py                           1           0  0.21s           2026-08-01T19:48:33                      12
================================================================================
[2026-08-01T19:49:25.155+0000] {manager.py:997} INFO - 
================================================================================
DAG File Processing Stats

File Path                                 PID    Runtime      # DAGs    # Errors  Last Runtime    Last Run               Last # of DB Queries
----------------------------------------  -----  ---------  --------  ----------  --------------  -------------------  ----------------------
/opt/airflow/dags/pricescope_pipeline.py                           1           0  0.27s           2026-08-01T19:49:03                      12
================================================================================
[2026-08-01T19:49:55.640+0000] {manager.py:997} INFO - 
================================================================================
DAG File Processing Stats

File Path                                 PID    Runtime      # DAGs    # Errors  Last Runtime    Last Run               Last # of DB Queries
----------------------------------------  -----  ---------  --------  ----------  --------------  -------------------  ----------------------
/opt/airflow/dags/pricescope_pipeline.py                           1           0  0.21s           2026-08-01T19:49:34                      12
================================================================================
[2026-08-01T19:50:26.152+0000] {manager.py:997} INFO - 
================================================================================
DAG File Processing Stats

File Path                                 PID    Runtime      # DAGs    # Errors  Last Runtime    Last Run               Last # of DB Queries
----------------------------------------  -----  ---------  --------  ----------  --------------  -------------------  ----------------------
/opt/airflow/dags/pricescope_pipeline.py                           1           0  0.25s           2026-08-01T19:50:05                      12
================================================================================
[2026-08-01T19:50:56.653+0000] {manager.py:997} INFO - 
================================================================================
DAG File Processing Stats

File Path                                 PID    Runtime      # DAGs    # Errors  Last Runtime    Last Run               Last # of DB Queries
----------------------------------------  -----  ---------  --------  ----------  --------------  -------------------  ----------------------
/opt/airflow/dags/pricescope_pipeline.py                           1           0  0.34s           2026-08-01T19:50:35                      12
================================================================================
[2026-08-01T19:51:27.278+0000] {manager.py:997} INFO - 
================================================================================
DAG File Processing Stats

File Path                                 PID    Runtime      # DAGs    # Errors  Last Runtime    Last Run               Last # of DB Queries
----------------------------------------  -----  ---------  --------  ----------  --------------  -------------------  ----------------------
/opt/airflow/dags/pricescope_pipeline.py                           1           0  0.22s           2026-08-01T19:51:06                      12
================================================================================
[2026-08-01T19:51:57.695+0000] {manager.py:997} INFO - 
================================================================================
DAG File Processing Stats

File Path                                 PID    Runtime      # DAGs    # Errors  Last Runtime    Last Run               Last # of DB Queries
----------------------------------------  -----  ---------  --------  ----------  --------------  -------------------  ----------------------
/opt/airflow/dags/pricescope_pipeline.py                           1           0  0.38s           2026-08-01T19:51:36                      12
================================================================================
[2026-08-01T19:52:28.387+0000] {manager.py:997} INFO - 
================================================================================
DAG File Processing Stats

File Path                                 PID    Runtime      # DAGs    # Errors  Last Runtime    Last Run               Last # of DB Queries
----------------------------------------  -----  ---------  --------  ----------  --------------  -------------------  ----------------------
/opt/airflow/dags/pricescope_pipeline.py                           1           0  0.16s           2026-08-01T19:52:07                      12
================================================================================
[2026-08-01T19:52:33.433+0000] {manager.py:821} INFO - Searching for files in /opt/airflow/dags
[2026-08-01T19:52:33.588+0000] {manager.py:824} INFO - There are 1 files in /opt/airflow/dags
[2026-08-01T19:52:58.984+0000] {manager.py:997} INFO - 
================================================================================
DAG File Processing Stats

File Path                                 PID    Runtime      # DAGs    # Errors  Last Runtime    Last Run               Last # of DB Queries
----------------------------------------  -----  ---------  --------  ----------  --------------  -------------------  ----------------------
/opt/airflow/dags/pricescope_pipeline.py                           1           0  0.34s           2026-08-01T19:52:38                      12
================================================================================
[2026-08-01T19:53:29.368+0000] {manager.py:997} INFO - 
================================================================================
DAG File Processing Stats

File Path                                 PID    Runtime      # DAGs    # Errors  Last Runtime    Last Run               Last # of DB Queries
----------------------------------------  -----  ---------  --------  ----------  --------------  -------------------  ----------------------
/opt/airflow/dags/pricescope_pipeline.py                           1           0  0.24s           2026-08-01T19:53:08                      12
================================================================================
