[2026-08-03T12:27:41.548+0000] {processor.py:186} INFO - Started process (PID=82) to work on /opt/airflow/dags/pricescope_pipeline.py
[2026-08-03T12:27:41.565+0000] {processor.py:914} INFO - Processing file /opt/airflow/dags/pricescope_pipeline.py for tasks to queue
[2026-08-03T12:27:41.582+0000] {logging_mixin.py:190} INFO - [2026-08-03T12:27:41.580+0000] {dagbag.py:588} INFO - Filling up the DagBag from /opt/airflow/dags/pricescope_pipeline.py
[2026-08-03T12:27:41.768+0000] {processor.py:925} INFO - DAG(s) 'pricescope_pipeline' retrieved from /opt/airflow/dags/pricescope_pipeline.py
[2026-08-03T12:27:43.168+0000] {logging_mixin.py:190} INFO - [2026-08-03T12:27:43.167+0000] {dag.py:3239} INFO - Sync 1 DAGs
[2026-08-03T12:27:43.265+0000] {logging_mixin.py:190} INFO - [2026-08-03T12:27:43.264+0000] {dag.py:4180} INFO - Setting next_dagrun for pricescope_pipeline to 2026-08-02 18:00:00+00:00, run_after=2026-08-03 06:00:00+00:00
[2026-08-03T12:27:43.334+0000] {processor.py:208} INFO - Processing /opt/airflow/dags/pricescope_pipeline.py took 1.846 seconds
[2026-08-03T12:28:13.506+0000] {processor.py:186} INFO - Started process (PID=89) to work on /opt/airflow/dags/pricescope_pipeline.py
[2026-08-03T12:28:13.508+0000] {processor.py:914} INFO - Processing file /opt/airflow/dags/pricescope_pipeline.py for tasks to queue
[2026-08-03T12:28:13.513+0000] {logging_mixin.py:190} INFO - [2026-08-03T12:28:13.513+0000] {dagbag.py:588} INFO - Filling up the DagBag from /opt/airflow/dags/pricescope_pipeline.py
[2026-08-03T12:28:13.545+0000] {processor.py:925} INFO - DAG(s) 'pricescope_pipeline' retrieved from /opt/airflow/dags/pricescope_pipeline.py
[2026-08-03T12:28:13.578+0000] {logging_mixin.py:190} INFO - [2026-08-03T12:28:13.578+0000] {dag.py:3239} INFO - Sync 1 DAGs
[2026-08-03T12:28:13.619+0000] {logging_mixin.py:190} INFO - [2026-08-03T12:28:13.618+0000] {dag.py:4180} INFO - Setting next_dagrun for pricescope_pipeline to 2026-08-02 18:00:00+00:00, run_after=2026-08-03 06:00:00+00:00
[2026-08-03T12:28:13.647+0000] {processor.py:208} INFO - Processing /opt/airflow/dags/pricescope_pipeline.py took 0.148 seconds
[2026-08-03T12:28:43.837+0000] {processor.py:186} INFO - Started process (PID=96) to work on /opt/airflow/dags/pricescope_pipeline.py
[2026-08-03T12:28:43.841+0000] {processor.py:914} INFO - Processing file /opt/airflow/dags/pricescope_pipeline.py for tasks to queue
[2026-08-03T12:28:43.846+0000] {logging_mixin.py:190} INFO - [2026-08-03T12:28:43.846+0000] {dagbag.py:588} INFO - Filling up the DagBag from /opt/airflow/dags/pricescope_pipeline.py
[2026-08-03T12:28:43.882+0000] {processor.py:925} INFO - DAG(s) 'pricescope_pipeline' retrieved from /opt/airflow/dags/pricescope_pipeline.py
[2026-08-03T12:28:43.924+0000] {logging_mixin.py:190} INFO - [2026-08-03T12:28:43.923+0000] {dag.py:3239} INFO - Sync 1 DAGs
[2026-08-03T12:28:43.962+0000] {logging_mixin.py:190} INFO - [2026-08-03T12:28:43.962+0000] {dag.py:4180} INFO - Setting next_dagrun for pricescope_pipeline to 2026-08-02 18:00:00+00:00, run_after=2026-08-03 06:00:00+00:00
[2026-08-03T12:28:43.992+0000] {processor.py:208} INFO - Processing /opt/airflow/dags/pricescope_pipeline.py took 0.165 seconds
[2026-08-03T12:29:14.269+0000] {processor.py:186} INFO - Started process (PID=103) to work on /opt/airflow/dags/pricescope_pipeline.py
[2026-08-03T12:29:14.272+0000] {processor.py:914} INFO - Processing file /opt/airflow/dags/pricescope_pipeline.py for tasks to queue
[2026-08-03T12:29:14.277+0000] {logging_mixin.py:190} INFO - [2026-08-03T12:29:14.276+0000] {dagbag.py:588} INFO - Filling up the DagBag from /opt/airflow/dags/pricescope_pipeline.py
[2026-08-03T12:29:14.313+0000] {processor.py:925} INFO - DAG(s) 'pricescope_pipeline' retrieved from /opt/airflow/dags/pricescope_pipeline.py
[2026-08-03T12:29:14.347+0000] {logging_mixin.py:190} INFO - [2026-08-03T12:29:14.347+0000] {dag.py:3239} INFO - Sync 1 DAGs
[2026-08-03T12:29:14.382+0000] {logging_mixin.py:190} INFO - [2026-08-03T12:29:14.381+0000] {dag.py:4180} INFO - Setting next_dagrun for pricescope_pipeline to 2026-08-02 18:00:00+00:00, run_after=2026-08-03 06:00:00+00:00
[2026-08-03T12:29:14.415+0000] {processor.py:208} INFO - Processing /opt/airflow/dags/pricescope_pipeline.py took 0.157 seconds
[2026-08-03T12:29:44.560+0000] {processor.py:186} INFO - Started process (PID=110) to work on /opt/airflow/dags/pricescope_pipeline.py
[2026-08-03T12:29:44.562+0000] {processor.py:914} INFO - Processing file /opt/airflow/dags/pricescope_pipeline.py for tasks to queue
[2026-08-03T12:29:44.567+0000] {logging_mixin.py:190} INFO - [2026-08-03T12:29:44.566+0000] {dagbag.py:588} INFO - Filling up the DagBag from /opt/airflow/dags/pricescope_pipeline.py
[2026-08-03T12:29:44.595+0000] {processor.py:925} INFO - DAG(s) 'pricescope_pipeline' retrieved from /opt/airflow/dags/pricescope_pipeline.py
[2026-08-03T12:29:44.633+0000] {logging_mixin.py:190} INFO - [2026-08-03T12:29:44.633+0000] {dag.py:3239} INFO - Sync 1 DAGs
[2026-08-03T12:29:44.670+0000] {logging_mixin.py:190} INFO - [2026-08-03T12:29:44.669+0000] {dag.py:4180} INFO - Setting next_dagrun for pricescope_pipeline to 2026-08-02 18:00:00+00:00, run_after=2026-08-03 06:00:00+00:00
[2026-08-03T12:29:44.702+0000] {processor.py:208} INFO - Processing /opt/airflow/dags/pricescope_pipeline.py took 0.152 seconds
[2026-08-03T12:30:15.092+0000] {processor.py:186} INFO - Started process (PID=117) to work on /opt/airflow/dags/pricescope_pipeline.py
[2026-08-03T12:30:15.097+0000] {processor.py:914} INFO - Processing file /opt/airflow/dags/pricescope_pipeline.py for tasks to queue
[2026-08-03T12:30:15.104+0000] {logging_mixin.py:190} INFO - [2026-08-03T12:30:15.103+0000] {dagbag.py:588} INFO - Filling up the DagBag from /opt/airflow/dags/pricescope_pipeline.py
[2026-08-03T12:30:15.140+0000] {processor.py:925} INFO - DAG(s) 'pricescope_pipeline' retrieved from /opt/airflow/dags/pricescope_pipeline.py
[2026-08-03T12:30:15.175+0000] {logging_mixin.py:190} INFO - [2026-08-03T12:30:15.175+0000] {dag.py:3239} INFO - Sync 1 DAGs
[2026-08-03T12:30:15.210+0000] {logging_mixin.py:190} INFO - [2026-08-03T12:30:15.209+0000] {dag.py:4180} INFO - Setting next_dagrun for pricescope_pipeline to 2026-08-02 18:00:00+00:00, run_after=2026-08-03 06:00:00+00:00
[2026-08-03T12:30:15.237+0000] {processor.py:208} INFO - Processing /opt/airflow/dags/pricescope_pipeline.py took 0.151 seconds
[2026-08-03T12:30:45.864+0000] {processor.py:186} INFO - Started process (PID=124) to work on /opt/airflow/dags/pricescope_pipeline.py
[2026-08-03T12:30:45.870+0000] {processor.py:914} INFO - Processing file /opt/airflow/dags/pricescope_pipeline.py for tasks to queue
[2026-08-03T12:30:45.885+0000] {logging_mixin.py:190} INFO - [2026-08-03T12:30:45.883+0000] {dagbag.py:588} INFO - Filling up the DagBag from /opt/airflow/dags/pricescope_pipeline.py
[2026-08-03T12:30:46.021+0000] {processor.py:925} INFO - DAG(s) 'pricescope_pipeline' retrieved from /opt/airflow/dags/pricescope_pipeline.py
[2026-08-03T12:30:46.155+0000] {logging_mixin.py:190} INFO - [2026-08-03T12:30:46.154+0000] {dag.py:3239} INFO - Sync 1 DAGs
[2026-08-03T12:30:46.327+0000] {logging_mixin.py:190} INFO - [2026-08-03T12:30:46.327+0000] {dag.py:4180} INFO - Setting next_dagrun for pricescope_pipeline to 2026-08-02 18:00:00+00:00, run_after=2026-08-03 06:00:00+00:00
[2026-08-03T12:30:46.450+0000] {processor.py:208} INFO - Processing /opt/airflow/dags/pricescope_pipeline.py took 0.610 seconds
[2026-08-03T12:31:16.642+0000] {processor.py:186} INFO - Started process (PID=131) to work on /opt/airflow/dags/pricescope_pipeline.py
[2026-08-03T12:31:16.645+0000] {processor.py:914} INFO - Processing file /opt/airflow/dags/pricescope_pipeline.py for tasks to queue
[2026-08-03T12:31:16.658+0000] {logging_mixin.py:190} INFO - [2026-08-03T12:31:16.657+0000] {dagbag.py:588} INFO - Filling up the DagBag from /opt/airflow/dags/pricescope_pipeline.py
[2026-08-03T12:31:16.747+0000] {processor.py:925} INFO - DAG(s) 'pricescope_pipeline' retrieved from /opt/airflow/dags/pricescope_pipeline.py
[2026-08-03T12:31:16.821+0000] {logging_mixin.py:190} INFO - [2026-08-03T12:31:16.820+0000] {dag.py:3239} INFO - Sync 1 DAGs
[2026-08-03T12:31:16.888+0000] {logging_mixin.py:190} INFO - [2026-08-03T12:31:16.887+0000] {dag.py:4180} INFO - Setting next_dagrun for pricescope_pipeline to 2026-08-02 18:00:00+00:00, run_after=2026-08-03 06:00:00+00:00
[2026-08-03T12:31:16.944+0000] {processor.py:208} INFO - Processing /opt/airflow/dags/pricescope_pipeline.py took 0.321 seconds
[2026-08-03T12:31:47.179+0000] {processor.py:186} INFO - Started process (PID=138) to work on /opt/airflow/dags/pricescope_pipeline.py
[2026-08-03T12:31:47.183+0000] {processor.py:914} INFO - Processing file /opt/airflow/dags/pricescope_pipeline.py for tasks to queue
[2026-08-03T12:31:47.188+0000] {logging_mixin.py:190} INFO - [2026-08-03T12:31:47.187+0000] {dagbag.py:588} INFO - Filling up the DagBag from /opt/airflow/dags/pricescope_pipeline.py
[2026-08-03T12:31:47.236+0000] {processor.py:925} INFO - DAG(s) 'pricescope_pipeline' retrieved from /opt/airflow/dags/pricescope_pipeline.py
[2026-08-03T12:31:47.292+0000] {logging_mixin.py:190} INFO - [2026-08-03T12:31:47.291+0000] {dag.py:3239} INFO - Sync 1 DAGs
[2026-08-03T12:31:47.332+0000] {logging_mixin.py:190} INFO - [2026-08-03T12:31:47.332+0000] {dag.py:4180} INFO - Setting next_dagrun for pricescope_pipeline to 2026-08-02 18:00:00+00:00, run_after=2026-08-03 06:00:00+00:00
[2026-08-03T12:31:47.368+0000] {processor.py:208} INFO - Processing /opt/airflow/dags/pricescope_pipeline.py took 0.201 seconds
[2026-08-03T12:32:17.592+0000] {processor.py:186} INFO - Started process (PID=146) to work on /opt/airflow/dags/pricescope_pipeline.py
[2026-08-03T12:32:17.596+0000] {processor.py:914} INFO - Processing file /opt/airflow/dags/pricescope_pipeline.py for tasks to queue
[2026-08-03T12:32:17.600+0000] {logging_mixin.py:190} INFO - [2026-08-03T12:32:17.599+0000] {dagbag.py:588} INFO - Filling up the DagBag from /opt/airflow/dags/pricescope_pipeline.py
[2026-08-03T12:32:17.631+0000] {processor.py:925} INFO - DAG(s) 'pricescope_pipeline' retrieved from /opt/airflow/dags/pricescope_pipeline.py
[2026-08-03T12:32:17.665+0000] {logging_mixin.py:190} INFO - [2026-08-03T12:32:17.664+0000] {dag.py:3239} INFO - Sync 1 DAGs
[2026-08-03T12:32:17.698+0000] {logging_mixin.py:190} INFO - [2026-08-03T12:32:17.698+0000] {dag.py:4180} INFO - Setting next_dagrun for pricescope_pipeline to 2026-08-02 18:00:00+00:00, run_after=2026-08-03 06:00:00+00:00
[2026-08-03T12:32:17.725+0000] {processor.py:208} INFO - Processing /opt/airflow/dags/pricescope_pipeline.py took 0.141 seconds
[2026-08-03T12:32:48.035+0000] {processor.py:186} INFO - Started process (PID=153) to work on /opt/airflow/dags/pricescope_pipeline.py
[2026-08-03T12:32:48.038+0000] {processor.py:914} INFO - Processing file /opt/airflow/dags/pricescope_pipeline.py for tasks to queue
[2026-08-03T12:32:48.048+0000] {logging_mixin.py:190} INFO - [2026-08-03T12:32:48.047+0000] {dagbag.py:588} INFO - Filling up the DagBag from /opt/airflow/dags/pricescope_pipeline.py
[2026-08-03T12:32:48.115+0000] {processor.py:925} INFO - DAG(s) 'pricescope_pipeline' retrieved from /opt/airflow/dags/pricescope_pipeline.py
[2026-08-03T12:32:48.196+0000] {logging_mixin.py:190} INFO - [2026-08-03T12:32:48.195+0000] {dag.py:3239} INFO - Sync 1 DAGs
[2026-08-03T12:32:48.289+0000] {logging_mixin.py:190} INFO - [2026-08-03T12:32:48.288+0000] {dag.py:4180} INFO - Setting next_dagrun for pricescope_pipeline to 2026-08-02 18:00:00+00:00, run_after=2026-08-03 06:00:00+00:00
[2026-08-03T12:32:48.342+0000] {processor.py:208} INFO - Processing /opt/airflow/dags/pricescope_pipeline.py took 0.317 seconds
[2026-08-03T12:33:18.678+0000] {processor.py:186} INFO - Started process (PID=160) to work on /opt/airflow/dags/pricescope_pipeline.py
[2026-08-03T12:33:18.681+0000] {processor.py:914} INFO - Processing file /opt/airflow/dags/pricescope_pipeline.py for tasks to queue
[2026-08-03T12:33:18.685+0000] {logging_mixin.py:190} INFO - [2026-08-03T12:33:18.685+0000] {dagbag.py:588} INFO - Filling up the DagBag from /opt/airflow/dags/pricescope_pipeline.py
[2026-08-03T12:33:18.721+0000] {processor.py:925} INFO - DAG(s) 'pricescope_pipeline' retrieved from /opt/airflow/dags/pricescope_pipeline.py
[2026-08-03T12:33:18.756+0000] {logging_mixin.py:190} INFO - [2026-08-03T12:33:18.755+0000] {dag.py:3239} INFO - Sync 1 DAGs
[2026-08-03T12:33:18.797+0000] {logging_mixin.py:190} INFO - [2026-08-03T12:33:18.796+0000] {dag.py:4180} INFO - Setting next_dagrun for pricescope_pipeline to 2026-08-02 18:00:00+00:00, run_after=2026-08-03 06:00:00+00:00
[2026-08-03T12:33:18.833+0000] {processor.py:208} INFO - Processing /opt/airflow/dags/pricescope_pipeline.py took 0.165 seconds
[2026-08-03T12:33:49.156+0000] {processor.py:186} INFO - Started process (PID=167) to work on /opt/airflow/dags/pricescope_pipeline.py
[2026-08-03T12:33:49.159+0000] {processor.py:914} INFO - Processing file /opt/airflow/dags/pricescope_pipeline.py for tasks to queue
[2026-08-03T12:33:49.164+0000] {logging_mixin.py:190} INFO - [2026-08-03T12:33:49.163+0000] {dagbag.py:588} INFO - Filling up the DagBag from /opt/airflow/dags/pricescope_pipeline.py
[2026-08-03T12:33:49.197+0000] {processor.py:925} INFO - DAG(s) 'pricescope_pipeline' retrieved from /opt/airflow/dags/pricescope_pipeline.py
[2026-08-03T12:33:49.233+0000] {logging_mixin.py:190} INFO - [2026-08-03T12:33:49.233+0000] {dag.py:3239} INFO - Sync 1 DAGs
[2026-08-03T12:33:49.267+0000] {logging_mixin.py:190} INFO - [2026-08-03T12:33:49.267+0000] {dag.py:4180} INFO - Setting next_dagrun for pricescope_pipeline to 2026-08-02 18:00:00+00:00, run_after=2026-08-03 06:00:00+00:00
[2026-08-03T12:33:49.294+0000] {processor.py:208} INFO - Processing /opt/airflow/dags/pricescope_pipeline.py took 0.146 seconds
[2026-08-03T12:34:19.599+0000] {processor.py:186} INFO - Started process (PID=174) to work on /opt/airflow/dags/pricescope_pipeline.py
[2026-08-03T12:34:19.603+0000] {processor.py:914} INFO - Processing file /opt/airflow/dags/pricescope_pipeline.py for tasks to queue
[2026-08-03T12:34:19.608+0000] {logging_mixin.py:190} INFO - [2026-08-03T12:34:19.607+0000] {dagbag.py:588} INFO - Filling up the DagBag from /opt/airflow/dags/pricescope_pipeline.py
[2026-08-03T12:34:19.646+0000] {processor.py:925} INFO - DAG(s) 'pricescope_pipeline' retrieved from /opt/airflow/dags/pricescope_pipeline.py
[2026-08-03T12:34:19.685+0000] {logging_mixin.py:190} INFO - [2026-08-03T12:34:19.685+0000] {dag.py:3239} INFO - Sync 1 DAGs
[2026-08-03T12:34:19.722+0000] {logging_mixin.py:190} INFO - [2026-08-03T12:34:19.722+0000] {dag.py:4180} INFO - Setting next_dagrun for pricescope_pipeline to 2026-08-02 18:00:00+00:00, run_after=2026-08-03 06:00:00+00:00
[2026-08-03T12:34:19.753+0000] {processor.py:208} INFO - Processing /opt/airflow/dags/pricescope_pipeline.py took 0.161 seconds
[2026-08-03T12:34:49.970+0000] {processor.py:186} INFO - Started process (PID=181) to work on /opt/airflow/dags/pricescope_pipeline.py
[2026-08-03T12:34:49.973+0000] {processor.py:914} INFO - Processing file /opt/airflow/dags/pricescope_pipeline.py for tasks to queue
[2026-08-03T12:34:49.979+0000] {logging_mixin.py:190} INFO - [2026-08-03T12:34:49.978+0000] {dagbag.py:588} INFO - Filling up the DagBag from /opt/airflow/dags/pricescope_pipeline.py
[2026-08-03T12:34:50.019+0000] {processor.py:925} INFO - DAG(s) 'pricescope_pipeline' retrieved from /opt/airflow/dags/pricescope_pipeline.py
[2026-08-03T12:34:50.067+0000] {logging_mixin.py:190} INFO - [2026-08-03T12:34:50.066+0000] {dag.py:3239} INFO - Sync 1 DAGs
[2026-08-03T12:34:50.114+0000] {logging_mixin.py:190} INFO - [2026-08-03T12:34:50.114+0000] {dag.py:4180} INFO - Setting next_dagrun for pricescope_pipeline to 2026-08-02 18:00:00+00:00, run_after=2026-08-03 06:00:00+00:00
[2026-08-03T12:34:50.149+0000] {processor.py:208} INFO - Processing /opt/airflow/dags/pricescope_pipeline.py took 0.190 seconds
[2026-08-03T12:35:20.436+0000] {processor.py:186} INFO - Started process (PID=188) to work on /opt/airflow/dags/pricescope_pipeline.py
[2026-08-03T12:35:20.439+0000] {processor.py:914} INFO - Processing file /opt/airflow/dags/pricescope_pipeline.py for tasks to queue
[2026-08-03T12:35:20.443+0000] {logging_mixin.py:190} INFO - [2026-08-03T12:35:20.443+0000] {dagbag.py:588} INFO - Filling up the DagBag from /opt/airflow/dags/pricescope_pipeline.py
[2026-08-03T12:35:20.474+0000] {processor.py:925} INFO - DAG(s) 'pricescope_pipeline' retrieved from /opt/airflow/dags/pricescope_pipeline.py
[2026-08-03T12:35:20.505+0000] {logging_mixin.py:190} INFO - [2026-08-03T12:35:20.505+0000] {dag.py:3239} INFO - Sync 1 DAGs
[2026-08-03T12:35:20.535+0000] {logging_mixin.py:190} INFO - [2026-08-03T12:35:20.534+0000] {dag.py:4180} INFO - Setting next_dagrun for pricescope_pipeline to 2026-08-02 18:00:00+00:00, run_after=2026-08-03 06:00:00+00:00
[2026-08-03T12:35:20.559+0000] {processor.py:208} INFO - Processing /opt/airflow/dags/pricescope_pipeline.py took 0.129 seconds
[2026-08-03T12:35:50.786+0000] {processor.py:186} INFO - Started process (PID=195) to work on /opt/airflow/dags/pricescope_pipeline.py
[2026-08-03T12:35:50.788+0000] {processor.py:914} INFO - Processing file /opt/airflow/dags/pricescope_pipeline.py for tasks to queue
[2026-08-03T12:35:50.792+0000] {logging_mixin.py:190} INFO - [2026-08-03T12:35:50.792+0000] {dagbag.py:588} INFO - Filling up the DagBag from /opt/airflow/dags/pricescope_pipeline.py
[2026-08-03T12:35:50.829+0000] {processor.py:925} INFO - DAG(s) 'pricescope_pipeline' retrieved from /opt/airflow/dags/pricescope_pipeline.py
[2026-08-03T12:35:50.862+0000] {logging_mixin.py:190} INFO - [2026-08-03T12:35:50.862+0000] {dag.py:3239} INFO - Sync 1 DAGs
[2026-08-03T12:35:50.891+0000] {logging_mixin.py:190} INFO - [2026-08-03T12:35:50.891+0000] {dag.py:4180} INFO - Setting next_dagrun for pricescope_pipeline to 2026-08-02 18:00:00+00:00, run_after=2026-08-03 06:00:00+00:00
[2026-08-03T12:35:50.914+0000] {processor.py:208} INFO - Processing /opt/airflow/dags/pricescope_pipeline.py took 0.135 seconds
[2026-08-03T12:36:21.290+0000] {processor.py:186} INFO - Started process (PID=202) to work on /opt/airflow/dags/pricescope_pipeline.py
[2026-08-03T12:36:21.292+0000] {processor.py:914} INFO - Processing file /opt/airflow/dags/pricescope_pipeline.py for tasks to queue
[2026-08-03T12:36:21.296+0000] {logging_mixin.py:190} INFO - [2026-08-03T12:36:21.296+0000] {dagbag.py:588} INFO - Filling up the DagBag from /opt/airflow/dags/pricescope_pipeline.py
[2026-08-03T12:36:21.320+0000] {processor.py:925} INFO - DAG(s) 'pricescope_pipeline' retrieved from /opt/airflow/dags/pricescope_pipeline.py
[2026-08-03T12:36:21.347+0000] {logging_mixin.py:190} INFO - [2026-08-03T12:36:21.347+0000] {dag.py:3239} INFO - Sync 1 DAGs
[2026-08-03T12:36:21.379+0000] {logging_mixin.py:190} INFO - [2026-08-03T12:36:21.379+0000] {dag.py:4180} INFO - Setting next_dagrun for pricescope_pipeline to 2026-08-02 18:00:00+00:00, run_after=2026-08-03 06:00:00+00:00
[2026-08-03T12:36:21.402+0000] {processor.py:208} INFO - Processing /opt/airflow/dags/pricescope_pipeline.py took 0.119 seconds
[2026-08-03T12:36:51.540+0000] {processor.py:186} INFO - Started process (PID=209) to work on /opt/airflow/dags/pricescope_pipeline.py
[2026-08-03T12:36:51.541+0000] {processor.py:914} INFO - Processing file /opt/airflow/dags/pricescope_pipeline.py for tasks to queue
[2026-08-03T12:36:51.544+0000] {logging_mixin.py:190} INFO - [2026-08-03T12:36:51.544+0000] {dagbag.py:588} INFO - Filling up the DagBag from /opt/airflow/dags/pricescope_pipeline.py
[2026-08-03T12:36:51.564+0000] {processor.py:925} INFO - DAG(s) 'pricescope_pipeline' retrieved from /opt/airflow/dags/pricescope_pipeline.py
[2026-08-03T12:36:51.584+0000] {logging_mixin.py:190} INFO - [2026-08-03T12:36:51.583+0000] {dag.py:3239} INFO - Sync 1 DAGs
[2026-08-03T12:36:51.602+0000] {logging_mixin.py:190} INFO - [2026-08-03T12:36:51.602+0000] {dag.py:4180} INFO - Setting next_dagrun for pricescope_pipeline to 2026-08-02 18:00:00+00:00, run_after=2026-08-03 06:00:00+00:00
[2026-08-03T12:36:51.617+0000] {processor.py:208} INFO - Processing /opt/airflow/dags/pricescope_pipeline.py took 0.082 seconds
[2026-08-03T12:37:21.920+0000] {processor.py:186} INFO - Started process (PID=217) to work on /opt/airflow/dags/pricescope_pipeline.py
[2026-08-03T12:37:21.922+0000] {processor.py:914} INFO - Processing file /opt/airflow/dags/pricescope_pipeline.py for tasks to queue
[2026-08-03T12:37:21.926+0000] {logging_mixin.py:190} INFO - [2026-08-03T12:37:21.926+0000] {dagbag.py:588} INFO - Filling up the DagBag from /opt/airflow/dags/pricescope_pipeline.py
[2026-08-03T12:37:21.966+0000] {processor.py:925} INFO - DAG(s) 'pricescope_pipeline' retrieved from /opt/airflow/dags/pricescope_pipeline.py
[2026-08-03T12:37:21.989+0000] {logging_mixin.py:190} INFO - [2026-08-03T12:37:21.989+0000] {dag.py:3239} INFO - Sync 1 DAGs
[2026-08-03T12:37:22.010+0000] {logging_mixin.py:190} INFO - [2026-08-03T12:37:22.010+0000] {dag.py:4180} INFO - Setting next_dagrun for pricescope_pipeline to 2026-08-02 18:00:00+00:00, run_after=2026-08-03 06:00:00+00:00
[2026-08-03T12:37:22.028+0000] {processor.py:208} INFO - Processing /opt/airflow/dags/pricescope_pipeline.py took 0.113 seconds
[2026-08-03T12:37:52.274+0000] {processor.py:186} INFO - Started process (PID=224) to work on /opt/airflow/dags/pricescope_pipeline.py
[2026-08-03T12:37:52.276+0000] {processor.py:914} INFO - Processing file /opt/airflow/dags/pricescope_pipeline.py for tasks to queue
[2026-08-03T12:37:52.281+0000] {logging_mixin.py:190} INFO - [2026-08-03T12:37:52.280+0000] {dagbag.py:588} INFO - Filling up the DagBag from /opt/airflow/dags/pricescope_pipeline.py
[2026-08-03T12:37:52.310+0000] {processor.py:925} INFO - DAG(s) 'pricescope_pipeline' retrieved from /opt/airflow/dags/pricescope_pipeline.py
[2026-08-03T12:37:52.346+0000] {logging_mixin.py:190} INFO - [2026-08-03T12:37:52.346+0000] {dag.py:3239} INFO - Sync 1 DAGs
[2026-08-03T12:37:52.374+0000] {logging_mixin.py:190} INFO - [2026-08-03T12:37:52.373+0000] {dag.py:4180} INFO - Setting next_dagrun for pricescope_pipeline to 2026-08-02 18:00:00+00:00, run_after=2026-08-03 06:00:00+00:00
[2026-08-03T12:37:52.405+0000] {processor.py:208} INFO - Processing /opt/airflow/dags/pricescope_pipeline.py took 0.140 seconds
[2026-08-03T12:38:22.682+0000] {processor.py:186} INFO - Started process (PID=231) to work on /opt/airflow/dags/pricescope_pipeline.py
[2026-08-03T12:38:22.685+0000] {processor.py:914} INFO - Processing file /opt/airflow/dags/pricescope_pipeline.py for tasks to queue
[2026-08-03T12:38:22.689+0000] {logging_mixin.py:190} INFO - [2026-08-03T12:38:22.689+0000] {dagbag.py:588} INFO - Filling up the DagBag from /opt/airflow/dags/pricescope_pipeline.py
[2026-08-03T12:38:22.723+0000] {processor.py:925} INFO - DAG(s) 'pricescope_pipeline' retrieved from /opt/airflow/dags/pricescope_pipeline.py
[2026-08-03T12:38:22.753+0000] {logging_mixin.py:190} INFO - [2026-08-03T12:38:22.753+0000] {dag.py:3239} INFO - Sync 1 DAGs
[2026-08-03T12:38:22.784+0000] {logging_mixin.py:190} INFO - [2026-08-03T12:38:22.783+0000] {dag.py:4180} INFO - Setting next_dagrun for pricescope_pipeline to 2026-08-02 18:00:00+00:00, run_after=2026-08-03 06:00:00+00:00
[2026-08-03T12:38:22.823+0000] {processor.py:208} INFO - Processing /opt/airflow/dags/pricescope_pipeline.py took 0.148 seconds
[2026-08-03T12:38:53.032+0000] {processor.py:186} INFO - Started process (PID=238) to work on /opt/airflow/dags/pricescope_pipeline.py
[2026-08-03T12:38:53.035+0000] {processor.py:914} INFO - Processing file /opt/airflow/dags/pricescope_pipeline.py for tasks to queue
[2026-08-03T12:38:53.040+0000] {logging_mixin.py:190} INFO - [2026-08-03T12:38:53.039+0000] {dagbag.py:588} INFO - Filling up the DagBag from /opt/airflow/dags/pricescope_pipeline.py
[2026-08-03T12:38:53.078+0000] {processor.py:925} INFO - DAG(s) 'pricescope_pipeline' retrieved from /opt/airflow/dags/pricescope_pipeline.py
[2026-08-03T12:38:53.116+0000] {logging_mixin.py:190} INFO - [2026-08-03T12:38:53.115+0000] {dag.py:3239} INFO - Sync 1 DAGs
[2026-08-03T12:38:53.146+0000] {logging_mixin.py:190} INFO - [2026-08-03T12:38:53.146+0000] {dag.py:4180} INFO - Setting next_dagrun for pricescope_pipeline to 2026-08-02 18:00:00+00:00, run_after=2026-08-03 06:00:00+00:00
[2026-08-03T12:38:53.174+0000] {processor.py:208} INFO - Processing /opt/airflow/dags/pricescope_pipeline.py took 0.151 seconds
[2026-08-03T12:39:23.370+0000] {processor.py:186} INFO - Started process (PID=245) to work on /opt/airflow/dags/pricescope_pipeline.py
[2026-08-03T12:39:23.376+0000] {processor.py:914} INFO - Processing file /opt/airflow/dags/pricescope_pipeline.py for tasks to queue
[2026-08-03T12:39:23.384+0000] {logging_mixin.py:190} INFO - [2026-08-03T12:39:23.383+0000] {dagbag.py:588} INFO - Filling up the DagBag from /opt/airflow/dags/pricescope_pipeline.py
[2026-08-03T12:39:23.441+0000] {processor.py:925} INFO - DAG(s) 'pricescope_pipeline' retrieved from /opt/airflow/dags/pricescope_pipeline.py
[2026-08-03T12:39:23.553+0000] {logging_mixin.py:190} INFO - [2026-08-03T12:39:23.553+0000] {dag.py:3239} INFO - Sync 1 DAGs
[2026-08-03T12:39:23.631+0000] {logging_mixin.py:190} INFO - [2026-08-03T12:39:23.629+0000] {dag.py:4180} INFO - Setting next_dagrun for pricescope_pipeline to 2026-08-02 18:00:00+00:00, run_after=2026-08-03 06:00:00+00:00
[2026-08-03T12:39:23.773+0000] {processor.py:208} INFO - Processing /opt/airflow/dags/pricescope_pipeline.py took 0.417 seconds
[2026-08-03T12:39:53.859+0000] {processor.py:186} INFO - Started process (PID=252) to work on /opt/airflow/dags/pricescope_pipeline.py
[2026-08-03T12:39:53.862+0000] {processor.py:914} INFO - Processing file /opt/airflow/dags/pricescope_pipeline.py for tasks to queue
[2026-08-03T12:39:53.869+0000] {logging_mixin.py:190} INFO - [2026-08-03T12:39:53.868+0000] {dagbag.py:588} INFO - Filling up the DagBag from /opt/airflow/dags/pricescope_pipeline.py
[2026-08-03T12:39:53.905+0000] {processor.py:925} INFO - DAG(s) 'pricescope_pipeline' retrieved from /opt/airflow/dags/pricescope_pipeline.py
[2026-08-03T12:39:53.952+0000] {logging_mixin.py:190} INFO - [2026-08-03T12:39:53.952+0000] {dag.py:3239} INFO - Sync 1 DAGs
[2026-08-03T12:39:54.001+0000] {logging_mixin.py:190} INFO - [2026-08-03T12:39:54.000+0000] {dag.py:4180} INFO - Setting next_dagrun for pricescope_pipeline to 2026-08-02 18:00:00+00:00, run_after=2026-08-03 06:00:00+00:00
[2026-08-03T12:39:54.034+0000] {processor.py:208} INFO - Processing /opt/airflow/dags/pricescope_pipeline.py took 0.189 seconds
[2026-08-03T12:40:24.126+0000] {processor.py:186} INFO - Started process (PID=259) to work on /opt/airflow/dags/pricescope_pipeline.py
[2026-08-03T12:40:24.127+0000] {processor.py:914} INFO - Processing file /opt/airflow/dags/pricescope_pipeline.py for tasks to queue
[2026-08-03T12:40:24.132+0000] {logging_mixin.py:190} INFO - [2026-08-03T12:40:24.131+0000] {dagbag.py:588} INFO - Filling up the DagBag from /opt/airflow/dags/pricescope_pipeline.py
[2026-08-03T12:40:24.155+0000] {processor.py:925} INFO - DAG(s) 'pricescope_pipeline' retrieved from /opt/airflow/dags/pricescope_pipeline.py
[2026-08-03T12:40:24.177+0000] {logging_mixin.py:190} INFO - [2026-08-03T12:40:24.176+0000] {dag.py:3239} INFO - Sync 1 DAGs
[2026-08-03T12:40:24.202+0000] {logging_mixin.py:190} INFO - [2026-08-03T12:40:24.202+0000] {dag.py:4180} INFO - Setting next_dagrun for pricescope_pipeline to 2026-08-02 18:00:00+00:00, run_after=2026-08-03 06:00:00+00:00
[2026-08-03T12:40:24.226+0000] {processor.py:208} INFO - Processing /opt/airflow/dags/pricescope_pipeline.py took 0.105 seconds
[2026-08-03T12:40:54.422+0000] {processor.py:186} INFO - Started process (PID=266) to work on /opt/airflow/dags/pricescope_pipeline.py
[2026-08-03T12:40:54.424+0000] {processor.py:914} INFO - Processing file /opt/airflow/dags/pricescope_pipeline.py for tasks to queue
[2026-08-03T12:40:54.430+0000] {logging_mixin.py:190} INFO - [2026-08-03T12:40:54.429+0000] {dagbag.py:588} INFO - Filling up the DagBag from /opt/airflow/dags/pricescope_pipeline.py
[2026-08-03T12:40:54.467+0000] {processor.py:925} INFO - DAG(s) 'pricescope_pipeline' retrieved from /opt/airflow/dags/pricescope_pipeline.py
[2026-08-03T12:40:54.510+0000] {logging_mixin.py:190} INFO - [2026-08-03T12:40:54.509+0000] {dag.py:3239} INFO - Sync 1 DAGs
[2026-08-03T12:40:54.540+0000] {logging_mixin.py:190} INFO - [2026-08-03T12:40:54.540+0000] {dag.py:4180} INFO - Setting next_dagrun for pricescope_pipeline to 2026-08-02 18:00:00+00:00, run_after=2026-08-03 06:00:00+00:00
[2026-08-03T12:40:54.573+0000] {processor.py:208} INFO - Processing /opt/airflow/dags/pricescope_pipeline.py took 0.159 seconds
[2026-08-03T12:41:24.972+0000] {processor.py:186} INFO - Started process (PID=273) to work on /opt/airflow/dags/pricescope_pipeline.py
[2026-08-03T12:41:24.976+0000] {processor.py:914} INFO - Processing file /opt/airflow/dags/pricescope_pipeline.py for tasks to queue
[2026-08-03T12:41:24.983+0000] {logging_mixin.py:190} INFO - [2026-08-03T12:41:24.982+0000] {dagbag.py:588} INFO - Filling up the DagBag from /opt/airflow/dags/pricescope_pipeline.py
[2026-08-03T12:41:25.042+0000] {processor.py:925} INFO - DAG(s) 'pricescope_pipeline' retrieved from /opt/airflow/dags/pricescope_pipeline.py
[2026-08-03T12:41:25.104+0000] {logging_mixin.py:190} INFO - [2026-08-03T12:41:25.104+0000] {dag.py:3239} INFO - Sync 1 DAGs
[2026-08-03T12:41:25.168+0000] {logging_mixin.py:190} INFO - [2026-08-03T12:41:25.168+0000] {dag.py:4180} INFO - Setting next_dagrun for pricescope_pipeline to 2026-08-02 18:00:00+00:00, run_after=2026-08-03 06:00:00+00:00
[2026-08-03T12:41:25.220+0000] {processor.py:208} INFO - Processing /opt/airflow/dags/pricescope_pipeline.py took 0.258 seconds
[2026-08-03T12:41:55.384+0000] {processor.py:186} INFO - Started process (PID=280) to work on /opt/airflow/dags/pricescope_pipeline.py
[2026-08-03T12:41:55.392+0000] {processor.py:914} INFO - Processing file /opt/airflow/dags/pricescope_pipeline.py for tasks to queue
[2026-08-03T12:41:55.403+0000] {logging_mixin.py:190} INFO - [2026-08-03T12:41:55.402+0000] {dagbag.py:588} INFO - Filling up the DagBag from /opt/airflow/dags/pricescope_pipeline.py
[2026-08-03T12:41:55.459+0000] {processor.py:925} INFO - DAG(s) 'pricescope_pipeline' retrieved from /opt/airflow/dags/pricescope_pipeline.py
[2026-08-03T12:41:55.514+0000] {logging_mixin.py:190} INFO - [2026-08-03T12:41:55.513+0000] {dag.py:3239} INFO - Sync 1 DAGs
[2026-08-03T12:41:55.574+0000] {logging_mixin.py:190} INFO - [2026-08-03T12:41:55.573+0000] {dag.py:4180} INFO - Setting next_dagrun for pricescope_pipeline to 2026-08-02 18:00:00+00:00, run_after=2026-08-03 06:00:00+00:00
[2026-08-03T12:41:55.633+0000] {processor.py:208} INFO - Processing /opt/airflow/dags/pricescope_pipeline.py took 0.260 seconds
[2026-08-03T12:42:25.987+0000] {processor.py:186} INFO - Started process (PID=287) to work on /opt/airflow/dags/pricescope_pipeline.py
[2026-08-03T12:42:25.990+0000] {processor.py:914} INFO - Processing file /opt/airflow/dags/pricescope_pipeline.py for tasks to queue
[2026-08-03T12:42:25.995+0000] {logging_mixin.py:190} INFO - [2026-08-03T12:42:25.995+0000] {dagbag.py:588} INFO - Filling up the DagBag from /opt/airflow/dags/pricescope_pipeline.py
[2026-08-03T12:42:26.031+0000] {processor.py:925} INFO - DAG(s) 'pricescope_pipeline' retrieved from /opt/airflow/dags/pricescope_pipeline.py
[2026-08-03T12:42:26.066+0000] {logging_mixin.py:190} INFO - [2026-08-03T12:42:26.066+0000] {dag.py:3239} INFO - Sync 1 DAGs
[2026-08-03T12:42:26.101+0000] {logging_mixin.py:190} INFO - [2026-08-03T12:42:26.101+0000] {dag.py:4180} INFO - Setting next_dagrun for pricescope_pipeline to 2026-08-02 18:00:00+00:00, run_after=2026-08-03 06:00:00+00:00
[2026-08-03T12:42:26.156+0000] {processor.py:208} INFO - Processing /opt/airflow/dags/pricescope_pipeline.py took 0.178 seconds
[2026-08-03T12:42:56.713+0000] {processor.py:186} INFO - Started process (PID=294) to work on /opt/airflow/dags/pricescope_pipeline.py
[2026-08-03T12:42:56.720+0000] {processor.py:914} INFO - Processing file /opt/airflow/dags/pricescope_pipeline.py for tasks to queue
[2026-08-03T12:42:56.730+0000] {logging_mixin.py:190} INFO - [2026-08-03T12:42:56.729+0000] {dagbag.py:588} INFO - Filling up the DagBag from /opt/airflow/dags/pricescope_pipeline.py
[2026-08-03T12:42:56.794+0000] {processor.py:925} INFO - DAG(s) 'pricescope_pipeline' retrieved from /opt/airflow/dags/pricescope_pipeline.py
[2026-08-03T12:42:56.853+0000] {logging_mixin.py:190} INFO - [2026-08-03T12:42:56.852+0000] {dag.py:3239} INFO - Sync 1 DAGs
[2026-08-03T12:42:56.913+0000] {logging_mixin.py:190} INFO - [2026-08-03T12:42:56.912+0000] {dag.py:4180} INFO - Setting next_dagrun for pricescope_pipeline to 2026-08-02 18:00:00+00:00, run_after=2026-08-03 06:00:00+00:00
[2026-08-03T12:42:56.972+0000] {processor.py:208} INFO - Processing /opt/airflow/dags/pricescope_pipeline.py took 0.288 seconds
[2026-08-03T12:43:27.109+0000] {processor.py:186} INFO - Started process (PID=301) to work on /opt/airflow/dags/pricescope_pipeline.py
[2026-08-03T12:43:27.112+0000] {processor.py:914} INFO - Processing file /opt/airflow/dags/pricescope_pipeline.py for tasks to queue
[2026-08-03T12:43:27.117+0000] {logging_mixin.py:190} INFO - [2026-08-03T12:43:27.116+0000] {dagbag.py:588} INFO - Filling up the DagBag from /opt/airflow/dags/pricescope_pipeline.py
[2026-08-03T12:43:27.166+0000] {processor.py:925} INFO - DAG(s) 'pricescope_pipeline' retrieved from /opt/airflow/dags/pricescope_pipeline.py
[2026-08-03T12:43:27.216+0000] {logging_mixin.py:190} INFO - [2026-08-03T12:43:27.215+0000] {dag.py:3239} INFO - Sync 1 DAGs
[2026-08-03T12:43:27.283+0000] {logging_mixin.py:190} INFO - [2026-08-03T12:43:27.283+0000] {dag.py:4180} INFO - Setting next_dagrun for pricescope_pipeline to 2026-08-02 18:00:00+00:00, run_after=2026-08-03 06:00:00+00:00
[2026-08-03T12:43:27.331+0000] {processor.py:208} INFO - Processing /opt/airflow/dags/pricescope_pipeline.py took 0.234 seconds
[2026-08-03T12:43:57.636+0000] {processor.py:186} INFO - Started process (PID=308) to work on /opt/airflow/dags/pricescope_pipeline.py
[2026-08-03T12:43:57.639+0000] {processor.py:914} INFO - Processing file /opt/airflow/dags/pricescope_pipeline.py for tasks to queue
[2026-08-03T12:43:57.645+0000] {logging_mixin.py:190} INFO - [2026-08-03T12:43:57.644+0000] {dagbag.py:588} INFO - Filling up the DagBag from /opt/airflow/dags/pricescope_pipeline.py
[2026-08-03T12:43:57.686+0000] {processor.py:925} INFO - DAG(s) 'pricescope_pipeline' retrieved from /opt/airflow/dags/pricescope_pipeline.py
[2026-08-03T12:43:57.731+0000] {logging_mixin.py:190} INFO - [2026-08-03T12:43:57.730+0000] {dag.py:3239} INFO - Sync 1 DAGs
[2026-08-03T12:43:57.770+0000] {logging_mixin.py:190} INFO - [2026-08-03T12:43:57.769+0000] {dag.py:4180} INFO - Setting next_dagrun for pricescope_pipeline to 2026-08-02 18:00:00+00:00, run_after=2026-08-03 06:00:00+00:00
[2026-08-03T12:43:57.800+0000] {processor.py:208} INFO - Processing /opt/airflow/dags/pricescope_pipeline.py took 0.181 seconds
[2026-08-03T12:44:27.995+0000] {processor.py:186} INFO - Started process (PID=315) to work on /opt/airflow/dags/pricescope_pipeline.py
[2026-08-03T12:44:27.998+0000] {processor.py:914} INFO - Processing file /opt/airflow/dags/pricescope_pipeline.py for tasks to queue
[2026-08-03T12:44:28.005+0000] {logging_mixin.py:190} INFO - [2026-08-03T12:44:28.004+0000] {dagbag.py:588} INFO - Filling up the DagBag from /opt/airflow/dags/pricescope_pipeline.py
[2026-08-03T12:44:28.044+0000] {processor.py:925} INFO - DAG(s) 'pricescope_pipeline' retrieved from /opt/airflow/dags/pricescope_pipeline.py
[2026-08-03T12:44:28.098+0000] {logging_mixin.py:190} INFO - [2026-08-03T12:44:28.097+0000] {dag.py:3239} INFO - Sync 1 DAGs
[2026-08-03T12:44:28.152+0000] {logging_mixin.py:190} INFO - [2026-08-03T12:44:28.151+0000] {dag.py:4180} INFO - Setting next_dagrun for pricescope_pipeline to 2026-08-02 18:00:00+00:00, run_after=2026-08-03 06:00:00+00:00
[2026-08-03T12:44:28.200+0000] {processor.py:208} INFO - Processing /opt/airflow/dags/pricescope_pipeline.py took 0.215 seconds
[2026-08-03T12:44:58.495+0000] {processor.py:186} INFO - Started process (PID=322) to work on /opt/airflow/dags/pricescope_pipeline.py
[2026-08-03T12:44:58.498+0000] {processor.py:914} INFO - Processing file /opt/airflow/dags/pricescope_pipeline.py for tasks to queue
[2026-08-03T12:44:58.505+0000] {logging_mixin.py:190} INFO - [2026-08-03T12:44:58.504+0000] {dagbag.py:588} INFO - Filling up the DagBag from /opt/airflow/dags/pricescope_pipeline.py
[2026-08-03T12:44:58.558+0000] {processor.py:925} INFO - DAG(s) 'pricescope_pipeline' retrieved from /opt/airflow/dags/pricescope_pipeline.py
[2026-08-03T12:44:58.624+0000] {logging_mixin.py:190} INFO - [2026-08-03T12:44:58.624+0000] {dag.py:3239} INFO - Sync 1 DAGs
[2026-08-03T12:44:58.691+0000] {logging_mixin.py:190} INFO - [2026-08-03T12:44:58.690+0000] {dag.py:4180} INFO - Setting next_dagrun for pricescope_pipeline to 2026-08-02 18:00:00+00:00, run_after=2026-08-03 06:00:00+00:00
[2026-08-03T12:44:58.740+0000] {processor.py:208} INFO - Processing /opt/airflow/dags/pricescope_pipeline.py took 0.261 seconds
[2026-08-03T12:45:28.872+0000] {processor.py:186} INFO - Started process (PID=330) to work on /opt/airflow/dags/pricescope_pipeline.py
[2026-08-03T12:45:28.878+0000] {processor.py:914} INFO - Processing file /opt/airflow/dags/pricescope_pipeline.py for tasks to queue
[2026-08-03T12:45:28.886+0000] {logging_mixin.py:190} INFO - [2026-08-03T12:45:28.885+0000] {dagbag.py:588} INFO - Filling up the DagBag from /opt/airflow/dags/pricescope_pipeline.py
[2026-08-03T12:45:28.939+0000] {processor.py:925} INFO - DAG(s) 'pricescope_pipeline' retrieved from /opt/airflow/dags/pricescope_pipeline.py
[2026-08-03T12:45:28.998+0000] {logging_mixin.py:190} INFO - [2026-08-03T12:45:28.996+0000] {dag.py:3239} INFO - Sync 1 DAGs
[2026-08-03T12:45:29.047+0000] {logging_mixin.py:190} INFO - [2026-08-03T12:45:29.046+0000] {dag.py:4180} INFO - Setting next_dagrun for pricescope_pipeline to 2026-08-02 18:00:00+00:00, run_after=2026-08-03 06:00:00+00:00
[2026-08-03T12:45:29.094+0000] {processor.py:208} INFO - Processing /opt/airflow/dags/pricescope_pipeline.py took 0.239 seconds
[2026-08-03T12:45:59.417+0000] {processor.py:186} INFO - Started process (PID=337) to work on /opt/airflow/dags/pricescope_pipeline.py
[2026-08-03T12:45:59.420+0000] {processor.py:914} INFO - Processing file /opt/airflow/dags/pricescope_pipeline.py for tasks to queue
[2026-08-03T12:45:59.425+0000] {logging_mixin.py:190} INFO - [2026-08-03T12:45:59.425+0000] {dagbag.py:588} INFO - Filling up the DagBag from /opt/airflow/dags/pricescope_pipeline.py
[2026-08-03T12:45:59.464+0000] {processor.py:925} INFO - DAG(s) 'pricescope_pipeline' retrieved from /opt/airflow/dags/pricescope_pipeline.py
[2026-08-03T12:45:59.512+0000] {logging_mixin.py:190} INFO - [2026-08-03T12:45:59.511+0000] {dag.py:3239} INFO - Sync 1 DAGs
[2026-08-03T12:45:59.561+0000] {logging_mixin.py:190} INFO - [2026-08-03T12:45:59.561+0000] {dag.py:4180} INFO - Setting next_dagrun for pricescope_pipeline to 2026-08-02 18:00:00+00:00, run_after=2026-08-03 06:00:00+00:00
[2026-08-03T12:45:59.602+0000] {processor.py:208} INFO - Processing /opt/airflow/dags/pricescope_pipeline.py took 0.197 seconds
[2026-08-03T12:46:29.848+0000] {processor.py:186} INFO - Started process (PID=344) to work on /opt/airflow/dags/pricescope_pipeline.py
[2026-08-03T12:46:29.850+0000] {processor.py:914} INFO - Processing file /opt/airflow/dags/pricescope_pipeline.py for tasks to queue
[2026-08-03T12:46:29.853+0000] {logging_mixin.py:190} INFO - [2026-08-03T12:46:29.853+0000] {dagbag.py:588} INFO - Filling up the DagBag from /opt/airflow/dags/pricescope_pipeline.py
[2026-08-03T12:46:29.882+0000] {processor.py:925} INFO - DAG(s) 'pricescope_pipeline' retrieved from /opt/airflow/dags/pricescope_pipeline.py
[2026-08-03T12:46:29.913+0000] {logging_mixin.py:190} INFO - [2026-08-03T12:46:29.912+0000] {dag.py:3239} INFO - Sync 1 DAGs
[2026-08-03T12:46:29.944+0000] {logging_mixin.py:190} INFO - [2026-08-03T12:46:29.944+0000] {dag.py:4180} INFO - Setting next_dagrun for pricescope_pipeline to 2026-08-02 18:00:00+00:00, run_after=2026-08-03 06:00:00+00:00
[2026-08-03T12:46:29.969+0000] {processor.py:208} INFO - Processing /opt/airflow/dags/pricescope_pipeline.py took 0.128 seconds
[2026-08-03T12:47:00.270+0000] {processor.py:186} INFO - Started process (PID=351) to work on /opt/airflow/dags/pricescope_pipeline.py
[2026-08-03T12:47:00.273+0000] {processor.py:914} INFO - Processing file /opt/airflow/dags/pricescope_pipeline.py for tasks to queue
[2026-08-03T12:47:00.282+0000] {logging_mixin.py:190} INFO - [2026-08-03T12:47:00.281+0000] {dagbag.py:588} INFO - Filling up the DagBag from /opt/airflow/dags/pricescope_pipeline.py
[2026-08-03T12:47:00.321+0000] {processor.py:925} INFO - DAG(s) 'pricescope_pipeline' retrieved from /opt/airflow/dags/pricescope_pipeline.py
[2026-08-03T12:47:00.359+0000] {logging_mixin.py:190} INFO - [2026-08-03T12:47:00.358+0000] {dag.py:3239} INFO - Sync 1 DAGs
[2026-08-03T12:47:00.396+0000] {logging_mixin.py:190} INFO - [2026-08-03T12:47:00.395+0000] {dag.py:4180} INFO - Setting next_dagrun for pricescope_pipeline to 2026-08-02 18:00:00+00:00, run_after=2026-08-03 06:00:00+00:00
[2026-08-03T12:47:00.435+0000] {processor.py:208} INFO - Processing /opt/airflow/dags/pricescope_pipeline.py took 0.174 seconds
[2026-08-03T12:47:30.586+0000] {processor.py:186} INFO - Started process (PID=358) to work on /opt/airflow/dags/pricescope_pipeline.py
[2026-08-03T12:47:30.589+0000] {processor.py:914} INFO - Processing file /opt/airflow/dags/pricescope_pipeline.py for tasks to queue
[2026-08-03T12:47:30.594+0000] {logging_mixin.py:190} INFO - [2026-08-03T12:47:30.594+0000] {dagbag.py:588} INFO - Filling up the DagBag from /opt/airflow/dags/pricescope_pipeline.py
[2026-08-03T12:47:30.635+0000] {processor.py:925} INFO - DAG(s) 'pricescope_pipeline' retrieved from /opt/airflow/dags/pricescope_pipeline.py
[2026-08-03T12:47:30.675+0000] {logging_mixin.py:190} INFO - [2026-08-03T12:47:30.675+0000] {dag.py:3239} INFO - Sync 1 DAGs
[2026-08-03T12:47:30.723+0000] {logging_mixin.py:190} INFO - [2026-08-03T12:47:30.723+0000] {dag.py:4180} INFO - Setting next_dagrun for pricescope_pipeline to 2026-08-02 18:00:00+00:00, run_after=2026-08-03 06:00:00+00:00
[2026-08-03T12:47:30.763+0000] {processor.py:208} INFO - Processing /opt/airflow/dags/pricescope_pipeline.py took 0.186 seconds
[2026-08-03T12:48:01.152+0000] {processor.py:186} INFO - Started process (PID=365) to work on /opt/airflow/dags/pricescope_pipeline.py
[2026-08-03T12:48:01.155+0000] {processor.py:914} INFO - Processing file /opt/airflow/dags/pricescope_pipeline.py for tasks to queue
[2026-08-03T12:48:01.163+0000] {logging_mixin.py:190} INFO - [2026-08-03T12:48:01.162+0000] {dagbag.py:588} INFO - Filling up the DagBag from /opt/airflow/dags/pricescope_pipeline.py
[2026-08-03T12:48:01.209+0000] {processor.py:925} INFO - DAG(s) 'pricescope_pipeline' retrieved from /opt/airflow/dags/pricescope_pipeline.py
[2026-08-03T12:48:01.255+0000] {logging_mixin.py:190} INFO - [2026-08-03T12:48:01.255+0000] {dag.py:3239} INFO - Sync 1 DAGs
[2026-08-03T12:48:01.301+0000] {logging_mixin.py:190} INFO - [2026-08-03T12:48:01.300+0000] {dag.py:4180} INFO - Setting next_dagrun for pricescope_pipeline to 2026-08-02 18:00:00+00:00, run_after=2026-08-03 06:00:00+00:00
[2026-08-03T12:48:01.345+0000] {processor.py:208} INFO - Processing /opt/airflow/dags/pricescope_pipeline.py took 0.205 seconds
[2026-08-03T12:48:31.493+0000] {processor.py:186} INFO - Started process (PID=372) to work on /opt/airflow/dags/pricescope_pipeline.py
[2026-08-03T12:48:31.495+0000] {processor.py:914} INFO - Processing file /opt/airflow/dags/pricescope_pipeline.py for tasks to queue
[2026-08-03T12:48:31.500+0000] {logging_mixin.py:190} INFO - [2026-08-03T12:48:31.499+0000] {dagbag.py:588} INFO - Filling up the DagBag from /opt/airflow/dags/pricescope_pipeline.py
[2026-08-03T12:48:31.529+0000] {processor.py:925} INFO - DAG(s) 'pricescope_pipeline' retrieved from /opt/airflow/dags/pricescope_pipeline.py
[2026-08-03T12:48:31.559+0000] {logging_mixin.py:190} INFO - [2026-08-03T12:48:31.558+0000] {dag.py:3239} INFO - Sync 1 DAGs
[2026-08-03T12:48:31.586+0000] {logging_mixin.py:190} INFO - [2026-08-03T12:48:31.585+0000] {dag.py:4180} INFO - Setting next_dagrun for pricescope_pipeline to 2026-08-02 18:00:00+00:00, run_after=2026-08-03 06:00:00+00:00
[2026-08-03T12:48:31.615+0000] {processor.py:208} INFO - Processing /opt/airflow/dags/pricescope_pipeline.py took 0.131 seconds
[2026-08-03T12:49:01.847+0000] {processor.py:186} INFO - Started process (PID=379) to work on /opt/airflow/dags/pricescope_pipeline.py
[2026-08-03T12:49:01.850+0000] {processor.py:914} INFO - Processing file /opt/airflow/dags/pricescope_pipeline.py for tasks to queue
[2026-08-03T12:49:01.859+0000] {logging_mixin.py:190} INFO - [2026-08-03T12:49:01.858+0000] {dagbag.py:588} INFO - Filling up the DagBag from /opt/airflow/dags/pricescope_pipeline.py
[2026-08-03T12:49:01.905+0000] {processor.py:925} INFO - DAG(s) 'pricescope_pipeline' retrieved from /opt/airflow/dags/pricescope_pipeline.py
[2026-08-03T12:49:01.956+0000] {logging_mixin.py:190} INFO - [2026-08-03T12:49:01.956+0000] {dag.py:3239} INFO - Sync 1 DAGs
[2026-08-03T12:49:02.009+0000] {logging_mixin.py:190} INFO - [2026-08-03T12:49:02.009+0000] {dag.py:4180} INFO - Setting next_dagrun for pricescope_pipeline to 2026-08-02 18:00:00+00:00, run_after=2026-08-03 06:00:00+00:00
[2026-08-03T12:49:02.052+0000] {processor.py:208} INFO - Processing /opt/airflow/dags/pricescope_pipeline.py took 0.215 seconds
[2026-08-03T12:49:32.326+0000] {processor.py:186} INFO - Started process (PID=386) to work on /opt/airflow/dags/pricescope_pipeline.py
[2026-08-03T12:49:32.332+0000] {processor.py:914} INFO - Processing file /opt/airflow/dags/pricescope_pipeline.py for tasks to queue
[2026-08-03T12:49:32.338+0000] {logging_mixin.py:190} INFO - [2026-08-03T12:49:32.337+0000] {dagbag.py:588} INFO - Filling up the DagBag from /opt/airflow/dags/pricescope_pipeline.py
[2026-08-03T12:49:32.382+0000] {processor.py:925} INFO - DAG(s) 'pricescope_pipeline' retrieved from /opt/airflow/dags/pricescope_pipeline.py
[2026-08-03T12:49:32.424+0000] {logging_mixin.py:190} INFO - [2026-08-03T12:49:32.424+0000] {dag.py:3239} INFO - Sync 1 DAGs
[2026-08-03T12:49:32.467+0000] {logging_mixin.py:190} INFO - [2026-08-03T12:49:32.467+0000] {dag.py:4180} INFO - Setting next_dagrun for pricescope_pipeline to 2026-08-02 18:00:00+00:00, run_after=2026-08-03 06:00:00+00:00
[2026-08-03T12:49:32.515+0000] {processor.py:208} INFO - Processing /opt/airflow/dags/pricescope_pipeline.py took 0.197 seconds
[2026-08-03T12:50:02.870+0000] {processor.py:186} INFO - Started process (PID=393) to work on /opt/airflow/dags/pricescope_pipeline.py
[2026-08-03T12:50:02.873+0000] {processor.py:914} INFO - Processing file /opt/airflow/dags/pricescope_pipeline.py for tasks to queue
[2026-08-03T12:50:02.878+0000] {logging_mixin.py:190} INFO - [2026-08-03T12:50:02.878+0000] {dagbag.py:588} INFO - Filling up the DagBag from /opt/airflow/dags/pricescope_pipeline.py
[2026-08-03T12:50:02.911+0000] {processor.py:925} INFO - DAG(s) 'pricescope_pipeline' retrieved from /opt/airflow/dags/pricescope_pipeline.py
[2026-08-03T12:50:02.947+0000] {logging_mixin.py:190} INFO - [2026-08-03T12:50:02.947+0000] {dag.py:3239} INFO - Sync 1 DAGs
[2026-08-03T12:50:02.990+0000] {logging_mixin.py:190} INFO - [2026-08-03T12:50:02.989+0000] {dag.py:4180} INFO - Setting next_dagrun for pricescope_pipeline to 2026-08-02 18:00:00+00:00, run_after=2026-08-03 06:00:00+00:00
[2026-08-03T12:50:03.079+0000] {processor.py:208} INFO - Processing /opt/airflow/dags/pricescope_pipeline.py took 0.217 seconds
[2026-08-03T12:50:33.210+0000] {processor.py:186} INFO - Started process (PID=401) to work on /opt/airflow/dags/pricescope_pipeline.py
[2026-08-03T12:50:33.213+0000] {processor.py:914} INFO - Processing file /opt/airflow/dags/pricescope_pipeline.py for tasks to queue
[2026-08-03T12:50:33.219+0000] {logging_mixin.py:190} INFO - [2026-08-03T12:50:33.218+0000] {dagbag.py:588} INFO - Filling up the DagBag from /opt/airflow/dags/pricescope_pipeline.py
[2026-08-03T12:50:33.258+0000] {processor.py:925} INFO - DAG(s) 'pricescope_pipeline' retrieved from /opt/airflow/dags/pricescope_pipeline.py
[2026-08-03T12:50:33.293+0000] {logging_mixin.py:190} INFO - [2026-08-03T12:50:33.292+0000] {dag.py:3239} INFO - Sync 1 DAGs
[2026-08-03T12:50:33.327+0000] {logging_mixin.py:190} INFO - [2026-08-03T12:50:33.327+0000] {dag.py:4180} INFO - Setting next_dagrun for pricescope_pipeline to 2026-08-02 18:00:00+00:00, run_after=2026-08-03 06:00:00+00:00
[2026-08-03T12:50:33.369+0000] {processor.py:208} INFO - Processing /opt/airflow/dags/pricescope_pipeline.py took 0.171 seconds
[2026-08-03T12:51:03.701+0000] {processor.py:186} INFO - Started process (PID=408) to work on /opt/airflow/dags/pricescope_pipeline.py
[2026-08-03T12:51:03.703+0000] {processor.py:914} INFO - Processing file /opt/airflow/dags/pricescope_pipeline.py for tasks to queue
[2026-08-03T12:51:03.707+0000] {logging_mixin.py:190} INFO - [2026-08-03T12:51:03.707+0000] {dagbag.py:588} INFO - Filling up the DagBag from /opt/airflow/dags/pricescope_pipeline.py
[2026-08-03T12:51:03.741+0000] {processor.py:925} INFO - DAG(s) 'pricescope_pipeline' retrieved from /opt/airflow/dags/pricescope_pipeline.py
[2026-08-03T12:51:03.771+0000] {logging_mixin.py:190} INFO - [2026-08-03T12:51:03.771+0000] {dag.py:3239} INFO - Sync 1 DAGs
[2026-08-03T12:51:03.810+0000] {logging_mixin.py:190} INFO - [2026-08-03T12:51:03.810+0000] {dag.py:4180} INFO - Setting next_dagrun for pricescope_pipeline to 2026-08-02 18:00:00+00:00, run_after=2026-08-03 06:00:00+00:00
[2026-08-03T12:51:03.842+0000] {processor.py:208} INFO - Processing /opt/airflow/dags/pricescope_pipeline.py took 0.150 seconds
[2026-08-03T12:51:34.027+0000] {processor.py:186} INFO - Started process (PID=415) to work on /opt/airflow/dags/pricescope_pipeline.py
[2026-08-03T12:51:34.031+0000] {processor.py:914} INFO - Processing file /opt/airflow/dags/pricescope_pipeline.py for tasks to queue
[2026-08-03T12:51:34.036+0000] {logging_mixin.py:190} INFO - [2026-08-03T12:51:34.036+0000] {dagbag.py:588} INFO - Filling up the DagBag from /opt/airflow/dags/pricescope_pipeline.py
[2026-08-03T12:51:34.067+0000] {processor.py:925} INFO - DAG(s) 'pricescope_pipeline' retrieved from /opt/airflow/dags/pricescope_pipeline.py
[2026-08-03T12:51:34.103+0000] {logging_mixin.py:190} INFO - [2026-08-03T12:51:34.102+0000] {dag.py:3239} INFO - Sync 1 DAGs
[2026-08-03T12:51:34.135+0000] {logging_mixin.py:190} INFO - [2026-08-03T12:51:34.134+0000] {dag.py:4180} INFO - Setting next_dagrun for pricescope_pipeline to 2026-08-02 18:00:00+00:00, run_after=2026-08-03 06:00:00+00:00
[2026-08-03T12:51:34.164+0000] {processor.py:208} INFO - Processing /opt/airflow/dags/pricescope_pipeline.py took 0.143 seconds
[2026-08-03T12:52:04.539+0000] {processor.py:186} INFO - Started process (PID=422) to work on /opt/airflow/dags/pricescope_pipeline.py
[2026-08-03T12:52:04.543+0000] {processor.py:914} INFO - Processing file /opt/airflow/dags/pricescope_pipeline.py for tasks to queue
[2026-08-03T12:52:04.549+0000] {logging_mixin.py:190} INFO - [2026-08-03T12:52:04.548+0000] {dagbag.py:588} INFO - Filling up the DagBag from /opt/airflow/dags/pricescope_pipeline.py
[2026-08-03T12:52:04.600+0000] {processor.py:925} INFO - DAG(s) 'pricescope_pipeline' retrieved from /opt/airflow/dags/pricescope_pipeline.py
[2026-08-03T12:52:04.654+0000] {logging_mixin.py:190} INFO - [2026-08-03T12:52:04.654+0000] {dag.py:3239} INFO - Sync 1 DAGs
[2026-08-03T12:52:04.716+0000] {logging_mixin.py:190} INFO - [2026-08-03T12:52:04.716+0000] {dag.py:4180} INFO - Setting next_dagrun for pricescope_pipeline to 2026-08-02 18:00:00+00:00, run_after=2026-08-03 06:00:00+00:00
[2026-08-03T12:52:04.769+0000] {processor.py:208} INFO - Processing /opt/airflow/dags/pricescope_pipeline.py took 0.246 seconds
[2026-08-03T12:52:34.915+0000] {processor.py:186} INFO - Started process (PID=429) to work on /opt/airflow/dags/pricescope_pipeline.py
[2026-08-03T12:52:34.917+0000] {processor.py:914} INFO - Processing file /opt/airflow/dags/pricescope_pipeline.py for tasks to queue
[2026-08-03T12:52:34.923+0000] {logging_mixin.py:190} INFO - [2026-08-03T12:52:34.923+0000] {dagbag.py:588} INFO - Filling up the DagBag from /opt/airflow/dags/pricescope_pipeline.py
[2026-08-03T12:52:34.957+0000] {processor.py:925} INFO - DAG(s) 'pricescope_pipeline' retrieved from /opt/airflow/dags/pricescope_pipeline.py
[2026-08-03T12:52:34.990+0000] {logging_mixin.py:190} INFO - [2026-08-03T12:52:34.990+0000] {dag.py:3239} INFO - Sync 1 DAGs
[2026-08-03T12:52:35.017+0000] {logging_mixin.py:190} INFO - [2026-08-03T12:52:35.017+0000] {dag.py:4180} INFO - Setting next_dagrun for pricescope_pipeline to 2026-08-02 18:00:00+00:00, run_after=2026-08-03 06:00:00+00:00
[2026-08-03T12:52:35.043+0000] {processor.py:208} INFO - Processing /opt/airflow/dags/pricescope_pipeline.py took 0.136 seconds
[2026-08-03T12:53:05.342+0000] {processor.py:186} INFO - Started process (PID=436) to work on /opt/airflow/dags/pricescope_pipeline.py
[2026-08-03T12:53:05.349+0000] {processor.py:914} INFO - Processing file /opt/airflow/dags/pricescope_pipeline.py for tasks to queue
[2026-08-03T12:53:05.357+0000] {logging_mixin.py:190} INFO - [2026-08-03T12:53:05.356+0000] {dagbag.py:588} INFO - Filling up the DagBag from /opt/airflow/dags/pricescope_pipeline.py
[2026-08-03T12:53:05.422+0000] {processor.py:925} INFO - DAG(s) 'pricescope_pipeline' retrieved from /opt/airflow/dags/pricescope_pipeline.py
[2026-08-03T12:53:05.498+0000] {logging_mixin.py:190} INFO - [2026-08-03T12:53:05.498+0000] {dag.py:3239} INFO - Sync 1 DAGs
[2026-08-03T12:53:05.562+0000] {logging_mixin.py:190} INFO - [2026-08-03T12:53:05.561+0000] {dag.py:4180} INFO - Setting next_dagrun for pricescope_pipeline to 2026-08-02 18:00:00+00:00, run_after=2026-08-03 06:00:00+00:00
[2026-08-03T12:53:05.615+0000] {processor.py:208} INFO - Processing /opt/airflow/dags/pricescope_pipeline.py took 0.289 seconds
[2026-08-03T12:53:35.991+0000] {processor.py:186} INFO - Started process (PID=443) to work on /opt/airflow/dags/pricescope_pipeline.py
[2026-08-03T12:53:35.994+0000] {processor.py:914} INFO - Processing file /opt/airflow/dags/pricescope_pipeline.py for tasks to queue
[2026-08-03T12:53:36.003+0000] {logging_mixin.py:190} INFO - [2026-08-03T12:53:36.001+0000] {dagbag.py:588} INFO - Filling up the DagBag from /opt/airflow/dags/pricescope_pipeline.py
[2026-08-03T12:53:36.057+0000] {processor.py:925} INFO - DAG(s) 'pricescope_pipeline' retrieved from /opt/airflow/dags/pricescope_pipeline.py
[2026-08-03T12:53:36.108+0000] {logging_mixin.py:190} INFO - [2026-08-03T12:53:36.107+0000] {dag.py:3239} INFO - Sync 1 DAGs
[2026-08-03T12:53:36.154+0000] {logging_mixin.py:190} INFO - [2026-08-03T12:53:36.154+0000] {dag.py:4180} INFO - Setting next_dagrun for pricescope_pipeline to 2026-08-02 18:00:00+00:00, run_after=2026-08-03 06:00:00+00:00
[2026-08-03T12:53:36.200+0000] {processor.py:208} INFO - Processing /opt/airflow/dags/pricescope_pipeline.py took 0.226 seconds
[2026-08-03T12:54:06.297+0000] {processor.py:186} INFO - Started process (PID=450) to work on /opt/airflow/dags/pricescope_pipeline.py
[2026-08-03T12:54:06.299+0000] {processor.py:914} INFO - Processing file /opt/airflow/dags/pricescope_pipeline.py for tasks to queue
[2026-08-03T12:54:06.302+0000] {logging_mixin.py:190} INFO - [2026-08-03T12:54:06.302+0000] {dagbag.py:588} INFO - Filling up the DagBag from /opt/airflow/dags/pricescope_pipeline.py
[2026-08-03T12:54:06.332+0000] {processor.py:925} INFO - DAG(s) 'pricescope_pipeline' retrieved from /opt/airflow/dags/pricescope_pipeline.py
[2026-08-03T12:54:06.358+0000] {logging_mixin.py:190} INFO - [2026-08-03T12:54:06.358+0000] {dag.py:3239} INFO - Sync 1 DAGs
[2026-08-03T12:54:06.384+0000] {logging_mixin.py:190} INFO - [2026-08-03T12:54:06.384+0000] {dag.py:4180} INFO - Setting next_dagrun for pricescope_pipeline to 2026-08-02 18:00:00+00:00, run_after=2026-08-03 06:00:00+00:00
[2026-08-03T12:54:06.409+0000] {processor.py:208} INFO - Processing /opt/airflow/dags/pricescope_pipeline.py took 0.118 seconds
[2026-08-03T12:54:36.622+0000] {processor.py:186} INFO - Started process (PID=457) to work on /opt/airflow/dags/pricescope_pipeline.py
[2026-08-03T12:54:36.625+0000] {processor.py:914} INFO - Processing file /opt/airflow/dags/pricescope_pipeline.py for tasks to queue
[2026-08-03T12:54:36.628+0000] {logging_mixin.py:190} INFO - [2026-08-03T12:54:36.628+0000] {dagbag.py:588} INFO - Filling up the DagBag from /opt/airflow/dags/pricescope_pipeline.py
[2026-08-03T12:54:36.657+0000] {processor.py:925} INFO - DAG(s) 'pricescope_pipeline' retrieved from /opt/airflow/dags/pricescope_pipeline.py
[2026-08-03T12:54:36.685+0000] {logging_mixin.py:190} INFO - [2026-08-03T12:54:36.685+0000] {dag.py:3239} INFO - Sync 1 DAGs
[2026-08-03T12:54:36.718+0000] {logging_mixin.py:190} INFO - [2026-08-03T12:54:36.718+0000] {dag.py:4180} INFO - Setting next_dagrun for pricescope_pipeline to 2026-08-02 18:00:00+00:00, run_after=2026-08-03 06:00:00+00:00
[2026-08-03T12:54:36.742+0000] {processor.py:208} INFO - Processing /opt/airflow/dags/pricescope_pipeline.py took 0.130 seconds
[2026-08-03T12:55:07.068+0000] {processor.py:186} INFO - Started process (PID=464) to work on /opt/airflow/dags/pricescope_pipeline.py
[2026-08-03T12:55:07.072+0000] {processor.py:914} INFO - Processing file /opt/airflow/dags/pricescope_pipeline.py for tasks to queue
[2026-08-03T12:55:07.077+0000] {logging_mixin.py:190} INFO - [2026-08-03T12:55:07.076+0000] {dagbag.py:588} INFO - Filling up the DagBag from /opt/airflow/dags/pricescope_pipeline.py
[2026-08-03T12:55:07.124+0000] {processor.py:925} INFO - DAG(s) 'pricescope_pipeline' retrieved from /opt/airflow/dags/pricescope_pipeline.py
[2026-08-03T12:55:07.169+0000] {logging_mixin.py:190} INFO - [2026-08-03T12:55:07.168+0000] {dag.py:3239} INFO - Sync 1 DAGs
[2026-08-03T12:55:07.227+0000] {logging_mixin.py:190} INFO - [2026-08-03T12:55:07.226+0000] {dag.py:4180} INFO - Setting next_dagrun for pricescope_pipeline to 2026-08-02 18:00:00+00:00, run_after=2026-08-03 06:00:00+00:00
[2026-08-03T12:55:07.271+0000] {processor.py:208} INFO - Processing /opt/airflow/dags/pricescope_pipeline.py took 0.216 seconds
[2026-08-03T12:55:37.474+0000] {processor.py:186} INFO - Started process (PID=471) to work on /opt/airflow/dags/pricescope_pipeline.py
[2026-08-03T12:55:37.479+0000] {processor.py:914} INFO - Processing file /opt/airflow/dags/pricescope_pipeline.py for tasks to queue
[2026-08-03T12:55:37.491+0000] {logging_mixin.py:190} INFO - [2026-08-03T12:55:37.489+0000] {dagbag.py:588} INFO - Filling up the DagBag from /opt/airflow/dags/pricescope_pipeline.py
[2026-08-03T12:55:37.563+0000] {processor.py:925} INFO - DAG(s) 'pricescope_pipeline' retrieved from /opt/airflow/dags/pricescope_pipeline.py
[2026-08-03T12:55:37.629+0000] {logging_mixin.py:190} INFO - [2026-08-03T12:55:37.628+0000] {dag.py:3239} INFO - Sync 1 DAGs
[2026-08-03T12:55:37.690+0000] {logging_mixin.py:190} INFO - [2026-08-03T12:55:37.690+0000] {dag.py:4180} INFO - Setting next_dagrun for pricescope_pipeline to 2026-08-02 18:00:00+00:00, run_after=2026-08-03 06:00:00+00:00
[2026-08-03T12:55:37.750+0000] {processor.py:208} INFO - Processing /opt/airflow/dags/pricescope_pipeline.py took 0.298 seconds
[2026-08-03T12:56:07.973+0000] {processor.py:186} INFO - Started process (PID=478) to work on /opt/airflow/dags/pricescope_pipeline.py
[2026-08-03T12:56:07.976+0000] {processor.py:914} INFO - Processing file /opt/airflow/dags/pricescope_pipeline.py for tasks to queue
[2026-08-03T12:56:07.984+0000] {logging_mixin.py:190} INFO - [2026-08-03T12:56:07.982+0000] {dagbag.py:588} INFO - Filling up the DagBag from /opt/airflow/dags/pricescope_pipeline.py
[2026-08-03T12:56:08.024+0000] {processor.py:925} INFO - DAG(s) 'pricescope_pipeline' retrieved from /opt/airflow/dags/pricescope_pipeline.py
[2026-08-03T12:56:08.085+0000] {logging_mixin.py:190} INFO - [2026-08-03T12:56:08.085+0000] {dag.py:3239} INFO - Sync 1 DAGs
[2026-08-03T12:56:08.164+0000] {logging_mixin.py:190} INFO - [2026-08-03T12:56:08.163+0000] {dag.py:4180} INFO - Setting next_dagrun for pricescope_pipeline to 2026-08-02 18:00:00+00:00, run_after=2026-08-03 06:00:00+00:00
[2026-08-03T12:56:08.219+0000] {processor.py:208} INFO - Processing /opt/airflow/dags/pricescope_pipeline.py took 0.258 seconds
[2026-08-03T12:56:38.649+0000] {processor.py:186} INFO - Started process (PID=485) to work on /opt/airflow/dags/pricescope_pipeline.py
[2026-08-03T12:56:38.658+0000] {processor.py:914} INFO - Processing file /opt/airflow/dags/pricescope_pipeline.py for tasks to queue
[2026-08-03T12:56:38.677+0000] {logging_mixin.py:190} INFO - [2026-08-03T12:56:38.676+0000] {dagbag.py:588} INFO - Filling up the DagBag from /opt/airflow/dags/pricescope_pipeline.py
[2026-08-03T12:56:38.761+0000] {processor.py:925} INFO - DAG(s) 'pricescope_pipeline' retrieved from /opt/airflow/dags/pricescope_pipeline.py
[2026-08-03T12:56:38.828+0000] {logging_mixin.py:190} INFO - [2026-08-03T12:56:38.827+0000] {dag.py:3239} INFO - Sync 1 DAGs
[2026-08-03T12:56:38.897+0000] {logging_mixin.py:190} INFO - [2026-08-03T12:56:38.896+0000] {dag.py:4180} INFO - Setting next_dagrun for pricescope_pipeline to 2026-08-02 18:00:00+00:00, run_after=2026-08-03 06:00:00+00:00
[2026-08-03T12:56:38.950+0000] {processor.py:208} INFO - Processing /opt/airflow/dags/pricescope_pipeline.py took 0.329 seconds
[2026-08-03T12:57:09.281+0000] {processor.py:186} INFO - Started process (PID=492) to work on /opt/airflow/dags/pricescope_pipeline.py
[2026-08-03T12:57:09.284+0000] {processor.py:914} INFO - Processing file /opt/airflow/dags/pricescope_pipeline.py for tasks to queue
[2026-08-03T12:57:09.296+0000] {logging_mixin.py:190} INFO - [2026-08-03T12:57:09.295+0000] {dagbag.py:588} INFO - Filling up the DagBag from /opt/airflow/dags/pricescope_pipeline.py
[2026-08-03T12:57:09.344+0000] {processor.py:925} INFO - DAG(s) 'pricescope_pipeline' retrieved from /opt/airflow/dags/pricescope_pipeline.py
[2026-08-03T12:57:09.395+0000] {logging_mixin.py:190} INFO - [2026-08-03T12:57:09.395+0000] {dag.py:3239} INFO - Sync 1 DAGs
[2026-08-03T12:57:09.466+0000] {logging_mixin.py:190} INFO - [2026-08-03T12:57:09.466+0000] {dag.py:4180} INFO - Setting next_dagrun for pricescope_pipeline to 2026-08-02 18:00:00+00:00, run_after=2026-08-03 06:00:00+00:00
[2026-08-03T12:57:09.522+0000] {processor.py:208} INFO - Processing /opt/airflow/dags/pricescope_pipeline.py took 0.254 seconds
[2026-08-03T12:57:39.888+0000] {processor.py:186} INFO - Started process (PID=499) to work on /opt/airflow/dags/pricescope_pipeline.py
[2026-08-03T12:57:39.895+0000] {processor.py:914} INFO - Processing file /opt/airflow/dags/pricescope_pipeline.py for tasks to queue
[2026-08-03T12:57:39.902+0000] {logging_mixin.py:190} INFO - [2026-08-03T12:57:39.902+0000] {dagbag.py:588} INFO - Filling up the DagBag from /opt/airflow/dags/pricescope_pipeline.py
[2026-08-03T12:57:39.970+0000] {processor.py:925} INFO - DAG(s) 'pricescope_pipeline' retrieved from /opt/airflow/dags/pricescope_pipeline.py
[2026-08-03T12:57:40.031+0000] {logging_mixin.py:190} INFO - [2026-08-03T12:57:40.030+0000] {dag.py:3239} INFO - Sync 1 DAGs
[2026-08-03T12:57:40.096+0000] {logging_mixin.py:190} INFO - [2026-08-03T12:57:40.096+0000] {dag.py:4180} INFO - Setting next_dagrun for pricescope_pipeline to 2026-08-02 18:00:00+00:00, run_after=2026-08-03 06:00:00+00:00
[2026-08-03T12:57:40.142+0000] {processor.py:208} INFO - Processing /opt/airflow/dags/pricescope_pipeline.py took 0.267 seconds
[2026-08-03T12:58:10.363+0000] {processor.py:186} INFO - Started process (PID=507) to work on /opt/airflow/dags/pricescope_pipeline.py
[2026-08-03T12:58:10.366+0000] {processor.py:914} INFO - Processing file /opt/airflow/dags/pricescope_pipeline.py for tasks to queue
[2026-08-03T12:58:10.373+0000] {logging_mixin.py:190} INFO - [2026-08-03T12:58:10.372+0000] {dagbag.py:588} INFO - Filling up the DagBag from /opt/airflow/dags/pricescope_pipeline.py
[2026-08-03T12:58:10.419+0000] {processor.py:925} INFO - DAG(s) 'pricescope_pipeline' retrieved from /opt/airflow/dags/pricescope_pipeline.py
[2026-08-03T12:58:10.476+0000] {logging_mixin.py:190} INFO - [2026-08-03T12:58:10.476+0000] {dag.py:3239} INFO - Sync 1 DAGs
[2026-08-03T12:58:10.530+0000] {logging_mixin.py:190} INFO - [2026-08-03T12:58:10.529+0000] {dag.py:4180} INFO - Setting next_dagrun for pricescope_pipeline to 2026-08-02 18:00:00+00:00, run_after=2026-08-03 06:00:00+00:00
[2026-08-03T12:58:10.567+0000] {processor.py:208} INFO - Processing /opt/airflow/dags/pricescope_pipeline.py took 0.215 seconds
[2026-08-03T12:58:40.667+0000] {processor.py:186} INFO - Started process (PID=514) to work on /opt/airflow/dags/pricescope_pipeline.py
[2026-08-03T12:58:40.670+0000] {processor.py:914} INFO - Processing file /opt/airflow/dags/pricescope_pipeline.py for tasks to queue
[2026-08-03T12:58:40.674+0000] {logging_mixin.py:190} INFO - [2026-08-03T12:58:40.674+0000] {dagbag.py:588} INFO - Filling up the DagBag from /opt/airflow/dags/pricescope_pipeline.py
[2026-08-03T12:58:40.711+0000] {processor.py:925} INFO - DAG(s) 'pricescope_pipeline' retrieved from /opt/airflow/dags/pricescope_pipeline.py
[2026-08-03T12:58:40.740+0000] {logging_mixin.py:190} INFO - [2026-08-03T12:58:40.740+0000] {dag.py:3239} INFO - Sync 1 DAGs
[2026-08-03T12:58:40.767+0000] {logging_mixin.py:190} INFO - [2026-08-03T12:58:40.767+0000] {dag.py:4180} INFO - Setting next_dagrun for pricescope_pipeline to 2026-08-02 18:00:00+00:00, run_after=2026-08-03 06:00:00+00:00
[2026-08-03T12:58:40.788+0000] {processor.py:208} INFO - Processing /opt/airflow/dags/pricescope_pipeline.py took 0.133 seconds
[2026-08-03T12:59:10.955+0000] {processor.py:186} INFO - Started process (PID=521) to work on /opt/airflow/dags/pricescope_pipeline.py
[2026-08-03T12:59:10.958+0000] {processor.py:914} INFO - Processing file /opt/airflow/dags/pricescope_pipeline.py for tasks to queue
[2026-08-03T12:59:10.963+0000] {logging_mixin.py:190} INFO - [2026-08-03T12:59:10.962+0000] {dagbag.py:588} INFO - Filling up the DagBag from /opt/airflow/dags/pricescope_pipeline.py
[2026-08-03T12:59:11.000+0000] {processor.py:925} INFO - DAG(s) 'pricescope_pipeline' retrieved from /opt/airflow/dags/pricescope_pipeline.py
[2026-08-03T12:59:11.038+0000] {logging_mixin.py:190} INFO - [2026-08-03T12:59:11.038+0000] {dag.py:3239} INFO - Sync 1 DAGs
[2026-08-03T12:59:11.075+0000] {logging_mixin.py:190} INFO - [2026-08-03T12:59:11.074+0000] {dag.py:4180} INFO - Setting next_dagrun for pricescope_pipeline to 2026-08-02 18:00:00+00:00, run_after=2026-08-03 06:00:00+00:00
[2026-08-03T12:59:11.110+0000] {processor.py:208} INFO - Processing /opt/airflow/dags/pricescope_pipeline.py took 0.164 seconds
[2026-08-03T12:59:41.369+0000] {processor.py:186} INFO - Started process (PID=529) to work on /opt/airflow/dags/pricescope_pipeline.py
[2026-08-03T12:59:41.371+0000] {processor.py:914} INFO - Processing file /opt/airflow/dags/pricescope_pipeline.py for tasks to queue
[2026-08-03T12:59:41.374+0000] {logging_mixin.py:190} INFO - [2026-08-03T12:59:41.374+0000] {dagbag.py:588} INFO - Filling up the DagBag from /opt/airflow/dags/pricescope_pipeline.py
[2026-08-03T12:59:41.408+0000] {processor.py:925} INFO - DAG(s) 'pricescope_pipeline' retrieved from /opt/airflow/dags/pricescope_pipeline.py
[2026-08-03T12:59:41.430+0000] {logging_mixin.py:190} INFO - [2026-08-03T12:59:41.430+0000] {dag.py:3239} INFO - Sync 1 DAGs
[2026-08-03T12:59:41.457+0000] {logging_mixin.py:190} INFO - [2026-08-03T12:59:41.456+0000] {dag.py:4180} INFO - Setting next_dagrun for pricescope_pipeline to 2026-08-02 18:00:00+00:00, run_after=2026-08-03 06:00:00+00:00
[2026-08-03T12:59:41.484+0000] {processor.py:208} INFO - Processing /opt/airflow/dags/pricescope_pipeline.py took 0.121 seconds
[2026-08-03T13:00:11.591+0000] {processor.py:186} INFO - Started process (PID=536) to work on /opt/airflow/dags/pricescope_pipeline.py
[2026-08-03T13:00:11.593+0000] {processor.py:914} INFO - Processing file /opt/airflow/dags/pricescope_pipeline.py for tasks to queue
[2026-08-03T13:00:11.596+0000] {logging_mixin.py:190} INFO - [2026-08-03T13:00:11.596+0000] {dagbag.py:588} INFO - Filling up the DagBag from /opt/airflow/dags/pricescope_pipeline.py
[2026-08-03T13:00:11.625+0000] {processor.py:925} INFO - DAG(s) 'pricescope_pipeline' retrieved from /opt/airflow/dags/pricescope_pipeline.py
[2026-08-03T13:00:11.658+0000] {logging_mixin.py:190} INFO - [2026-08-03T13:00:11.658+0000] {dag.py:3239} INFO - Sync 1 DAGs
[2026-08-03T13:00:11.691+0000] {logging_mixin.py:190} INFO - [2026-08-03T13:00:11.691+0000] {dag.py:4180} INFO - Setting next_dagrun for pricescope_pipeline to 2026-08-02 18:00:00+00:00, run_after=2026-08-03 06:00:00+00:00
[2026-08-03T13:00:11.720+0000] {processor.py:208} INFO - Processing /opt/airflow/dags/pricescope_pipeline.py took 0.138 seconds
[2026-08-03T13:00:41.958+0000] {processor.py:186} INFO - Started process (PID=543) to work on /opt/airflow/dags/pricescope_pipeline.py
[2026-08-03T13:00:41.960+0000] {processor.py:914} INFO - Processing file /opt/airflow/dags/pricescope_pipeline.py for tasks to queue
[2026-08-03T13:00:41.966+0000] {logging_mixin.py:190} INFO - [2026-08-03T13:00:41.965+0000] {dagbag.py:588} INFO - Filling up the DagBag from /opt/airflow/dags/pricescope_pipeline.py
[2026-08-03T13:00:41.995+0000] {processor.py:925} INFO - DAG(s) 'pricescope_pipeline' retrieved from /opt/airflow/dags/pricescope_pipeline.py
[2026-08-03T13:00:42.025+0000] {logging_mixin.py:190} INFO - [2026-08-03T13:00:42.025+0000] {dag.py:3239} INFO - Sync 1 DAGs
[2026-08-03T13:00:42.057+0000] {logging_mixin.py:190} INFO - [2026-08-03T13:00:42.057+0000] {dag.py:4180} INFO - Setting next_dagrun for pricescope_pipeline to 2026-08-02 18:00:00+00:00, run_after=2026-08-03 06:00:00+00:00
[2026-08-03T13:00:42.086+0000] {processor.py:208} INFO - Processing /opt/airflow/dags/pricescope_pipeline.py took 0.136 seconds
[2026-08-03T13:01:12.240+0000] {processor.py:186} INFO - Started process (PID=550) to work on /opt/airflow/dags/pricescope_pipeline.py
[2026-08-03T13:01:12.243+0000] {processor.py:914} INFO - Processing file /opt/airflow/dags/pricescope_pipeline.py for tasks to queue
[2026-08-03T13:01:12.250+0000] {logging_mixin.py:190} INFO - [2026-08-03T13:01:12.249+0000] {dagbag.py:588} INFO - Filling up the DagBag from /opt/airflow/dags/pricescope_pipeline.py
[2026-08-03T13:01:12.281+0000] {processor.py:925} INFO - DAG(s) 'pricescope_pipeline' retrieved from /opt/airflow/dags/pricescope_pipeline.py
[2026-08-03T13:01:12.313+0000] {logging_mixin.py:190} INFO - [2026-08-03T13:01:12.313+0000] {dag.py:3239} INFO - Sync 1 DAGs
[2026-08-03T13:01:12.353+0000] {logging_mixin.py:190} INFO - [2026-08-03T13:01:12.353+0000] {dag.py:4180} INFO - Setting next_dagrun for pricescope_pipeline to 2026-08-02 18:00:00+00:00, run_after=2026-08-03 06:00:00+00:00
[2026-08-03T13:01:12.381+0000] {processor.py:208} INFO - Processing /opt/airflow/dags/pricescope_pipeline.py took 0.151 seconds
[2026-08-03T13:01:42.630+0000] {processor.py:186} INFO - Started process (PID=557) to work on /opt/airflow/dags/pricescope_pipeline.py
[2026-08-03T13:01:42.632+0000] {processor.py:914} INFO - Processing file /opt/airflow/dags/pricescope_pipeline.py for tasks to queue
[2026-08-03T13:01:42.637+0000] {logging_mixin.py:190} INFO - [2026-08-03T13:01:42.636+0000] {dagbag.py:588} INFO - Filling up the DagBag from /opt/airflow/dags/pricescope_pipeline.py
[2026-08-03T13:01:42.663+0000] {processor.py:925} INFO - DAG(s) 'pricescope_pipeline' retrieved from /opt/airflow/dags/pricescope_pipeline.py
[2026-08-03T13:01:42.692+0000] {logging_mixin.py:190} INFO - [2026-08-03T13:01:42.692+0000] {dag.py:3239} INFO - Sync 1 DAGs
[2026-08-03T13:01:42.727+0000] {logging_mixin.py:190} INFO - [2026-08-03T13:01:42.727+0000] {dag.py:4180} INFO - Setting next_dagrun for pricescope_pipeline to 2026-08-02 18:00:00+00:00, run_after=2026-08-03 06:00:00+00:00
[2026-08-03T13:01:42.756+0000] {processor.py:208} INFO - Processing /opt/airflow/dags/pricescope_pipeline.py took 0.132 seconds
[2026-08-03T13:02:12.897+0000] {processor.py:186} INFO - Started process (PID=570) to work on /opt/airflow/dags/pricescope_pipeline.py
[2026-08-03T13:02:12.899+0000] {processor.py:914} INFO - Processing file /opt/airflow/dags/pricescope_pipeline.py for tasks to queue
[2026-08-03T13:02:12.904+0000] {logging_mixin.py:190} INFO - [2026-08-03T13:02:12.903+0000] {dagbag.py:588} INFO - Filling up the DagBag from /opt/airflow/dags/pricescope_pipeline.py
[2026-08-03T13:02:12.944+0000] {processor.py:925} INFO - DAG(s) 'pricescope_pipeline' retrieved from /opt/airflow/dags/pricescope_pipeline.py
[2026-08-03T13:02:12.974+0000] {logging_mixin.py:190} INFO - [2026-08-03T13:02:12.973+0000] {dag.py:3239} INFO - Sync 1 DAGs
[2026-08-03T13:02:13.001+0000] {logging_mixin.py:190} INFO - [2026-08-03T13:02:13.001+0000] {dag.py:4180} INFO - Setting next_dagrun for pricescope_pipeline to 2026-08-02 18:00:00+00:00, run_after=2026-08-03 06:00:00+00:00
[2026-08-03T13:02:13.023+0000] {processor.py:208} INFO - Processing /opt/airflow/dags/pricescope_pipeline.py took 0.133 seconds
[2026-08-03T13:02:43.359+0000] {processor.py:186} INFO - Started process (PID=577) to work on /opt/airflow/dags/pricescope_pipeline.py
[2026-08-03T13:02:43.362+0000] {processor.py:914} INFO - Processing file /opt/airflow/dags/pricescope_pipeline.py for tasks to queue
[2026-08-03T13:02:43.367+0000] {logging_mixin.py:190} INFO - [2026-08-03T13:02:43.367+0000] {dagbag.py:588} INFO - Filling up the DagBag from /opt/airflow/dags/pricescope_pipeline.py
[2026-08-03T13:02:43.391+0000] {processor.py:925} INFO - DAG(s) 'pricescope_pipeline' retrieved from /opt/airflow/dags/pricescope_pipeline.py
[2026-08-03T13:02:43.414+0000] {logging_mixin.py:190} INFO - [2026-08-03T13:02:43.414+0000] {dag.py:3239} INFO - Sync 1 DAGs
[2026-08-03T13:02:43.435+0000] {logging_mixin.py:190} INFO - [2026-08-03T13:02:43.435+0000] {dag.py:4180} INFO - Setting next_dagrun for pricescope_pipeline to 2026-08-02 18:00:00+00:00, run_after=2026-08-03 06:00:00+00:00
[2026-08-03T13:02:43.452+0000] {processor.py:208} INFO - Processing /opt/airflow/dags/pricescope_pipeline.py took 0.102 seconds
[2026-08-03T13:03:13.631+0000] {processor.py:186} INFO - Started process (PID=584) to work on /opt/airflow/dags/pricescope_pipeline.py
[2026-08-03T13:03:13.633+0000] {processor.py:914} INFO - Processing file /opt/airflow/dags/pricescope_pipeline.py for tasks to queue
[2026-08-03T13:03:13.635+0000] {logging_mixin.py:190} INFO - [2026-08-03T13:03:13.635+0000] {dagbag.py:588} INFO - Filling up the DagBag from /opt/airflow/dags/pricescope_pipeline.py
[2026-08-03T13:03:13.659+0000] {processor.py:925} INFO - DAG(s) 'pricescope_pipeline' retrieved from /opt/airflow/dags/pricescope_pipeline.py
[2026-08-03T13:03:13.680+0000] {logging_mixin.py:190} INFO - [2026-08-03T13:03:13.679+0000] {dag.py:3239} INFO - Sync 1 DAGs
[2026-08-03T13:03:13.699+0000] {logging_mixin.py:190} INFO - [2026-08-03T13:03:13.698+0000] {dag.py:4180} INFO - Setting next_dagrun for pricescope_pipeline to 2026-08-02 18:00:00+00:00, run_after=2026-08-03 06:00:00+00:00
[2026-08-03T13:03:13.715+0000] {processor.py:208} INFO - Processing /opt/airflow/dags/pricescope_pipeline.py took 0.088 seconds
[2026-08-03T13:03:43.970+0000] {processor.py:186} INFO - Started process (PID=591) to work on /opt/airflow/dags/pricescope_pipeline.py
[2026-08-03T13:03:43.972+0000] {processor.py:914} INFO - Processing file /opt/airflow/dags/pricescope_pipeline.py for tasks to queue
[2026-08-03T13:03:43.978+0000] {logging_mixin.py:190} INFO - [2026-08-03T13:03:43.978+0000] {dagbag.py:588} INFO - Filling up the DagBag from /opt/airflow/dags/pricescope_pipeline.py
[2026-08-03T13:03:44.014+0000] {processor.py:925} INFO - DAG(s) 'pricescope_pipeline' retrieved from /opt/airflow/dags/pricescope_pipeline.py
[2026-08-03T13:03:44.046+0000] {logging_mixin.py:190} INFO - [2026-08-03T13:03:44.046+0000] {dag.py:3239} INFO - Sync 1 DAGs
[2026-08-03T13:03:44.076+0000] {logging_mixin.py:190} INFO - [2026-08-03T13:03:44.076+0000] {dag.py:4180} INFO - Setting next_dagrun for pricescope_pipeline to 2026-08-02 18:00:00+00:00, run_after=2026-08-03 06:00:00+00:00
[2026-08-03T13:03:44.107+0000] {processor.py:208} INFO - Processing /opt/airflow/dags/pricescope_pipeline.py took 0.150 seconds
[2026-08-03T13:04:14.252+0000] {processor.py:186} INFO - Started process (PID=598) to work on /opt/airflow/dags/pricescope_pipeline.py
[2026-08-03T13:04:14.254+0000] {processor.py:914} INFO - Processing file /opt/airflow/dags/pricescope_pipeline.py for tasks to queue
[2026-08-03T13:04:14.258+0000] {logging_mixin.py:190} INFO - [2026-08-03T13:04:14.258+0000] {dagbag.py:588} INFO - Filling up the DagBag from /opt/airflow/dags/pricescope_pipeline.py
[2026-08-03T13:04:14.284+0000] {processor.py:925} INFO - DAG(s) 'pricescope_pipeline' retrieved from /opt/airflow/dags/pricescope_pipeline.py
[2026-08-03T13:04:14.308+0000] {logging_mixin.py:190} INFO - [2026-08-03T13:04:14.308+0000] {dag.py:3239} INFO - Sync 1 DAGs
[2026-08-03T13:04:14.332+0000] {logging_mixin.py:190} INFO - [2026-08-03T13:04:14.332+0000] {dag.py:4180} INFO - Setting next_dagrun for pricescope_pipeline to 2026-08-02 18:00:00+00:00, run_after=2026-08-03 06:00:00+00:00
[2026-08-03T13:04:14.356+0000] {processor.py:208} INFO - Processing /opt/airflow/dags/pricescope_pipeline.py took 0.109 seconds
[2026-08-03T13:04:44.623+0000] {processor.py:186} INFO - Started process (PID=605) to work on /opt/airflow/dags/pricescope_pipeline.py
[2026-08-03T13:04:44.625+0000] {processor.py:914} INFO - Processing file /opt/airflow/dags/pricescope_pipeline.py for tasks to queue
[2026-08-03T13:04:44.629+0000] {logging_mixin.py:190} INFO - [2026-08-03T13:04:44.629+0000] {dagbag.py:588} INFO - Filling up the DagBag from /opt/airflow/dags/pricescope_pipeline.py
[2026-08-03T13:04:44.656+0000] {processor.py:925} INFO - DAG(s) 'pricescope_pipeline' retrieved from /opt/airflow/dags/pricescope_pipeline.py
[2026-08-03T13:04:44.680+0000] {logging_mixin.py:190} INFO - [2026-08-03T13:04:44.680+0000] {dag.py:3239} INFO - Sync 1 DAGs
[2026-08-03T13:04:44.702+0000] {logging_mixin.py:190} INFO - [2026-08-03T13:04:44.702+0000] {dag.py:4180} INFO - Setting next_dagrun for pricescope_pipeline to 2026-08-02 18:00:00+00:00, run_after=2026-08-03 06:00:00+00:00
[2026-08-03T13:04:44.721+0000] {processor.py:208} INFO - Processing /opt/airflow/dags/pricescope_pipeline.py took 0.105 seconds
[2026-08-03T13:05:14.897+0000] {processor.py:186} INFO - Started process (PID=612) to work on /opt/airflow/dags/pricescope_pipeline.py
[2026-08-03T13:05:14.899+0000] {processor.py:914} INFO - Processing file /opt/airflow/dags/pricescope_pipeline.py for tasks to queue
[2026-08-03T13:05:14.902+0000] {logging_mixin.py:190} INFO - [2026-08-03T13:05:14.902+0000] {dagbag.py:588} INFO - Filling up the DagBag from /opt/airflow/dags/pricescope_pipeline.py
[2026-08-03T13:05:14.925+0000] {processor.py:925} INFO - DAG(s) 'pricescope_pipeline' retrieved from /opt/airflow/dags/pricescope_pipeline.py
[2026-08-03T13:05:14.947+0000] {logging_mixin.py:190} INFO - [2026-08-03T13:05:14.947+0000] {dag.py:3239} INFO - Sync 1 DAGs
[2026-08-03T13:05:14.967+0000] {logging_mixin.py:190} INFO - [2026-08-03T13:05:14.967+0000] {dag.py:4180} INFO - Setting next_dagrun for pricescope_pipeline to 2026-08-02 18:00:00+00:00, run_after=2026-08-03 06:00:00+00:00
[2026-08-03T13:05:14.987+0000] {processor.py:208} INFO - Processing /opt/airflow/dags/pricescope_pipeline.py took 0.096 seconds
[2026-08-03T13:05:45.199+0000] {processor.py:186} INFO - Started process (PID=619) to work on /opt/airflow/dags/pricescope_pipeline.py
[2026-08-03T13:05:45.201+0000] {processor.py:914} INFO - Processing file /opt/airflow/dags/pricescope_pipeline.py for tasks to queue
[2026-08-03T13:05:45.204+0000] {logging_mixin.py:190} INFO - [2026-08-03T13:05:45.204+0000] {dagbag.py:588} INFO - Filling up the DagBag from /opt/airflow/dags/pricescope_pipeline.py
[2026-08-03T13:05:45.228+0000] {processor.py:925} INFO - DAG(s) 'pricescope_pipeline' retrieved from /opt/airflow/dags/pricescope_pipeline.py
[2026-08-03T13:05:45.248+0000] {logging_mixin.py:190} INFO - [2026-08-03T13:05:45.247+0000] {dag.py:3239} INFO - Sync 1 DAGs
[2026-08-03T13:05:45.268+0000] {logging_mixin.py:190} INFO - [2026-08-03T13:05:45.268+0000] {dag.py:4180} INFO - Setting next_dagrun for pricescope_pipeline to 2026-08-02 18:00:00+00:00, run_after=2026-08-03 06:00:00+00:00
[2026-08-03T13:05:45.284+0000] {processor.py:208} INFO - Processing /opt/airflow/dags/pricescope_pipeline.py took 0.091 seconds
[2026-08-03T13:06:15.483+0000] {processor.py:186} INFO - Started process (PID=626) to work on /opt/airflow/dags/pricescope_pipeline.py
[2026-08-03T13:06:15.486+0000] {processor.py:914} INFO - Processing file /opt/airflow/dags/pricescope_pipeline.py for tasks to queue
[2026-08-03T13:06:15.492+0000] {logging_mixin.py:190} INFO - [2026-08-03T13:06:15.491+0000] {dagbag.py:588} INFO - Filling up the DagBag from /opt/airflow/dags/pricescope_pipeline.py
[2026-08-03T13:06:15.527+0000] {processor.py:925} INFO - DAG(s) 'pricescope_pipeline' retrieved from /opt/airflow/dags/pricescope_pipeline.py
[2026-08-03T13:06:15.567+0000] {logging_mixin.py:190} INFO - [2026-08-03T13:06:15.566+0000] {dag.py:3239} INFO - Sync 1 DAGs
[2026-08-03T13:06:15.607+0000] {logging_mixin.py:190} INFO - [2026-08-03T13:06:15.607+0000] {dag.py:4180} INFO - Setting next_dagrun for pricescope_pipeline to 2026-08-02 18:00:00+00:00, run_after=2026-08-03 06:00:00+00:00
[2026-08-03T13:06:15.641+0000] {processor.py:208} INFO - Processing /opt/airflow/dags/pricescope_pipeline.py took 0.168 seconds
[2026-08-03T13:06:45.779+0000] {processor.py:186} INFO - Started process (PID=633) to work on /opt/airflow/dags/pricescope_pipeline.py
[2026-08-03T13:06:45.781+0000] {processor.py:914} INFO - Processing file /opt/airflow/dags/pricescope_pipeline.py for tasks to queue
[2026-08-03T13:06:45.784+0000] {logging_mixin.py:190} INFO - [2026-08-03T13:06:45.784+0000] {dagbag.py:588} INFO - Filling up the DagBag from /opt/airflow/dags/pricescope_pipeline.py
[2026-08-03T13:06:45.811+0000] {processor.py:925} INFO - DAG(s) 'pricescope_pipeline' retrieved from /opt/airflow/dags/pricescope_pipeline.py
[2026-08-03T13:06:45.836+0000] {logging_mixin.py:190} INFO - [2026-08-03T13:06:45.836+0000] {dag.py:3239} INFO - Sync 1 DAGs
[2026-08-03T13:06:45.861+0000] {logging_mixin.py:190} INFO - [2026-08-03T13:06:45.861+0000] {dag.py:4180} INFO - Setting next_dagrun for pricescope_pipeline to 2026-08-02 18:00:00+00:00, run_after=2026-08-03 06:00:00+00:00
[2026-08-03T13:06:45.883+0000] {processor.py:208} INFO - Processing /opt/airflow/dags/pricescope_pipeline.py took 0.110 seconds
[2026-08-03T13:07:16.133+0000] {processor.py:186} INFO - Started process (PID=640) to work on /opt/airflow/dags/pricescope_pipeline.py
[2026-08-03T13:07:16.135+0000] {processor.py:914} INFO - Processing file /opt/airflow/dags/pricescope_pipeline.py for tasks to queue
[2026-08-03T13:07:16.139+0000] {logging_mixin.py:190} INFO - [2026-08-03T13:07:16.139+0000] {dagbag.py:588} INFO - Filling up the DagBag from /opt/airflow/dags/pricescope_pipeline.py
[2026-08-03T13:07:16.170+0000] {processor.py:925} INFO - DAG(s) 'pricescope_pipeline' retrieved from /opt/airflow/dags/pricescope_pipeline.py
[2026-08-03T13:07:16.198+0000] {logging_mixin.py:190} INFO - [2026-08-03T13:07:16.197+0000] {dag.py:3239} INFO - Sync 1 DAGs
[2026-08-03T13:07:16.230+0000] {logging_mixin.py:190} INFO - [2026-08-03T13:07:16.230+0000] {dag.py:4180} INFO - Setting next_dagrun for pricescope_pipeline to 2026-08-02 18:00:00+00:00, run_after=2026-08-03 06:00:00+00:00
[2026-08-03T13:07:16.253+0000] {processor.py:208} INFO - Processing /opt/airflow/dags/pricescope_pipeline.py took 0.126 seconds
[2026-08-03T13:07:46.470+0000] {processor.py:186} INFO - Started process (PID=647) to work on /opt/airflow/dags/pricescope_pipeline.py
[2026-08-03T13:07:46.473+0000] {processor.py:914} INFO - Processing file /opt/airflow/dags/pricescope_pipeline.py for tasks to queue
[2026-08-03T13:07:46.478+0000] {logging_mixin.py:190} INFO - [2026-08-03T13:07:46.478+0000] {dagbag.py:588} INFO - Filling up the DagBag from /opt/airflow/dags/pricescope_pipeline.py
[2026-08-03T13:07:46.505+0000] {processor.py:925} INFO - DAG(s) 'pricescope_pipeline' retrieved from /opt/airflow/dags/pricescope_pipeline.py
[2026-08-03T13:07:46.532+0000] {logging_mixin.py:190} INFO - [2026-08-03T13:07:46.532+0000] {dag.py:3239} INFO - Sync 1 DAGs
[2026-08-03T13:07:46.561+0000] {logging_mixin.py:190} INFO - [2026-08-03T13:07:46.561+0000] {dag.py:4180} INFO - Setting next_dagrun for pricescope_pipeline to 2026-08-02 18:00:00+00:00, run_after=2026-08-03 06:00:00+00:00
[2026-08-03T13:07:46.588+0000] {processor.py:208} INFO - Processing /opt/airflow/dags/pricescope_pipeline.py took 0.124 seconds
[2026-08-03T13:08:16.744+0000] {processor.py:186} INFO - Started process (PID=654) to work on /opt/airflow/dags/pricescope_pipeline.py
[2026-08-03T13:08:16.746+0000] {processor.py:914} INFO - Processing file /opt/airflow/dags/pricescope_pipeline.py for tasks to queue
[2026-08-03T13:08:16.749+0000] {logging_mixin.py:190} INFO - [2026-08-03T13:08:16.749+0000] {dagbag.py:588} INFO - Filling up the DagBag from /opt/airflow/dags/pricescope_pipeline.py
[2026-08-03T13:08:16.770+0000] {processor.py:925} INFO - DAG(s) 'pricescope_pipeline' retrieved from /opt/airflow/dags/pricescope_pipeline.py
[2026-08-03T13:08:16.791+0000] {logging_mixin.py:190} INFO - [2026-08-03T13:08:16.791+0000] {dag.py:3239} INFO - Sync 1 DAGs
[2026-08-03T13:08:16.814+0000] {logging_mixin.py:190} INFO - [2026-08-03T13:08:16.814+0000] {dag.py:4180} INFO - Setting next_dagrun for pricescope_pipeline to 2026-08-02 18:00:00+00:00, run_after=2026-08-03 06:00:00+00:00
[2026-08-03T13:08:16.841+0000] {processor.py:208} INFO - Processing /opt/airflow/dags/pricescope_pipeline.py took 0.101 seconds
[2026-08-03T13:08:47.010+0000] {processor.py:186} INFO - Started process (PID=661) to work on /opt/airflow/dags/pricescope_pipeline.py
[2026-08-03T13:08:47.011+0000] {processor.py:914} INFO - Processing file /opt/airflow/dags/pricescope_pipeline.py for tasks to queue
[2026-08-03T13:08:47.015+0000] {logging_mixin.py:190} INFO - [2026-08-03T13:08:47.014+0000] {dagbag.py:588} INFO - Filling up the DagBag from /opt/airflow/dags/pricescope_pipeline.py
[2026-08-03T13:08:47.046+0000] {processor.py:925} INFO - DAG(s) 'pricescope_pipeline' retrieved from /opt/airflow/dags/pricescope_pipeline.py
[2026-08-03T13:08:47.065+0000] {logging_mixin.py:190} INFO - [2026-08-03T13:08:47.064+0000] {dag.py:3239} INFO - Sync 1 DAGs
[2026-08-03T13:08:47.084+0000] {logging_mixin.py:190} INFO - [2026-08-03T13:08:47.084+0000] {dag.py:4180} INFO - Setting next_dagrun for pricescope_pipeline to 2026-08-02 18:00:00+00:00, run_after=2026-08-03 06:00:00+00:00
[2026-08-03T13:08:47.104+0000] {processor.py:208} INFO - Processing /opt/airflow/dags/pricescope_pipeline.py took 0.099 seconds
[2026-08-03T13:09:17.289+0000] {processor.py:186} INFO - Started process (PID=668) to work on /opt/airflow/dags/pricescope_pipeline.py
[2026-08-03T13:09:17.292+0000] {processor.py:914} INFO - Processing file /opt/airflow/dags/pricescope_pipeline.py for tasks to queue
[2026-08-03T13:09:17.296+0000] {logging_mixin.py:190} INFO - [2026-08-03T13:09:17.295+0000] {dagbag.py:588} INFO - Filling up the DagBag from /opt/airflow/dags/pricescope_pipeline.py
[2026-08-03T13:09:17.324+0000] {processor.py:925} INFO - DAG(s) 'pricescope_pipeline' retrieved from /opt/airflow/dags/pricescope_pipeline.py
[2026-08-03T13:09:17.344+0000] {logging_mixin.py:190} INFO - [2026-08-03T13:09:17.344+0000] {dag.py:3239} INFO - Sync 1 DAGs
[2026-08-03T13:09:17.370+0000] {logging_mixin.py:190} INFO - [2026-08-03T13:09:17.370+0000] {dag.py:4180} INFO - Setting next_dagrun for pricescope_pipeline to 2026-08-02 18:00:00+00:00, run_after=2026-08-03 06:00:00+00:00
[2026-08-03T13:09:17.389+0000] {processor.py:208} INFO - Processing /opt/airflow/dags/pricescope_pipeline.py took 0.108 seconds
[2026-08-03T13:09:47.542+0000] {processor.py:186} INFO - Started process (PID=675) to work on /opt/airflow/dags/pricescope_pipeline.py
[2026-08-03T13:09:47.544+0000] {processor.py:914} INFO - Processing file /opt/airflow/dags/pricescope_pipeline.py for tasks to queue
[2026-08-03T13:09:47.546+0000] {logging_mixin.py:190} INFO - [2026-08-03T13:09:47.546+0000] {dagbag.py:588} INFO - Filling up the DagBag from /opt/airflow/dags/pricescope_pipeline.py
[2026-08-03T13:09:47.568+0000] {processor.py:925} INFO - DAG(s) 'pricescope_pipeline' retrieved from /opt/airflow/dags/pricescope_pipeline.py
[2026-08-03T13:09:47.594+0000] {logging_mixin.py:190} INFO - [2026-08-03T13:09:47.594+0000] {dag.py:3239} INFO - Sync 1 DAGs
[2026-08-03T13:09:47.615+0000] {logging_mixin.py:190} INFO - [2026-08-03T13:09:47.614+0000] {dag.py:4180} INFO - Setting next_dagrun for pricescope_pipeline to 2026-08-02 18:00:00+00:00, run_after=2026-08-03 06:00:00+00:00
[2026-08-03T13:09:47.631+0000] {processor.py:208} INFO - Processing /opt/airflow/dags/pricescope_pipeline.py took 0.095 seconds
[2026-08-03T13:10:17.850+0000] {processor.py:186} INFO - Started process (PID=682) to work on /opt/airflow/dags/pricescope_pipeline.py
[2026-08-03T13:10:17.851+0000] {processor.py:914} INFO - Processing file /opt/airflow/dags/pricescope_pipeline.py for tasks to queue
[2026-08-03T13:10:17.854+0000] {logging_mixin.py:190} INFO - [2026-08-03T13:10:17.854+0000] {dagbag.py:588} INFO - Filling up the DagBag from /opt/airflow/dags/pricescope_pipeline.py
[2026-08-03T13:10:17.880+0000] {processor.py:925} INFO - DAG(s) 'pricescope_pipeline' retrieved from /opt/airflow/dags/pricescope_pipeline.py
[2026-08-03T13:10:17.904+0000] {logging_mixin.py:190} INFO - [2026-08-03T13:10:17.903+0000] {dag.py:3239} INFO - Sync 1 DAGs
[2026-08-03T13:10:17.927+0000] {logging_mixin.py:190} INFO - [2026-08-03T13:10:17.927+0000] {dag.py:4180} INFO - Setting next_dagrun for pricescope_pipeline to 2026-08-02 18:00:00+00:00, run_after=2026-08-03 06:00:00+00:00
[2026-08-03T13:10:17.949+0000] {processor.py:208} INFO - Processing /opt/airflow/dags/pricescope_pipeline.py took 0.104 seconds
[2026-08-03T13:10:48.169+0000] {processor.py:186} INFO - Started process (PID=689) to work on /opt/airflow/dags/pricescope_pipeline.py
[2026-08-03T13:10:48.171+0000] {processor.py:914} INFO - Processing file /opt/airflow/dags/pricescope_pipeline.py for tasks to queue
[2026-08-03T13:10:48.176+0000] {logging_mixin.py:190} INFO - [2026-08-03T13:10:48.175+0000] {dagbag.py:588} INFO - Filling up the DagBag from /opt/airflow/dags/pricescope_pipeline.py
[2026-08-03T13:10:48.217+0000] {processor.py:925} INFO - DAG(s) 'pricescope_pipeline' retrieved from /opt/airflow/dags/pricescope_pipeline.py
[2026-08-03T13:10:48.258+0000] {logging_mixin.py:190} INFO - [2026-08-03T13:10:48.257+0000] {dag.py:3239} INFO - Sync 1 DAGs
[2026-08-03T13:10:48.296+0000] {logging_mixin.py:190} INFO - [2026-08-03T13:10:48.295+0000] {dag.py:4180} INFO - Setting next_dagrun for pricescope_pipeline to 2026-08-02 18:00:00+00:00, run_after=2026-08-03 06:00:00+00:00
[2026-08-03T13:10:48.322+0000] {processor.py:208} INFO - Processing /opt/airflow/dags/pricescope_pipeline.py took 0.160 seconds
[2026-08-03T13:11:18.827+0000] {processor.py:186} INFO - Started process (PID=696) to work on /opt/airflow/dags/pricescope_pipeline.py
[2026-08-03T13:11:18.852+0000] {processor.py:914} INFO - Processing file /opt/airflow/dags/pricescope_pipeline.py for tasks to queue
[2026-08-03T13:11:18.868+0000] {logging_mixin.py:190} INFO - [2026-08-03T13:11:18.866+0000] {dagbag.py:588} INFO - Filling up the DagBag from /opt/airflow/dags/pricescope_pipeline.py
[2026-08-03T13:11:19.416+0000] {processor.py:925} INFO - DAG(s) 'pricescope_pipeline' retrieved from /opt/airflow/dags/pricescope_pipeline.py
[2026-08-03T13:11:19.527+0000] {logging_mixin.py:190} INFO - [2026-08-03T13:11:19.525+0000] {dag.py:3239} INFO - Sync 1 DAGs
[2026-08-03T13:11:19.673+0000] {logging_mixin.py:190} INFO - [2026-08-03T13:11:19.672+0000] {dag.py:4180} INFO - Setting next_dagrun for pricescope_pipeline to 2026-08-02 18:00:00+00:00, run_after=2026-08-03 06:00:00+00:00
[2026-08-03T13:11:19.765+0000] {processor.py:208} INFO - Processing /opt/airflow/dags/pricescope_pipeline.py took 0.959 seconds
[2026-08-03T13:11:50.174+0000] {processor.py:186} INFO - Started process (PID=703) to work on /opt/airflow/dags/pricescope_pipeline.py
[2026-08-03T13:11:50.176+0000] {processor.py:914} INFO - Processing file /opt/airflow/dags/pricescope_pipeline.py for tasks to queue
[2026-08-03T13:11:50.182+0000] {logging_mixin.py:190} INFO - [2026-08-03T13:11:50.180+0000] {dagbag.py:588} INFO - Filling up the DagBag from /opt/airflow/dags/pricescope_pipeline.py
[2026-08-03T13:11:50.220+0000] {processor.py:925} INFO - DAG(s) 'pricescope_pipeline' retrieved from /opt/airflow/dags/pricescope_pipeline.py
[2026-08-03T13:11:50.260+0000] {logging_mixin.py:190} INFO - [2026-08-03T13:11:50.259+0000] {dag.py:3239} INFO - Sync 1 DAGs
[2026-08-03T13:11:50.295+0000] {logging_mixin.py:190} INFO - [2026-08-03T13:11:50.294+0000] {dag.py:4180} INFO - Setting next_dagrun for pricescope_pipeline to 2026-08-02 18:00:00+00:00, run_after=2026-08-03 06:00:00+00:00
[2026-08-03T13:11:50.319+0000] {processor.py:208} INFO - Processing /opt/airflow/dags/pricescope_pipeline.py took 0.152 seconds
[2026-08-03T13:12:20.575+0000] {processor.py:186} INFO - Started process (PID=710) to work on /opt/airflow/dags/pricescope_pipeline.py
[2026-08-03T13:12:20.578+0000] {processor.py:914} INFO - Processing file /opt/airflow/dags/pricescope_pipeline.py for tasks to queue
[2026-08-03T13:12:20.587+0000] {logging_mixin.py:190} INFO - [2026-08-03T13:12:20.586+0000] {dagbag.py:588} INFO - Filling up the DagBag from /opt/airflow/dags/pricescope_pipeline.py
[2026-08-03T13:12:20.643+0000] {processor.py:925} INFO - DAG(s) 'pricescope_pipeline' retrieved from /opt/airflow/dags/pricescope_pipeline.py
[2026-08-03T13:12:20.696+0000] {logging_mixin.py:190} INFO - [2026-08-03T13:12:20.696+0000] {dag.py:3239} INFO - Sync 1 DAGs
[2026-08-03T13:12:20.754+0000] {logging_mixin.py:190} INFO - [2026-08-03T13:12:20.753+0000] {dag.py:4180} INFO - Setting next_dagrun for pricescope_pipeline to 2026-08-02 18:00:00+00:00, run_after=2026-08-03 06:00:00+00:00
[2026-08-03T13:12:20.797+0000] {processor.py:208} INFO - Processing /opt/airflow/dags/pricescope_pipeline.py took 0.233 seconds
[2026-08-03T13:12:51.031+0000] {processor.py:186} INFO - Started process (PID=717) to work on /opt/airflow/dags/pricescope_pipeline.py
[2026-08-03T13:12:51.035+0000] {processor.py:914} INFO - Processing file /opt/airflow/dags/pricescope_pipeline.py for tasks to queue
[2026-08-03T13:12:51.042+0000] {logging_mixin.py:190} INFO - [2026-08-03T13:12:51.042+0000] {dagbag.py:588} INFO - Filling up the DagBag from /opt/airflow/dags/pricescope_pipeline.py
[2026-08-03T13:12:51.090+0000] {processor.py:925} INFO - DAG(s) 'pricescope_pipeline' retrieved from /opt/airflow/dags/pricescope_pipeline.py
[2026-08-03T13:12:51.152+0000] {logging_mixin.py:190} INFO - [2026-08-03T13:12:51.152+0000] {dag.py:3239} INFO - Sync 1 DAGs
[2026-08-03T13:12:51.204+0000] {logging_mixin.py:190} INFO - [2026-08-03T13:12:51.204+0000] {dag.py:4180} INFO - Setting next_dagrun for pricescope_pipeline to 2026-08-02 18:00:00+00:00, run_after=2026-08-03 06:00:00+00:00
[2026-08-03T13:12:51.245+0000] {processor.py:208} INFO - Processing /opt/airflow/dags/pricescope_pipeline.py took 0.225 seconds
[2026-08-03T13:13:21.504+0000] {processor.py:186} INFO - Started process (PID=724) to work on /opt/airflow/dags/pricescope_pipeline.py
[2026-08-03T13:13:21.506+0000] {processor.py:914} INFO - Processing file /opt/airflow/dags/pricescope_pipeline.py for tasks to queue
[2026-08-03T13:13:21.512+0000] {logging_mixin.py:190} INFO - [2026-08-03T13:13:21.512+0000] {dagbag.py:588} INFO - Filling up the DagBag from /opt/airflow/dags/pricescope_pipeline.py
[2026-08-03T13:13:21.540+0000] {processor.py:925} INFO - DAG(s) 'pricescope_pipeline' retrieved from /opt/airflow/dags/pricescope_pipeline.py
[2026-08-03T13:13:21.570+0000] {logging_mixin.py:190} INFO - [2026-08-03T13:13:21.570+0000] {dag.py:3239} INFO - Sync 1 DAGs
[2026-08-03T13:13:21.604+0000] {logging_mixin.py:190} INFO - [2026-08-03T13:13:21.603+0000] {dag.py:4180} INFO - Setting next_dagrun for pricescope_pipeline to 2026-08-02 18:00:00+00:00, run_after=2026-08-03 06:00:00+00:00
[2026-08-03T13:13:21.633+0000] {processor.py:208} INFO - Processing /opt/airflow/dags/pricescope_pipeline.py took 0.137 seconds
[2026-08-03T13:13:52.107+0000] {processor.py:186} INFO - Started process (PID=731) to work on /opt/airflow/dags/pricescope_pipeline.py
[2026-08-03T13:13:52.113+0000] {processor.py:914} INFO - Processing file /opt/airflow/dags/pricescope_pipeline.py for tasks to queue
[2026-08-03T13:13:52.120+0000] {logging_mixin.py:190} INFO - [2026-08-03T13:13:52.120+0000] {dagbag.py:588} INFO - Filling up the DagBag from /opt/airflow/dags/pricescope_pipeline.py
[2026-08-03T13:13:52.178+0000] {processor.py:925} INFO - DAG(s) 'pricescope_pipeline' retrieved from /opt/airflow/dags/pricescope_pipeline.py
[2026-08-03T13:13:52.213+0000] {logging_mixin.py:190} INFO - [2026-08-03T13:13:52.212+0000] {dag.py:3239} INFO - Sync 1 DAGs
[2026-08-03T13:13:52.247+0000] {logging_mixin.py:190} INFO - [2026-08-03T13:13:52.247+0000] {dag.py:4180} INFO - Setting next_dagrun for pricescope_pipeline to 2026-08-02 18:00:00+00:00, run_after=2026-08-03 06:00:00+00:00
[2026-08-03T13:13:52.293+0000] {processor.py:208} INFO - Processing /opt/airflow/dags/pricescope_pipeline.py took 0.205 seconds
[2026-08-03T13:14:22.571+0000] {processor.py:186} INFO - Started process (PID=738) to work on /opt/airflow/dags/pricescope_pipeline.py
[2026-08-03T13:14:22.577+0000] {processor.py:914} INFO - Processing file /opt/airflow/dags/pricescope_pipeline.py for tasks to queue
[2026-08-03T13:14:22.595+0000] {logging_mixin.py:190} INFO - [2026-08-03T13:14:22.593+0000] {dagbag.py:588} INFO - Filling up the DagBag from /opt/airflow/dags/pricescope_pipeline.py
[2026-08-03T13:14:22.704+0000] {processor.py:925} INFO - DAG(s) 'pricescope_pipeline' retrieved from /opt/airflow/dags/pricescope_pipeline.py
[2026-08-03T13:14:22.777+0000] {logging_mixin.py:190} INFO - [2026-08-03T13:14:22.776+0000] {dag.py:3239} INFO - Sync 1 DAGs
[2026-08-03T13:14:22.874+0000] {logging_mixin.py:190} INFO - [2026-08-03T13:14:22.873+0000] {dag.py:4180} INFO - Setting next_dagrun for pricescope_pipeline to 2026-08-02 18:00:00+00:00, run_after=2026-08-03 06:00:00+00:00
[2026-08-03T13:14:22.940+0000] {processor.py:208} INFO - Processing /opt/airflow/dags/pricescope_pipeline.py took 0.400 seconds
[2026-08-03T13:14:53.038+0000] {processor.py:186} INFO - Started process (PID=745) to work on /opt/airflow/dags/pricescope_pipeline.py
[2026-08-03T13:14:53.042+0000] {processor.py:914} INFO - Processing file /opt/airflow/dags/pricescope_pipeline.py for tasks to queue
[2026-08-03T13:14:53.048+0000] {logging_mixin.py:190} INFO - [2026-08-03T13:14:53.047+0000] {dagbag.py:588} INFO - Filling up the DagBag from /opt/airflow/dags/pricescope_pipeline.py
[2026-08-03T13:14:53.109+0000] {processor.py:925} INFO - DAG(s) 'pricescope_pipeline' retrieved from /opt/airflow/dags/pricescope_pipeline.py
[2026-08-03T13:14:53.169+0000] {logging_mixin.py:190} INFO - [2026-08-03T13:14:53.168+0000] {dag.py:3239} INFO - Sync 1 DAGs
[2026-08-03T13:14:53.223+0000] {logging_mixin.py:190} INFO - [2026-08-03T13:14:53.222+0000] {dag.py:4180} INFO - Setting next_dagrun for pricescope_pipeline to 2026-08-02 18:00:00+00:00, run_after=2026-08-03 06:00:00+00:00
[2026-08-03T13:14:53.271+0000] {processor.py:208} INFO - Processing /opt/airflow/dags/pricescope_pipeline.py took 0.248 seconds
[2026-08-03T13:15:23.607+0000] {processor.py:186} INFO - Started process (PID=752) to work on /opt/airflow/dags/pricescope_pipeline.py
[2026-08-03T13:15:23.609+0000] {processor.py:914} INFO - Processing file /opt/airflow/dags/pricescope_pipeline.py for tasks to queue
[2026-08-03T13:15:23.615+0000] {logging_mixin.py:190} INFO - [2026-08-03T13:15:23.614+0000] {dagbag.py:588} INFO - Filling up the DagBag from /opt/airflow/dags/pricescope_pipeline.py
[2026-08-03T13:15:23.651+0000] {processor.py:925} INFO - DAG(s) 'pricescope_pipeline' retrieved from /opt/airflow/dags/pricescope_pipeline.py
[2026-08-03T13:15:23.695+0000] {logging_mixin.py:190} INFO - [2026-08-03T13:15:23.695+0000] {dag.py:3239} INFO - Sync 1 DAGs
[2026-08-03T13:15:23.735+0000] {logging_mixin.py:190} INFO - [2026-08-03T13:15:23.735+0000] {dag.py:4180} INFO - Setting next_dagrun for pricescope_pipeline to 2026-08-02 18:00:00+00:00, run_after=2026-08-03 06:00:00+00:00
[2026-08-03T13:15:23.762+0000] {processor.py:208} INFO - Processing /opt/airflow/dags/pricescope_pipeline.py took 0.164 seconds
[2026-08-03T13:15:53.955+0000] {processor.py:186} INFO - Started process (PID=759) to work on /opt/airflow/dags/pricescope_pipeline.py
[2026-08-03T13:15:53.959+0000] {processor.py:914} INFO - Processing file /opt/airflow/dags/pricescope_pipeline.py for tasks to queue
[2026-08-03T13:15:53.965+0000] {logging_mixin.py:190} INFO - [2026-08-03T13:15:53.964+0000] {dagbag.py:588} INFO - Filling up the DagBag from /opt/airflow/dags/pricescope_pipeline.py
[2026-08-03T13:15:54.012+0000] {processor.py:925} INFO - DAG(s) 'pricescope_pipeline' retrieved from /opt/airflow/dags/pricescope_pipeline.py
[2026-08-03T13:15:54.063+0000] {logging_mixin.py:190} INFO - [2026-08-03T13:15:54.062+0000] {dag.py:3239} INFO - Sync 1 DAGs
[2026-08-03T13:15:54.105+0000] {logging_mixin.py:190} INFO - [2026-08-03T13:15:54.104+0000] {dag.py:4180} INFO - Setting next_dagrun for pricescope_pipeline to 2026-08-02 18:00:00+00:00, run_after=2026-08-03 06:00:00+00:00
[2026-08-03T13:15:54.142+0000] {processor.py:208} INFO - Processing /opt/airflow/dags/pricescope_pipeline.py took 0.198 seconds
[2026-08-03T13:16:24.423+0000] {processor.py:186} INFO - Started process (PID=766) to work on /opt/airflow/dags/pricescope_pipeline.py
[2026-08-03T13:16:24.426+0000] {processor.py:914} INFO - Processing file /opt/airflow/dags/pricescope_pipeline.py for tasks to queue
[2026-08-03T13:16:24.433+0000] {logging_mixin.py:190} INFO - [2026-08-03T13:16:24.432+0000] {dagbag.py:588} INFO - Filling up the DagBag from /opt/airflow/dags/pricescope_pipeline.py
[2026-08-03T13:16:24.468+0000] {processor.py:925} INFO - DAG(s) 'pricescope_pipeline' retrieved from /opt/airflow/dags/pricescope_pipeline.py
[2026-08-03T13:16:24.503+0000] {logging_mixin.py:190} INFO - [2026-08-03T13:16:24.503+0000] {dag.py:3239} INFO - Sync 1 DAGs
[2026-08-03T13:16:24.541+0000] {logging_mixin.py:190} INFO - [2026-08-03T13:16:24.540+0000] {dag.py:4180} INFO - Setting next_dagrun for pricescope_pipeline to 2026-08-02 18:00:00+00:00, run_after=2026-08-03 06:00:00+00:00
[2026-08-03T13:16:24.575+0000] {processor.py:208} INFO - Processing /opt/airflow/dags/pricescope_pipeline.py took 0.161 seconds
[2026-08-03T13:16:54.816+0000] {processor.py:186} INFO - Started process (PID=773) to work on /opt/airflow/dags/pricescope_pipeline.py
[2026-08-03T13:16:54.821+0000] {processor.py:914} INFO - Processing file /opt/airflow/dags/pricescope_pipeline.py for tasks to queue
[2026-08-03T13:16:54.830+0000] {logging_mixin.py:190} INFO - [2026-08-03T13:16:54.829+0000] {dagbag.py:588} INFO - Filling up the DagBag from /opt/airflow/dags/pricescope_pipeline.py
[2026-08-03T13:16:54.881+0000] {processor.py:925} INFO - DAG(s) 'pricescope_pipeline' retrieved from /opt/airflow/dags/pricescope_pipeline.py
[2026-08-03T13:16:54.937+0000] {logging_mixin.py:190} INFO - [2026-08-03T13:16:54.936+0000] {dag.py:3239} INFO - Sync 1 DAGs
[2026-08-03T13:16:54.992+0000] {logging_mixin.py:190} INFO - [2026-08-03T13:16:54.992+0000] {dag.py:4180} INFO - Setting next_dagrun for pricescope_pipeline to 2026-08-02 18:00:00+00:00, run_after=2026-08-03 06:00:00+00:00
[2026-08-03T13:16:55.036+0000] {processor.py:208} INFO - Processing /opt/airflow/dags/pricescope_pipeline.py took 0.233 seconds
[2026-08-03T13:17:25.306+0000] {processor.py:186} INFO - Started process (PID=780) to work on /opt/airflow/dags/pricescope_pipeline.py
[2026-08-03T13:17:25.308+0000] {processor.py:914} INFO - Processing file /opt/airflow/dags/pricescope_pipeline.py for tasks to queue
[2026-08-03T13:17:25.317+0000] {logging_mixin.py:190} INFO - [2026-08-03T13:17:25.316+0000] {dagbag.py:588} INFO - Filling up the DagBag from /opt/airflow/dags/pricescope_pipeline.py
[2026-08-03T13:17:25.353+0000] {processor.py:925} INFO - DAG(s) 'pricescope_pipeline' retrieved from /opt/airflow/dags/pricescope_pipeline.py
[2026-08-03T13:17:25.395+0000] {logging_mixin.py:190} INFO - [2026-08-03T13:17:25.395+0000] {dag.py:3239} INFO - Sync 1 DAGs
[2026-08-03T13:17:25.484+0000] {logging_mixin.py:190} INFO - [2026-08-03T13:17:25.483+0000] {dag.py:4180} INFO - Setting next_dagrun for pricescope_pipeline to 2026-08-02 18:00:00+00:00, run_after=2026-08-03 06:00:00+00:00
[2026-08-03T13:17:25.517+0000] {processor.py:208} INFO - Processing /opt/airflow/dags/pricescope_pipeline.py took 0.219 seconds
[2026-08-03T13:17:55.769+0000] {processor.py:186} INFO - Started process (PID=787) to work on /opt/airflow/dags/pricescope_pipeline.py
[2026-08-03T13:17:55.771+0000] {processor.py:914} INFO - Processing file /opt/airflow/dags/pricescope_pipeline.py for tasks to queue
[2026-08-03T13:17:55.776+0000] {logging_mixin.py:190} INFO - [2026-08-03T13:17:55.775+0000] {dagbag.py:588} INFO - Filling up the DagBag from /opt/airflow/dags/pricescope_pipeline.py
[2026-08-03T13:17:55.821+0000] {processor.py:925} INFO - DAG(s) 'pricescope_pipeline' retrieved from /opt/airflow/dags/pricescope_pipeline.py
[2026-08-03T13:17:55.851+0000] {logging_mixin.py:190} INFO - [2026-08-03T13:17:55.850+0000] {dag.py:3239} INFO - Sync 1 DAGs
[2026-08-03T13:17:55.877+0000] {logging_mixin.py:190} INFO - [2026-08-03T13:17:55.877+0000] {dag.py:4180} INFO - Setting next_dagrun for pricescope_pipeline to 2026-08-02 18:00:00+00:00, run_after=2026-08-03 06:00:00+00:00
[2026-08-03T13:17:55.906+0000] {processor.py:208} INFO - Processing /opt/airflow/dags/pricescope_pipeline.py took 0.145 seconds
[2026-08-03T13:18:26.160+0000] {processor.py:186} INFO - Started process (PID=794) to work on /opt/airflow/dags/pricescope_pipeline.py
[2026-08-03T13:18:26.163+0000] {processor.py:914} INFO - Processing file /opt/airflow/dags/pricescope_pipeline.py for tasks to queue
[2026-08-03T13:18:26.172+0000] {logging_mixin.py:190} INFO - [2026-08-03T13:18:26.171+0000] {dagbag.py:588} INFO - Filling up the DagBag from /opt/airflow/dags/pricescope_pipeline.py
[2026-08-03T13:18:26.216+0000] {processor.py:925} INFO - DAG(s) 'pricescope_pipeline' retrieved from /opt/airflow/dags/pricescope_pipeline.py
[2026-08-03T13:18:26.265+0000] {logging_mixin.py:190} INFO - [2026-08-03T13:18:26.264+0000] {dag.py:3239} INFO - Sync 1 DAGs
[2026-08-03T13:18:26.315+0000] {logging_mixin.py:190} INFO - [2026-08-03T13:18:26.314+0000] {dag.py:4180} INFO - Setting next_dagrun for pricescope_pipeline to 2026-08-02 18:00:00+00:00, run_after=2026-08-03 06:00:00+00:00
[2026-08-03T13:18:26.347+0000] {processor.py:208} INFO - Processing /opt/airflow/dags/pricescope_pipeline.py took 0.199 seconds
[2026-08-03T13:18:56.524+0000] {processor.py:186} INFO - Started process (PID=801) to work on /opt/airflow/dags/pricescope_pipeline.py
[2026-08-03T13:18:56.526+0000] {processor.py:914} INFO - Processing file /opt/airflow/dags/pricescope_pipeline.py for tasks to queue
[2026-08-03T13:18:56.530+0000] {logging_mixin.py:190} INFO - [2026-08-03T13:18:56.529+0000] {dagbag.py:588} INFO - Filling up the DagBag from /opt/airflow/dags/pricescope_pipeline.py
[2026-08-03T13:18:56.558+0000] {processor.py:925} INFO - DAG(s) 'pricescope_pipeline' retrieved from /opt/airflow/dags/pricescope_pipeline.py
[2026-08-03T13:18:56.594+0000] {logging_mixin.py:190} INFO - [2026-08-03T13:18:56.593+0000] {dag.py:3239} INFO - Sync 1 DAGs
[2026-08-03T13:18:56.621+0000] {logging_mixin.py:190} INFO - [2026-08-03T13:18:56.621+0000] {dag.py:4180} INFO - Setting next_dagrun for pricescope_pipeline to 2026-08-02 18:00:00+00:00, run_after=2026-08-03 06:00:00+00:00
[2026-08-03T13:18:56.646+0000] {processor.py:208} INFO - Processing /opt/airflow/dags/pricescope_pipeline.py took 0.131 seconds
[2026-08-03T13:19:26.918+0000] {processor.py:186} INFO - Started process (PID=809) to work on /opt/airflow/dags/pricescope_pipeline.py
[2026-08-03T13:19:26.920+0000] {processor.py:914} INFO - Processing file /opt/airflow/dags/pricescope_pipeline.py for tasks to queue
[2026-08-03T13:19:26.928+0000] {logging_mixin.py:190} INFO - [2026-08-03T13:19:26.927+0000] {dagbag.py:588} INFO - Filling up the DagBag from /opt/airflow/dags/pricescope_pipeline.py
[2026-08-03T13:19:26.980+0000] {processor.py:925} INFO - DAG(s) 'pricescope_pipeline' retrieved from /opt/airflow/dags/pricescope_pipeline.py
[2026-08-03T13:19:27.061+0000] {logging_mixin.py:190} INFO - [2026-08-03T13:19:27.056+0000] {dag.py:3239} INFO - Sync 1 DAGs
[2026-08-03T13:19:27.149+0000] {logging_mixin.py:190} INFO - [2026-08-03T13:19:27.148+0000] {dag.py:4180} INFO - Setting next_dagrun for pricescope_pipeline to 2026-08-02 18:00:00+00:00, run_after=2026-08-03 06:00:00+00:00
[2026-08-03T13:19:27.256+0000] {processor.py:208} INFO - Processing /opt/airflow/dags/pricescope_pipeline.py took 0.349 seconds
[2026-08-03T13:19:57.412+0000] {processor.py:186} INFO - Started process (PID=816) to work on /opt/airflow/dags/pricescope_pipeline.py
[2026-08-03T13:19:57.415+0000] {processor.py:914} INFO - Processing file /opt/airflow/dags/pricescope_pipeline.py for tasks to queue
[2026-08-03T13:19:57.422+0000] {logging_mixin.py:190} INFO - [2026-08-03T13:19:57.419+0000] {dagbag.py:588} INFO - Filling up the DagBag from /opt/airflow/dags/pricescope_pipeline.py
[2026-08-03T13:19:57.457+0000] {processor.py:925} INFO - DAG(s) 'pricescope_pipeline' retrieved from /opt/airflow/dags/pricescope_pipeline.py
[2026-08-03T13:19:57.495+0000] {logging_mixin.py:190} INFO - [2026-08-03T13:19:57.494+0000] {dag.py:3239} INFO - Sync 1 DAGs
[2026-08-03T13:19:57.526+0000] {logging_mixin.py:190} INFO - [2026-08-03T13:19:57.526+0000] {dag.py:4180} INFO - Setting next_dagrun for pricescope_pipeline to 2026-08-02 18:00:00+00:00, run_after=2026-08-03 06:00:00+00:00
[2026-08-03T13:19:57.555+0000] {processor.py:208} INFO - Processing /opt/airflow/dags/pricescope_pipeline.py took 0.152 seconds
[2026-08-03T13:20:27.731+0000] {processor.py:186} INFO - Started process (PID=823) to work on /opt/airflow/dags/pricescope_pipeline.py
[2026-08-03T13:20:27.735+0000] {processor.py:914} INFO - Processing file /opt/airflow/dags/pricescope_pipeline.py for tasks to queue
[2026-08-03T13:20:27.744+0000] {logging_mixin.py:190} INFO - [2026-08-03T13:20:27.743+0000] {dagbag.py:588} INFO - Filling up the DagBag from /opt/airflow/dags/pricescope_pipeline.py
[2026-08-03T13:20:27.788+0000] {processor.py:925} INFO - DAG(s) 'pricescope_pipeline' retrieved from /opt/airflow/dags/pricescope_pipeline.py
[2026-08-03T13:20:27.833+0000] {logging_mixin.py:190} INFO - [2026-08-03T13:20:27.833+0000] {dag.py:3239} INFO - Sync 1 DAGs
[2026-08-03T13:20:27.882+0000] {logging_mixin.py:190} INFO - [2026-08-03T13:20:27.882+0000] {dag.py:4180} INFO - Setting next_dagrun for pricescope_pipeline to 2026-08-02 18:00:00+00:00, run_after=2026-08-03 06:00:00+00:00
[2026-08-03T13:20:27.927+0000] {processor.py:208} INFO - Processing /opt/airflow/dags/pricescope_pipeline.py took 0.207 seconds
[2026-08-03T13:20:58.243+0000] {processor.py:186} INFO - Started process (PID=830) to work on /opt/airflow/dags/pricescope_pipeline.py
[2026-08-03T13:20:58.246+0000] {processor.py:914} INFO - Processing file /opt/airflow/dags/pricescope_pipeline.py for tasks to queue
[2026-08-03T13:20:58.254+0000] {logging_mixin.py:190} INFO - [2026-08-03T13:20:58.253+0000] {dagbag.py:588} INFO - Filling up the DagBag from /opt/airflow/dags/pricescope_pipeline.py
[2026-08-03T13:20:58.313+0000] {processor.py:925} INFO - DAG(s) 'pricescope_pipeline' retrieved from /opt/airflow/dags/pricescope_pipeline.py
[2026-08-03T13:20:58.376+0000] {logging_mixin.py:190} INFO - [2026-08-03T13:20:58.375+0000] {dag.py:3239} INFO - Sync 1 DAGs
[2026-08-03T13:20:58.436+0000] {logging_mixin.py:190} INFO - [2026-08-03T13:20:58.436+0000] {dag.py:4180} INFO - Setting next_dagrun for pricescope_pipeline to 2026-08-02 18:00:00+00:00, run_after=2026-08-03 06:00:00+00:00
[2026-08-03T13:20:58.495+0000] {processor.py:208} INFO - Processing /opt/airflow/dags/pricescope_pipeline.py took 0.267 seconds
[2026-08-03T13:21:28.843+0000] {processor.py:186} INFO - Started process (PID=837) to work on /opt/airflow/dags/pricescope_pipeline.py
[2026-08-03T13:21:28.846+0000] {processor.py:914} INFO - Processing file /opt/airflow/dags/pricescope_pipeline.py for tasks to queue
[2026-08-03T13:21:28.853+0000] {logging_mixin.py:190} INFO - [2026-08-03T13:21:28.853+0000] {dagbag.py:588} INFO - Filling up the DagBag from /opt/airflow/dags/pricescope_pipeline.py
[2026-08-03T13:21:28.887+0000] {processor.py:925} INFO - DAG(s) 'pricescope_pipeline' retrieved from /opt/airflow/dags/pricescope_pipeline.py
[2026-08-03T13:21:28.924+0000] {logging_mixin.py:190} INFO - [2026-08-03T13:21:28.923+0000] {dag.py:3239} INFO - Sync 1 DAGs
[2026-08-03T13:21:28.958+0000] {logging_mixin.py:190} INFO - [2026-08-03T13:21:28.958+0000] {dag.py:4180} INFO - Setting next_dagrun for pricescope_pipeline to 2026-08-02 18:00:00+00:00, run_after=2026-08-03 06:00:00+00:00
[2026-08-03T13:21:28.995+0000] {processor.py:208} INFO - Processing /opt/airflow/dags/pricescope_pipeline.py took 0.161 seconds
[2026-08-03T13:21:59.148+0000] {processor.py:186} INFO - Started process (PID=844) to work on /opt/airflow/dags/pricescope_pipeline.py
[2026-08-03T13:21:59.150+0000] {processor.py:914} INFO - Processing file /opt/airflow/dags/pricescope_pipeline.py for tasks to queue
[2026-08-03T13:21:59.155+0000] {logging_mixin.py:190} INFO - [2026-08-03T13:21:59.155+0000] {dagbag.py:588} INFO - Filling up the DagBag from /opt/airflow/dags/pricescope_pipeline.py
[2026-08-03T13:21:59.189+0000] {processor.py:925} INFO - DAG(s) 'pricescope_pipeline' retrieved from /opt/airflow/dags/pricescope_pipeline.py
[2026-08-03T13:21:59.223+0000] {logging_mixin.py:190} INFO - [2026-08-03T13:21:59.223+0000] {dag.py:3239} INFO - Sync 1 DAGs
[2026-08-03T13:21:59.263+0000] {logging_mixin.py:190} INFO - [2026-08-03T13:21:59.263+0000] {dag.py:4180} INFO - Setting next_dagrun for pricescope_pipeline to 2026-08-02 18:00:00+00:00, run_after=2026-08-03 06:00:00+00:00
[2026-08-03T13:21:59.303+0000] {processor.py:208} INFO - Processing /opt/airflow/dags/pricescope_pipeline.py took 0.165 seconds
[2026-08-03T13:22:29.667+0000] {processor.py:186} INFO - Started process (PID=851) to work on /opt/airflow/dags/pricescope_pipeline.py
[2026-08-03T13:22:29.671+0000] {processor.py:914} INFO - Processing file /opt/airflow/dags/pricescope_pipeline.py for tasks to queue
[2026-08-03T13:22:29.678+0000] {logging_mixin.py:190} INFO - [2026-08-03T13:22:29.677+0000] {dagbag.py:588} INFO - Filling up the DagBag from /opt/airflow/dags/pricescope_pipeline.py
[2026-08-03T13:22:29.736+0000] {processor.py:925} INFO - DAG(s) 'pricescope_pipeline' retrieved from /opt/airflow/dags/pricescope_pipeline.py
[2026-08-03T13:22:29.784+0000] {logging_mixin.py:190} INFO - [2026-08-03T13:22:29.784+0000] {dag.py:3239} INFO - Sync 1 DAGs
[2026-08-03T13:22:29.830+0000] {logging_mixin.py:190} INFO - [2026-08-03T13:22:29.829+0000] {dag.py:4180} INFO - Setting next_dagrun for pricescope_pipeline to 2026-08-02 18:00:00+00:00, run_after=2026-08-03 06:00:00+00:00
[2026-08-03T13:22:29.865+0000] {processor.py:208} INFO - Processing /opt/airflow/dags/pricescope_pipeline.py took 0.218 seconds
[2026-08-03T13:23:00.080+0000] {processor.py:186} INFO - Started process (PID=858) to work on /opt/airflow/dags/pricescope_pipeline.py
[2026-08-03T13:23:00.083+0000] {processor.py:914} INFO - Processing file /opt/airflow/dags/pricescope_pipeline.py for tasks to queue
[2026-08-03T13:23:00.088+0000] {logging_mixin.py:190} INFO - [2026-08-03T13:23:00.088+0000] {dagbag.py:588} INFO - Filling up the DagBag from /opt/airflow/dags/pricescope_pipeline.py
[2026-08-03T13:23:00.124+0000] {processor.py:925} INFO - DAG(s) 'pricescope_pipeline' retrieved from /opt/airflow/dags/pricescope_pipeline.py
[2026-08-03T13:23:00.163+0000] {logging_mixin.py:190} INFO - [2026-08-03T13:23:00.163+0000] {dag.py:3239} INFO - Sync 1 DAGs
[2026-08-03T13:23:00.200+0000] {logging_mixin.py:190} INFO - [2026-08-03T13:23:00.199+0000] {dag.py:4180} INFO - Setting next_dagrun for pricescope_pipeline to 2026-08-02 18:00:00+00:00, run_after=2026-08-03 06:00:00+00:00
[2026-08-03T13:23:00.235+0000] {processor.py:208} INFO - Processing /opt/airflow/dags/pricescope_pipeline.py took 0.168 seconds
[2026-08-03T13:23:30.517+0000] {processor.py:186} INFO - Started process (PID=865) to work on /opt/airflow/dags/pricescope_pipeline.py
[2026-08-03T13:23:30.520+0000] {processor.py:914} INFO - Processing file /opt/airflow/dags/pricescope_pipeline.py for tasks to queue
[2026-08-03T13:23:30.529+0000] {logging_mixin.py:190} INFO - [2026-08-03T13:23:30.528+0000] {dagbag.py:588} INFO - Filling up the DagBag from /opt/airflow/dags/pricescope_pipeline.py
[2026-08-03T13:23:30.578+0000] {processor.py:925} INFO - DAG(s) 'pricescope_pipeline' retrieved from /opt/airflow/dags/pricescope_pipeline.py
[2026-08-03T13:23:30.633+0000] {logging_mixin.py:190} INFO - [2026-08-03T13:23:30.632+0000] {dag.py:3239} INFO - Sync 1 DAGs
[2026-08-03T13:23:30.697+0000] {logging_mixin.py:190} INFO - [2026-08-03T13:23:30.695+0000] {dag.py:4180} INFO - Setting next_dagrun for pricescope_pipeline to 2026-08-02 18:00:00+00:00, run_after=2026-08-03 06:00:00+00:00
[2026-08-03T13:23:30.748+0000] {processor.py:208} INFO - Processing /opt/airflow/dags/pricescope_pipeline.py took 0.247 seconds
[2026-08-03T13:24:00.935+0000] {processor.py:186} INFO - Started process (PID=872) to work on /opt/airflow/dags/pricescope_pipeline.py
[2026-08-03T13:24:00.938+0000] {processor.py:914} INFO - Processing file /opt/airflow/dags/pricescope_pipeline.py for tasks to queue
[2026-08-03T13:24:00.954+0000] {logging_mixin.py:190} INFO - [2026-08-03T13:24:00.953+0000] {dagbag.py:588} INFO - Filling up the DagBag from /opt/airflow/dags/pricescope_pipeline.py
[2026-08-03T13:24:01.030+0000] {processor.py:925} INFO - DAG(s) 'pricescope_pipeline' retrieved from /opt/airflow/dags/pricescope_pipeline.py
[2026-08-03T13:24:01.085+0000] {logging_mixin.py:190} INFO - [2026-08-03T13:24:01.085+0000] {dag.py:3239} INFO - Sync 1 DAGs
[2026-08-03T13:24:01.138+0000] {logging_mixin.py:190} INFO - [2026-08-03T13:24:01.138+0000] {dag.py:4180} INFO - Setting next_dagrun for pricescope_pipeline to 2026-08-02 18:00:00+00:00, run_after=2026-08-03 06:00:00+00:00
[2026-08-03T13:24:01.178+0000] {processor.py:208} INFO - Processing /opt/airflow/dags/pricescope_pipeline.py took 0.272 seconds
[2026-08-03T13:24:31.387+0000] {processor.py:186} INFO - Started process (PID=879) to work on /opt/airflow/dags/pricescope_pipeline.py
[2026-08-03T13:24:31.390+0000] {processor.py:914} INFO - Processing file /opt/airflow/dags/pricescope_pipeline.py for tasks to queue
[2026-08-03T13:24:31.397+0000] {logging_mixin.py:190} INFO - [2026-08-03T13:24:31.397+0000] {dagbag.py:588} INFO - Filling up the DagBag from /opt/airflow/dags/pricescope_pipeline.py
[2026-08-03T13:24:31.438+0000] {processor.py:925} INFO - DAG(s) 'pricescope_pipeline' retrieved from /opt/airflow/dags/pricescope_pipeline.py
[2026-08-03T13:24:31.476+0000] {logging_mixin.py:190} INFO - [2026-08-03T13:24:31.476+0000] {dag.py:3239} INFO - Sync 1 DAGs
[2026-08-03T13:24:31.516+0000] {logging_mixin.py:190} INFO - [2026-08-03T13:24:31.515+0000] {dag.py:4180} INFO - Setting next_dagrun for pricescope_pipeline to 2026-08-02 18:00:00+00:00, run_after=2026-08-03 06:00:00+00:00
[2026-08-03T13:24:31.554+0000] {processor.py:208} INFO - Processing /opt/airflow/dags/pricescope_pipeline.py took 0.178 seconds
[2026-08-03T13:25:01.941+0000] {processor.py:186} INFO - Started process (PID=886) to work on /opt/airflow/dags/pricescope_pipeline.py
[2026-08-03T13:25:01.944+0000] {processor.py:914} INFO - Processing file /opt/airflow/dags/pricescope_pipeline.py for tasks to queue
[2026-08-03T13:25:01.956+0000] {logging_mixin.py:190} INFO - [2026-08-03T13:25:01.955+0000] {dagbag.py:588} INFO - Filling up the DagBag from /opt/airflow/dags/pricescope_pipeline.py
[2026-08-03T13:25:02.012+0000] {processor.py:925} INFO - DAG(s) 'pricescope_pipeline' retrieved from /opt/airflow/dags/pricescope_pipeline.py
[2026-08-03T13:25:02.083+0000] {logging_mixin.py:190} INFO - [2026-08-03T13:25:02.082+0000] {dag.py:3239} INFO - Sync 1 DAGs
[2026-08-03T13:25:02.140+0000] {logging_mixin.py:190} INFO - [2026-08-03T13:25:02.139+0000] {dag.py:4180} INFO - Setting next_dagrun for pricescope_pipeline to 2026-08-02 18:00:00+00:00, run_after=2026-08-03 06:00:00+00:00
[2026-08-03T13:25:02.190+0000] {processor.py:208} INFO - Processing /opt/airflow/dags/pricescope_pipeline.py took 0.263 seconds
[2026-08-03T13:25:32.418+0000] {processor.py:186} INFO - Started process (PID=893) to work on /opt/airflow/dags/pricescope_pipeline.py
[2026-08-03T13:25:32.422+0000] {processor.py:914} INFO - Processing file /opt/airflow/dags/pricescope_pipeline.py for tasks to queue
[2026-08-03T13:25:32.428+0000] {logging_mixin.py:190} INFO - [2026-08-03T13:25:32.427+0000] {dagbag.py:588} INFO - Filling up the DagBag from /opt/airflow/dags/pricescope_pipeline.py
[2026-08-03T13:25:32.474+0000] {processor.py:925} INFO - DAG(s) 'pricescope_pipeline' retrieved from /opt/airflow/dags/pricescope_pipeline.py
[2026-08-03T13:25:32.529+0000] {logging_mixin.py:190} INFO - [2026-08-03T13:25:32.528+0000] {dag.py:3239} INFO - Sync 1 DAGs
[2026-08-03T13:25:32.581+0000] {logging_mixin.py:190} INFO - [2026-08-03T13:25:32.581+0000] {dag.py:4180} INFO - Setting next_dagrun for pricescope_pipeline to 2026-08-02 18:00:00+00:00, run_after=2026-08-03 06:00:00+00:00
[2026-08-03T13:25:32.614+0000] {processor.py:208} INFO - Processing /opt/airflow/dags/pricescope_pipeline.py took 0.210 seconds
[2026-08-03T13:26:02.934+0000] {processor.py:186} INFO - Started process (PID=900) to work on /opt/airflow/dags/pricescope_pipeline.py
[2026-08-03T13:26:02.938+0000] {processor.py:914} INFO - Processing file /opt/airflow/dags/pricescope_pipeline.py for tasks to queue
[2026-08-03T13:26:02.947+0000] {logging_mixin.py:190} INFO - [2026-08-03T13:26:02.946+0000] {dagbag.py:588} INFO - Filling up the DagBag from /opt/airflow/dags/pricescope_pipeline.py
[2026-08-03T13:26:02.993+0000] {processor.py:925} INFO - DAG(s) 'pricescope_pipeline' retrieved from /opt/airflow/dags/pricescope_pipeline.py
[2026-08-03T13:26:03.042+0000] {logging_mixin.py:190} INFO - [2026-08-03T13:26:03.042+0000] {dag.py:3239} INFO - Sync 1 DAGs
[2026-08-03T13:26:03.086+0000] {logging_mixin.py:190} INFO - [2026-08-03T13:26:03.086+0000] {dag.py:4180} INFO - Setting next_dagrun for pricescope_pipeline to 2026-08-02 18:00:00+00:00, run_after=2026-08-03 06:00:00+00:00
[2026-08-03T13:26:03.126+0000] {processor.py:208} INFO - Processing /opt/airflow/dags/pricescope_pipeline.py took 0.208 seconds
[2026-08-03T13:26:33.415+0000] {processor.py:186} INFO - Started process (PID=906) to work on /opt/airflow/dags/pricescope_pipeline.py
[2026-08-03T13:26:33.418+0000] {processor.py:914} INFO - Processing file /opt/airflow/dags/pricescope_pipeline.py for tasks to queue
[2026-08-03T13:26:33.427+0000] {logging_mixin.py:190} INFO - [2026-08-03T13:26:33.426+0000] {dagbag.py:588} INFO - Filling up the DagBag from /opt/airflow/dags/pricescope_pipeline.py
[2026-08-03T13:26:33.476+0000] {processor.py:925} INFO - DAG(s) 'pricescope_pipeline' retrieved from /opt/airflow/dags/pricescope_pipeline.py
[2026-08-03T13:26:33.524+0000] {logging_mixin.py:190} INFO - [2026-08-03T13:26:33.523+0000] {dag.py:3239} INFO - Sync 1 DAGs
[2026-08-03T13:26:33.633+0000] {logging_mixin.py:190} INFO - [2026-08-03T13:26:33.633+0000] {dag.py:4180} INFO - Setting next_dagrun for pricescope_pipeline to 2026-08-02 18:00:00+00:00, run_after=2026-08-03 06:00:00+00:00
[2026-08-03T13:26:33.677+0000] {processor.py:208} INFO - Processing /opt/airflow/dags/pricescope_pipeline.py took 0.275 seconds
[2026-08-03T13:27:03.874+0000] {processor.py:186} INFO - Started process (PID=913) to work on /opt/airflow/dags/pricescope_pipeline.py
[2026-08-03T13:27:03.877+0000] {processor.py:914} INFO - Processing file /opt/airflow/dags/pricescope_pipeline.py for tasks to queue
[2026-08-03T13:27:03.887+0000] {logging_mixin.py:190} INFO - [2026-08-03T13:27:03.886+0000] {dagbag.py:588} INFO - Filling up the DagBag from /opt/airflow/dags/pricescope_pipeline.py
[2026-08-03T13:27:03.929+0000] {processor.py:925} INFO - DAG(s) 'pricescope_pipeline' retrieved from /opt/airflow/dags/pricescope_pipeline.py
[2026-08-03T13:27:03.979+0000] {logging_mixin.py:190} INFO - [2026-08-03T13:27:03.978+0000] {dag.py:3239} INFO - Sync 1 DAGs
[2026-08-03T13:27:04.027+0000] {logging_mixin.py:190} INFO - [2026-08-03T13:27:04.027+0000] {dag.py:4180} INFO - Setting next_dagrun for pricescope_pipeline to 2026-08-02 18:00:00+00:00, run_after=2026-08-03 06:00:00+00:00
[2026-08-03T13:27:04.065+0000] {processor.py:208} INFO - Processing /opt/airflow/dags/pricescope_pipeline.py took 0.201 seconds
[2026-08-03T13:27:34.382+0000] {processor.py:186} INFO - Started process (PID=921) to work on /opt/airflow/dags/pricescope_pipeline.py
[2026-08-03T13:27:34.385+0000] {processor.py:914} INFO - Processing file /opt/airflow/dags/pricescope_pipeline.py for tasks to queue
[2026-08-03T13:27:34.388+0000] {logging_mixin.py:190} INFO - [2026-08-03T13:27:34.388+0000] {dagbag.py:588} INFO - Filling up the DagBag from /opt/airflow/dags/pricescope_pipeline.py
[2026-08-03T13:27:34.422+0000] {processor.py:925} INFO - DAG(s) 'pricescope_pipeline' retrieved from /opt/airflow/dags/pricescope_pipeline.py
[2026-08-03T13:27:34.452+0000] {logging_mixin.py:190} INFO - [2026-08-03T13:27:34.452+0000] {dag.py:3239} INFO - Sync 1 DAGs
[2026-08-03T13:27:34.486+0000] {logging_mixin.py:190} INFO - [2026-08-03T13:27:34.486+0000] {dag.py:4180} INFO - Setting next_dagrun for pricescope_pipeline to 2026-08-02 18:00:00+00:00, run_after=2026-08-03 06:00:00+00:00
[2026-08-03T13:27:34.513+0000] {processor.py:208} INFO - Processing /opt/airflow/dags/pricescope_pipeline.py took 0.141 seconds
[2026-08-03T13:28:04.997+0000] {processor.py:186} INFO - Started process (PID=928) to work on /opt/airflow/dags/pricescope_pipeline.py
[2026-08-03T13:28:05.001+0000] {processor.py:914} INFO - Processing file /opt/airflow/dags/pricescope_pipeline.py for tasks to queue
[2026-08-03T13:28:05.013+0000] {logging_mixin.py:190} INFO - [2026-08-03T13:28:05.011+0000] {dagbag.py:588} INFO - Filling up the DagBag from /opt/airflow/dags/pricescope_pipeline.py
[2026-08-03T13:28:05.108+0000] {processor.py:925} INFO - DAG(s) 'pricescope_pipeline' retrieved from /opt/airflow/dags/pricescope_pipeline.py
[2026-08-03T13:28:05.188+0000] {logging_mixin.py:190} INFO - [2026-08-03T13:28:05.187+0000] {dag.py:3239} INFO - Sync 1 DAGs
[2026-08-03T13:28:05.291+0000] {logging_mixin.py:190} INFO - [2026-08-03T13:28:05.290+0000] {dag.py:4180} INFO - Setting next_dagrun for pricescope_pipeline to 2026-08-02 18:00:00+00:00, run_after=2026-08-03 06:00:00+00:00
[2026-08-03T13:28:05.361+0000] {processor.py:208} INFO - Processing /opt/airflow/dags/pricescope_pipeline.py took 0.381 seconds
[2026-08-03T13:28:35.433+0000] {processor.py:186} INFO - Started process (PID=935) to work on /opt/airflow/dags/pricescope_pipeline.py
[2026-08-03T13:28:35.436+0000] {processor.py:914} INFO - Processing file /opt/airflow/dags/pricescope_pipeline.py for tasks to queue
[2026-08-03T13:28:35.450+0000] {logging_mixin.py:190} INFO - [2026-08-03T13:28:35.449+0000] {dagbag.py:588} INFO - Filling up the DagBag from /opt/airflow/dags/pricescope_pipeline.py
[2026-08-03T13:28:35.489+0000] {processor.py:925} INFO - DAG(s) 'pricescope_pipeline' retrieved from /opt/airflow/dags/pricescope_pipeline.py
[2026-08-03T13:28:35.526+0000] {logging_mixin.py:190} INFO - [2026-08-03T13:28:35.525+0000] {dag.py:3239} INFO - Sync 1 DAGs
[2026-08-03T13:28:35.565+0000] {logging_mixin.py:190} INFO - [2026-08-03T13:28:35.564+0000] {dag.py:4180} INFO - Setting next_dagrun for pricescope_pipeline to 2026-08-02 18:00:00+00:00, run_after=2026-08-03 06:00:00+00:00
[2026-08-03T13:28:35.595+0000] {processor.py:208} INFO - Processing /opt/airflow/dags/pricescope_pipeline.py took 0.170 seconds
[2026-08-03T13:29:05.774+0000] {processor.py:186} INFO - Started process (PID=942) to work on /opt/airflow/dags/pricescope_pipeline.py
[2026-08-03T13:29:05.777+0000] {processor.py:914} INFO - Processing file /opt/airflow/dags/pricescope_pipeline.py for tasks to queue
[2026-08-03T13:29:05.788+0000] {logging_mixin.py:190} INFO - [2026-08-03T13:29:05.787+0000] {dagbag.py:588} INFO - Filling up the DagBag from /opt/airflow/dags/pricescope_pipeline.py
[2026-08-03T13:29:05.850+0000] {processor.py:925} INFO - DAG(s) 'pricescope_pipeline' retrieved from /opt/airflow/dags/pricescope_pipeline.py
[2026-08-03T13:29:05.918+0000] {logging_mixin.py:190} INFO - [2026-08-03T13:29:05.917+0000] {dag.py:3239} INFO - Sync 1 DAGs
[2026-08-03T13:29:05.988+0000] {logging_mixin.py:190} INFO - [2026-08-03T13:29:05.987+0000] {dag.py:4180} INFO - Setting next_dagrun for pricescope_pipeline to 2026-08-02 18:00:00+00:00, run_after=2026-08-03 06:00:00+00:00
[2026-08-03T13:29:06.030+0000] {processor.py:208} INFO - Processing /opt/airflow/dags/pricescope_pipeline.py took 0.270 seconds
[2026-08-03T13:29:36.302+0000] {processor.py:186} INFO - Started process (PID=949) to work on /opt/airflow/dags/pricescope_pipeline.py
[2026-08-03T13:29:36.305+0000] {processor.py:914} INFO - Processing file /opt/airflow/dags/pricescope_pipeline.py for tasks to queue
[2026-08-03T13:29:36.309+0000] {logging_mixin.py:190} INFO - [2026-08-03T13:29:36.309+0000] {dagbag.py:588} INFO - Filling up the DagBag from /opt/airflow/dags/pricescope_pipeline.py
[2026-08-03T13:29:36.349+0000] {processor.py:925} INFO - DAG(s) 'pricescope_pipeline' retrieved from /opt/airflow/dags/pricescope_pipeline.py
[2026-08-03T13:29:36.389+0000] {logging_mixin.py:190} INFO - [2026-08-03T13:29:36.388+0000] {dag.py:3239} INFO - Sync 1 DAGs
[2026-08-03T13:29:36.431+0000] {logging_mixin.py:190} INFO - [2026-08-03T13:29:36.431+0000] {dag.py:4180} INFO - Setting next_dagrun for pricescope_pipeline to 2026-08-02 18:00:00+00:00, run_after=2026-08-03 06:00:00+00:00
[2026-08-03T13:29:36.468+0000] {processor.py:208} INFO - Processing /opt/airflow/dags/pricescope_pipeline.py took 0.176 seconds
[2026-08-03T13:30:06.814+0000] {processor.py:186} INFO - Started process (PID=956) to work on /opt/airflow/dags/pricescope_pipeline.py
[2026-08-03T13:30:06.817+0000] {processor.py:914} INFO - Processing file /opt/airflow/dags/pricescope_pipeline.py for tasks to queue
[2026-08-03T13:30:06.824+0000] {logging_mixin.py:190} INFO - [2026-08-03T13:30:06.823+0000] {dagbag.py:588} INFO - Filling up the DagBag from /opt/airflow/dags/pricescope_pipeline.py
[2026-08-03T13:30:06.860+0000] {processor.py:925} INFO - DAG(s) 'pricescope_pipeline' retrieved from /opt/airflow/dags/pricescope_pipeline.py
[2026-08-03T13:30:06.895+0000] {logging_mixin.py:190} INFO - [2026-08-03T13:30:06.894+0000] {dag.py:3239} INFO - Sync 1 DAGs
[2026-08-03T13:30:06.927+0000] {logging_mixin.py:190} INFO - [2026-08-03T13:30:06.927+0000] {dag.py:4180} INFO - Setting next_dagrun for pricescope_pipeline to 2026-08-02 18:00:00+00:00, run_after=2026-08-03 06:00:00+00:00
[2026-08-03T13:30:06.951+0000] {processor.py:208} INFO - Processing /opt/airflow/dags/pricescope_pipeline.py took 0.151 seconds
[2026-08-03T13:30:37.271+0000] {processor.py:186} INFO - Started process (PID=963) to work on /opt/airflow/dags/pricescope_pipeline.py
[2026-08-03T13:30:37.274+0000] {processor.py:914} INFO - Processing file /opt/airflow/dags/pricescope_pipeline.py for tasks to queue
[2026-08-03T13:30:37.277+0000] {logging_mixin.py:190} INFO - [2026-08-03T13:30:37.276+0000] {dagbag.py:588} INFO - Filling up the DagBag from /opt/airflow/dags/pricescope_pipeline.py
[2026-08-03T13:30:37.303+0000] {processor.py:925} INFO - DAG(s) 'pricescope_pipeline' retrieved from /opt/airflow/dags/pricescope_pipeline.py
[2026-08-03T13:30:37.329+0000] {logging_mixin.py:190} INFO - [2026-08-03T13:30:37.329+0000] {dag.py:3239} INFO - Sync 1 DAGs
[2026-08-03T13:30:37.356+0000] {logging_mixin.py:190} INFO - [2026-08-03T13:30:37.356+0000] {dag.py:4180} INFO - Setting next_dagrun for pricescope_pipeline to 2026-08-02 18:00:00+00:00, run_after=2026-08-03 06:00:00+00:00
[2026-08-03T13:30:37.385+0000] {processor.py:208} INFO - Processing /opt/airflow/dags/pricescope_pipeline.py took 0.120 seconds
[2026-08-03T13:31:07.645+0000] {processor.py:186} INFO - Started process (PID=970) to work on /opt/airflow/dags/pricescope_pipeline.py
[2026-08-03T13:31:07.647+0000] {processor.py:914} INFO - Processing file /opt/airflow/dags/pricescope_pipeline.py for tasks to queue
[2026-08-03T13:31:07.651+0000] {logging_mixin.py:190} INFO - [2026-08-03T13:31:07.651+0000] {dagbag.py:588} INFO - Filling up the DagBag from /opt/airflow/dags/pricescope_pipeline.py
[2026-08-03T13:31:07.691+0000] {processor.py:925} INFO - DAG(s) 'pricescope_pipeline' retrieved from /opt/airflow/dags/pricescope_pipeline.py
[2026-08-03T13:31:07.734+0000] {logging_mixin.py:190} INFO - [2026-08-03T13:31:07.733+0000] {dag.py:3239} INFO - Sync 1 DAGs
[2026-08-03T13:31:07.782+0000] {logging_mixin.py:190} INFO - [2026-08-03T13:31:07.781+0000] {dag.py:4180} INFO - Setting next_dagrun for pricescope_pipeline to 2026-08-02 18:00:00+00:00, run_after=2026-08-03 06:00:00+00:00
[2026-08-03T13:31:07.810+0000] {processor.py:208} INFO - Processing /opt/airflow/dags/pricescope_pipeline.py took 0.178 seconds
[2026-08-03T13:31:38.116+0000] {processor.py:186} INFO - Started process (PID=977) to work on /opt/airflow/dags/pricescope_pipeline.py
[2026-08-03T13:31:38.119+0000] {processor.py:914} INFO - Processing file /opt/airflow/dags/pricescope_pipeline.py for tasks to queue
[2026-08-03T13:31:38.127+0000] {logging_mixin.py:190} INFO - [2026-08-03T13:31:38.126+0000] {dagbag.py:588} INFO - Filling up the DagBag from /opt/airflow/dags/pricescope_pipeline.py
[2026-08-03T13:31:38.176+0000] {processor.py:925} INFO - DAG(s) 'pricescope_pipeline' retrieved from /opt/airflow/dags/pricescope_pipeline.py
[2026-08-03T13:31:38.228+0000] {logging_mixin.py:190} INFO - [2026-08-03T13:31:38.227+0000] {dag.py:3239} INFO - Sync 1 DAGs
[2026-08-03T13:31:38.278+0000] {logging_mixin.py:190} INFO - [2026-08-03T13:31:38.277+0000] {dag.py:4180} INFO - Setting next_dagrun for pricescope_pipeline to 2026-08-02 18:00:00+00:00, run_after=2026-08-03 06:00:00+00:00
[2026-08-03T13:31:38.316+0000] {processor.py:208} INFO - Processing /opt/airflow/dags/pricescope_pipeline.py took 0.213 seconds
[2026-08-03T13:32:08.507+0000] {processor.py:186} INFO - Started process (PID=984) to work on /opt/airflow/dags/pricescope_pipeline.py
[2026-08-03T13:32:08.510+0000] {processor.py:914} INFO - Processing file /opt/airflow/dags/pricescope_pipeline.py for tasks to queue
[2026-08-03T13:32:08.516+0000] {logging_mixin.py:190} INFO - [2026-08-03T13:32:08.515+0000] {dagbag.py:588} INFO - Filling up the DagBag from /opt/airflow/dags/pricescope_pipeline.py
[2026-08-03T13:32:08.568+0000] {processor.py:925} INFO - DAG(s) 'pricescope_pipeline' retrieved from /opt/airflow/dags/pricescope_pipeline.py
[2026-08-03T13:32:08.628+0000] {logging_mixin.py:190} INFO - [2026-08-03T13:32:08.627+0000] {dag.py:3239} INFO - Sync 1 DAGs
[2026-08-03T13:32:08.687+0000] {logging_mixin.py:190} INFO - [2026-08-03T13:32:08.686+0000] {dag.py:4180} INFO - Setting next_dagrun for pricescope_pipeline to 2026-08-02 18:00:00+00:00, run_after=2026-08-03 06:00:00+00:00
[2026-08-03T13:32:08.734+0000] {processor.py:208} INFO - Processing /opt/airflow/dags/pricescope_pipeline.py took 0.241 seconds
[2026-08-03T13:32:38.959+0000] {processor.py:186} INFO - Started process (PID=991) to work on /opt/airflow/dags/pricescope_pipeline.py
[2026-08-03T13:32:38.962+0000] {processor.py:914} INFO - Processing file /opt/airflow/dags/pricescope_pipeline.py for tasks to queue
[2026-08-03T13:32:38.968+0000] {logging_mixin.py:190} INFO - [2026-08-03T13:32:38.967+0000] {dagbag.py:588} INFO - Filling up the DagBag from /opt/airflow/dags/pricescope_pipeline.py
[2026-08-03T13:32:39.009+0000] {processor.py:925} INFO - DAG(s) 'pricescope_pipeline' retrieved from /opt/airflow/dags/pricescope_pipeline.py
[2026-08-03T13:32:39.058+0000] {logging_mixin.py:190} INFO - [2026-08-03T13:32:39.057+0000] {dag.py:3239} INFO - Sync 1 DAGs
[2026-08-03T13:32:39.105+0000] {logging_mixin.py:190} INFO - [2026-08-03T13:32:39.106+0000] {dag.py:4180} INFO - Setting next_dagrun for pricescope_pipeline to 2026-08-02 18:00:00+00:00, run_after=2026-08-03 06:00:00+00:00
[2026-08-03T13:32:39.148+0000] {processor.py:208} INFO - Processing /opt/airflow/dags/pricescope_pipeline.py took 0.202 seconds
[2026-08-03T13:33:09.487+0000] {processor.py:186} INFO - Started process (PID=998) to work on /opt/airflow/dags/pricescope_pipeline.py
[2026-08-03T13:33:09.490+0000] {processor.py:914} INFO - Processing file /opt/airflow/dags/pricescope_pipeline.py for tasks to queue
[2026-08-03T13:33:09.495+0000] {logging_mixin.py:190} INFO - [2026-08-03T13:33:09.495+0000] {dagbag.py:588} INFO - Filling up the DagBag from /opt/airflow/dags/pricescope_pipeline.py
[2026-08-03T13:33:09.534+0000] {processor.py:925} INFO - DAG(s) 'pricescope_pipeline' retrieved from /opt/airflow/dags/pricescope_pipeline.py
[2026-08-03T13:33:09.579+0000] {logging_mixin.py:190} INFO - [2026-08-03T13:33:09.578+0000] {dag.py:3239} INFO - Sync 1 DAGs
[2026-08-03T13:33:09.626+0000] {logging_mixin.py:190} INFO - [2026-08-03T13:33:09.626+0000] {dag.py:4180} INFO - Setting next_dagrun for pricescope_pipeline to 2026-08-02 18:00:00+00:00, run_after=2026-08-03 06:00:00+00:00
[2026-08-03T13:33:09.664+0000] {processor.py:208} INFO - Processing /opt/airflow/dags/pricescope_pipeline.py took 0.187 seconds
[2026-08-03T13:33:39.891+0000] {processor.py:186} INFO - Started process (PID=1006) to work on /opt/airflow/dags/pricescope_pipeline.py
[2026-08-03T13:33:39.894+0000] {processor.py:914} INFO - Processing file /opt/airflow/dags/pricescope_pipeline.py for tasks to queue
[2026-08-03T13:33:39.899+0000] {logging_mixin.py:190} INFO - [2026-08-03T13:33:39.898+0000] {dagbag.py:588} INFO - Filling up the DagBag from /opt/airflow/dags/pricescope_pipeline.py
[2026-08-03T13:33:39.941+0000] {processor.py:925} INFO - DAG(s) 'pricescope_pipeline' retrieved from /opt/airflow/dags/pricescope_pipeline.py
[2026-08-03T13:33:39.987+0000] {logging_mixin.py:190} INFO - [2026-08-03T13:33:39.986+0000] {dag.py:3239} INFO - Sync 1 DAGs
[2026-08-03T13:33:40.029+0000] {logging_mixin.py:190} INFO - [2026-08-03T13:33:40.028+0000] {dag.py:4180} INFO - Setting next_dagrun for pricescope_pipeline to 2026-08-02 18:00:00+00:00, run_after=2026-08-03 06:00:00+00:00
[2026-08-03T13:33:40.068+0000] {processor.py:208} INFO - Processing /opt/airflow/dags/pricescope_pipeline.py took 0.189 seconds
[2026-08-03T13:34:10.310+0000] {processor.py:186} INFO - Started process (PID=1013) to work on /opt/airflow/dags/pricescope_pipeline.py
[2026-08-03T13:34:10.313+0000] {processor.py:914} INFO - Processing file /opt/airflow/dags/pricescope_pipeline.py for tasks to queue
[2026-08-03T13:34:10.319+0000] {logging_mixin.py:190} INFO - [2026-08-03T13:34:10.318+0000] {dagbag.py:588} INFO - Filling up the DagBag from /opt/airflow/dags/pricescope_pipeline.py
[2026-08-03T13:34:10.361+0000] {processor.py:925} INFO - DAG(s) 'pricescope_pipeline' retrieved from /opt/airflow/dags/pricescope_pipeline.py
[2026-08-03T13:34:10.398+0000] {logging_mixin.py:190} INFO - [2026-08-03T13:34:10.398+0000] {dag.py:3239} INFO - Sync 1 DAGs
[2026-08-03T13:34:10.432+0000] {logging_mixin.py:190} INFO - [2026-08-03T13:34:10.432+0000] {dag.py:4180} INFO - Setting next_dagrun for pricescope_pipeline to 2026-08-02 18:00:00+00:00, run_after=2026-08-03 06:00:00+00:00
[2026-08-03T13:34:10.463+0000] {processor.py:208} INFO - Processing /opt/airflow/dags/pricescope_pipeline.py took 0.167 seconds
[2026-08-03T13:34:40.726+0000] {processor.py:186} INFO - Started process (PID=1020) to work on /opt/airflow/dags/pricescope_pipeline.py
[2026-08-03T13:34:40.729+0000] {processor.py:914} INFO - Processing file /opt/airflow/dags/pricescope_pipeline.py for tasks to queue
[2026-08-03T13:34:40.735+0000] {logging_mixin.py:190} INFO - [2026-08-03T13:34:40.734+0000] {dagbag.py:588} INFO - Filling up the DagBag from /opt/airflow/dags/pricescope_pipeline.py
[2026-08-03T13:34:40.776+0000] {processor.py:925} INFO - DAG(s) 'pricescope_pipeline' retrieved from /opt/airflow/dags/pricescope_pipeline.py
[2026-08-03T13:34:40.818+0000] {logging_mixin.py:190} INFO - [2026-08-03T13:34:40.818+0000] {dag.py:3239} INFO - Sync 1 DAGs
[2026-08-03T13:34:40.860+0000] {logging_mixin.py:190} INFO - [2026-08-03T13:34:40.859+0000] {dag.py:4180} INFO - Setting next_dagrun for pricescope_pipeline to 2026-08-02 18:00:00+00:00, run_after=2026-08-03 06:00:00+00:00
[2026-08-03T13:34:40.893+0000] {processor.py:208} INFO - Processing /opt/airflow/dags/pricescope_pipeline.py took 0.178 seconds
[2026-08-03T13:35:11.101+0000] {processor.py:186} INFO - Started process (PID=1027) to work on /opt/airflow/dags/pricescope_pipeline.py
[2026-08-03T13:35:11.105+0000] {processor.py:914} INFO - Processing file /opt/airflow/dags/pricescope_pipeline.py for tasks to queue
[2026-08-03T13:35:11.111+0000] {logging_mixin.py:190} INFO - [2026-08-03T13:35:11.110+0000] {dagbag.py:588} INFO - Filling up the DagBag from /opt/airflow/dags/pricescope_pipeline.py
[2026-08-03T13:35:11.149+0000] {processor.py:925} INFO - DAG(s) 'pricescope_pipeline' retrieved from /opt/airflow/dags/pricescope_pipeline.py
[2026-08-03T13:35:11.189+0000] {logging_mixin.py:190} INFO - [2026-08-03T13:35:11.189+0000] {dag.py:3239} INFO - Sync 1 DAGs
[2026-08-03T13:35:11.230+0000] {logging_mixin.py:190} INFO - [2026-08-03T13:35:11.229+0000] {dag.py:4180} INFO - Setting next_dagrun for pricescope_pipeline to 2026-08-02 18:00:00+00:00, run_after=2026-08-03 06:00:00+00:00
[2026-08-03T13:35:11.260+0000] {processor.py:208} INFO - Processing /opt/airflow/dags/pricescope_pipeline.py took 0.170 seconds
[2026-08-03T13:35:41.556+0000] {processor.py:186} INFO - Started process (PID=1034) to work on /opt/airflow/dags/pricescope_pipeline.py
[2026-08-03T13:35:41.560+0000] {processor.py:914} INFO - Processing file /opt/airflow/dags/pricescope_pipeline.py for tasks to queue
[2026-08-03T13:35:41.568+0000] {logging_mixin.py:190} INFO - [2026-08-03T13:35:41.567+0000] {dagbag.py:588} INFO - Filling up the DagBag from /opt/airflow/dags/pricescope_pipeline.py
[2026-08-03T13:35:41.654+0000] {processor.py:925} INFO - DAG(s) 'pricescope_pipeline' retrieved from /opt/airflow/dags/pricescope_pipeline.py
[2026-08-03T13:35:41.733+0000] {logging_mixin.py:190} INFO - [2026-08-03T13:35:41.732+0000] {dag.py:3239} INFO - Sync 1 DAGs
[2026-08-03T13:35:41.796+0000] {logging_mixin.py:190} INFO - [2026-08-03T13:35:41.796+0000] {dag.py:4180} INFO - Setting next_dagrun for pricescope_pipeline to 2026-08-02 18:00:00+00:00, run_after=2026-08-03 06:00:00+00:00
[2026-08-03T13:35:41.845+0000] {processor.py:208} INFO - Processing /opt/airflow/dags/pricescope_pipeline.py took 0.304 seconds
[2026-08-03T13:36:12.191+0000] {processor.py:186} INFO - Started process (PID=1041) to work on /opt/airflow/dags/pricescope_pipeline.py
[2026-08-03T13:36:12.194+0000] {processor.py:914} INFO - Processing file /opt/airflow/dags/pricescope_pipeline.py for tasks to queue
[2026-08-03T13:36:12.202+0000] {logging_mixin.py:190} INFO - [2026-08-03T13:36:12.201+0000] {dagbag.py:588} INFO - Filling up the DagBag from /opt/airflow/dags/pricescope_pipeline.py
[2026-08-03T13:36:12.243+0000] {processor.py:925} INFO - DAG(s) 'pricescope_pipeline' retrieved from /opt/airflow/dags/pricescope_pipeline.py
[2026-08-03T13:36:12.283+0000] {logging_mixin.py:190} INFO - [2026-08-03T13:36:12.282+0000] {dag.py:3239} INFO - Sync 1 DAGs
[2026-08-03T13:36:12.323+0000] {logging_mixin.py:190} INFO - [2026-08-03T13:36:12.323+0000] {dag.py:4180} INFO - Setting next_dagrun for pricescope_pipeline to 2026-08-02 18:00:00+00:00, run_after=2026-08-03 06:00:00+00:00
[2026-08-03T13:36:12.369+0000] {processor.py:208} INFO - Processing /opt/airflow/dags/pricescope_pipeline.py took 0.187 seconds
[2026-08-03T13:36:42.545+0000] {processor.py:186} INFO - Started process (PID=1048) to work on /opt/airflow/dags/pricescope_pipeline.py
[2026-08-03T13:36:42.548+0000] {processor.py:914} INFO - Processing file /opt/airflow/dags/pricescope_pipeline.py for tasks to queue
[2026-08-03T13:36:42.558+0000] {logging_mixin.py:190} INFO - [2026-08-03T13:36:42.557+0000] {dagbag.py:588} INFO - Filling up the DagBag from /opt/airflow/dags/pricescope_pipeline.py
[2026-08-03T13:36:42.595+0000] {processor.py:925} INFO - DAG(s) 'pricescope_pipeline' retrieved from /opt/airflow/dags/pricescope_pipeline.py
[2026-08-03T13:36:42.634+0000] {logging_mixin.py:190} INFO - [2026-08-03T13:36:42.633+0000] {dag.py:3239} INFO - Sync 1 DAGs
[2026-08-03T13:36:42.678+0000] {logging_mixin.py:190} INFO - [2026-08-03T13:36:42.677+0000] {dag.py:4180} INFO - Setting next_dagrun for pricescope_pipeline to 2026-08-02 18:00:00+00:00, run_after=2026-08-03 06:00:00+00:00
[2026-08-03T13:36:42.714+0000] {processor.py:208} INFO - Processing /opt/airflow/dags/pricescope_pipeline.py took 0.182 seconds
[2026-08-03T13:37:13.009+0000] {processor.py:186} INFO - Started process (PID=1055) to work on /opt/airflow/dags/pricescope_pipeline.py
[2026-08-03T13:37:13.012+0000] {processor.py:914} INFO - Processing file /opt/airflow/dags/pricescope_pipeline.py for tasks to queue
[2026-08-03T13:37:13.019+0000] {logging_mixin.py:190} INFO - [2026-08-03T13:37:13.018+0000] {dagbag.py:588} INFO - Filling up the DagBag from /opt/airflow/dags/pricescope_pipeline.py
[2026-08-03T13:37:13.067+0000] {processor.py:925} INFO - DAG(s) 'pricescope_pipeline' retrieved from /opt/airflow/dags/pricescope_pipeline.py
[2026-08-03T13:37:13.109+0000] {logging_mixin.py:190} INFO - [2026-08-03T13:37:13.108+0000] {dag.py:3239} INFO - Sync 1 DAGs
[2026-08-03T13:37:13.150+0000] {logging_mixin.py:190} INFO - [2026-08-03T13:37:13.149+0000] {dag.py:4180} INFO - Setting next_dagrun for pricescope_pipeline to 2026-08-02 18:00:00+00:00, run_after=2026-08-03 06:00:00+00:00
[2026-08-03T13:37:13.187+0000] {processor.py:208} INFO - Processing /opt/airflow/dags/pricescope_pipeline.py took 0.187 seconds
[2026-08-03T13:37:43.416+0000] {processor.py:186} INFO - Started process (PID=1062) to work on /opt/airflow/dags/pricescope_pipeline.py
[2026-08-03T13:37:43.418+0000] {processor.py:914} INFO - Processing file /opt/airflow/dags/pricescope_pipeline.py for tasks to queue
[2026-08-03T13:37:43.424+0000] {logging_mixin.py:190} INFO - [2026-08-03T13:37:43.424+0000] {dagbag.py:588} INFO - Filling up the DagBag from /opt/airflow/dags/pricescope_pipeline.py
[2026-08-03T13:37:43.498+0000] {processor.py:925} INFO - DAG(s) 'pricescope_pipeline' retrieved from /opt/airflow/dags/pricescope_pipeline.py
[2026-08-03T13:37:43.535+0000] {logging_mixin.py:190} INFO - [2026-08-03T13:37:43.534+0000] {dag.py:3239} INFO - Sync 1 DAGs
[2026-08-03T13:37:43.574+0000] {logging_mixin.py:190} INFO - [2026-08-03T13:37:43.574+0000] {dag.py:4180} INFO - Setting next_dagrun for pricescope_pipeline to 2026-08-02 18:00:00+00:00, run_after=2026-08-03 06:00:00+00:00
[2026-08-03T13:37:43.606+0000] {processor.py:208} INFO - Processing /opt/airflow/dags/pricescope_pipeline.py took 0.199 seconds
[2026-08-03T13:38:13.876+0000] {processor.py:186} INFO - Started process (PID=1069) to work on /opt/airflow/dags/pricescope_pipeline.py
[2026-08-03T13:38:13.879+0000] {processor.py:914} INFO - Processing file /opt/airflow/dags/pricescope_pipeline.py for tasks to queue
[2026-08-03T13:38:13.885+0000] {logging_mixin.py:190} INFO - [2026-08-03T13:38:13.884+0000] {dagbag.py:588} INFO - Filling up the DagBag from /opt/airflow/dags/pricescope_pipeline.py
[2026-08-03T13:38:13.918+0000] {processor.py:925} INFO - DAG(s) 'pricescope_pipeline' retrieved from /opt/airflow/dags/pricescope_pipeline.py
[2026-08-03T13:38:13.962+0000] {logging_mixin.py:190} INFO - [2026-08-03T13:38:13.962+0000] {dag.py:3239} INFO - Sync 1 DAGs
[2026-08-03T13:38:14.001+0000] {logging_mixin.py:190} INFO - [2026-08-03T13:38:14.000+0000] {dag.py:4180} INFO - Setting next_dagrun for pricescope_pipeline to 2026-08-02 18:00:00+00:00, run_after=2026-08-03 06:00:00+00:00
[2026-08-03T13:38:14.033+0000] {processor.py:208} INFO - Processing /opt/airflow/dags/pricescope_pipeline.py took 0.168 seconds
[2026-08-03T13:38:44.225+0000] {processor.py:186} INFO - Started process (PID=1076) to work on /opt/airflow/dags/pricescope_pipeline.py
[2026-08-03T13:38:44.228+0000] {processor.py:914} INFO - Processing file /opt/airflow/dags/pricescope_pipeline.py for tasks to queue
[2026-08-03T13:38:44.234+0000] {logging_mixin.py:190} INFO - [2026-08-03T13:38:44.233+0000] {dagbag.py:588} INFO - Filling up the DagBag from /opt/airflow/dags/pricescope_pipeline.py
[2026-08-03T13:38:44.272+0000] {processor.py:925} INFO - DAG(s) 'pricescope_pipeline' retrieved from /opt/airflow/dags/pricescope_pipeline.py
[2026-08-03T13:38:44.309+0000] {logging_mixin.py:190} INFO - [2026-08-03T13:38:44.308+0000] {dag.py:3239} INFO - Sync 1 DAGs
[2026-08-03T13:38:44.343+0000] {logging_mixin.py:190} INFO - [2026-08-03T13:38:44.342+0000] {dag.py:4180} INFO - Setting next_dagrun for pricescope_pipeline to 2026-08-02 18:00:00+00:00, run_after=2026-08-03 06:00:00+00:00
[2026-08-03T13:38:44.374+0000] {processor.py:208} INFO - Processing /opt/airflow/dags/pricescope_pipeline.py took 0.158 seconds
[2026-08-03T13:39:14.699+0000] {processor.py:186} INFO - Started process (PID=1083) to work on /opt/airflow/dags/pricescope_pipeline.py
[2026-08-03T13:39:14.702+0000] {processor.py:914} INFO - Processing file /opt/airflow/dags/pricescope_pipeline.py for tasks to queue
[2026-08-03T13:39:14.707+0000] {logging_mixin.py:190} INFO - [2026-08-03T13:39:14.706+0000] {dagbag.py:588} INFO - Filling up the DagBag from /opt/airflow/dags/pricescope_pipeline.py
[2026-08-03T13:39:14.742+0000] {processor.py:925} INFO - DAG(s) 'pricescope_pipeline' retrieved from /opt/airflow/dags/pricescope_pipeline.py
[2026-08-03T13:39:14.778+0000] {logging_mixin.py:190} INFO - [2026-08-03T13:39:14.778+0000] {dag.py:3239} INFO - Sync 1 DAGs
[2026-08-03T13:39:14.818+0000] {logging_mixin.py:190} INFO - [2026-08-03T13:39:14.817+0000] {dag.py:4180} INFO - Setting next_dagrun for pricescope_pipeline to 2026-08-02 18:00:00+00:00, run_after=2026-08-03 06:00:00+00:00
[2026-08-03T13:39:14.879+0000] {processor.py:208} INFO - Processing /opt/airflow/dags/pricescope_pipeline.py took 0.189 seconds
[2026-08-03T13:39:45.050+0000] {processor.py:186} INFO - Started process (PID=1090) to work on /opt/airflow/dags/pricescope_pipeline.py
[2026-08-03T13:39:45.053+0000] {processor.py:914} INFO - Processing file /opt/airflow/dags/pricescope_pipeline.py for tasks to queue
[2026-08-03T13:39:45.059+0000] {logging_mixin.py:190} INFO - [2026-08-03T13:39:45.057+0000] {dagbag.py:588} INFO - Filling up the DagBag from /opt/airflow/dags/pricescope_pipeline.py
[2026-08-03T13:39:45.103+0000] {processor.py:925} INFO - DAG(s) 'pricescope_pipeline' retrieved from /opt/airflow/dags/pricescope_pipeline.py
[2026-08-03T13:39:45.143+0000] {logging_mixin.py:190} INFO - [2026-08-03T13:39:45.143+0000] {dag.py:3239} INFO - Sync 1 DAGs
[2026-08-03T13:39:45.184+0000] {logging_mixin.py:190} INFO - [2026-08-03T13:39:45.183+0000] {dag.py:4180} INFO - Setting next_dagrun for pricescope_pipeline to 2026-08-02 18:00:00+00:00, run_after=2026-08-03 06:00:00+00:00
[2026-08-03T13:39:45.221+0000] {processor.py:208} INFO - Processing /opt/airflow/dags/pricescope_pipeline.py took 0.184 seconds
[2026-08-03T13:40:15.503+0000] {processor.py:186} INFO - Started process (PID=1097) to work on /opt/airflow/dags/pricescope_pipeline.py
[2026-08-03T13:40:15.507+0000] {processor.py:914} INFO - Processing file /opt/airflow/dags/pricescope_pipeline.py for tasks to queue
[2026-08-03T13:40:15.513+0000] {logging_mixin.py:190} INFO - [2026-08-03T13:40:15.513+0000] {dagbag.py:588} INFO - Filling up the DagBag from /opt/airflow/dags/pricescope_pipeline.py
[2026-08-03T13:40:15.550+0000] {processor.py:925} INFO - DAG(s) 'pricescope_pipeline' retrieved from /opt/airflow/dags/pricescope_pipeline.py
[2026-08-03T13:40:15.591+0000] {logging_mixin.py:190} INFO - [2026-08-03T13:40:15.591+0000] {dag.py:3239} INFO - Sync 1 DAGs
[2026-08-03T13:40:15.634+0000] {logging_mixin.py:190} INFO - [2026-08-03T13:40:15.633+0000] {dag.py:4180} INFO - Setting next_dagrun for pricescope_pipeline to 2026-08-02 18:00:00+00:00, run_after=2026-08-03 06:00:00+00:00
[2026-08-03T13:40:15.674+0000] {processor.py:208} INFO - Processing /opt/airflow/dags/pricescope_pipeline.py took 0.181 seconds
[2026-08-03T13:40:45.896+0000] {processor.py:186} INFO - Started process (PID=1104) to work on /opt/airflow/dags/pricescope_pipeline.py
[2026-08-03T13:40:45.899+0000] {processor.py:914} INFO - Processing file /opt/airflow/dags/pricescope_pipeline.py for tasks to queue
[2026-08-03T13:40:45.906+0000] {logging_mixin.py:190} INFO - [2026-08-03T13:40:45.905+0000] {dagbag.py:588} INFO - Filling up the DagBag from /opt/airflow/dags/pricescope_pipeline.py
[2026-08-03T13:40:45.934+0000] {processor.py:925} INFO - DAG(s) 'pricescope_pipeline' retrieved from /opt/airflow/dags/pricescope_pipeline.py
[2026-08-03T13:40:45.968+0000] {logging_mixin.py:190} INFO - [2026-08-03T13:40:45.968+0000] {dag.py:3239} INFO - Sync 1 DAGs
[2026-08-03T13:40:46.008+0000] {logging_mixin.py:190} INFO - [2026-08-03T13:40:46.008+0000] {dag.py:4180} INFO - Setting next_dagrun for pricescope_pipeline to 2026-08-02 18:00:00+00:00, run_after=2026-08-03 06:00:00+00:00
[2026-08-03T13:40:46.040+0000] {processor.py:208} INFO - Processing /opt/airflow/dags/pricescope_pipeline.py took 0.153 seconds
[2026-08-03T13:41:16.281+0000] {processor.py:186} INFO - Started process (PID=1111) to work on /opt/airflow/dags/pricescope_pipeline.py
[2026-08-03T13:41:16.283+0000] {processor.py:914} INFO - Processing file /opt/airflow/dags/pricescope_pipeline.py for tasks to queue
[2026-08-03T13:41:16.289+0000] {logging_mixin.py:190} INFO - [2026-08-03T13:41:16.288+0000] {dagbag.py:588} INFO - Filling up the DagBag from /opt/airflow/dags/pricescope_pipeline.py
[2026-08-03T13:41:16.321+0000] {processor.py:925} INFO - DAG(s) 'pricescope_pipeline' retrieved from /opt/airflow/dags/pricescope_pipeline.py
[2026-08-03T13:41:16.352+0000] {logging_mixin.py:190} INFO - [2026-08-03T13:41:16.351+0000] {dag.py:3239} INFO - Sync 1 DAGs
[2026-08-03T13:41:16.382+0000] {logging_mixin.py:190} INFO - [2026-08-03T13:41:16.382+0000] {dag.py:4180} INFO - Setting next_dagrun for pricescope_pipeline to 2026-08-02 18:00:00+00:00, run_after=2026-08-03 06:00:00+00:00
[2026-08-03T13:41:16.405+0000] {processor.py:208} INFO - Processing /opt/airflow/dags/pricescope_pipeline.py took 0.132 seconds
[2026-08-03T13:41:46.690+0000] {processor.py:186} INFO - Started process (PID=1118) to work on /opt/airflow/dags/pricescope_pipeline.py
[2026-08-03T13:41:46.693+0000] {processor.py:914} INFO - Processing file /opt/airflow/dags/pricescope_pipeline.py for tasks to queue
[2026-08-03T13:41:46.699+0000] {logging_mixin.py:190} INFO - [2026-08-03T13:41:46.698+0000] {dagbag.py:588} INFO - Filling up the DagBag from /opt/airflow/dags/pricescope_pipeline.py
[2026-08-03T13:41:46.742+0000] {processor.py:925} INFO - DAG(s) 'pricescope_pipeline' retrieved from /opt/airflow/dags/pricescope_pipeline.py
[2026-08-03T13:41:46.784+0000] {logging_mixin.py:190} INFO - [2026-08-03T13:41:46.783+0000] {dag.py:3239} INFO - Sync 1 DAGs
[2026-08-03T13:41:46.826+0000] {logging_mixin.py:190} INFO - [2026-08-03T13:41:46.826+0000] {dag.py:4180} INFO - Setting next_dagrun for pricescope_pipeline to 2026-08-02 18:00:00+00:00, run_after=2026-08-03 06:00:00+00:00
[2026-08-03T13:41:46.865+0000] {processor.py:208} INFO - Processing /opt/airflow/dags/pricescope_pipeline.py took 0.187 seconds
[2026-08-03T13:42:17.150+0000] {processor.py:186} INFO - Started process (PID=1125) to work on /opt/airflow/dags/pricescope_pipeline.py
[2026-08-03T13:42:17.154+0000] {processor.py:914} INFO - Processing file /opt/airflow/dags/pricescope_pipeline.py for tasks to queue
[2026-08-03T13:42:17.158+0000] {logging_mixin.py:190} INFO - [2026-08-03T13:42:17.158+0000] {dagbag.py:588} INFO - Filling up the DagBag from /opt/airflow/dags/pricescope_pipeline.py
[2026-08-03T13:42:17.191+0000] {processor.py:925} INFO - DAG(s) 'pricescope_pipeline' retrieved from /opt/airflow/dags/pricescope_pipeline.py
[2026-08-03T13:42:17.225+0000] {logging_mixin.py:190} INFO - [2026-08-03T13:42:17.224+0000] {dag.py:3239} INFO - Sync 1 DAGs
[2026-08-03T13:42:17.267+0000] {logging_mixin.py:190} INFO - [2026-08-03T13:42:17.266+0000] {dag.py:4180} INFO - Setting next_dagrun for pricescope_pipeline to 2026-08-02 18:00:00+00:00, run_after=2026-08-03 06:00:00+00:00
[2026-08-03T13:42:17.296+0000] {processor.py:208} INFO - Processing /opt/airflow/dags/pricescope_pipeline.py took 0.155 seconds
[2026-08-03T13:42:47.685+0000] {processor.py:186} INFO - Started process (PID=1132) to work on /opt/airflow/dags/pricescope_pipeline.py
[2026-08-03T13:42:47.690+0000] {processor.py:914} INFO - Processing file /opt/airflow/dags/pricescope_pipeline.py for tasks to queue
[2026-08-03T13:42:47.700+0000] {logging_mixin.py:190} INFO - [2026-08-03T13:42:47.699+0000] {dagbag.py:588} INFO - Filling up the DagBag from /opt/airflow/dags/pricescope_pipeline.py
[2026-08-03T13:42:47.770+0000] {processor.py:925} INFO - DAG(s) 'pricescope_pipeline' retrieved from /opt/airflow/dags/pricescope_pipeline.py
[2026-08-03T13:42:47.829+0000] {logging_mixin.py:190} INFO - [2026-08-03T13:42:47.829+0000] {dag.py:3239} INFO - Sync 1 DAGs
[2026-08-03T13:42:47.894+0000] {logging_mixin.py:190} INFO - [2026-08-03T13:42:47.893+0000] {dag.py:4180} INFO - Setting next_dagrun for pricescope_pipeline to 2026-08-02 18:00:00+00:00, run_after=2026-08-03 06:00:00+00:00
[2026-08-03T13:42:47.955+0000] {processor.py:208} INFO - Processing /opt/airflow/dags/pricescope_pipeline.py took 0.287 seconds
[2026-08-03T13:43:18.237+0000] {processor.py:186} INFO - Started process (PID=1139) to work on /opt/airflow/dags/pricescope_pipeline.py
[2026-08-03T13:43:18.242+0000] {processor.py:914} INFO - Processing file /opt/airflow/dags/pricescope_pipeline.py for tasks to queue
[2026-08-03T13:43:18.254+0000] {logging_mixin.py:190} INFO - [2026-08-03T13:43:18.251+0000] {dagbag.py:588} INFO - Filling up the DagBag from /opt/airflow/dags/pricescope_pipeline.py
[2026-08-03T13:43:18.315+0000] {processor.py:925} INFO - DAG(s) 'pricescope_pipeline' retrieved from /opt/airflow/dags/pricescope_pipeline.py
[2026-08-03T13:43:18.376+0000] {logging_mixin.py:190} INFO - [2026-08-03T13:43:18.375+0000] {dag.py:3239} INFO - Sync 1 DAGs
[2026-08-03T13:43:18.447+0000] {logging_mixin.py:190} INFO - [2026-08-03T13:43:18.440+0000] {dag.py:4180} INFO - Setting next_dagrun for pricescope_pipeline to 2026-08-02 18:00:00+00:00, run_after=2026-08-03 06:00:00+00:00
[2026-08-03T13:43:18.504+0000] {processor.py:208} INFO - Processing /opt/airflow/dags/pricescope_pipeline.py took 0.285 seconds
[2026-08-03T13:43:48.694+0000] {processor.py:186} INFO - Started process (PID=1146) to work on /opt/airflow/dags/pricescope_pipeline.py
[2026-08-03T13:43:48.698+0000] {processor.py:914} INFO - Processing file /opt/airflow/dags/pricescope_pipeline.py for tasks to queue
[2026-08-03T13:43:48.706+0000] {logging_mixin.py:190} INFO - [2026-08-03T13:43:48.705+0000] {dagbag.py:588} INFO - Filling up the DagBag from /opt/airflow/dags/pricescope_pipeline.py
[2026-08-03T13:43:48.752+0000] {processor.py:925} INFO - DAG(s) 'pricescope_pipeline' retrieved from /opt/airflow/dags/pricescope_pipeline.py
[2026-08-03T13:43:48.798+0000] {logging_mixin.py:190} INFO - [2026-08-03T13:43:48.798+0000] {dag.py:3239} INFO - Sync 1 DAGs
[2026-08-03T13:43:48.842+0000] {logging_mixin.py:190} INFO - [2026-08-03T13:43:48.841+0000] {dag.py:4180} INFO - Setting next_dagrun for pricescope_pipeline to 2026-08-02 18:00:00+00:00, run_after=2026-08-03 06:00:00+00:00
[2026-08-03T13:43:48.877+0000] {processor.py:208} INFO - Processing /opt/airflow/dags/pricescope_pipeline.py took 0.196 seconds
[2026-08-03T13:44:19.154+0000] {processor.py:186} INFO - Started process (PID=1154) to work on /opt/airflow/dags/pricescope_pipeline.py
[2026-08-03T13:44:19.158+0000] {processor.py:914} INFO - Processing file /opt/airflow/dags/pricescope_pipeline.py for tasks to queue
[2026-08-03T13:44:19.166+0000] {logging_mixin.py:190} INFO - [2026-08-03T13:44:19.165+0000] {dagbag.py:588} INFO - Filling up the DagBag from /opt/airflow/dags/pricescope_pipeline.py
[2026-08-03T13:44:19.211+0000] {processor.py:925} INFO - DAG(s) 'pricescope_pipeline' retrieved from /opt/airflow/dags/pricescope_pipeline.py
[2026-08-03T13:44:19.248+0000] {logging_mixin.py:190} INFO - [2026-08-03T13:44:19.248+0000] {dag.py:3239} INFO - Sync 1 DAGs
[2026-08-03T13:44:19.287+0000] {logging_mixin.py:190} INFO - [2026-08-03T13:44:19.287+0000] {dag.py:4180} INFO - Setting next_dagrun for pricescope_pipeline to 2026-08-02 18:00:00+00:00, run_after=2026-08-03 06:00:00+00:00
[2026-08-03T13:44:19.320+0000] {processor.py:208} INFO - Processing /opt/airflow/dags/pricescope_pipeline.py took 0.178 seconds
[2026-08-03T13:44:49.492+0000] {processor.py:186} INFO - Started process (PID=1161) to work on /opt/airflow/dags/pricescope_pipeline.py
[2026-08-03T13:44:49.495+0000] {processor.py:914} INFO - Processing file /opt/airflow/dags/pricescope_pipeline.py for tasks to queue
[2026-08-03T13:44:49.503+0000] {logging_mixin.py:190} INFO - [2026-08-03T13:44:49.501+0000] {dagbag.py:588} INFO - Filling up the DagBag from /opt/airflow/dags/pricescope_pipeline.py
[2026-08-03T13:44:49.547+0000] {processor.py:925} INFO - DAG(s) 'pricescope_pipeline' retrieved from /opt/airflow/dags/pricescope_pipeline.py
[2026-08-03T13:44:49.586+0000] {logging_mixin.py:190} INFO - [2026-08-03T13:44:49.585+0000] {dag.py:3239} INFO - Sync 1 DAGs
[2026-08-03T13:44:49.636+0000] {logging_mixin.py:190} INFO - [2026-08-03T13:44:49.635+0000] {dag.py:4180} INFO - Setting next_dagrun for pricescope_pipeline to 2026-08-02 18:00:00+00:00, run_after=2026-08-03 06:00:00+00:00
[2026-08-03T13:44:49.682+0000] {processor.py:208} INFO - Processing /opt/airflow/dags/pricescope_pipeline.py took 0.200 seconds
[2026-08-03T13:45:19.995+0000] {processor.py:186} INFO - Started process (PID=1168) to work on /opt/airflow/dags/pricescope_pipeline.py
[2026-08-03T13:45:20.002+0000] {processor.py:914} INFO - Processing file /opt/airflow/dags/pricescope_pipeline.py for tasks to queue
[2026-08-03T13:45:20.014+0000] {logging_mixin.py:190} INFO - [2026-08-03T13:45:20.013+0000] {dagbag.py:588} INFO - Filling up the DagBag from /opt/airflow/dags/pricescope_pipeline.py
[2026-08-03T13:45:20.122+0000] {processor.py:925} INFO - DAG(s) 'pricescope_pipeline' retrieved from /opt/airflow/dags/pricescope_pipeline.py
[2026-08-03T13:45:20.214+0000] {logging_mixin.py:190} INFO - [2026-08-03T13:45:20.213+0000] {dag.py:3239} INFO - Sync 1 DAGs
[2026-08-03T13:45:20.288+0000] {logging_mixin.py:190} INFO - [2026-08-03T13:45:20.287+0000] {dag.py:4180} INFO - Setting next_dagrun for pricescope_pipeline to 2026-08-02 18:00:00+00:00, run_after=2026-08-03 06:00:00+00:00
[2026-08-03T13:45:20.334+0000] {processor.py:208} INFO - Processing /opt/airflow/dags/pricescope_pipeline.py took 0.368 seconds
[2026-08-03T13:45:50.727+0000] {processor.py:186} INFO - Started process (PID=1181) to work on /opt/airflow/dags/pricescope_pipeline.py
[2026-08-03T13:45:50.730+0000] {processor.py:914} INFO - Processing file /opt/airflow/dags/pricescope_pipeline.py for tasks to queue
[2026-08-03T13:45:50.736+0000] {logging_mixin.py:190} INFO - [2026-08-03T13:45:50.735+0000] {dagbag.py:588} INFO - Filling up the DagBag from /opt/airflow/dags/pricescope_pipeline.py
[2026-08-03T13:45:50.781+0000] {processor.py:925} INFO - DAG(s) 'pricescope_pipeline' retrieved from /opt/airflow/dags/pricescope_pipeline.py
[2026-08-03T13:45:50.834+0000] {logging_mixin.py:190} INFO - [2026-08-03T13:45:50.832+0000] {dag.py:3239} INFO - Sync 1 DAGs
[2026-08-03T13:45:50.890+0000] {logging_mixin.py:190} INFO - [2026-08-03T13:45:50.890+0000] {dag.py:4180} INFO - Setting next_dagrun for pricescope_pipeline to 2026-08-02 18:00:00+00:00, run_after=2026-08-03 06:00:00+00:00
[2026-08-03T13:45:50.947+0000] {processor.py:208} INFO - Processing /opt/airflow/dags/pricescope_pipeline.py took 0.233 seconds
[2026-08-03T13:46:21.114+0000] {processor.py:186} INFO - Started process (PID=1188) to work on /opt/airflow/dags/pricescope_pipeline.py
[2026-08-03T13:46:21.118+0000] {processor.py:914} INFO - Processing file /opt/airflow/dags/pricescope_pipeline.py for tasks to queue
[2026-08-03T13:46:21.125+0000] {logging_mixin.py:190} INFO - [2026-08-03T13:46:21.124+0000] {dagbag.py:588} INFO - Filling up the DagBag from /opt/airflow/dags/pricescope_pipeline.py
[2026-08-03T13:46:21.187+0000] {processor.py:925} INFO - DAG(s) 'pricescope_pipeline' retrieved from /opt/airflow/dags/pricescope_pipeline.py
[2026-08-03T13:46:21.241+0000] {logging_mixin.py:190} INFO - [2026-08-03T13:46:21.240+0000] {dag.py:3239} INFO - Sync 1 DAGs
[2026-08-03T13:46:21.294+0000] {logging_mixin.py:190} INFO - [2026-08-03T13:46:21.293+0000] {dag.py:4180} INFO - Setting next_dagrun for pricescope_pipeline to 2026-08-02 18:00:00+00:00, run_after=2026-08-03 06:00:00+00:00
[2026-08-03T13:46:21.334+0000] {processor.py:208} INFO - Processing /opt/airflow/dags/pricescope_pipeline.py took 0.242 seconds
[2026-08-03T13:46:51.624+0000] {processor.py:186} INFO - Started process (PID=1195) to work on /opt/airflow/dags/pricescope_pipeline.py
[2026-08-03T13:46:51.626+0000] {processor.py:914} INFO - Processing file /opt/airflow/dags/pricescope_pipeline.py for tasks to queue
[2026-08-03T13:46:51.630+0000] {logging_mixin.py:190} INFO - [2026-08-03T13:46:51.629+0000] {dagbag.py:588} INFO - Filling up the DagBag from /opt/airflow/dags/pricescope_pipeline.py
[2026-08-03T13:46:51.669+0000] {processor.py:925} INFO - DAG(s) 'pricescope_pipeline' retrieved from /opt/airflow/dags/pricescope_pipeline.py
[2026-08-03T13:46:51.687+0000] {logging_mixin.py:190} INFO - [2026-08-03T13:46:51.686+0000] {dag.py:3239} INFO - Sync 1 DAGs
[2026-08-03T13:46:51.708+0000] {logging_mixin.py:190} INFO - [2026-08-03T13:46:51.708+0000] {dag.py:4180} INFO - Setting next_dagrun for pricescope_pipeline to 2026-08-02 18:00:00+00:00, run_after=2026-08-03 06:00:00+00:00
[2026-08-03T13:46:51.732+0000] {processor.py:208} INFO - Processing /opt/airflow/dags/pricescope_pipeline.py took 0.114 seconds
[2026-08-03T13:47:21.873+0000] {processor.py:186} INFO - Started process (PID=1202) to work on /opt/airflow/dags/pricescope_pipeline.py
[2026-08-03T13:47:21.875+0000] {processor.py:914} INFO - Processing file /opt/airflow/dags/pricescope_pipeline.py for tasks to queue
[2026-08-03T13:47:21.879+0000] {logging_mixin.py:190} INFO - [2026-08-03T13:47:21.878+0000] {dagbag.py:588} INFO - Filling up the DagBag from /opt/airflow/dags/pricescope_pipeline.py
[2026-08-03T13:47:21.914+0000] {processor.py:925} INFO - DAG(s) 'pricescope_pipeline' retrieved from /opt/airflow/dags/pricescope_pipeline.py
[2026-08-03T13:47:21.953+0000] {logging_mixin.py:190} INFO - [2026-08-03T13:47:21.953+0000] {dag.py:3239} INFO - Sync 1 DAGs
[2026-08-03T13:47:21.992+0000] {logging_mixin.py:190} INFO - [2026-08-03T13:47:21.991+0000] {dag.py:4180} INFO - Setting next_dagrun for pricescope_pipeline to 2026-08-02 18:00:00+00:00, run_after=2026-08-03 06:00:00+00:00
[2026-08-03T13:47:22.022+0000] {processor.py:208} INFO - Processing /opt/airflow/dags/pricescope_pipeline.py took 0.157 seconds
[2026-08-03T13:47:52.359+0000] {processor.py:186} INFO - Started process (PID=1209) to work on /opt/airflow/dags/pricescope_pipeline.py
[2026-08-03T13:47:52.362+0000] {processor.py:914} INFO - Processing file /opt/airflow/dags/pricescope_pipeline.py for tasks to queue
[2026-08-03T13:47:52.369+0000] {logging_mixin.py:190} INFO - [2026-08-03T13:47:52.368+0000] {dagbag.py:588} INFO - Filling up the DagBag from /opt/airflow/dags/pricescope_pipeline.py
[2026-08-03T13:47:52.408+0000] {processor.py:925} INFO - DAG(s) 'pricescope_pipeline' retrieved from /opt/airflow/dags/pricescope_pipeline.py
[2026-08-03T13:47:52.442+0000] {logging_mixin.py:190} INFO - [2026-08-03T13:47:52.440+0000] {dag.py:3239} INFO - Sync 1 DAGs
[2026-08-03T13:47:52.478+0000] {logging_mixin.py:190} INFO - [2026-08-03T13:47:52.478+0000] {dag.py:4180} INFO - Setting next_dagrun for pricescope_pipeline to 2026-08-02 18:00:00+00:00, run_after=2026-08-03 06:00:00+00:00
[2026-08-03T13:47:52.508+0000] {processor.py:208} INFO - Processing /opt/airflow/dags/pricescope_pipeline.py took 0.160 seconds
[2026-08-03T13:48:22.598+0000] {processor.py:186} INFO - Started process (PID=1216) to work on /opt/airflow/dags/pricescope_pipeline.py
[2026-08-03T13:48:22.599+0000] {processor.py:914} INFO - Processing file /opt/airflow/dags/pricescope_pipeline.py for tasks to queue
[2026-08-03T13:48:22.605+0000] {logging_mixin.py:190} INFO - [2026-08-03T13:48:22.604+0000] {dagbag.py:588} INFO - Filling up the DagBag from /opt/airflow/dags/pricescope_pipeline.py
[2026-08-03T13:48:22.628+0000] {processor.py:925} INFO - DAG(s) 'pricescope_pipeline' retrieved from /opt/airflow/dags/pricescope_pipeline.py
[2026-08-03T13:48:22.657+0000] {logging_mixin.py:190} INFO - [2026-08-03T13:48:22.656+0000] {dag.py:3239} INFO - Sync 1 DAGs
[2026-08-03T13:48:22.692+0000] {logging_mixin.py:190} INFO - [2026-08-03T13:48:22.691+0000] {dag.py:4180} INFO - Setting next_dagrun for pricescope_pipeline to 2026-08-02 18:00:00+00:00, run_after=2026-08-03 06:00:00+00:00
[2026-08-03T13:48:22.716+0000] {processor.py:208} INFO - Processing /opt/airflow/dags/pricescope_pipeline.py took 0.124 seconds
[2026-08-03T13:48:52.955+0000] {processor.py:186} INFO - Started process (PID=1223) to work on /opt/airflow/dags/pricescope_pipeline.py
[2026-08-03T13:48:52.957+0000] {processor.py:914} INFO - Processing file /opt/airflow/dags/pricescope_pipeline.py for tasks to queue
[2026-08-03T13:48:52.959+0000] {logging_mixin.py:190} INFO - [2026-08-03T13:48:52.959+0000] {dagbag.py:588} INFO - Filling up the DagBag from /opt/airflow/dags/pricescope_pipeline.py
[2026-08-03T13:48:52.986+0000] {processor.py:925} INFO - DAG(s) 'pricescope_pipeline' retrieved from /opt/airflow/dags/pricescope_pipeline.py
[2026-08-03T13:48:53.013+0000] {logging_mixin.py:190} INFO - [2026-08-03T13:48:53.013+0000] {dag.py:3239} INFO - Sync 1 DAGs
[2026-08-03T13:48:53.036+0000] {logging_mixin.py:190} INFO - [2026-08-03T13:48:53.036+0000] {dag.py:4180} INFO - Setting next_dagrun for pricescope_pipeline to 2026-08-02 18:00:00+00:00, run_after=2026-08-03 06:00:00+00:00
[2026-08-03T13:48:53.054+0000] {processor.py:208} INFO - Processing /opt/airflow/dags/pricescope_pipeline.py took 0.105 seconds
[2026-08-03T13:49:23.211+0000] {processor.py:186} INFO - Started process (PID=1230) to work on /opt/airflow/dags/pricescope_pipeline.py
[2026-08-03T13:49:23.214+0000] {processor.py:914} INFO - Processing file /opt/airflow/dags/pricescope_pipeline.py for tasks to queue
[2026-08-03T13:49:23.220+0000] {logging_mixin.py:190} INFO - [2026-08-03T13:49:23.220+0000] {dagbag.py:588} INFO - Filling up the DagBag from /opt/airflow/dags/pricescope_pipeline.py
[2026-08-03T13:49:23.267+0000] {processor.py:925} INFO - DAG(s) 'pricescope_pipeline' retrieved from /opt/airflow/dags/pricescope_pipeline.py
[2026-08-03T13:49:23.317+0000] {logging_mixin.py:190} INFO - [2026-08-03T13:49:23.316+0000] {dag.py:3239} INFO - Sync 1 DAGs
[2026-08-03T13:49:23.377+0000] {logging_mixin.py:190} INFO - [2026-08-03T13:49:23.377+0000] {dag.py:4180} INFO - Setting next_dagrun for pricescope_pipeline to 2026-08-02 18:00:00+00:00, run_after=2026-08-03 06:00:00+00:00
[2026-08-03T13:49:23.428+0000] {processor.py:208} INFO - Processing /opt/airflow/dags/pricescope_pipeline.py took 0.231 seconds
[2026-08-03T13:49:53.510+0000] {processor.py:186} INFO - Started process (PID=1237) to work on /opt/airflow/dags/pricescope_pipeline.py
[2026-08-03T13:49:53.512+0000] {processor.py:914} INFO - Processing file /opt/airflow/dags/pricescope_pipeline.py for tasks to queue
[2026-08-03T13:49:53.517+0000] {logging_mixin.py:190} INFO - [2026-08-03T13:49:53.516+0000] {dagbag.py:588} INFO - Filling up the DagBag from /opt/airflow/dags/pricescope_pipeline.py
[2026-08-03T13:49:53.543+0000] {processor.py:925} INFO - DAG(s) 'pricescope_pipeline' retrieved from /opt/airflow/dags/pricescope_pipeline.py
[2026-08-03T13:49:53.574+0000] {logging_mixin.py:190} INFO - [2026-08-03T13:49:53.574+0000] {dag.py:3239} INFO - Sync 1 DAGs
[2026-08-03T13:49:53.599+0000] {logging_mixin.py:190} INFO - [2026-08-03T13:49:53.598+0000] {dag.py:4180} INFO - Setting next_dagrun for pricescope_pipeline to 2026-08-02 18:00:00+00:00, run_after=2026-08-03 06:00:00+00:00
[2026-08-03T13:49:53.667+0000] {processor.py:208} INFO - Processing /opt/airflow/dags/pricescope_pipeline.py took 0.164 seconds
[2026-08-03T13:50:23.914+0000] {processor.py:186} INFO - Started process (PID=1244) to work on /opt/airflow/dags/pricescope_pipeline.py
[2026-08-03T13:50:23.916+0000] {processor.py:914} INFO - Processing file /opt/airflow/dags/pricescope_pipeline.py for tasks to queue
[2026-08-03T13:50:23.921+0000] {logging_mixin.py:190} INFO - [2026-08-03T13:50:23.920+0000] {dagbag.py:588} INFO - Filling up the DagBag from /opt/airflow/dags/pricescope_pipeline.py
[2026-08-03T13:50:23.953+0000] {processor.py:925} INFO - DAG(s) 'pricescope_pipeline' retrieved from /opt/airflow/dags/pricescope_pipeline.py
[2026-08-03T13:50:23.978+0000] {logging_mixin.py:190} INFO - [2026-08-03T13:50:23.977+0000] {dag.py:3239} INFO - Sync 1 DAGs
[2026-08-03T13:50:24.003+0000] {logging_mixin.py:190} INFO - [2026-08-03T13:50:24.002+0000] {dag.py:4180} INFO - Setting next_dagrun for pricescope_pipeline to 2026-08-02 18:00:00+00:00, run_after=2026-08-03 06:00:00+00:00
[2026-08-03T13:50:24.025+0000] {processor.py:208} INFO - Processing /opt/airflow/dags/pricescope_pipeline.py took 0.117 seconds
[2026-08-03T13:50:54.146+0000] {processor.py:186} INFO - Started process (PID=1251) to work on /opt/airflow/dags/pricescope_pipeline.py
[2026-08-03T13:50:54.148+0000] {processor.py:914} INFO - Processing file /opt/airflow/dags/pricescope_pipeline.py for tasks to queue
[2026-08-03T13:50:54.152+0000] {logging_mixin.py:190} INFO - [2026-08-03T13:50:54.152+0000] {dagbag.py:588} INFO - Filling up the DagBag from /opt/airflow/dags/pricescope_pipeline.py
[2026-08-03T13:50:54.184+0000] {processor.py:925} INFO - DAG(s) 'pricescope_pipeline' retrieved from /opt/airflow/dags/pricescope_pipeline.py
[2026-08-03T13:50:54.222+0000] {logging_mixin.py:190} INFO - [2026-08-03T13:50:54.221+0000] {dag.py:3239} INFO - Sync 1 DAGs
[2026-08-03T13:50:54.252+0000] {logging_mixin.py:190} INFO - [2026-08-03T13:50:54.252+0000] {dag.py:4180} INFO - Setting next_dagrun for pricescope_pipeline to 2026-08-02 18:00:00+00:00, run_after=2026-08-03 06:00:00+00:00
[2026-08-03T13:50:54.271+0000] {processor.py:208} INFO - Processing /opt/airflow/dags/pricescope_pipeline.py took 0.133 seconds
[2026-08-03T13:51:24.506+0000] {processor.py:186} INFO - Started process (PID=1258) to work on /opt/airflow/dags/pricescope_pipeline.py
[2026-08-03T13:51:24.508+0000] {processor.py:914} INFO - Processing file /opt/airflow/dags/pricescope_pipeline.py for tasks to queue
[2026-08-03T13:51:24.510+0000] {logging_mixin.py:190} INFO - [2026-08-03T13:51:24.510+0000] {dagbag.py:588} INFO - Filling up the DagBag from /opt/airflow/dags/pricescope_pipeline.py
[2026-08-03T13:51:24.530+0000] {processor.py:925} INFO - DAG(s) 'pricescope_pipeline' retrieved from /opt/airflow/dags/pricescope_pipeline.py
[2026-08-03T13:51:24.549+0000] {logging_mixin.py:190} INFO - [2026-08-03T13:51:24.549+0000] {dag.py:3239} INFO - Sync 1 DAGs
[2026-08-03T13:51:24.568+0000] {logging_mixin.py:190} INFO - [2026-08-03T13:51:24.568+0000] {dag.py:4180} INFO - Setting next_dagrun for pricescope_pipeline to 2026-08-02 18:00:00+00:00, run_after=2026-08-03 06:00:00+00:00
[2026-08-03T13:51:24.589+0000] {processor.py:208} INFO - Processing /opt/airflow/dags/pricescope_pipeline.py took 0.087 seconds
[2026-08-03T13:51:54.765+0000] {processor.py:186} INFO - Started process (PID=1265) to work on /opt/airflow/dags/pricescope_pipeline.py
[2026-08-03T13:51:54.767+0000] {processor.py:914} INFO - Processing file /opt/airflow/dags/pricescope_pipeline.py for tasks to queue
[2026-08-03T13:51:54.770+0000] {logging_mixin.py:190} INFO - [2026-08-03T13:51:54.770+0000] {dagbag.py:588} INFO - Filling up the DagBag from /opt/airflow/dags/pricescope_pipeline.py
[2026-08-03T13:51:54.791+0000] {processor.py:925} INFO - DAG(s) 'pricescope_pipeline' retrieved from /opt/airflow/dags/pricescope_pipeline.py
[2026-08-03T13:51:54.813+0000] {logging_mixin.py:190} INFO - [2026-08-03T13:51:54.813+0000] {dag.py:3239} INFO - Sync 1 DAGs
[2026-08-03T13:51:54.835+0000] {logging_mixin.py:190} INFO - [2026-08-03T13:51:54.835+0000] {dag.py:4180} INFO - Setting next_dagrun for pricescope_pipeline to 2026-08-02 18:00:00+00:00, run_after=2026-08-03 06:00:00+00:00
[2026-08-03T13:51:54.851+0000] {processor.py:208} INFO - Processing /opt/airflow/dags/pricescope_pipeline.py took 0.092 seconds
[2026-08-03T13:52:25.076+0000] {processor.py:186} INFO - Started process (PID=1272) to work on /opt/airflow/dags/pricescope_pipeline.py
[2026-08-03T13:52:25.078+0000] {processor.py:914} INFO - Processing file /opt/airflow/dags/pricescope_pipeline.py for tasks to queue
[2026-08-03T13:52:25.081+0000] {logging_mixin.py:190} INFO - [2026-08-03T13:52:25.080+0000] {dagbag.py:588} INFO - Filling up the DagBag from /opt/airflow/dags/pricescope_pipeline.py
[2026-08-03T13:52:25.100+0000] {processor.py:925} INFO - DAG(s) 'pricescope_pipeline' retrieved from /opt/airflow/dags/pricescope_pipeline.py
[2026-08-03T13:52:25.122+0000] {logging_mixin.py:190} INFO - [2026-08-03T13:52:25.122+0000] {dag.py:3239} INFO - Sync 1 DAGs
[2026-08-03T13:52:25.144+0000] {logging_mixin.py:190} INFO - [2026-08-03T13:52:25.144+0000] {dag.py:4180} INFO - Setting next_dagrun for pricescope_pipeline to 2026-08-02 18:00:00+00:00, run_after=2026-08-03 06:00:00+00:00
[2026-08-03T13:52:25.164+0000] {processor.py:208} INFO - Processing /opt/airflow/dags/pricescope_pipeline.py took 0.093 seconds
[2026-08-03T13:52:55.452+0000] {processor.py:186} INFO - Started process (PID=1279) to work on /opt/airflow/dags/pricescope_pipeline.py
[2026-08-03T13:52:55.454+0000] {processor.py:914} INFO - Processing file /opt/airflow/dags/pricescope_pipeline.py for tasks to queue
[2026-08-03T13:52:55.456+0000] {logging_mixin.py:190} INFO - [2026-08-03T13:52:55.456+0000] {dagbag.py:588} INFO - Filling up the DagBag from /opt/airflow/dags/pricescope_pipeline.py
[2026-08-03T13:52:55.477+0000] {processor.py:925} INFO - DAG(s) 'pricescope_pipeline' retrieved from /opt/airflow/dags/pricescope_pipeline.py
[2026-08-03T13:52:55.497+0000] {logging_mixin.py:190} INFO - [2026-08-03T13:52:55.497+0000] {dag.py:3239} INFO - Sync 1 DAGs
[2026-08-03T13:52:55.518+0000] {logging_mixin.py:190} INFO - [2026-08-03T13:52:55.517+0000] {dag.py:4180} INFO - Setting next_dagrun for pricescope_pipeline to 2026-08-02 18:00:00+00:00, run_after=2026-08-03 06:00:00+00:00
[2026-08-03T13:52:55.537+0000] {processor.py:208} INFO - Processing /opt/airflow/dags/pricescope_pipeline.py took 0.091 seconds
[2026-08-03T13:53:25.737+0000] {processor.py:186} INFO - Started process (PID=1287) to work on /opt/airflow/dags/pricescope_pipeline.py
[2026-08-03T13:53:25.740+0000] {processor.py:914} INFO - Processing file /opt/airflow/dags/pricescope_pipeline.py for tasks to queue
[2026-08-03T13:53:25.745+0000] {logging_mixin.py:190} INFO - [2026-08-03T13:53:25.745+0000] {dagbag.py:588} INFO - Filling up the DagBag from /opt/airflow/dags/pricescope_pipeline.py
[2026-08-03T13:53:25.778+0000] {processor.py:925} INFO - DAG(s) 'pricescope_pipeline' retrieved from /opt/airflow/dags/pricescope_pipeline.py
[2026-08-03T13:53:25.813+0000] {logging_mixin.py:190} INFO - [2026-08-03T13:53:25.812+0000] {dag.py:3239} INFO - Sync 1 DAGs
[2026-08-03T13:53:25.852+0000] {logging_mixin.py:190} INFO - [2026-08-03T13:53:25.852+0000] {dag.py:4180} INFO - Setting next_dagrun for pricescope_pipeline to 2026-08-02 18:00:00+00:00, run_after=2026-08-03 06:00:00+00:00
[2026-08-03T13:53:25.894+0000] {processor.py:208} INFO - Processing /opt/airflow/dags/pricescope_pipeline.py took 0.168 seconds
[2026-08-03T13:53:56.098+0000] {processor.py:186} INFO - Started process (PID=1294) to work on /opt/airflow/dags/pricescope_pipeline.py
[2026-08-03T13:53:56.101+0000] {processor.py:914} INFO - Processing file /opt/airflow/dags/pricescope_pipeline.py for tasks to queue
[2026-08-03T13:53:56.105+0000] {logging_mixin.py:190} INFO - [2026-08-03T13:53:56.104+0000] {dagbag.py:588} INFO - Filling up the DagBag from /opt/airflow/dags/pricescope_pipeline.py
[2026-08-03T13:53:56.146+0000] {processor.py:925} INFO - DAG(s) 'pricescope_pipeline' retrieved from /opt/airflow/dags/pricescope_pipeline.py
[2026-08-03T13:53:56.179+0000] {logging_mixin.py:190} INFO - [2026-08-03T13:53:56.178+0000] {dag.py:3239} INFO - Sync 1 DAGs
[2026-08-03T13:53:56.214+0000] {logging_mixin.py:190} INFO - [2026-08-03T13:53:56.214+0000] {dag.py:4180} INFO - Setting next_dagrun for pricescope_pipeline to 2026-08-02 18:00:00+00:00, run_after=2026-08-03 06:00:00+00:00
[2026-08-03T13:53:56.245+0000] {processor.py:208} INFO - Processing /opt/airflow/dags/pricescope_pipeline.py took 0.160 seconds
[2026-08-03T13:54:26.377+0000] {processor.py:186} INFO - Started process (PID=1300) to work on /opt/airflow/dags/pricescope_pipeline.py
[2026-08-03T13:54:26.379+0000] {processor.py:914} INFO - Processing file /opt/airflow/dags/pricescope_pipeline.py for tasks to queue
[2026-08-03T13:54:26.382+0000] {logging_mixin.py:190} INFO - [2026-08-03T13:54:26.382+0000] {dagbag.py:588} INFO - Filling up the DagBag from /opt/airflow/dags/pricescope_pipeline.py
[2026-08-03T13:54:26.407+0000] {processor.py:925} INFO - DAG(s) 'pricescope_pipeline' retrieved from /opt/airflow/dags/pricescope_pipeline.py
[2026-08-03T13:54:26.429+0000] {logging_mixin.py:190} INFO - [2026-08-03T13:54:26.428+0000] {dag.py:3239} INFO - Sync 1 DAGs
[2026-08-03T13:54:26.450+0000] {logging_mixin.py:190} INFO - [2026-08-03T13:54:26.450+0000] {dag.py:4180} INFO - Setting next_dagrun for pricescope_pipeline to 2026-08-02 18:00:00+00:00, run_after=2026-08-03 06:00:00+00:00
[2026-08-03T13:54:26.468+0000] {processor.py:208} INFO - Processing /opt/airflow/dags/pricescope_pipeline.py took 0.097 seconds
[2026-08-03T13:54:56.740+0000] {processor.py:186} INFO - Started process (PID=1307) to work on /opt/airflow/dags/pricescope_pipeline.py
[2026-08-03T13:54:56.742+0000] {processor.py:914} INFO - Processing file /opt/airflow/dags/pricescope_pipeline.py for tasks to queue
[2026-08-03T13:54:56.745+0000] {logging_mixin.py:190} INFO - [2026-08-03T13:54:56.745+0000] {dagbag.py:588} INFO - Filling up the DagBag from /opt/airflow/dags/pricescope_pipeline.py
[2026-08-03T13:54:56.773+0000] {processor.py:925} INFO - DAG(s) 'pricescope_pipeline' retrieved from /opt/airflow/dags/pricescope_pipeline.py
[2026-08-03T13:54:56.794+0000] {logging_mixin.py:190} INFO - [2026-08-03T13:54:56.794+0000] {dag.py:3239} INFO - Sync 1 DAGs
[2026-08-03T13:54:56.821+0000] {logging_mixin.py:190} INFO - [2026-08-03T13:54:56.820+0000] {dag.py:4180} INFO - Setting next_dagrun for pricescope_pipeline to 2026-08-02 18:00:00+00:00, run_after=2026-08-03 06:00:00+00:00
[2026-08-03T13:54:56.841+0000] {processor.py:208} INFO - Processing /opt/airflow/dags/pricescope_pipeline.py took 0.111 seconds
[2026-08-03T13:55:27.000+0000] {processor.py:186} INFO - Started process (PID=1315) to work on /opt/airflow/dags/pricescope_pipeline.py
[2026-08-03T13:55:27.002+0000] {processor.py:914} INFO - Processing file /opt/airflow/dags/pricescope_pipeline.py for tasks to queue
[2026-08-03T13:55:27.005+0000] {logging_mixin.py:190} INFO - [2026-08-03T13:55:27.005+0000] {dagbag.py:588} INFO - Filling up the DagBag from /opt/airflow/dags/pricescope_pipeline.py
[2026-08-03T13:55:27.031+0000] {processor.py:925} INFO - DAG(s) 'pricescope_pipeline' retrieved from /opt/airflow/dags/pricescope_pipeline.py
[2026-08-03T13:55:27.051+0000] {logging_mixin.py:190} INFO - [2026-08-03T13:55:27.051+0000] {dag.py:3239} INFO - Sync 1 DAGs
[2026-08-03T13:55:27.072+0000] {logging_mixin.py:190} INFO - [2026-08-03T13:55:27.072+0000] {dag.py:4180} INFO - Setting next_dagrun for pricescope_pipeline to 2026-08-02 18:00:00+00:00, run_after=2026-08-03 06:00:00+00:00
[2026-08-03T13:55:27.089+0000] {processor.py:208} INFO - Processing /opt/airflow/dags/pricescope_pipeline.py took 0.094 seconds
[2026-08-03T13:55:57.334+0000] {processor.py:186} INFO - Started process (PID=1322) to work on /opt/airflow/dags/pricescope_pipeline.py
[2026-08-03T13:55:57.335+0000] {processor.py:914} INFO - Processing file /opt/airflow/dags/pricescope_pipeline.py for tasks to queue
[2026-08-03T13:55:57.339+0000] {logging_mixin.py:190} INFO - [2026-08-03T13:55:57.339+0000] {dagbag.py:588} INFO - Filling up the DagBag from /opt/airflow/dags/pricescope_pipeline.py
[2026-08-03T13:55:57.360+0000] {processor.py:925} INFO - DAG(s) 'pricescope_pipeline' retrieved from /opt/airflow/dags/pricescope_pipeline.py
[2026-08-03T13:55:57.378+0000] {logging_mixin.py:190} INFO - [2026-08-03T13:55:57.378+0000] {dag.py:3239} INFO - Sync 1 DAGs
[2026-08-03T13:55:57.396+0000] {logging_mixin.py:190} INFO - [2026-08-03T13:55:57.395+0000] {dag.py:4180} INFO - Setting next_dagrun for pricescope_pipeline to 2026-08-02 18:00:00+00:00, run_after=2026-08-03 06:00:00+00:00
[2026-08-03T13:55:57.409+0000] {processor.py:208} INFO - Processing /opt/airflow/dags/pricescope_pipeline.py took 0.080 seconds
[2026-08-03T13:56:27.644+0000] {processor.py:186} INFO - Started process (PID=1329) to work on /opt/airflow/dags/pricescope_pipeline.py
[2026-08-03T13:56:27.646+0000] {processor.py:914} INFO - Processing file /opt/airflow/dags/pricescope_pipeline.py for tasks to queue
[2026-08-03T13:56:27.654+0000] {logging_mixin.py:190} INFO - [2026-08-03T13:56:27.653+0000] {dagbag.py:588} INFO - Filling up the DagBag from /opt/airflow/dags/pricescope_pipeline.py
[2026-08-03T13:56:27.687+0000] {processor.py:925} INFO - DAG(s) 'pricescope_pipeline' retrieved from /opt/airflow/dags/pricescope_pipeline.py
[2026-08-03T13:56:27.719+0000] {logging_mixin.py:190} INFO - [2026-08-03T13:56:27.719+0000] {dag.py:3239} INFO - Sync 1 DAGs
[2026-08-03T13:56:27.752+0000] {logging_mixin.py:190} INFO - [2026-08-03T13:56:27.751+0000] {dag.py:4180} INFO - Setting next_dagrun for pricescope_pipeline to 2026-08-02 18:00:00+00:00, run_after=2026-08-03 06:00:00+00:00
[2026-08-03T13:56:27.779+0000] {processor.py:208} INFO - Processing /opt/airflow/dags/pricescope_pipeline.py took 0.146 seconds
[2026-08-03T13:56:57.985+0000] {processor.py:186} INFO - Started process (PID=1336) to work on /opt/airflow/dags/pricescope_pipeline.py
[2026-08-03T13:56:57.989+0000] {processor.py:914} INFO - Processing file /opt/airflow/dags/pricescope_pipeline.py for tasks to queue
[2026-08-03T13:56:57.997+0000] {logging_mixin.py:190} INFO - [2026-08-03T13:56:57.996+0000] {dagbag.py:588} INFO - Filling up the DagBag from /opt/airflow/dags/pricescope_pipeline.py
[2026-08-03T13:56:58.028+0000] {processor.py:925} INFO - DAG(s) 'pricescope_pipeline' retrieved from /opt/airflow/dags/pricescope_pipeline.py
[2026-08-03T13:56:58.066+0000] {logging_mixin.py:190} INFO - [2026-08-03T13:56:58.066+0000] {dag.py:3239} INFO - Sync 1 DAGs
[2026-08-03T13:56:58.100+0000] {logging_mixin.py:190} INFO - [2026-08-03T13:56:58.100+0000] {dag.py:4180} INFO - Setting next_dagrun for pricescope_pipeline to 2026-08-02 18:00:00+00:00, run_after=2026-08-03 06:00:00+00:00
[2026-08-03T13:56:58.134+0000] {processor.py:208} INFO - Processing /opt/airflow/dags/pricescope_pipeline.py took 0.158 seconds
[2026-08-03T13:57:28.412+0000] {processor.py:186} INFO - Started process (PID=1344) to work on /opt/airflow/dags/pricescope_pipeline.py
[2026-08-03T13:57:28.418+0000] {processor.py:914} INFO - Processing file /opt/airflow/dags/pricescope_pipeline.py for tasks to queue
[2026-08-03T13:57:28.426+0000] {logging_mixin.py:190} INFO - [2026-08-03T13:57:28.425+0000] {dagbag.py:588} INFO - Filling up the DagBag from /opt/airflow/dags/pricescope_pipeline.py
[2026-08-03T13:57:28.468+0000] {processor.py:925} INFO - DAG(s) 'pricescope_pipeline' retrieved from /opt/airflow/dags/pricescope_pipeline.py
[2026-08-03T13:57:28.507+0000] {logging_mixin.py:190} INFO - [2026-08-03T13:57:28.506+0000] {dag.py:3239} INFO - Sync 1 DAGs
[2026-08-03T13:57:28.546+0000] {logging_mixin.py:190} INFO - [2026-08-03T13:57:28.545+0000] {dag.py:4180} INFO - Setting next_dagrun for pricescope_pipeline to 2026-08-02 18:00:00+00:00, run_after=2026-08-03 06:00:00+00:00
[2026-08-03T13:57:28.580+0000] {processor.py:208} INFO - Processing /opt/airflow/dags/pricescope_pipeline.py took 0.181 seconds
[2026-08-03T13:57:58.870+0000] {processor.py:186} INFO - Started process (PID=1351) to work on /opt/airflow/dags/pricescope_pipeline.py
[2026-08-03T13:57:58.873+0000] {processor.py:914} INFO - Processing file /opt/airflow/dags/pricescope_pipeline.py for tasks to queue
[2026-08-03T13:57:58.881+0000] {logging_mixin.py:190} INFO - [2026-08-03T13:57:58.880+0000] {dagbag.py:588} INFO - Filling up the DagBag from /opt/airflow/dags/pricescope_pipeline.py
[2026-08-03T13:57:58.914+0000] {processor.py:925} INFO - DAG(s) 'pricescope_pipeline' retrieved from /opt/airflow/dags/pricescope_pipeline.py
[2026-08-03T13:57:58.946+0000] {logging_mixin.py:190} INFO - [2026-08-03T13:57:58.946+0000] {dag.py:3239} INFO - Sync 1 DAGs
[2026-08-03T13:57:58.980+0000] {logging_mixin.py:190} INFO - [2026-08-03T13:57:58.979+0000] {dag.py:4180} INFO - Setting next_dagrun for pricescope_pipeline to 2026-08-02 18:00:00+00:00, run_after=2026-08-03 06:00:00+00:00
[2026-08-03T13:57:59.009+0000] {processor.py:208} INFO - Processing /opt/airflow/dags/pricescope_pipeline.py took 0.147 seconds
[2026-08-03T13:58:29.617+0000] {processor.py:186} INFO - Started process (PID=1358) to work on /opt/airflow/dags/pricescope_pipeline.py
[2026-08-03T13:58:29.622+0000] {processor.py:914} INFO - Processing file /opt/airflow/dags/pricescope_pipeline.py for tasks to queue
[2026-08-03T13:58:29.627+0000] {logging_mixin.py:190} INFO - [2026-08-03T13:58:29.626+0000] {dagbag.py:588} INFO - Filling up the DagBag from /opt/airflow/dags/pricescope_pipeline.py
[2026-08-03T13:58:29.663+0000] {processor.py:925} INFO - DAG(s) 'pricescope_pipeline' retrieved from /opt/airflow/dags/pricescope_pipeline.py
[2026-08-03T13:58:29.693+0000] {logging_mixin.py:190} INFO - [2026-08-03T13:58:29.693+0000] {dag.py:3239} INFO - Sync 1 DAGs
[2026-08-03T13:58:29.723+0000] {logging_mixin.py:190} INFO - [2026-08-03T13:58:29.722+0000] {dag.py:4180} INFO - Setting next_dagrun for pricescope_pipeline to 2026-08-02 18:00:00+00:00, run_after=2026-08-03 06:00:00+00:00
[2026-08-03T13:58:29.752+0000] {processor.py:208} INFO - Processing /opt/airflow/dags/pricescope_pipeline.py took 0.144 seconds
[2026-08-03T13:58:59.907+0000] {processor.py:186} INFO - Started process (PID=1365) to work on /opt/airflow/dags/pricescope_pipeline.py
[2026-08-03T13:58:59.910+0000] {processor.py:914} INFO - Processing file /opt/airflow/dags/pricescope_pipeline.py for tasks to queue
[2026-08-03T13:58:59.916+0000] {logging_mixin.py:190} INFO - [2026-08-03T13:58:59.915+0000] {dagbag.py:588} INFO - Filling up the DagBag from /opt/airflow/dags/pricescope_pipeline.py
[2026-08-03T13:58:59.941+0000] {processor.py:925} INFO - DAG(s) 'pricescope_pipeline' retrieved from /opt/airflow/dags/pricescope_pipeline.py
[2026-08-03T13:58:59.973+0000] {logging_mixin.py:190} INFO - [2026-08-03T13:58:59.973+0000] {dag.py:3239} INFO - Sync 1 DAGs
[2026-08-03T13:58:59.997+0000] {logging_mixin.py:190} INFO - [2026-08-03T13:58:59.997+0000] {dag.py:4180} INFO - Setting next_dagrun for pricescope_pipeline to 2026-08-02 18:00:00+00:00, run_after=2026-08-03 06:00:00+00:00
[2026-08-03T13:59:00.027+0000] {processor.py:208} INFO - Processing /opt/airflow/dags/pricescope_pipeline.py took 0.126 seconds
[2026-08-03T13:59:30.341+0000] {processor.py:186} INFO - Started process (PID=1372) to work on /opt/airflow/dags/pricescope_pipeline.py
[2026-08-03T13:59:30.344+0000] {processor.py:914} INFO - Processing file /opt/airflow/dags/pricescope_pipeline.py for tasks to queue
[2026-08-03T13:59:30.349+0000] {logging_mixin.py:190} INFO - [2026-08-03T13:59:30.348+0000] {dagbag.py:588} INFO - Filling up the DagBag from /opt/airflow/dags/pricescope_pipeline.py
[2026-08-03T13:59:30.387+0000] {processor.py:925} INFO - DAG(s) 'pricescope_pipeline' retrieved from /opt/airflow/dags/pricescope_pipeline.py
[2026-08-03T13:59:30.425+0000] {logging_mixin.py:190} INFO - [2026-08-03T13:59:30.424+0000] {dag.py:3239} INFO - Sync 1 DAGs
[2026-08-03T13:59:30.465+0000] {logging_mixin.py:190} INFO - [2026-08-03T13:59:30.464+0000] {dag.py:4180} INFO - Setting next_dagrun for pricescope_pipeline to 2026-08-02 18:00:00+00:00, run_after=2026-08-03 06:00:00+00:00
[2026-08-03T13:59:30.503+0000] {processor.py:208} INFO - Processing /opt/airflow/dags/pricescope_pipeline.py took 0.169 seconds
[2026-08-03T14:00:00.686+0000] {processor.py:186} INFO - Started process (PID=1379) to work on /opt/airflow/dags/pricescope_pipeline.py
[2026-08-03T14:00:00.690+0000] {processor.py:914} INFO - Processing file /opt/airflow/dags/pricescope_pipeline.py for tasks to queue
[2026-08-03T14:00:00.698+0000] {logging_mixin.py:190} INFO - [2026-08-03T14:00:00.697+0000] {dagbag.py:588} INFO - Filling up the DagBag from /opt/airflow/dags/pricescope_pipeline.py
[2026-08-03T14:00:00.753+0000] {processor.py:925} INFO - DAG(s) 'pricescope_pipeline' retrieved from /opt/airflow/dags/pricescope_pipeline.py
[2026-08-03T14:00:00.811+0000] {logging_mixin.py:190} INFO - [2026-08-03T14:00:00.810+0000] {dag.py:3239} INFO - Sync 1 DAGs
[2026-08-03T14:00:00.865+0000] {logging_mixin.py:190} INFO - [2026-08-03T14:00:00.865+0000] {dag.py:4180} INFO - Setting next_dagrun for pricescope_pipeline to 2026-08-02 18:00:00+00:00, run_after=2026-08-03 06:00:00+00:00
[2026-08-03T14:00:00.907+0000] {processor.py:208} INFO - Processing /opt/airflow/dags/pricescope_pipeline.py took 0.232 seconds
[2026-08-03T14:00:31.097+0000] {processor.py:186} INFO - Started process (PID=1386) to work on /opt/airflow/dags/pricescope_pipeline.py
[2026-08-03T14:00:31.100+0000] {processor.py:914} INFO - Processing file /opt/airflow/dags/pricescope_pipeline.py for tasks to queue
[2026-08-03T14:00:31.106+0000] {logging_mixin.py:190} INFO - [2026-08-03T14:00:31.106+0000] {dagbag.py:588} INFO - Filling up the DagBag from /opt/airflow/dags/pricescope_pipeline.py
[2026-08-03T14:00:31.138+0000] {processor.py:925} INFO - DAG(s) 'pricescope_pipeline' retrieved from /opt/airflow/dags/pricescope_pipeline.py
[2026-08-03T14:00:31.182+0000] {logging_mixin.py:190} INFO - [2026-08-03T14:00:31.181+0000] {dag.py:3239} INFO - Sync 1 DAGs
[2026-08-03T14:00:31.224+0000] {logging_mixin.py:190} INFO - [2026-08-03T14:00:31.224+0000] {dag.py:4180} INFO - Setting next_dagrun for pricescope_pipeline to 2026-08-02 18:00:00+00:00, run_after=2026-08-03 06:00:00+00:00
[2026-08-03T14:00:31.259+0000] {processor.py:208} INFO - Processing /opt/airflow/dags/pricescope_pipeline.py took 0.170 seconds
[2026-08-03T14:01:01.615+0000] {processor.py:186} INFO - Started process (PID=1393) to work on /opt/airflow/dags/pricescope_pipeline.py
[2026-08-03T14:01:01.620+0000] {processor.py:914} INFO - Processing file /opt/airflow/dags/pricescope_pipeline.py for tasks to queue
[2026-08-03T14:01:01.637+0000] {logging_mixin.py:190} INFO - [2026-08-03T14:01:01.635+0000] {dagbag.py:588} INFO - Filling up the DagBag from /opt/airflow/dags/pricescope_pipeline.py
[2026-08-03T14:01:01.755+0000] {processor.py:925} INFO - DAG(s) 'pricescope_pipeline' retrieved from /opt/airflow/dags/pricescope_pipeline.py
[2026-08-03T14:01:01.857+0000] {logging_mixin.py:190} INFO - [2026-08-03T14:01:01.857+0000] {dag.py:3239} INFO - Sync 1 DAGs
[2026-08-03T14:01:01.956+0000] {logging_mixin.py:190} INFO - [2026-08-03T14:01:01.956+0000] {dag.py:4180} INFO - Setting next_dagrun for pricescope_pipeline to 2026-08-02 18:00:00+00:00, run_after=2026-08-03 06:00:00+00:00
[2026-08-03T14:01:02.057+0000] {processor.py:208} INFO - Processing /opt/airflow/dags/pricescope_pipeline.py took 0.481 seconds
[2026-08-03T14:01:32.468+0000] {processor.py:186} INFO - Started process (PID=1400) to work on /opt/airflow/dags/pricescope_pipeline.py
[2026-08-03T14:01:32.471+0000] {processor.py:914} INFO - Processing file /opt/airflow/dags/pricescope_pipeline.py for tasks to queue
[2026-08-03T14:01:32.477+0000] {logging_mixin.py:190} INFO - [2026-08-03T14:01:32.477+0000] {dagbag.py:588} INFO - Filling up the DagBag from /opt/airflow/dags/pricescope_pipeline.py
[2026-08-03T14:01:32.516+0000] {processor.py:925} INFO - DAG(s) 'pricescope_pipeline' retrieved from /opt/airflow/dags/pricescope_pipeline.py
[2026-08-03T14:01:32.558+0000] {logging_mixin.py:190} INFO - [2026-08-03T14:01:32.557+0000] {dag.py:3239} INFO - Sync 1 DAGs
[2026-08-03T14:01:32.602+0000] {logging_mixin.py:190} INFO - [2026-08-03T14:01:32.601+0000] {dag.py:4180} INFO - Setting next_dagrun for pricescope_pipeline to 2026-08-02 18:00:00+00:00, run_after=2026-08-03 06:00:00+00:00
[2026-08-03T14:01:32.649+0000] {processor.py:208} INFO - Processing /opt/airflow/dags/pricescope_pipeline.py took 0.193 seconds
[2026-08-03T14:02:02.839+0000] {processor.py:186} INFO - Started process (PID=1407) to work on /opt/airflow/dags/pricescope_pipeline.py
[2026-08-03T14:02:02.846+0000] {processor.py:914} INFO - Processing file /opt/airflow/dags/pricescope_pipeline.py for tasks to queue
[2026-08-03T14:02:02.854+0000] {logging_mixin.py:190} INFO - [2026-08-03T14:02:02.853+0000] {dagbag.py:588} INFO - Filling up the DagBag from /opt/airflow/dags/pricescope_pipeline.py
[2026-08-03T14:02:02.935+0000] {processor.py:925} INFO - DAG(s) 'pricescope_pipeline' retrieved from /opt/airflow/dags/pricescope_pipeline.py
[2026-08-03T14:02:03.014+0000] {logging_mixin.py:190} INFO - [2026-08-03T14:02:03.013+0000] {dag.py:3239} INFO - Sync 1 DAGs
[2026-08-03T14:02:03.075+0000] {logging_mixin.py:190} INFO - [2026-08-03T14:02:03.075+0000] {dag.py:4180} INFO - Setting next_dagrun for pricescope_pipeline to 2026-08-02 18:00:00+00:00, run_after=2026-08-03 06:00:00+00:00
[2026-08-03T14:02:03.125+0000] {processor.py:208} INFO - Processing /opt/airflow/dags/pricescope_pipeline.py took 0.312 seconds
[2026-08-03T14:02:33.299+0000] {processor.py:186} INFO - Started process (PID=1414) to work on /opt/airflow/dags/pricescope_pipeline.py
[2026-08-03T14:02:33.303+0000] {processor.py:914} INFO - Processing file /opt/airflow/dags/pricescope_pipeline.py for tasks to queue
[2026-08-03T14:02:33.308+0000] {logging_mixin.py:190} INFO - [2026-08-03T14:02:33.307+0000] {dagbag.py:588} INFO - Filling up the DagBag from /opt/airflow/dags/pricescope_pipeline.py
[2026-08-03T14:02:33.352+0000] {processor.py:925} INFO - DAG(s) 'pricescope_pipeline' retrieved from /opt/airflow/dags/pricescope_pipeline.py
[2026-08-03T14:02:33.400+0000] {logging_mixin.py:190} INFO - [2026-08-03T14:02:33.399+0000] {dag.py:3239} INFO - Sync 1 DAGs
[2026-08-03T14:02:33.450+0000] {logging_mixin.py:190} INFO - [2026-08-03T14:02:33.449+0000] {dag.py:4180} INFO - Setting next_dagrun for pricescope_pipeline to 2026-08-02 18:00:00+00:00, run_after=2026-08-03 06:00:00+00:00
[2026-08-03T14:02:33.489+0000] {processor.py:208} INFO - Processing /opt/airflow/dags/pricescope_pipeline.py took 0.203 seconds
[2026-08-03T14:03:03.768+0000] {processor.py:186} INFO - Started process (PID=1421) to work on /opt/airflow/dags/pricescope_pipeline.py
[2026-08-03T14:03:03.771+0000] {processor.py:914} INFO - Processing file /opt/airflow/dags/pricescope_pipeline.py for tasks to queue
[2026-08-03T14:03:03.777+0000] {logging_mixin.py:190} INFO - [2026-08-03T14:03:03.776+0000] {dagbag.py:588} INFO - Filling up the DagBag from /opt/airflow/dags/pricescope_pipeline.py
[2026-08-03T14:03:03.818+0000] {processor.py:925} INFO - DAG(s) 'pricescope_pipeline' retrieved from /opt/airflow/dags/pricescope_pipeline.py
[2026-08-03T14:03:03.854+0000] {logging_mixin.py:190} INFO - [2026-08-03T14:03:03.854+0000] {dag.py:3239} INFO - Sync 1 DAGs
[2026-08-03T14:03:03.892+0000] {logging_mixin.py:190} INFO - [2026-08-03T14:03:03.892+0000] {dag.py:4180} INFO - Setting next_dagrun for pricescope_pipeline to 2026-08-02 18:00:00+00:00, run_after=2026-08-03 06:00:00+00:00
[2026-08-03T14:03:03.926+0000] {processor.py:208} INFO - Processing /opt/airflow/dags/pricescope_pipeline.py took 0.172 seconds
[2026-08-03T14:03:34.136+0000] {processor.py:186} INFO - Started process (PID=1428) to work on /opt/airflow/dags/pricescope_pipeline.py
[2026-08-03T14:03:34.140+0000] {processor.py:914} INFO - Processing file /opt/airflow/dags/pricescope_pipeline.py for tasks to queue
[2026-08-03T14:03:34.156+0000] {logging_mixin.py:190} INFO - [2026-08-03T14:03:34.156+0000] {dagbag.py:588} INFO - Filling up the DagBag from /opt/airflow/dags/pricescope_pipeline.py
[2026-08-03T14:03:34.204+0000] {processor.py:925} INFO - DAG(s) 'pricescope_pipeline' retrieved from /opt/airflow/dags/pricescope_pipeline.py
[2026-08-03T14:03:34.255+0000] {logging_mixin.py:190} INFO - [2026-08-03T14:03:34.254+0000] {dag.py:3239} INFO - Sync 1 DAGs
[2026-08-03T14:03:34.305+0000] {logging_mixin.py:190} INFO - [2026-08-03T14:03:34.305+0000] {dag.py:4180} INFO - Setting next_dagrun for pricescope_pipeline to 2026-08-02 18:00:00+00:00, run_after=2026-08-03 06:00:00+00:00
[2026-08-03T14:03:34.359+0000] {processor.py:208} INFO - Processing /opt/airflow/dags/pricescope_pipeline.py took 0.235 seconds
[2026-08-03T14:04:04.590+0000] {processor.py:186} INFO - Started process (PID=1435) to work on /opt/airflow/dags/pricescope_pipeline.py
[2026-08-03T14:04:04.593+0000] {processor.py:914} INFO - Processing file /opt/airflow/dags/pricescope_pipeline.py for tasks to queue
[2026-08-03T14:04:04.601+0000] {logging_mixin.py:190} INFO - [2026-08-03T14:04:04.600+0000] {dagbag.py:588} INFO - Filling up the DagBag from /opt/airflow/dags/pricescope_pipeline.py
[2026-08-03T14:04:04.636+0000] {processor.py:925} INFO - DAG(s) 'pricescope_pipeline' retrieved from /opt/airflow/dags/pricescope_pipeline.py
[2026-08-03T14:04:04.678+0000] {logging_mixin.py:190} INFO - [2026-08-03T14:04:04.677+0000] {dag.py:3239} INFO - Sync 1 DAGs
[2026-08-03T14:04:04.715+0000] {logging_mixin.py:190} INFO - [2026-08-03T14:04:04.715+0000] {dag.py:4180} INFO - Setting next_dagrun for pricescope_pipeline to 2026-08-02 18:00:00+00:00, run_after=2026-08-03 06:00:00+00:00
[2026-08-03T14:04:04.840+0000] {processor.py:208} INFO - Processing /opt/airflow/dags/pricescope_pipeline.py took 0.264 seconds
[2026-08-03T14:04:35.067+0000] {processor.py:186} INFO - Started process (PID=1442) to work on /opt/airflow/dags/pricescope_pipeline.py
[2026-08-03T14:04:35.070+0000] {processor.py:914} INFO - Processing file /opt/airflow/dags/pricescope_pipeline.py for tasks to queue
[2026-08-03T14:04:35.077+0000] {logging_mixin.py:190} INFO - [2026-08-03T14:04:35.076+0000] {dagbag.py:588} INFO - Filling up the DagBag from /opt/airflow/dags/pricescope_pipeline.py
[2026-08-03T14:04:35.130+0000] {processor.py:925} INFO - DAG(s) 'pricescope_pipeline' retrieved from /opt/airflow/dags/pricescope_pipeline.py
[2026-08-03T14:04:35.181+0000] {logging_mixin.py:190} INFO - [2026-08-03T14:04:35.181+0000] {dag.py:3239} INFO - Sync 1 DAGs
[2026-08-03T14:04:35.237+0000] {logging_mixin.py:190} INFO - [2026-08-03T14:04:35.236+0000] {dag.py:4180} INFO - Setting next_dagrun for pricescope_pipeline to 2026-08-02 18:00:00+00:00, run_after=2026-08-03 06:00:00+00:00
[2026-08-03T14:04:35.284+0000] {processor.py:208} INFO - Processing /opt/airflow/dags/pricescope_pipeline.py took 0.228 seconds
[2026-08-03T14:05:05.597+0000] {processor.py:186} INFO - Started process (PID=1449) to work on /opt/airflow/dags/pricescope_pipeline.py
[2026-08-03T14:05:05.600+0000] {processor.py:914} INFO - Processing file /opt/airflow/dags/pricescope_pipeline.py for tasks to queue
[2026-08-03T14:05:05.605+0000] {logging_mixin.py:190} INFO - [2026-08-03T14:05:05.604+0000] {dagbag.py:588} INFO - Filling up the DagBag from /opt/airflow/dags/pricescope_pipeline.py
[2026-08-03T14:05:05.644+0000] {processor.py:925} INFO - DAG(s) 'pricescope_pipeline' retrieved from /opt/airflow/dags/pricescope_pipeline.py
[2026-08-03T14:05:05.680+0000] {logging_mixin.py:190} INFO - [2026-08-03T14:05:05.679+0000] {dag.py:3239} INFO - Sync 1 DAGs
[2026-08-03T14:05:05.719+0000] {logging_mixin.py:190} INFO - [2026-08-03T14:05:05.718+0000] {dag.py:4180} INFO - Setting next_dagrun for pricescope_pipeline to 2026-08-02 18:00:00+00:00, run_after=2026-08-03 06:00:00+00:00
[2026-08-03T14:05:05.752+0000] {processor.py:208} INFO - Processing /opt/airflow/dags/pricescope_pipeline.py took 0.162 seconds
[2026-08-03T14:05:35.958+0000] {processor.py:186} INFO - Started process (PID=1457) to work on /opt/airflow/dags/pricescope_pipeline.py
[2026-08-03T14:05:35.960+0000] {processor.py:914} INFO - Processing file /opt/airflow/dags/pricescope_pipeline.py for tasks to queue
[2026-08-03T14:05:35.964+0000] {logging_mixin.py:190} INFO - [2026-08-03T14:05:35.964+0000] {dagbag.py:588} INFO - Filling up the DagBag from /opt/airflow/dags/pricescope_pipeline.py
[2026-08-03T14:05:35.997+0000] {processor.py:925} INFO - DAG(s) 'pricescope_pipeline' retrieved from /opt/airflow/dags/pricescope_pipeline.py
[2026-08-03T14:05:36.032+0000] {logging_mixin.py:190} INFO - [2026-08-03T14:05:36.031+0000] {dag.py:3239} INFO - Sync 1 DAGs
[2026-08-03T14:05:36.064+0000] {logging_mixin.py:190} INFO - [2026-08-03T14:05:36.064+0000] {dag.py:4180} INFO - Setting next_dagrun for pricescope_pipeline to 2026-08-02 18:00:00+00:00, run_after=2026-08-03 06:00:00+00:00
[2026-08-03T14:05:36.092+0000] {processor.py:208} INFO - Processing /opt/airflow/dags/pricescope_pipeline.py took 0.143 seconds
[2026-08-03T14:06:06.496+0000] {processor.py:186} INFO - Started process (PID=1464) to work on /opt/airflow/dags/pricescope_pipeline.py
[2026-08-03T14:06:06.503+0000] {processor.py:914} INFO - Processing file /opt/airflow/dags/pricescope_pipeline.py for tasks to queue
[2026-08-03T14:06:06.512+0000] {logging_mixin.py:190} INFO - [2026-08-03T14:06:06.511+0000] {dagbag.py:588} INFO - Filling up the DagBag from /opt/airflow/dags/pricescope_pipeline.py
[2026-08-03T14:06:06.570+0000] {processor.py:925} INFO - DAG(s) 'pricescope_pipeline' retrieved from /opt/airflow/dags/pricescope_pipeline.py
[2026-08-03T14:06:06.653+0000] {logging_mixin.py:190} INFO - [2026-08-03T14:06:06.652+0000] {dag.py:3239} INFO - Sync 1 DAGs
[2026-08-03T14:06:06.722+0000] {logging_mixin.py:190} INFO - [2026-08-03T14:06:06.721+0000] {dag.py:4180} INFO - Setting next_dagrun for pricescope_pipeline to 2026-08-02 18:00:00+00:00, run_after=2026-08-03 06:00:00+00:00
[2026-08-03T14:06:06.786+0000] {processor.py:208} INFO - Processing /opt/airflow/dags/pricescope_pipeline.py took 0.313 seconds
[2026-08-03T14:06:37.127+0000] {processor.py:186} INFO - Started process (PID=1471) to work on /opt/airflow/dags/pricescope_pipeline.py
[2026-08-03T14:06:37.131+0000] {processor.py:914} INFO - Processing file /opt/airflow/dags/pricescope_pipeline.py for tasks to queue
[2026-08-03T14:06:37.141+0000] {logging_mixin.py:190} INFO - [2026-08-03T14:06:37.140+0000] {dagbag.py:588} INFO - Filling up the DagBag from /opt/airflow/dags/pricescope_pipeline.py
[2026-08-03T14:06:37.186+0000] {processor.py:925} INFO - DAG(s) 'pricescope_pipeline' retrieved from /opt/airflow/dags/pricescope_pipeline.py
[2026-08-03T14:06:37.221+0000] {logging_mixin.py:190} INFO - [2026-08-03T14:06:37.220+0000] {dag.py:3239} INFO - Sync 1 DAGs
[2026-08-03T14:06:37.263+0000] {logging_mixin.py:190} INFO - [2026-08-03T14:06:37.262+0000] {dag.py:4180} INFO - Setting next_dagrun for pricescope_pipeline to 2026-08-02 18:00:00+00:00, run_after=2026-08-03 06:00:00+00:00
[2026-08-03T14:06:37.302+0000] {processor.py:208} INFO - Processing /opt/airflow/dags/pricescope_pipeline.py took 0.184 seconds
[2026-08-03T14:07:07.389+0000] {processor.py:186} INFO - Started process (PID=1478) to work on /opt/airflow/dags/pricescope_pipeline.py
[2026-08-03T14:07:07.391+0000] {processor.py:914} INFO - Processing file /opt/airflow/dags/pricescope_pipeline.py for tasks to queue
[2026-08-03T14:07:07.397+0000] {logging_mixin.py:190} INFO - [2026-08-03T14:07:07.396+0000] {dagbag.py:588} INFO - Filling up the DagBag from /opt/airflow/dags/pricescope_pipeline.py
[2026-08-03T14:07:07.427+0000] {processor.py:925} INFO - DAG(s) 'pricescope_pipeline' retrieved from /opt/airflow/dags/pricescope_pipeline.py
[2026-08-03T14:07:07.453+0000] {logging_mixin.py:190} INFO - [2026-08-03T14:07:07.453+0000] {dag.py:3239} INFO - Sync 1 DAGs
[2026-08-03T14:07:07.479+0000] {logging_mixin.py:190} INFO - [2026-08-03T14:07:07.479+0000] {dag.py:4180} INFO - Setting next_dagrun for pricescope_pipeline to 2026-08-02 18:00:00+00:00, run_after=2026-08-03 06:00:00+00:00
[2026-08-03T14:07:07.505+0000] {processor.py:208} INFO - Processing /opt/airflow/dags/pricescope_pipeline.py took 0.123 seconds
[2026-08-03T14:07:37.695+0000] {processor.py:186} INFO - Started process (PID=1485) to work on /opt/airflow/dags/pricescope_pipeline.py
[2026-08-03T14:07:37.697+0000] {processor.py:914} INFO - Processing file /opt/airflow/dags/pricescope_pipeline.py for tasks to queue
[2026-08-03T14:07:37.704+0000] {logging_mixin.py:190} INFO - [2026-08-03T14:07:37.703+0000] {dagbag.py:588} INFO - Filling up the DagBag from /opt/airflow/dags/pricescope_pipeline.py
[2026-08-03T14:07:37.733+0000] {processor.py:925} INFO - DAG(s) 'pricescope_pipeline' retrieved from /opt/airflow/dags/pricescope_pipeline.py
[2026-08-03T14:07:37.765+0000] {logging_mixin.py:190} INFO - [2026-08-03T14:07:37.765+0000] {dag.py:3239} INFO - Sync 1 DAGs
[2026-08-03T14:07:37.794+0000] {logging_mixin.py:190} INFO - [2026-08-03T14:07:37.794+0000] {dag.py:4180} INFO - Setting next_dagrun for pricescope_pipeline to 2026-08-02 18:00:00+00:00, run_after=2026-08-03 06:00:00+00:00
[2026-08-03T14:07:37.823+0000] {processor.py:208} INFO - Processing /opt/airflow/dags/pricescope_pipeline.py took 0.136 seconds
[2026-08-03T14:08:08.163+0000] {processor.py:186} INFO - Started process (PID=1492) to work on /opt/airflow/dags/pricescope_pipeline.py
[2026-08-03T14:08:08.166+0000] {processor.py:914} INFO - Processing file /opt/airflow/dags/pricescope_pipeline.py for tasks to queue
[2026-08-03T14:08:08.171+0000] {logging_mixin.py:190} INFO - [2026-08-03T14:08:08.171+0000] {dagbag.py:588} INFO - Filling up the DagBag from /opt/airflow/dags/pricescope_pipeline.py
[2026-08-03T14:08:08.203+0000] {processor.py:925} INFO - DAG(s) 'pricescope_pipeline' retrieved from /opt/airflow/dags/pricescope_pipeline.py
[2026-08-03T14:08:08.237+0000] {logging_mixin.py:190} INFO - [2026-08-03T14:08:08.237+0000] {dag.py:3239} INFO - Sync 1 DAGs
[2026-08-03T14:08:08.272+0000] {logging_mixin.py:190} INFO - [2026-08-03T14:08:08.271+0000] {dag.py:4180} INFO - Setting next_dagrun for pricescope_pipeline to 2026-08-02 18:00:00+00:00, run_after=2026-08-03 06:00:00+00:00
[2026-08-03T14:08:08.300+0000] {processor.py:208} INFO - Processing /opt/airflow/dags/pricescope_pipeline.py took 0.147 seconds
[2026-08-03T14:08:38.479+0000] {processor.py:186} INFO - Started process (PID=1499) to work on /opt/airflow/dags/pricescope_pipeline.py
[2026-08-03T14:08:38.482+0000] {processor.py:914} INFO - Processing file /opt/airflow/dags/pricescope_pipeline.py for tasks to queue
[2026-08-03T14:08:38.489+0000] {logging_mixin.py:190} INFO - [2026-08-03T14:08:38.488+0000] {dagbag.py:588} INFO - Filling up the DagBag from /opt/airflow/dags/pricescope_pipeline.py
[2026-08-03T14:08:38.519+0000] {processor.py:925} INFO - DAG(s) 'pricescope_pipeline' retrieved from /opt/airflow/dags/pricescope_pipeline.py
[2026-08-03T14:08:38.549+0000] {logging_mixin.py:190} INFO - [2026-08-03T14:08:38.548+0000] {dag.py:3239} INFO - Sync 1 DAGs
[2026-08-03T14:08:38.579+0000] {logging_mixin.py:190} INFO - [2026-08-03T14:08:38.579+0000] {dag.py:4180} INFO - Setting next_dagrun for pricescope_pipeline to 2026-08-02 18:00:00+00:00, run_after=2026-08-03 06:00:00+00:00
[2026-08-03T14:08:38.606+0000] {processor.py:208} INFO - Processing /opt/airflow/dags/pricescope_pipeline.py took 0.134 seconds
[2026-08-03T14:09:08.894+0000] {processor.py:186} INFO - Started process (PID=1506) to work on /opt/airflow/dags/pricescope_pipeline.py
[2026-08-03T14:09:08.897+0000] {processor.py:914} INFO - Processing file /opt/airflow/dags/pricescope_pipeline.py for tasks to queue
[2026-08-03T14:09:08.902+0000] {logging_mixin.py:190} INFO - [2026-08-03T14:09:08.902+0000] {dagbag.py:588} INFO - Filling up the DagBag from /opt/airflow/dags/pricescope_pipeline.py
[2026-08-03T14:09:08.933+0000] {processor.py:925} INFO - DAG(s) 'pricescope_pipeline' retrieved from /opt/airflow/dags/pricescope_pipeline.py
[2026-08-03T14:09:08.961+0000] {logging_mixin.py:190} INFO - [2026-08-03T14:09:08.961+0000] {dag.py:3239} INFO - Sync 1 DAGs
[2026-08-03T14:09:08.995+0000] {logging_mixin.py:190} INFO - [2026-08-03T14:09:08.994+0000] {dag.py:4180} INFO - Setting next_dagrun for pricescope_pipeline to 2026-08-02 18:00:00+00:00, run_after=2026-08-03 06:00:00+00:00
[2026-08-03T14:09:09.025+0000] {processor.py:208} INFO - Processing /opt/airflow/dags/pricescope_pipeline.py took 0.137 seconds
[2026-08-03T14:09:39.239+0000] {processor.py:186} INFO - Started process (PID=1513) to work on /opt/airflow/dags/pricescope_pipeline.py
[2026-08-03T14:09:39.242+0000] {processor.py:914} INFO - Processing file /opt/airflow/dags/pricescope_pipeline.py for tasks to queue
[2026-08-03T14:09:39.248+0000] {logging_mixin.py:190} INFO - [2026-08-03T14:09:39.248+0000] {dagbag.py:588} INFO - Filling up the DagBag from /opt/airflow/dags/pricescope_pipeline.py
[2026-08-03T14:09:39.286+0000] {processor.py:925} INFO - DAG(s) 'pricescope_pipeline' retrieved from /opt/airflow/dags/pricescope_pipeline.py
[2026-08-03T14:09:39.326+0000] {logging_mixin.py:190} INFO - [2026-08-03T14:09:39.325+0000] {dag.py:3239} INFO - Sync 1 DAGs
[2026-08-03T14:09:39.377+0000] {logging_mixin.py:190} INFO - [2026-08-03T14:09:39.376+0000] {dag.py:4180} INFO - Setting next_dagrun for pricescope_pipeline to 2026-08-02 18:00:00+00:00, run_after=2026-08-03 06:00:00+00:00
[2026-08-03T14:09:39.417+0000] {processor.py:208} INFO - Processing /opt/airflow/dags/pricescope_pipeline.py took 0.193 seconds
[2026-08-03T14:10:09.660+0000] {processor.py:186} INFO - Started process (PID=1520) to work on /opt/airflow/dags/pricescope_pipeline.py
[2026-08-03T14:10:09.662+0000] {processor.py:914} INFO - Processing file /opt/airflow/dags/pricescope_pipeline.py for tasks to queue
[2026-08-03T14:10:09.668+0000] {logging_mixin.py:190} INFO - [2026-08-03T14:10:09.667+0000] {dagbag.py:588} INFO - Filling up the DagBag from /opt/airflow/dags/pricescope_pipeline.py
[2026-08-03T14:10:09.709+0000] {processor.py:925} INFO - DAG(s) 'pricescope_pipeline' retrieved from /opt/airflow/dags/pricescope_pipeline.py
[2026-08-03T14:10:09.746+0000] {logging_mixin.py:190} INFO - [2026-08-03T14:10:09.746+0000] {dag.py:3239} INFO - Sync 1 DAGs
[2026-08-03T14:10:09.780+0000] {logging_mixin.py:190} INFO - [2026-08-03T14:10:09.780+0000] {dag.py:4180} INFO - Setting next_dagrun for pricescope_pipeline to 2026-08-02 18:00:00+00:00, run_after=2026-08-03 06:00:00+00:00
[2026-08-03T14:10:09.821+0000] {processor.py:208} INFO - Processing /opt/airflow/dags/pricescope_pipeline.py took 0.168 seconds
[2026-08-03T14:10:40.071+0000] {processor.py:186} INFO - Started process (PID=1527) to work on /opt/airflow/dags/pricescope_pipeline.py
[2026-08-03T14:10:40.074+0000] {processor.py:914} INFO - Processing file /opt/airflow/dags/pricescope_pipeline.py for tasks to queue
[2026-08-03T14:10:40.079+0000] {logging_mixin.py:190} INFO - [2026-08-03T14:10:40.079+0000] {dagbag.py:588} INFO - Filling up the DagBag from /opt/airflow/dags/pricescope_pipeline.py
[2026-08-03T14:10:40.108+0000] {processor.py:925} INFO - DAG(s) 'pricescope_pipeline' retrieved from /opt/airflow/dags/pricescope_pipeline.py
[2026-08-03T14:10:40.142+0000] {logging_mixin.py:190} INFO - [2026-08-03T14:10:40.141+0000] {dag.py:3239} INFO - Sync 1 DAGs
[2026-08-03T14:10:40.179+0000] {logging_mixin.py:190} INFO - [2026-08-03T14:10:40.178+0000] {dag.py:4180} INFO - Setting next_dagrun for pricescope_pipeline to 2026-08-02 18:00:00+00:00, run_after=2026-08-03 06:00:00+00:00
[2026-08-03T14:10:40.213+0000] {processor.py:208} INFO - Processing /opt/airflow/dags/pricescope_pipeline.py took 0.150 seconds
[2026-08-03T14:11:10.778+0000] {processor.py:186} INFO - Started process (PID=1534) to work on /opt/airflow/dags/pricescope_pipeline.py
[2026-08-03T14:11:10.781+0000] {processor.py:914} INFO - Processing file /opt/airflow/dags/pricescope_pipeline.py for tasks to queue
[2026-08-03T14:11:10.786+0000] {logging_mixin.py:190} INFO - [2026-08-03T14:11:10.786+0000] {dagbag.py:588} INFO - Filling up the DagBag from /opt/airflow/dags/pricescope_pipeline.py
[2026-08-03T14:11:10.826+0000] {processor.py:925} INFO - DAG(s) 'pricescope_pipeline' retrieved from /opt/airflow/dags/pricescope_pipeline.py
[2026-08-03T14:11:10.864+0000] {logging_mixin.py:190} INFO - [2026-08-03T14:11:10.863+0000] {dag.py:3239} INFO - Sync 1 DAGs
[2026-08-03T14:11:10.899+0000] {logging_mixin.py:190} INFO - [2026-08-03T14:11:10.898+0000] {dag.py:4180} INFO - Setting next_dagrun for pricescope_pipeline to 2026-08-02 18:00:00+00:00, run_after=2026-08-03 06:00:00+00:00
[2026-08-03T14:11:10.932+0000] {processor.py:208} INFO - Processing /opt/airflow/dags/pricescope_pipeline.py took 0.163 seconds
[2026-08-03T14:11:41.110+0000] {processor.py:186} INFO - Started process (PID=1541) to work on /opt/airflow/dags/pricescope_pipeline.py
[2026-08-03T14:11:41.112+0000] {processor.py:914} INFO - Processing file /opt/airflow/dags/pricescope_pipeline.py for tasks to queue
[2026-08-03T14:11:41.119+0000] {logging_mixin.py:190} INFO - [2026-08-03T14:11:41.118+0000] {dagbag.py:588} INFO - Filling up the DagBag from /opt/airflow/dags/pricescope_pipeline.py
[2026-08-03T14:11:41.176+0000] {processor.py:925} INFO - DAG(s) 'pricescope_pipeline' retrieved from /opt/airflow/dags/pricescope_pipeline.py
[2026-08-03T14:11:41.236+0000] {logging_mixin.py:190} INFO - [2026-08-03T14:11:41.235+0000] {dag.py:3239} INFO - Sync 1 DAGs
[2026-08-03T14:11:41.291+0000] {logging_mixin.py:190} INFO - [2026-08-03T14:11:41.290+0000] {dag.py:4180} INFO - Setting next_dagrun for pricescope_pipeline to 2026-08-02 18:00:00+00:00, run_after=2026-08-03 06:00:00+00:00
[2026-08-03T14:11:41.327+0000] {processor.py:208} INFO - Processing /opt/airflow/dags/pricescope_pipeline.py took 0.233 seconds
[2026-08-03T14:12:11.568+0000] {processor.py:186} INFO - Started process (PID=1548) to work on /opt/airflow/dags/pricescope_pipeline.py
[2026-08-03T14:12:11.571+0000] {processor.py:914} INFO - Processing file /opt/airflow/dags/pricescope_pipeline.py for tasks to queue
[2026-08-03T14:12:11.580+0000] {logging_mixin.py:190} INFO - [2026-08-03T14:12:11.579+0000] {dagbag.py:588} INFO - Filling up the DagBag from /opt/airflow/dags/pricescope_pipeline.py
[2026-08-03T14:12:11.623+0000] {processor.py:925} INFO - DAG(s) 'pricescope_pipeline' retrieved from /opt/airflow/dags/pricescope_pipeline.py
[2026-08-03T14:12:11.660+0000] {logging_mixin.py:190} INFO - [2026-08-03T14:12:11.660+0000] {dag.py:3239} INFO - Sync 1 DAGs
[2026-08-03T14:12:11.706+0000] {logging_mixin.py:190} INFO - [2026-08-03T14:12:11.705+0000] {dag.py:4180} INFO - Setting next_dagrun for pricescope_pipeline to 2026-08-02 18:00:00+00:00, run_after=2026-08-03 06:00:00+00:00
[2026-08-03T14:12:11.750+0000] {processor.py:208} INFO - Processing /opt/airflow/dags/pricescope_pipeline.py took 0.194 seconds
[2026-08-03T14:12:41.936+0000] {processor.py:186} INFO - Started process (PID=1555) to work on /opt/airflow/dags/pricescope_pipeline.py
[2026-08-03T14:12:41.939+0000] {processor.py:914} INFO - Processing file /opt/airflow/dags/pricescope_pipeline.py for tasks to queue
[2026-08-03T14:12:41.945+0000] {logging_mixin.py:190} INFO - [2026-08-03T14:12:41.943+0000] {dagbag.py:588} INFO - Filling up the DagBag from /opt/airflow/dags/pricescope_pipeline.py
[2026-08-03T14:12:41.987+0000] {processor.py:925} INFO - DAG(s) 'pricescope_pipeline' retrieved from /opt/airflow/dags/pricescope_pipeline.py
[2026-08-03T14:12:42.042+0000] {logging_mixin.py:190} INFO - [2026-08-03T14:12:42.042+0000] {dag.py:3239} INFO - Sync 1 DAGs
[2026-08-03T14:12:42.090+0000] {logging_mixin.py:190} INFO - [2026-08-03T14:12:42.090+0000] {dag.py:4180} INFO - Setting next_dagrun for pricescope_pipeline to 2026-08-02 18:00:00+00:00, run_after=2026-08-03 06:00:00+00:00
[2026-08-03T14:12:42.122+0000] {processor.py:208} INFO - Processing /opt/airflow/dags/pricescope_pipeline.py took 0.194 seconds
[2026-08-03T14:13:12.498+0000] {processor.py:186} INFO - Started process (PID=1562) to work on /opt/airflow/dags/pricescope_pipeline.py
[2026-08-03T14:13:12.501+0000] {processor.py:914} INFO - Processing file /opt/airflow/dags/pricescope_pipeline.py for tasks to queue
[2026-08-03T14:13:12.507+0000] {logging_mixin.py:190} INFO - [2026-08-03T14:13:12.507+0000] {dagbag.py:588} INFO - Filling up the DagBag from /opt/airflow/dags/pricescope_pipeline.py
[2026-08-03T14:13:12.553+0000] {processor.py:925} INFO - DAG(s) 'pricescope_pipeline' retrieved from /opt/airflow/dags/pricescope_pipeline.py
[2026-08-03T14:13:12.598+0000] {logging_mixin.py:190} INFO - [2026-08-03T14:13:12.598+0000] {dag.py:3239} INFO - Sync 1 DAGs
[2026-08-03T14:13:12.644+0000] {logging_mixin.py:190} INFO - [2026-08-03T14:13:12.644+0000] {dag.py:4180} INFO - Setting next_dagrun for pricescope_pipeline to 2026-08-02 18:00:00+00:00, run_after=2026-08-03 06:00:00+00:00
[2026-08-03T14:13:12.689+0000] {processor.py:208} INFO - Processing /opt/airflow/dags/pricescope_pipeline.py took 0.205 seconds
[2026-08-03T14:13:42.832+0000] {processor.py:186} INFO - Started process (PID=1569) to work on /opt/airflow/dags/pricescope_pipeline.py
[2026-08-03T14:13:42.834+0000] {processor.py:914} INFO - Processing file /opt/airflow/dags/pricescope_pipeline.py for tasks to queue
[2026-08-03T14:13:42.838+0000] {logging_mixin.py:190} INFO - [2026-08-03T14:13:42.837+0000] {dagbag.py:588} INFO - Filling up the DagBag from /opt/airflow/dags/pricescope_pipeline.py
[2026-08-03T14:13:42.863+0000] {processor.py:925} INFO - DAG(s) 'pricescope_pipeline' retrieved from /opt/airflow/dags/pricescope_pipeline.py
[2026-08-03T14:13:42.891+0000] {logging_mixin.py:190} INFO - [2026-08-03T14:13:42.891+0000] {dag.py:3239} INFO - Sync 1 DAGs
[2026-08-03T14:13:42.919+0000] {logging_mixin.py:190} INFO - [2026-08-03T14:13:42.919+0000] {dag.py:4180} INFO - Setting next_dagrun for pricescope_pipeline to 2026-08-02 18:00:00+00:00, run_after=2026-08-03 06:00:00+00:00
[2026-08-03T14:13:42.943+0000] {processor.py:208} INFO - Processing /opt/airflow/dags/pricescope_pipeline.py took 0.118 seconds
[2026-08-03T14:14:13.151+0000] {processor.py:186} INFO - Started process (PID=1577) to work on /opt/airflow/dags/pricescope_pipeline.py
[2026-08-03T14:14:13.154+0000] {processor.py:914} INFO - Processing file /opt/airflow/dags/pricescope_pipeline.py for tasks to queue
[2026-08-03T14:14:13.160+0000] {logging_mixin.py:190} INFO - [2026-08-03T14:14:13.159+0000] {dagbag.py:588} INFO - Filling up the DagBag from /opt/airflow/dags/pricescope_pipeline.py
[2026-08-03T14:14:13.198+0000] {processor.py:925} INFO - DAG(s) 'pricescope_pipeline' retrieved from /opt/airflow/dags/pricescope_pipeline.py
[2026-08-03T14:14:13.237+0000] {logging_mixin.py:190} INFO - [2026-08-03T14:14:13.236+0000] {dag.py:3239} INFO - Sync 1 DAGs
[2026-08-03T14:14:13.276+0000] {logging_mixin.py:190} INFO - [2026-08-03T14:14:13.276+0000] {dag.py:4180} INFO - Setting next_dagrun for pricescope_pipeline to 2026-08-02 18:00:00+00:00, run_after=2026-08-03 06:00:00+00:00
[2026-08-03T14:14:13.308+0000] {processor.py:208} INFO - Processing /opt/airflow/dags/pricescope_pipeline.py took 0.167 seconds
[2026-08-03T14:14:43.579+0000] {processor.py:186} INFO - Started process (PID=1584) to work on /opt/airflow/dags/pricescope_pipeline.py
[2026-08-03T14:14:43.582+0000] {processor.py:914} INFO - Processing file /opt/airflow/dags/pricescope_pipeline.py for tasks to queue
[2026-08-03T14:14:43.589+0000] {logging_mixin.py:190} INFO - [2026-08-03T14:14:43.588+0000] {dagbag.py:588} INFO - Filling up the DagBag from /opt/airflow/dags/pricescope_pipeline.py
[2026-08-03T14:14:43.644+0000] {processor.py:925} INFO - DAG(s) 'pricescope_pipeline' retrieved from /opt/airflow/dags/pricescope_pipeline.py
[2026-08-03T14:14:43.694+0000] {logging_mixin.py:190} INFO - [2026-08-03T14:14:43.694+0000] {dag.py:3239} INFO - Sync 1 DAGs
[2026-08-03T14:14:43.743+0000] {logging_mixin.py:190} INFO - [2026-08-03T14:14:43.743+0000] {dag.py:4180} INFO - Setting next_dagrun for pricescope_pipeline to 2026-08-02 18:00:00+00:00, run_after=2026-08-03 06:00:00+00:00
[2026-08-03T14:14:43.771+0000] {processor.py:208} INFO - Processing /opt/airflow/dags/pricescope_pipeline.py took 0.204 seconds
[2026-08-03T14:15:13.981+0000] {processor.py:186} INFO - Started process (PID=1591) to work on /opt/airflow/dags/pricescope_pipeline.py
[2026-08-03T14:15:13.985+0000] {processor.py:914} INFO - Processing file /opt/airflow/dags/pricescope_pipeline.py for tasks to queue
[2026-08-03T14:15:13.993+0000] {logging_mixin.py:190} INFO - [2026-08-03T14:15:13.992+0000] {dagbag.py:588} INFO - Filling up the DagBag from /opt/airflow/dags/pricescope_pipeline.py
[2026-08-03T14:15:14.061+0000] {processor.py:925} INFO - DAG(s) 'pricescope_pipeline' retrieved from /opt/airflow/dags/pricescope_pipeline.py
[2026-08-03T14:15:14.117+0000] {logging_mixin.py:190} INFO - [2026-08-03T14:15:14.115+0000] {dag.py:3239} INFO - Sync 1 DAGs
[2026-08-03T14:15:14.169+0000] {logging_mixin.py:190} INFO - [2026-08-03T14:15:14.169+0000] {dag.py:4180} INFO - Setting next_dagrun for pricescope_pipeline to 2026-08-02 18:00:00+00:00, run_after=2026-08-03 06:00:00+00:00
[2026-08-03T14:15:14.219+0000] {processor.py:208} INFO - Processing /opt/airflow/dags/pricescope_pipeline.py took 0.254 seconds
[2026-08-03T14:15:44.377+0000] {processor.py:186} INFO - Started process (PID=1598) to work on /opt/airflow/dags/pricescope_pipeline.py
[2026-08-03T14:15:44.380+0000] {processor.py:914} INFO - Processing file /opt/airflow/dags/pricescope_pipeline.py for tasks to queue
[2026-08-03T14:15:44.385+0000] {logging_mixin.py:190} INFO - [2026-08-03T14:15:44.384+0000] {dagbag.py:588} INFO - Filling up the DagBag from /opt/airflow/dags/pricescope_pipeline.py
[2026-08-03T14:15:44.420+0000] {processor.py:925} INFO - DAG(s) 'pricescope_pipeline' retrieved from /opt/airflow/dags/pricescope_pipeline.py
[2026-08-03T14:15:44.455+0000] {logging_mixin.py:190} INFO - [2026-08-03T14:15:44.454+0000] {dag.py:3239} INFO - Sync 1 DAGs
[2026-08-03T14:15:44.490+0000] {logging_mixin.py:190} INFO - [2026-08-03T14:15:44.490+0000] {dag.py:4180} INFO - Setting next_dagrun for pricescope_pipeline to 2026-08-02 18:00:00+00:00, run_after=2026-08-03 06:00:00+00:00
[2026-08-03T14:15:44.525+0000] {processor.py:208} INFO - Processing /opt/airflow/dags/pricescope_pipeline.py took 0.157 seconds
[2026-08-03T14:16:14.857+0000] {processor.py:186} INFO - Started process (PID=1605) to work on /opt/airflow/dags/pricescope_pipeline.py
[2026-08-03T14:16:14.861+0000] {processor.py:914} INFO - Processing file /opt/airflow/dags/pricescope_pipeline.py for tasks to queue
[2026-08-03T14:16:14.866+0000] {logging_mixin.py:190} INFO - [2026-08-03T14:16:14.866+0000] {dagbag.py:588} INFO - Filling up the DagBag from /opt/airflow/dags/pricescope_pipeline.py
[2026-08-03T14:16:14.906+0000] {processor.py:925} INFO - DAG(s) 'pricescope_pipeline' retrieved from /opt/airflow/dags/pricescope_pipeline.py
[2026-08-03T14:16:14.951+0000] {logging_mixin.py:190} INFO - [2026-08-03T14:16:14.951+0000] {dag.py:3239} INFO - Sync 1 DAGs
[2026-08-03T14:16:15.005+0000] {logging_mixin.py:190} INFO - [2026-08-03T14:16:15.005+0000] {dag.py:4180} INFO - Setting next_dagrun for pricescope_pipeline to 2026-08-02 18:00:00+00:00, run_after=2026-08-03 06:00:00+00:00
[2026-08-03T14:16:15.052+0000] {processor.py:208} INFO - Processing /opt/airflow/dags/pricescope_pipeline.py took 0.204 seconds
[2026-08-03T14:16:45.355+0000] {processor.py:186} INFO - Started process (PID=1612) to work on /opt/airflow/dags/pricescope_pipeline.py
[2026-08-03T14:16:45.358+0000] {processor.py:914} INFO - Processing file /opt/airflow/dags/pricescope_pipeline.py for tasks to queue
[2026-08-03T14:16:45.366+0000] {logging_mixin.py:190} INFO - [2026-08-03T14:16:45.365+0000] {dagbag.py:588} INFO - Filling up the DagBag from /opt/airflow/dags/pricescope_pipeline.py
[2026-08-03T14:16:45.411+0000] {processor.py:925} INFO - DAG(s) 'pricescope_pipeline' retrieved from /opt/airflow/dags/pricescope_pipeline.py
[2026-08-03T14:16:45.452+0000] {logging_mixin.py:190} INFO - [2026-08-03T14:16:45.451+0000] {dag.py:3239} INFO - Sync 1 DAGs
[2026-08-03T14:16:45.500+0000] {logging_mixin.py:190} INFO - [2026-08-03T14:16:45.499+0000] {dag.py:4180} INFO - Setting next_dagrun for pricescope_pipeline to 2026-08-02 18:00:00+00:00, run_after=2026-08-03 06:00:00+00:00
[2026-08-03T14:16:45.537+0000] {processor.py:208} INFO - Processing /opt/airflow/dags/pricescope_pipeline.py took 0.192 seconds
[2026-08-03T14:17:15.776+0000] {processor.py:186} INFO - Started process (PID=1620) to work on /opt/airflow/dags/pricescope_pipeline.py
[2026-08-03T14:17:15.779+0000] {processor.py:914} INFO - Processing file /opt/airflow/dags/pricescope_pipeline.py for tasks to queue
[2026-08-03T14:17:15.786+0000] {logging_mixin.py:190} INFO - [2026-08-03T14:17:15.785+0000] {dagbag.py:588} INFO - Filling up the DagBag from /opt/airflow/dags/pricescope_pipeline.py
[2026-08-03T14:17:15.824+0000] {processor.py:925} INFO - DAG(s) 'pricescope_pipeline' retrieved from /opt/airflow/dags/pricescope_pipeline.py
[2026-08-03T14:17:15.857+0000] {logging_mixin.py:190} INFO - [2026-08-03T14:17:15.857+0000] {dag.py:3239} INFO - Sync 1 DAGs
[2026-08-03T14:17:15.891+0000] {logging_mixin.py:190} INFO - [2026-08-03T14:17:15.890+0000] {dag.py:4180} INFO - Setting next_dagrun for pricescope_pipeline to 2026-08-02 18:00:00+00:00, run_after=2026-08-03 06:00:00+00:00
[2026-08-03T14:17:15.917+0000] {processor.py:208} INFO - Processing /opt/airflow/dags/pricescope_pipeline.py took 0.150 seconds
[2026-08-03T14:17:46.064+0000] {processor.py:186} INFO - Started process (PID=1628) to work on /opt/airflow/dags/pricescope_pipeline.py
[2026-08-03T14:17:46.066+0000] {processor.py:914} INFO - Processing file /opt/airflow/dags/pricescope_pipeline.py for tasks to queue
[2026-08-03T14:17:46.074+0000] {logging_mixin.py:190} INFO - [2026-08-03T14:17:46.073+0000] {dagbag.py:588} INFO - Filling up the DagBag from /opt/airflow/dags/pricescope_pipeline.py
[2026-08-03T14:17:46.105+0000] {processor.py:925} INFO - DAG(s) 'pricescope_pipeline' retrieved from /opt/airflow/dags/pricescope_pipeline.py
[2026-08-03T14:17:46.137+0000] {logging_mixin.py:190} INFO - [2026-08-03T14:17:46.136+0000] {dag.py:3239} INFO - Sync 1 DAGs
[2026-08-03T14:17:46.167+0000] {logging_mixin.py:190} INFO - [2026-08-03T14:17:46.167+0000] {dag.py:4180} INFO - Setting next_dagrun for pricescope_pipeline to 2026-08-02 18:00:00+00:00, run_after=2026-08-03 06:00:00+00:00
[2026-08-03T14:17:46.197+0000] {processor.py:208} INFO - Processing /opt/airflow/dags/pricescope_pipeline.py took 0.140 seconds
[2026-08-03T14:18:16.581+0000] {processor.py:186} INFO - Started process (PID=1635) to work on /opt/airflow/dags/pricescope_pipeline.py
[2026-08-03T14:18:16.584+0000] {processor.py:914} INFO - Processing file /opt/airflow/dags/pricescope_pipeline.py for tasks to queue
[2026-08-03T14:18:16.590+0000] {logging_mixin.py:190} INFO - [2026-08-03T14:18:16.589+0000] {dagbag.py:588} INFO - Filling up the DagBag from /opt/airflow/dags/pricescope_pipeline.py
[2026-08-03T14:18:16.626+0000] {processor.py:925} INFO - DAG(s) 'pricescope_pipeline' retrieved from /opt/airflow/dags/pricescope_pipeline.py
[2026-08-03T14:18:16.664+0000] {logging_mixin.py:190} INFO - [2026-08-03T14:18:16.664+0000] {dag.py:3239} INFO - Sync 1 DAGs
[2026-08-03T14:18:16.701+0000] {logging_mixin.py:190} INFO - [2026-08-03T14:18:16.700+0000] {dag.py:4180} INFO - Setting next_dagrun for pricescope_pipeline to 2026-08-02 18:00:00+00:00, run_after=2026-08-03 06:00:00+00:00
[2026-08-03T14:18:16.729+0000] {processor.py:208} INFO - Processing /opt/airflow/dags/pricescope_pipeline.py took 0.157 seconds
[2026-08-03T14:18:46.903+0000] {processor.py:186} INFO - Started process (PID=1642) to work on /opt/airflow/dags/pricescope_pipeline.py
[2026-08-03T14:18:46.905+0000] {processor.py:914} INFO - Processing file /opt/airflow/dags/pricescope_pipeline.py for tasks to queue
[2026-08-03T14:18:46.910+0000] {logging_mixin.py:190} INFO - [2026-08-03T14:18:46.909+0000] {dagbag.py:588} INFO - Filling up the DagBag from /opt/airflow/dags/pricescope_pipeline.py
[2026-08-03T14:18:46.943+0000] {processor.py:925} INFO - DAG(s) 'pricescope_pipeline' retrieved from /opt/airflow/dags/pricescope_pipeline.py
[2026-08-03T14:18:46.985+0000] {logging_mixin.py:190} INFO - [2026-08-03T14:18:46.984+0000] {dag.py:3239} INFO - Sync 1 DAGs
[2026-08-03T14:18:47.021+0000] {logging_mixin.py:190} INFO - [2026-08-03T14:18:47.020+0000] {dag.py:4180} INFO - Setting next_dagrun for pricescope_pipeline to 2026-08-02 18:00:00+00:00, run_after=2026-08-03 06:00:00+00:00
[2026-08-03T14:18:47.057+0000] {processor.py:208} INFO - Processing /opt/airflow/dags/pricescope_pipeline.py took 0.169 seconds
[2026-08-03T14:19:17.328+0000] {processor.py:186} INFO - Started process (PID=1649) to work on /opt/airflow/dags/pricescope_pipeline.py
[2026-08-03T14:19:17.332+0000] {processor.py:914} INFO - Processing file /opt/airflow/dags/pricescope_pipeline.py for tasks to queue
[2026-08-03T14:19:17.339+0000] {logging_mixin.py:190} INFO - [2026-08-03T14:19:17.338+0000] {dagbag.py:588} INFO - Filling up the DagBag from /opt/airflow/dags/pricescope_pipeline.py
[2026-08-03T14:19:17.383+0000] {processor.py:925} INFO - DAG(s) 'pricescope_pipeline' retrieved from /opt/airflow/dags/pricescope_pipeline.py
[2026-08-03T14:19:17.427+0000] {logging_mixin.py:190} INFO - [2026-08-03T14:19:17.427+0000] {dag.py:3239} INFO - Sync 1 DAGs
[2026-08-03T14:19:17.470+0000] {logging_mixin.py:190} INFO - [2026-08-03T14:19:17.469+0000] {dag.py:4180} INFO - Setting next_dagrun for pricescope_pipeline to 2026-08-02 18:00:00+00:00, run_after=2026-08-03 06:00:00+00:00
[2026-08-03T14:19:17.500+0000] {processor.py:208} INFO - Processing /opt/airflow/dags/pricescope_pipeline.py took 0.185 seconds
[2026-08-03T14:19:47.769+0000] {processor.py:186} INFO - Started process (PID=1656) to work on /opt/airflow/dags/pricescope_pipeline.py
[2026-08-03T14:19:47.772+0000] {processor.py:914} INFO - Processing file /opt/airflow/dags/pricescope_pipeline.py for tasks to queue
[2026-08-03T14:19:47.783+0000] {logging_mixin.py:190} INFO - [2026-08-03T14:19:47.780+0000] {dagbag.py:588} INFO - Filling up the DagBag from /opt/airflow/dags/pricescope_pipeline.py
[2026-08-03T14:19:47.843+0000] {processor.py:925} INFO - DAG(s) 'pricescope_pipeline' retrieved from /opt/airflow/dags/pricescope_pipeline.py
[2026-08-03T14:19:47.901+0000] {logging_mixin.py:190} INFO - [2026-08-03T14:19:47.900+0000] {dag.py:3239} INFO - Sync 1 DAGs
[2026-08-03T14:19:47.965+0000] {logging_mixin.py:190} INFO - [2026-08-03T14:19:47.964+0000] {dag.py:4180} INFO - Setting next_dagrun for pricescope_pipeline to 2026-08-02 18:00:00+00:00, run_after=2026-08-03 06:00:00+00:00
[2026-08-03T14:19:48.011+0000] {processor.py:208} INFO - Processing /opt/airflow/dags/pricescope_pipeline.py took 0.257 seconds
[2026-08-03T14:20:18.154+0000] {processor.py:186} INFO - Started process (PID=1663) to work on /opt/airflow/dags/pricescope_pipeline.py
[2026-08-03T14:20:18.156+0000] {processor.py:914} INFO - Processing file /opt/airflow/dags/pricescope_pipeline.py for tasks to queue
[2026-08-03T14:20:18.161+0000] {logging_mixin.py:190} INFO - [2026-08-03T14:20:18.160+0000] {dagbag.py:588} INFO - Filling up the DagBag from /opt/airflow/dags/pricescope_pipeline.py
[2026-08-03T14:20:18.190+0000] {processor.py:925} INFO - DAG(s) 'pricescope_pipeline' retrieved from /opt/airflow/dags/pricescope_pipeline.py
[2026-08-03T14:20:18.214+0000] {logging_mixin.py:190} INFO - [2026-08-03T14:20:18.214+0000] {dag.py:3239} INFO - Sync 1 DAGs
[2026-08-03T14:20:18.239+0000] {logging_mixin.py:190} INFO - [2026-08-03T14:20:18.238+0000] {dag.py:4180} INFO - Setting next_dagrun for pricescope_pipeline to 2026-08-02 18:00:00+00:00, run_after=2026-08-03 06:00:00+00:00
[2026-08-03T14:20:18.256+0000] {processor.py:208} INFO - Processing /opt/airflow/dags/pricescope_pipeline.py took 0.112 seconds
[2026-08-03T14:20:48.507+0000] {processor.py:186} INFO - Started process (PID=1670) to work on /opt/airflow/dags/pricescope_pipeline.py
[2026-08-03T14:20:48.509+0000] {processor.py:914} INFO - Processing file /opt/airflow/dags/pricescope_pipeline.py for tasks to queue
[2026-08-03T14:20:48.512+0000] {logging_mixin.py:190} INFO - [2026-08-03T14:20:48.512+0000] {dagbag.py:588} INFO - Filling up the DagBag from /opt/airflow/dags/pricescope_pipeline.py
[2026-08-03T14:20:48.533+0000] {processor.py:925} INFO - DAG(s) 'pricescope_pipeline' retrieved from /opt/airflow/dags/pricescope_pipeline.py
[2026-08-03T14:20:48.551+0000] {logging_mixin.py:190} INFO - [2026-08-03T14:20:48.551+0000] {dag.py:3239} INFO - Sync 1 DAGs
[2026-08-03T14:20:48.569+0000] {logging_mixin.py:190} INFO - [2026-08-03T14:20:48.569+0000] {dag.py:4180} INFO - Setting next_dagrun for pricescope_pipeline to 2026-08-02 18:00:00+00:00, run_after=2026-08-03 06:00:00+00:00
[2026-08-03T14:20:48.582+0000] {processor.py:208} INFO - Processing /opt/airflow/dags/pricescope_pipeline.py took 0.079 seconds
[2026-08-03T14:21:18.967+0000] {processor.py:186} INFO - Started process (PID=1678) to work on /opt/airflow/dags/pricescope_pipeline.py
[2026-08-03T14:21:18.969+0000] {processor.py:914} INFO - Processing file /opt/airflow/dags/pricescope_pipeline.py for tasks to queue
[2026-08-03T14:21:18.975+0000] {logging_mixin.py:190} INFO - [2026-08-03T14:21:18.975+0000] {dagbag.py:588} INFO - Filling up the DagBag from /opt/airflow/dags/pricescope_pipeline.py
[2026-08-03T14:21:19.002+0000] {processor.py:925} INFO - DAG(s) 'pricescope_pipeline' retrieved from /opt/airflow/dags/pricescope_pipeline.py
[2026-08-03T14:21:19.027+0000] {logging_mixin.py:190} INFO - [2026-08-03T14:21:19.027+0000] {dag.py:3239} INFO - Sync 1 DAGs
[2026-08-03T14:21:19.048+0000] {logging_mixin.py:190} INFO - [2026-08-03T14:21:19.048+0000] {dag.py:4180} INFO - Setting next_dagrun for pricescope_pipeline to 2026-08-02 18:00:00+00:00, run_after=2026-08-03 06:00:00+00:00
[2026-08-03T14:21:19.065+0000] {processor.py:208} INFO - Processing /opt/airflow/dags/pricescope_pipeline.py took 0.104 seconds
[2026-08-03T14:21:49.255+0000] {processor.py:186} INFO - Started process (PID=1685) to work on /opt/airflow/dags/pricescope_pipeline.py
[2026-08-03T14:21:49.256+0000] {processor.py:914} INFO - Processing file /opt/airflow/dags/pricescope_pipeline.py for tasks to queue
[2026-08-03T14:21:49.259+0000] {logging_mixin.py:190} INFO - [2026-08-03T14:21:49.259+0000] {dagbag.py:588} INFO - Filling up the DagBag from /opt/airflow/dags/pricescope_pipeline.py
[2026-08-03T14:21:49.280+0000] {processor.py:925} INFO - DAG(s) 'pricescope_pipeline' retrieved from /opt/airflow/dags/pricescope_pipeline.py
[2026-08-03T14:21:49.300+0000] {logging_mixin.py:190} INFO - [2026-08-03T14:21:49.299+0000] {dag.py:3239} INFO - Sync 1 DAGs
[2026-08-03T14:21:49.323+0000] {logging_mixin.py:190} INFO - [2026-08-03T14:21:49.322+0000] {dag.py:4180} INFO - Setting next_dagrun for pricescope_pipeline to 2026-08-02 18:00:00+00:00, run_after=2026-08-03 06:00:00+00:00
[2026-08-03T14:21:49.347+0000] {processor.py:208} INFO - Processing /opt/airflow/dags/pricescope_pipeline.py took 0.099 seconds
[2026-08-03T14:22:19.539+0000] {processor.py:186} INFO - Started process (PID=1692) to work on /opt/airflow/dags/pricescope_pipeline.py
[2026-08-03T14:22:19.541+0000] {processor.py:914} INFO - Processing file /opt/airflow/dags/pricescope_pipeline.py for tasks to queue
[2026-08-03T14:22:19.547+0000] {logging_mixin.py:190} INFO - [2026-08-03T14:22:19.546+0000] {dagbag.py:588} INFO - Filling up the DagBag from /opt/airflow/dags/pricescope_pipeline.py
[2026-08-03T14:22:19.581+0000] {processor.py:925} INFO - DAG(s) 'pricescope_pipeline' retrieved from /opt/airflow/dags/pricescope_pipeline.py
[2026-08-03T14:22:19.614+0000] {logging_mixin.py:190} INFO - [2026-08-03T14:22:19.613+0000] {dag.py:3239} INFO - Sync 1 DAGs
[2026-08-03T14:22:19.647+0000] {logging_mixin.py:190} INFO - [2026-08-03T14:22:19.647+0000] {dag.py:4180} INFO - Setting next_dagrun for pricescope_pipeline to 2026-08-02 18:00:00+00:00, run_after=2026-08-03 06:00:00+00:00
[2026-08-03T14:22:19.673+0000] {processor.py:208} INFO - Processing /opt/airflow/dags/pricescope_pipeline.py took 0.143 seconds
[2026-08-03T14:22:49.889+0000] {processor.py:186} INFO - Started process (PID=1699) to work on /opt/airflow/dags/pricescope_pipeline.py
[2026-08-03T14:22:49.891+0000] {processor.py:914} INFO - Processing file /opt/airflow/dags/pricescope_pipeline.py for tasks to queue
[2026-08-03T14:22:49.896+0000] {logging_mixin.py:190} INFO - [2026-08-03T14:22:49.895+0000] {dagbag.py:588} INFO - Filling up the DagBag from /opt/airflow/dags/pricescope_pipeline.py
[2026-08-03T14:22:49.919+0000] {processor.py:925} INFO - DAG(s) 'pricescope_pipeline' retrieved from /opt/airflow/dags/pricescope_pipeline.py
[2026-08-03T14:22:49.939+0000] {logging_mixin.py:190} INFO - [2026-08-03T14:22:49.939+0000] {dag.py:3239} INFO - Sync 1 DAGs
[2026-08-03T14:22:49.959+0000] {logging_mixin.py:190} INFO - [2026-08-03T14:22:49.959+0000] {dag.py:4180} INFO - Setting next_dagrun for pricescope_pipeline to 2026-08-02 18:00:00+00:00, run_after=2026-08-03 06:00:00+00:00
[2026-08-03T14:22:49.977+0000] {processor.py:208} INFO - Processing /opt/airflow/dags/pricescope_pipeline.py took 0.092 seconds
[2026-08-03T14:23:20.147+0000] {processor.py:186} INFO - Started process (PID=1706) to work on /opt/airflow/dags/pricescope_pipeline.py
[2026-08-03T14:23:20.149+0000] {processor.py:914} INFO - Processing file /opt/airflow/dags/pricescope_pipeline.py for tasks to queue
[2026-08-03T14:23:20.152+0000] {logging_mixin.py:190} INFO - [2026-08-03T14:23:20.152+0000] {dagbag.py:588} INFO - Filling up the DagBag from /opt/airflow/dags/pricescope_pipeline.py
[2026-08-03T14:23:20.177+0000] {processor.py:925} INFO - DAG(s) 'pricescope_pipeline' retrieved from /opt/airflow/dags/pricescope_pipeline.py
[2026-08-03T14:23:20.197+0000] {logging_mixin.py:190} INFO - [2026-08-03T14:23:20.196+0000] {dag.py:3239} INFO - Sync 1 DAGs
[2026-08-03T14:23:20.213+0000] {logging_mixin.py:190} INFO - [2026-08-03T14:23:20.213+0000] {dag.py:4180} INFO - Setting next_dagrun for pricescope_pipeline to 2026-08-02 18:00:00+00:00, run_after=2026-08-03 06:00:00+00:00
[2026-08-03T14:23:20.227+0000] {processor.py:208} INFO - Processing /opt/airflow/dags/pricescope_pipeline.py took 0.086 seconds
[2026-08-03T14:23:50.455+0000] {processor.py:186} INFO - Started process (PID=1713) to work on /opt/airflow/dags/pricescope_pipeline.py
[2026-08-03T14:23:50.457+0000] {processor.py:914} INFO - Processing file /opt/airflow/dags/pricescope_pipeline.py for tasks to queue
[2026-08-03T14:23:50.462+0000] {logging_mixin.py:190} INFO - [2026-08-03T14:23:50.461+0000] {dagbag.py:588} INFO - Filling up the DagBag from /opt/airflow/dags/pricescope_pipeline.py
[2026-08-03T14:23:50.495+0000] {processor.py:925} INFO - DAG(s) 'pricescope_pipeline' retrieved from /opt/airflow/dags/pricescope_pipeline.py
[2026-08-03T14:23:50.538+0000] {logging_mixin.py:190} INFO - [2026-08-03T14:23:50.538+0000] {dag.py:3239} INFO - Sync 1 DAGs
[2026-08-03T14:23:50.573+0000] {logging_mixin.py:190} INFO - [2026-08-03T14:23:50.573+0000] {dag.py:4180} INFO - Setting next_dagrun for pricescope_pipeline to 2026-08-02 18:00:00+00:00, run_after=2026-08-03 06:00:00+00:00
[2026-08-03T14:23:50.633+0000] {processor.py:208} INFO - Processing /opt/airflow/dags/pricescope_pipeline.py took 0.185 seconds
[2026-08-03T14:24:20.770+0000] {processor.py:186} INFO - Started process (PID=1720) to work on /opt/airflow/dags/pricescope_pipeline.py
[2026-08-03T14:24:20.773+0000] {processor.py:914} INFO - Processing file /opt/airflow/dags/pricescope_pipeline.py for tasks to queue
[2026-08-03T14:24:20.776+0000] {logging_mixin.py:190} INFO - [2026-08-03T14:24:20.776+0000] {dagbag.py:588} INFO - Filling up the DagBag from /opt/airflow/dags/pricescope_pipeline.py
[2026-08-03T14:24:20.801+0000] {processor.py:925} INFO - DAG(s) 'pricescope_pipeline' retrieved from /opt/airflow/dags/pricescope_pipeline.py
[2026-08-03T14:24:20.824+0000] {logging_mixin.py:190} INFO - [2026-08-03T14:24:20.823+0000] {dag.py:3239} INFO - Sync 1 DAGs
[2026-08-03T14:24:20.844+0000] {logging_mixin.py:190} INFO - [2026-08-03T14:24:20.843+0000] {dag.py:4180} INFO - Setting next_dagrun for pricescope_pipeline to 2026-08-02 18:00:00+00:00, run_after=2026-08-03 06:00:00+00:00
[2026-08-03T14:24:20.864+0000] {processor.py:208} INFO - Processing /opt/airflow/dags/pricescope_pipeline.py took 0.099 seconds
[2026-08-03T14:24:51.035+0000] {processor.py:186} INFO - Started process (PID=1727) to work on /opt/airflow/dags/pricescope_pipeline.py
[2026-08-03T14:24:51.037+0000] {processor.py:914} INFO - Processing file /opt/airflow/dags/pricescope_pipeline.py for tasks to queue
[2026-08-03T14:24:51.044+0000] {logging_mixin.py:190} INFO - [2026-08-03T14:24:51.044+0000] {dagbag.py:588} INFO - Filling up the DagBag from /opt/airflow/dags/pricescope_pipeline.py
[2026-08-03T14:24:51.076+0000] {processor.py:925} INFO - DAG(s) 'pricescope_pipeline' retrieved from /opt/airflow/dags/pricescope_pipeline.py
[2026-08-03T14:24:51.108+0000] {logging_mixin.py:190} INFO - [2026-08-03T14:24:51.108+0000] {dag.py:3239} INFO - Sync 1 DAGs
[2026-08-03T14:24:51.143+0000] {logging_mixin.py:190} INFO - [2026-08-03T14:24:51.143+0000] {dag.py:4180} INFO - Setting next_dagrun for pricescope_pipeline to 2026-08-02 18:00:00+00:00, run_after=2026-08-03 06:00:00+00:00
[2026-08-03T14:24:51.180+0000] {processor.py:208} INFO - Processing /opt/airflow/dags/pricescope_pipeline.py took 0.155 seconds
[2026-08-03T14:25:21.481+0000] {processor.py:186} INFO - Started process (PID=1734) to work on /opt/airflow/dags/pricescope_pipeline.py
[2026-08-03T14:25:21.485+0000] {processor.py:914} INFO - Processing file /opt/airflow/dags/pricescope_pipeline.py for tasks to queue
[2026-08-03T14:25:21.491+0000] {logging_mixin.py:190} INFO - [2026-08-03T14:25:21.491+0000] {dagbag.py:588} INFO - Filling up the DagBag from /opt/airflow/dags/pricescope_pipeline.py
[2026-08-03T14:25:21.550+0000] {processor.py:925} INFO - DAG(s) 'pricescope_pipeline' retrieved from /opt/airflow/dags/pricescope_pipeline.py
[2026-08-03T14:25:21.580+0000] {logging_mixin.py:190} INFO - [2026-08-03T14:25:21.579+0000] {dag.py:3239} INFO - Sync 1 DAGs
[2026-08-03T14:25:21.611+0000] {logging_mixin.py:190} INFO - [2026-08-03T14:25:21.611+0000] {dag.py:4180} INFO - Setting next_dagrun for pricescope_pipeline to 2026-08-02 18:00:00+00:00, run_after=2026-08-03 06:00:00+00:00
[2026-08-03T14:25:21.635+0000] {processor.py:208} INFO - Processing /opt/airflow/dags/pricescope_pipeline.py took 0.159 seconds
[2026-08-03T14:25:51.716+0000] {processor.py:186} INFO - Started process (PID=1741) to work on /opt/airflow/dags/pricescope_pipeline.py
[2026-08-03T14:25:51.718+0000] {processor.py:914} INFO - Processing file /opt/airflow/dags/pricescope_pipeline.py for tasks to queue
[2026-08-03T14:25:51.722+0000] {logging_mixin.py:190} INFO - [2026-08-03T14:25:51.722+0000] {dagbag.py:588} INFO - Filling up the DagBag from /opt/airflow/dags/pricescope_pipeline.py
[2026-08-03T14:25:51.747+0000] {processor.py:925} INFO - DAG(s) 'pricescope_pipeline' retrieved from /opt/airflow/dags/pricescope_pipeline.py
[2026-08-03T14:25:51.776+0000] {logging_mixin.py:190} INFO - [2026-08-03T14:25:51.775+0000] {dag.py:3239} INFO - Sync 1 DAGs
[2026-08-03T14:25:51.803+0000] {logging_mixin.py:190} INFO - [2026-08-03T14:25:51.802+0000] {dag.py:4180} INFO - Setting next_dagrun for pricescope_pipeline to 2026-08-02 18:00:00+00:00, run_after=2026-08-03 06:00:00+00:00
[2026-08-03T14:25:51.828+0000] {processor.py:208} INFO - Processing /opt/airflow/dags/pricescope_pipeline.py took 0.125 seconds
[2026-08-03T14:26:21.962+0000] {processor.py:186} INFO - Started process (PID=1748) to work on /opt/airflow/dags/pricescope_pipeline.py
[2026-08-03T14:26:21.963+0000] {processor.py:914} INFO - Processing file /opt/airflow/dags/pricescope_pipeline.py for tasks to queue
[2026-08-03T14:26:21.969+0000] {logging_mixin.py:190} INFO - [2026-08-03T14:26:21.968+0000] {dagbag.py:588} INFO - Filling up the DagBag from /opt/airflow/dags/pricescope_pipeline.py
[2026-08-03T14:26:21.999+0000] {processor.py:925} INFO - DAG(s) 'pricescope_pipeline' retrieved from /opt/airflow/dags/pricescope_pipeline.py
[2026-08-03T14:26:22.029+0000] {logging_mixin.py:190} INFO - [2026-08-03T14:26:22.029+0000] {dag.py:3239} INFO - Sync 1 DAGs
[2026-08-03T14:26:22.054+0000] {logging_mixin.py:190} INFO - [2026-08-03T14:26:22.054+0000] {dag.py:4180} INFO - Setting next_dagrun for pricescope_pipeline to 2026-08-02 18:00:00+00:00, run_after=2026-08-03 06:00:00+00:00
[2026-08-03T14:26:22.073+0000] {processor.py:208} INFO - Processing /opt/airflow/dags/pricescope_pipeline.py took 0.122 seconds
[2026-08-03T14:26:52.305+0000] {processor.py:186} INFO - Started process (PID=1755) to work on /opt/airflow/dags/pricescope_pipeline.py
[2026-08-03T14:26:52.307+0000] {processor.py:914} INFO - Processing file /opt/airflow/dags/pricescope_pipeline.py for tasks to queue
[2026-08-03T14:26:52.310+0000] {logging_mixin.py:190} INFO - [2026-08-03T14:26:52.309+0000] {dagbag.py:588} INFO - Filling up the DagBag from /opt/airflow/dags/pricescope_pipeline.py
[2026-08-03T14:26:52.330+0000] {processor.py:925} INFO - DAG(s) 'pricescope_pipeline' retrieved from /opt/airflow/dags/pricescope_pipeline.py
[2026-08-03T14:26:52.351+0000] {logging_mixin.py:190} INFO - [2026-08-03T14:26:52.351+0000] {dag.py:3239} INFO - Sync 1 DAGs
[2026-08-03T14:26:52.374+0000] {logging_mixin.py:190} INFO - [2026-08-03T14:26:52.374+0000] {dag.py:4180} INFO - Setting next_dagrun for pricescope_pipeline to 2026-08-02 18:00:00+00:00, run_after=2026-08-03 06:00:00+00:00
[2026-08-03T14:26:52.392+0000] {processor.py:208} INFO - Processing /opt/airflow/dags/pricescope_pipeline.py took 0.091 seconds
[2026-08-03T14:27:22.533+0000] {processor.py:186} INFO - Started process (PID=1762) to work on /opt/airflow/dags/pricescope_pipeline.py
[2026-08-03T14:27:22.535+0000] {processor.py:914} INFO - Processing file /opt/airflow/dags/pricescope_pipeline.py for tasks to queue
[2026-08-03T14:27:22.537+0000] {logging_mixin.py:190} INFO - [2026-08-03T14:27:22.537+0000] {dagbag.py:588} INFO - Filling up the DagBag from /opt/airflow/dags/pricescope_pipeline.py
[2026-08-03T14:27:22.559+0000] {processor.py:925} INFO - DAG(s) 'pricescope_pipeline' retrieved from /opt/airflow/dags/pricescope_pipeline.py
[2026-08-03T14:27:22.579+0000] {logging_mixin.py:190} INFO - [2026-08-03T14:27:22.579+0000] {dag.py:3239} INFO - Sync 1 DAGs
[2026-08-03T14:27:22.598+0000] {logging_mixin.py:190} INFO - [2026-08-03T14:27:22.597+0000] {dag.py:4180} INFO - Setting next_dagrun for pricescope_pipeline to 2026-08-02 18:00:00+00:00, run_after=2026-08-03 06:00:00+00:00
[2026-08-03T14:27:22.625+0000] {processor.py:208} INFO - Processing /opt/airflow/dags/pricescope_pipeline.py took 0.096 seconds
[2026-08-03T14:27:52.925+0000] {processor.py:186} INFO - Started process (PID=1769) to work on /opt/airflow/dags/pricescope_pipeline.py
[2026-08-03T14:27:52.928+0000] {processor.py:914} INFO - Processing file /opt/airflow/dags/pricescope_pipeline.py for tasks to queue
[2026-08-03T14:27:52.940+0000] {logging_mixin.py:190} INFO - [2026-08-03T14:27:52.939+0000] {dagbag.py:588} INFO - Filling up the DagBag from /opt/airflow/dags/pricescope_pipeline.py
[2026-08-03T14:27:53.012+0000] {processor.py:925} INFO - DAG(s) 'pricescope_pipeline' retrieved from /opt/airflow/dags/pricescope_pipeline.py
[2026-08-03T14:27:53.076+0000] {logging_mixin.py:190} INFO - [2026-08-03T14:27:53.076+0000] {dag.py:3239} INFO - Sync 1 DAGs
[2026-08-03T14:27:53.146+0000] {logging_mixin.py:190} INFO - [2026-08-03T14:27:53.145+0000] {dag.py:4180} INFO - Setting next_dagrun for pricescope_pipeline to 2026-08-02 18:00:00+00:00, run_after=2026-08-03 06:00:00+00:00
[2026-08-03T14:27:53.180+0000] {processor.py:208} INFO - Processing /opt/airflow/dags/pricescope_pipeline.py took 0.268 seconds
[2026-08-03T14:28:23.458+0000] {processor.py:186} INFO - Started process (PID=1777) to work on /opt/airflow/dags/pricescope_pipeline.py
[2026-08-03T14:28:23.460+0000] {processor.py:914} INFO - Processing file /opt/airflow/dags/pricescope_pipeline.py for tasks to queue
[2026-08-03T14:28:23.464+0000] {logging_mixin.py:190} INFO - [2026-08-03T14:28:23.463+0000] {dagbag.py:588} INFO - Filling up the DagBag from /opt/airflow/dags/pricescope_pipeline.py
[2026-08-03T14:28:23.487+0000] {processor.py:925} INFO - DAG(s) 'pricescope_pipeline' retrieved from /opt/airflow/dags/pricescope_pipeline.py
[2026-08-03T14:28:23.512+0000] {logging_mixin.py:190} INFO - [2026-08-03T14:28:23.511+0000] {dag.py:3239} INFO - Sync 1 DAGs
[2026-08-03T14:28:23.534+0000] {logging_mixin.py:190} INFO - [2026-08-03T14:28:23.534+0000] {dag.py:4180} INFO - Setting next_dagrun for pricescope_pipeline to 2026-08-02 18:00:00+00:00, run_after=2026-08-03 06:00:00+00:00
[2026-08-03T14:28:23.552+0000] {processor.py:208} INFO - Processing /opt/airflow/dags/pricescope_pipeline.py took 0.100 seconds
[2026-08-03T14:28:53.707+0000] {processor.py:186} INFO - Started process (PID=1784) to work on /opt/airflow/dags/pricescope_pipeline.py
[2026-08-03T14:28:53.709+0000] {processor.py:914} INFO - Processing file /opt/airflow/dags/pricescope_pipeline.py for tasks to queue
[2026-08-03T14:28:53.713+0000] {logging_mixin.py:190} INFO - [2026-08-03T14:28:53.713+0000] {dagbag.py:588} INFO - Filling up the DagBag from /opt/airflow/dags/pricescope_pipeline.py
[2026-08-03T14:28:53.741+0000] {processor.py:925} INFO - DAG(s) 'pricescope_pipeline' retrieved from /opt/airflow/dags/pricescope_pipeline.py
[2026-08-03T14:28:53.764+0000] {logging_mixin.py:190} INFO - [2026-08-03T14:28:53.764+0000] {dag.py:3239} INFO - Sync 1 DAGs
[2026-08-03T14:28:53.786+0000] {logging_mixin.py:190} INFO - [2026-08-03T14:28:53.786+0000] {dag.py:4180} INFO - Setting next_dagrun for pricescope_pipeline to 2026-08-02 18:00:00+00:00, run_after=2026-08-03 06:00:00+00:00
[2026-08-03T14:28:53.804+0000] {processor.py:208} INFO - Processing /opt/airflow/dags/pricescope_pipeline.py took 0.103 seconds
[2026-08-03T14:29:24.001+0000] {processor.py:186} INFO - Started process (PID=1791) to work on /opt/airflow/dags/pricescope_pipeline.py
[2026-08-03T14:29:24.004+0000] {processor.py:914} INFO - Processing file /opt/airflow/dags/pricescope_pipeline.py for tasks to queue
[2026-08-03T14:29:24.007+0000] {logging_mixin.py:190} INFO - [2026-08-03T14:29:24.007+0000] {dagbag.py:588} INFO - Filling up the DagBag from /opt/airflow/dags/pricescope_pipeline.py
[2026-08-03T14:29:24.035+0000] {processor.py:925} INFO - DAG(s) 'pricescope_pipeline' retrieved from /opt/airflow/dags/pricescope_pipeline.py
[2026-08-03T14:29:24.062+0000] {logging_mixin.py:190} INFO - [2026-08-03T14:29:24.062+0000] {dag.py:3239} INFO - Sync 1 DAGs
[2026-08-03T14:29:24.090+0000] {logging_mixin.py:190} INFO - [2026-08-03T14:29:24.090+0000] {dag.py:4180} INFO - Setting next_dagrun for pricescope_pipeline to 2026-08-02 18:00:00+00:00, run_after=2026-08-03 06:00:00+00:00
[2026-08-03T14:29:24.123+0000] {processor.py:208} INFO - Processing /opt/airflow/dags/pricescope_pipeline.py took 0.128 seconds
[2026-08-03T14:29:54.304+0000] {processor.py:186} INFO - Started process (PID=1798) to work on /opt/airflow/dags/pricescope_pipeline.py
[2026-08-03T14:29:54.306+0000] {processor.py:914} INFO - Processing file /opt/airflow/dags/pricescope_pipeline.py for tasks to queue
[2026-08-03T14:29:54.312+0000] {logging_mixin.py:190} INFO - [2026-08-03T14:29:54.311+0000] {dagbag.py:588} INFO - Filling up the DagBag from /opt/airflow/dags/pricescope_pipeline.py
[2026-08-03T14:29:54.340+0000] {processor.py:925} INFO - DAG(s) 'pricescope_pipeline' retrieved from /opt/airflow/dags/pricescope_pipeline.py
[2026-08-03T14:29:54.375+0000] {logging_mixin.py:190} INFO - [2026-08-03T14:29:54.375+0000] {dag.py:3239} INFO - Sync 1 DAGs
[2026-08-03T14:29:54.412+0000] {logging_mixin.py:190} INFO - [2026-08-03T14:29:54.411+0000] {dag.py:4180} INFO - Setting next_dagrun for pricescope_pipeline to 2026-08-02 18:00:00+00:00, run_after=2026-08-03 06:00:00+00:00
[2026-08-03T14:29:54.443+0000] {processor.py:208} INFO - Processing /opt/airflow/dags/pricescope_pipeline.py took 0.146 seconds
[2026-08-03T14:30:24.642+0000] {processor.py:186} INFO - Started process (PID=1805) to work on /opt/airflow/dags/pricescope_pipeline.py
[2026-08-03T14:30:24.644+0000] {processor.py:914} INFO - Processing file /opt/airflow/dags/pricescope_pipeline.py for tasks to queue
[2026-08-03T14:30:24.647+0000] {logging_mixin.py:190} INFO - [2026-08-03T14:30:24.647+0000] {dagbag.py:588} INFO - Filling up the DagBag from /opt/airflow/dags/pricescope_pipeline.py
[2026-08-03T14:30:24.679+0000] {processor.py:925} INFO - DAG(s) 'pricescope_pipeline' retrieved from /opt/airflow/dags/pricescope_pipeline.py
[2026-08-03T14:30:24.707+0000] {logging_mixin.py:190} INFO - [2026-08-03T14:30:24.707+0000] {dag.py:3239} INFO - Sync 1 DAGs
[2026-08-03T14:30:24.734+0000] {logging_mixin.py:190} INFO - [2026-08-03T14:30:24.734+0000] {dag.py:4180} INFO - Setting next_dagrun for pricescope_pipeline to 2026-08-02 18:00:00+00:00, run_after=2026-08-03 06:00:00+00:00
[2026-08-03T14:30:24.808+0000] {processor.py:208} INFO - Processing /opt/airflow/dags/pricescope_pipeline.py took 0.175 seconds
[2026-08-03T14:30:54.894+0000] {processor.py:186} INFO - Started process (PID=1812) to work on /opt/airflow/dags/pricescope_pipeline.py
[2026-08-03T14:30:54.895+0000] {processor.py:914} INFO - Processing file /opt/airflow/dags/pricescope_pipeline.py for tasks to queue
[2026-08-03T14:30:54.898+0000] {logging_mixin.py:190} INFO - [2026-08-03T14:30:54.898+0000] {dagbag.py:588} INFO - Filling up the DagBag from /opt/airflow/dags/pricescope_pipeline.py
[2026-08-03T14:30:54.920+0000] {processor.py:925} INFO - DAG(s) 'pricescope_pipeline' retrieved from /opt/airflow/dags/pricescope_pipeline.py
[2026-08-03T14:30:54.947+0000] {logging_mixin.py:190} INFO - [2026-08-03T14:30:54.947+0000] {dag.py:3239} INFO - Sync 1 DAGs
[2026-08-03T14:30:54.972+0000] {logging_mixin.py:190} INFO - [2026-08-03T14:30:54.971+0000] {dag.py:4180} INFO - Setting next_dagrun for pricescope_pipeline to 2026-08-02 18:00:00+00:00, run_after=2026-08-03 06:00:00+00:00
[2026-08-03T14:30:54.992+0000] {processor.py:208} INFO - Processing /opt/airflow/dags/pricescope_pipeline.py took 0.104 seconds
[2026-08-03T14:31:25.152+0000] {processor.py:186} INFO - Started process (PID=1819) to work on /opt/airflow/dags/pricescope_pipeline.py
[2026-08-03T14:31:25.154+0000] {processor.py:914} INFO - Processing file /opt/airflow/dags/pricescope_pipeline.py for tasks to queue
[2026-08-03T14:31:25.157+0000] {logging_mixin.py:190} INFO - [2026-08-03T14:31:25.157+0000] {dagbag.py:588} INFO - Filling up the DagBag from /opt/airflow/dags/pricescope_pipeline.py
[2026-08-03T14:31:25.190+0000] {processor.py:925} INFO - DAG(s) 'pricescope_pipeline' retrieved from /opt/airflow/dags/pricescope_pipeline.py
[2026-08-03T14:31:25.219+0000] {logging_mixin.py:190} INFO - [2026-08-03T14:31:25.219+0000] {dag.py:3239} INFO - Sync 1 DAGs
[2026-08-03T14:31:25.245+0000] {logging_mixin.py:190} INFO - [2026-08-03T14:31:25.245+0000] {dag.py:4180} INFO - Setting next_dagrun for pricescope_pipeline to 2026-08-02 18:00:00+00:00, run_after=2026-08-03 06:00:00+00:00
[2026-08-03T14:31:25.265+0000] {processor.py:208} INFO - Processing /opt/airflow/dags/pricescope_pipeline.py took 0.118 seconds
[2026-08-03T14:31:55.464+0000] {processor.py:186} INFO - Started process (PID=1827) to work on /opt/airflow/dags/pricescope_pipeline.py
[2026-08-03T14:31:55.466+0000] {processor.py:914} INFO - Processing file /opt/airflow/dags/pricescope_pipeline.py for tasks to queue
[2026-08-03T14:31:55.470+0000] {logging_mixin.py:190} INFO - [2026-08-03T14:31:55.469+0000] {dagbag.py:588} INFO - Filling up the DagBag from /opt/airflow/dags/pricescope_pipeline.py
[2026-08-03T14:31:55.503+0000] {processor.py:925} INFO - DAG(s) 'pricescope_pipeline' retrieved from /opt/airflow/dags/pricescope_pipeline.py
[2026-08-03T14:31:55.527+0000] {logging_mixin.py:190} INFO - [2026-08-03T14:31:55.526+0000] {dag.py:3239} INFO - Sync 1 DAGs
[2026-08-03T14:31:55.547+0000] {logging_mixin.py:190} INFO - [2026-08-03T14:31:55.547+0000] {dag.py:4180} INFO - Setting next_dagrun for pricescope_pipeline to 2026-08-02 18:00:00+00:00, run_after=2026-08-03 06:00:00+00:00
[2026-08-03T14:31:55.571+0000] {processor.py:208} INFO - Processing /opt/airflow/dags/pricescope_pipeline.py took 0.112 seconds
[2026-08-03T14:32:25.705+0000] {processor.py:186} INFO - Started process (PID=1834) to work on /opt/airflow/dags/pricescope_pipeline.py
[2026-08-03T14:32:25.707+0000] {processor.py:914} INFO - Processing file /opt/airflow/dags/pricescope_pipeline.py for tasks to queue
[2026-08-03T14:32:25.711+0000] {logging_mixin.py:190} INFO - [2026-08-03T14:32:25.710+0000] {dagbag.py:588} INFO - Filling up the DagBag from /opt/airflow/dags/pricescope_pipeline.py
[2026-08-03T14:32:25.730+0000] {processor.py:925} INFO - DAG(s) 'pricescope_pipeline' retrieved from /opt/airflow/dags/pricescope_pipeline.py
[2026-08-03T14:32:25.752+0000] {logging_mixin.py:190} INFO - [2026-08-03T14:32:25.751+0000] {dag.py:3239} INFO - Sync 1 DAGs
[2026-08-03T14:32:25.770+0000] {logging_mixin.py:190} INFO - [2026-08-03T14:32:25.770+0000] {dag.py:4180} INFO - Setting next_dagrun for pricescope_pipeline to 2026-08-02 18:00:00+00:00, run_after=2026-08-03 06:00:00+00:00
[2026-08-03T14:32:25.788+0000] {processor.py:208} INFO - Processing /opt/airflow/dags/pricescope_pipeline.py took 0.088 seconds
[2026-08-03T14:32:56.067+0000] {processor.py:186} INFO - Started process (PID=1841) to work on /opt/airflow/dags/pricescope_pipeline.py
[2026-08-03T14:32:56.069+0000] {processor.py:914} INFO - Processing file /opt/airflow/dags/pricescope_pipeline.py for tasks to queue
[2026-08-03T14:32:56.072+0000] {logging_mixin.py:190} INFO - [2026-08-03T14:32:56.072+0000] {dagbag.py:588} INFO - Filling up the DagBag from /opt/airflow/dags/pricescope_pipeline.py
[2026-08-03T14:32:56.091+0000] {processor.py:925} INFO - DAG(s) 'pricescope_pipeline' retrieved from /opt/airflow/dags/pricescope_pipeline.py
[2026-08-03T14:32:56.111+0000] {logging_mixin.py:190} INFO - [2026-08-03T14:32:56.111+0000] {dag.py:3239} INFO - Sync 1 DAGs
[2026-08-03T14:32:56.128+0000] {logging_mixin.py:190} INFO - [2026-08-03T14:32:56.128+0000] {dag.py:4180} INFO - Setting next_dagrun for pricescope_pipeline to 2026-08-02 18:00:00+00:00, run_after=2026-08-03 06:00:00+00:00
[2026-08-03T14:32:56.142+0000] {processor.py:208} INFO - Processing /opt/airflow/dags/pricescope_pipeline.py took 0.079 seconds
[2026-08-03T14:33:26.310+0000] {processor.py:186} INFO - Started process (PID=1848) to work on /opt/airflow/dags/pricescope_pipeline.py
[2026-08-03T14:33:26.312+0000] {processor.py:914} INFO - Processing file /opt/airflow/dags/pricescope_pipeline.py for tasks to queue
[2026-08-03T14:33:26.317+0000] {logging_mixin.py:190} INFO - [2026-08-03T14:33:26.316+0000] {dagbag.py:588} INFO - Filling up the DagBag from /opt/airflow/dags/pricescope_pipeline.py
[2026-08-03T14:33:26.338+0000] {processor.py:925} INFO - DAG(s) 'pricescope_pipeline' retrieved from /opt/airflow/dags/pricescope_pipeline.py
[2026-08-03T14:33:26.356+0000] {logging_mixin.py:190} INFO - [2026-08-03T14:33:26.356+0000] {dag.py:3239} INFO - Sync 1 DAGs
[2026-08-03T14:33:26.374+0000] {logging_mixin.py:190} INFO - [2026-08-03T14:33:26.374+0000] {dag.py:4180} INFO - Setting next_dagrun for pricescope_pipeline to 2026-08-02 18:00:00+00:00, run_after=2026-08-03 06:00:00+00:00
[2026-08-03T14:33:26.391+0000] {processor.py:208} INFO - Processing /opt/airflow/dags/pricescope_pipeline.py took 0.086 seconds
[2026-08-03T14:33:56.557+0000] {processor.py:186} INFO - Started process (PID=1855) to work on /opt/airflow/dags/pricescope_pipeline.py
[2026-08-03T14:33:56.559+0000] {processor.py:914} INFO - Processing file /opt/airflow/dags/pricescope_pipeline.py for tasks to queue
[2026-08-03T14:33:56.561+0000] {logging_mixin.py:190} INFO - [2026-08-03T14:33:56.561+0000] {dagbag.py:588} INFO - Filling up the DagBag from /opt/airflow/dags/pricescope_pipeline.py
[2026-08-03T14:33:56.584+0000] {processor.py:925} INFO - DAG(s) 'pricescope_pipeline' retrieved from /opt/airflow/dags/pricescope_pipeline.py
[2026-08-03T14:33:56.610+0000] {logging_mixin.py:190} INFO - [2026-08-03T14:33:56.610+0000] {dag.py:3239} INFO - Sync 1 DAGs
[2026-08-03T14:33:56.636+0000] {logging_mixin.py:190} INFO - [2026-08-03T14:33:56.635+0000] {dag.py:4180} INFO - Setting next_dagrun for pricescope_pipeline to 2026-08-02 18:00:00+00:00, run_after=2026-08-03 06:00:00+00:00
[2026-08-03T14:33:56.704+0000] {processor.py:208} INFO - Processing /opt/airflow/dags/pricescope_pipeline.py took 0.154 seconds
[2026-08-03T14:34:26.814+0000] {processor.py:186} INFO - Started process (PID=1862) to work on /opt/airflow/dags/pricescope_pipeline.py
[2026-08-03T14:34:26.816+0000] {processor.py:914} INFO - Processing file /opt/airflow/dags/pricescope_pipeline.py for tasks to queue
[2026-08-03T14:34:26.820+0000] {logging_mixin.py:190} INFO - [2026-08-03T14:34:26.819+0000] {dagbag.py:588} INFO - Filling up the DagBag from /opt/airflow/dags/pricescope_pipeline.py
[2026-08-03T14:34:26.843+0000] {processor.py:925} INFO - DAG(s) 'pricescope_pipeline' retrieved from /opt/airflow/dags/pricescope_pipeline.py
[2026-08-03T14:34:26.869+0000] {logging_mixin.py:190} INFO - [2026-08-03T14:34:26.869+0000] {dag.py:3239} INFO - Sync 1 DAGs
[2026-08-03T14:34:26.893+0000] {logging_mixin.py:190} INFO - [2026-08-03T14:34:26.893+0000] {dag.py:4180} INFO - Setting next_dagrun for pricescope_pipeline to 2026-08-02 18:00:00+00:00, run_after=2026-08-03 06:00:00+00:00
[2026-08-03T14:34:26.915+0000] {processor.py:208} INFO - Processing /opt/airflow/dags/pricescope_pipeline.py took 0.107 seconds
[2026-08-03T14:34:57.074+0000] {processor.py:186} INFO - Started process (PID=1869) to work on /opt/airflow/dags/pricescope_pipeline.py
[2026-08-03T14:34:57.076+0000] {processor.py:914} INFO - Processing file /opt/airflow/dags/pricescope_pipeline.py for tasks to queue
[2026-08-03T14:34:57.079+0000] {logging_mixin.py:190} INFO - [2026-08-03T14:34:57.079+0000] {dagbag.py:588} INFO - Filling up the DagBag from /opt/airflow/dags/pricescope_pipeline.py
[2026-08-03T14:34:57.103+0000] {processor.py:925} INFO - DAG(s) 'pricescope_pipeline' retrieved from /opt/airflow/dags/pricescope_pipeline.py
[2026-08-03T14:34:57.123+0000] {logging_mixin.py:190} INFO - [2026-08-03T14:34:57.123+0000] {dag.py:3239} INFO - Sync 1 DAGs
[2026-08-03T14:34:57.143+0000] {logging_mixin.py:190} INFO - [2026-08-03T14:34:57.142+0000] {dag.py:4180} INFO - Setting next_dagrun for pricescope_pipeline to 2026-08-02 18:00:00+00:00, run_after=2026-08-03 06:00:00+00:00
[2026-08-03T14:34:57.158+0000] {processor.py:208} INFO - Processing /opt/airflow/dags/pricescope_pipeline.py took 0.090 seconds
[2026-08-03T14:35:27.392+0000] {processor.py:186} INFO - Started process (PID=1876) to work on /opt/airflow/dags/pricescope_pipeline.py
[2026-08-03T14:35:27.393+0000] {processor.py:914} INFO - Processing file /opt/airflow/dags/pricescope_pipeline.py for tasks to queue
[2026-08-03T14:35:27.397+0000] {logging_mixin.py:190} INFO - [2026-08-03T14:35:27.396+0000] {dagbag.py:588} INFO - Filling up the DagBag from /opt/airflow/dags/pricescope_pipeline.py
[2026-08-03T14:35:27.417+0000] {processor.py:925} INFO - DAG(s) 'pricescope_pipeline' retrieved from /opt/airflow/dags/pricescope_pipeline.py
[2026-08-03T14:35:27.438+0000] {logging_mixin.py:190} INFO - [2026-08-03T14:35:27.437+0000] {dag.py:3239} INFO - Sync 1 DAGs
[2026-08-03T14:35:27.457+0000] {logging_mixin.py:190} INFO - [2026-08-03T14:35:27.457+0000] {dag.py:4180} INFO - Setting next_dagrun for pricescope_pipeline to 2026-08-02 18:00:00+00:00, run_after=2026-08-03 06:00:00+00:00
[2026-08-03T14:35:27.476+0000] {processor.py:208} INFO - Processing /opt/airflow/dags/pricescope_pipeline.py took 0.089 seconds
[2026-08-03T14:35:57.632+0000] {processor.py:186} INFO - Started process (PID=1883) to work on /opt/airflow/dags/pricescope_pipeline.py
[2026-08-03T14:35:57.634+0000] {processor.py:914} INFO - Processing file /opt/airflow/dags/pricescope_pipeline.py for tasks to queue
[2026-08-03T14:35:57.637+0000] {logging_mixin.py:190} INFO - [2026-08-03T14:35:57.637+0000] {dagbag.py:588} INFO - Filling up the DagBag from /opt/airflow/dags/pricescope_pipeline.py
[2026-08-03T14:35:57.666+0000] {processor.py:925} INFO - DAG(s) 'pricescope_pipeline' retrieved from /opt/airflow/dags/pricescope_pipeline.py
[2026-08-03T14:35:57.697+0000] {logging_mixin.py:190} INFO - [2026-08-03T14:35:57.697+0000] {dag.py:3239} INFO - Sync 1 DAGs
[2026-08-03T14:35:57.727+0000] {logging_mixin.py:190} INFO - [2026-08-03T14:35:57.726+0000] {dag.py:4180} INFO - Setting next_dagrun for pricescope_pipeline to 2026-08-02 18:00:00+00:00, run_after=2026-08-03 06:00:00+00:00
[2026-08-03T14:35:57.752+0000] {processor.py:208} INFO - Processing /opt/airflow/dags/pricescope_pipeline.py took 0.126 seconds
[2026-08-03T14:36:27.949+0000] {processor.py:186} INFO - Started process (PID=1890) to work on /opt/airflow/dags/pricescope_pipeline.py
[2026-08-03T14:36:27.951+0000] {processor.py:914} INFO - Processing file /opt/airflow/dags/pricescope_pipeline.py for tasks to queue
[2026-08-03T14:36:27.958+0000] {logging_mixin.py:190} INFO - [2026-08-03T14:36:27.956+0000] {dagbag.py:588} INFO - Filling up the DagBag from /opt/airflow/dags/pricescope_pipeline.py
[2026-08-03T14:36:27.989+0000] {processor.py:925} INFO - DAG(s) 'pricescope_pipeline' retrieved from /opt/airflow/dags/pricescope_pipeline.py
[2026-08-03T14:36:28.011+0000] {logging_mixin.py:190} INFO - [2026-08-03T14:36:28.011+0000] {dag.py:3239} INFO - Sync 1 DAGs
[2026-08-03T14:36:28.039+0000] {logging_mixin.py:190} INFO - [2026-08-03T14:36:28.039+0000] {dag.py:4180} INFO - Setting next_dagrun for pricescope_pipeline to 2026-08-02 18:00:00+00:00, run_after=2026-08-03 06:00:00+00:00
[2026-08-03T14:36:28.058+0000] {processor.py:208} INFO - Processing /opt/airflow/dags/pricescope_pipeline.py took 0.116 seconds
[2026-08-03T14:36:58.248+0000] {processor.py:186} INFO - Started process (PID=1897) to work on /opt/airflow/dags/pricescope_pipeline.py
[2026-08-03T14:36:58.250+0000] {processor.py:914} INFO - Processing file /opt/airflow/dags/pricescope_pipeline.py for tasks to queue
[2026-08-03T14:36:58.259+0000] {logging_mixin.py:190} INFO - [2026-08-03T14:36:58.258+0000] {dagbag.py:588} INFO - Filling up the DagBag from /opt/airflow/dags/pricescope_pipeline.py
[2026-08-03T14:36:58.297+0000] {processor.py:925} INFO - DAG(s) 'pricescope_pipeline' retrieved from /opt/airflow/dags/pricescope_pipeline.py
[2026-08-03T14:36:58.328+0000] {logging_mixin.py:190} INFO - [2026-08-03T14:36:58.328+0000] {dag.py:3239} INFO - Sync 1 DAGs
[2026-08-03T14:36:58.368+0000] {logging_mixin.py:190} INFO - [2026-08-03T14:36:58.368+0000] {dag.py:4180} INFO - Setting next_dagrun for pricescope_pipeline to 2026-08-02 18:00:00+00:00, run_after=2026-08-03 06:00:00+00:00
[2026-08-03T14:36:58.401+0000] {processor.py:208} INFO - Processing /opt/airflow/dags/pricescope_pipeline.py took 0.163 seconds
[2026-08-03T14:37:28.508+0000] {processor.py:186} INFO - Started process (PID=1904) to work on /opt/airflow/dags/pricescope_pipeline.py
[2026-08-03T14:37:28.510+0000] {processor.py:914} INFO - Processing file /opt/airflow/dags/pricescope_pipeline.py for tasks to queue
[2026-08-03T14:37:28.515+0000] {logging_mixin.py:190} INFO - [2026-08-03T14:37:28.515+0000] {dagbag.py:588} INFO - Filling up the DagBag from /opt/airflow/dags/pricescope_pipeline.py
[2026-08-03T14:37:28.546+0000] {processor.py:925} INFO - DAG(s) 'pricescope_pipeline' retrieved from /opt/airflow/dags/pricescope_pipeline.py
[2026-08-03T14:37:28.574+0000] {logging_mixin.py:190} INFO - [2026-08-03T14:37:28.574+0000] {dag.py:3239} INFO - Sync 1 DAGs
[2026-08-03T14:37:28.594+0000] {logging_mixin.py:190} INFO - [2026-08-03T14:37:28.594+0000] {dag.py:4180} INFO - Setting next_dagrun for pricescope_pipeline to 2026-08-02 18:00:00+00:00, run_after=2026-08-03 06:00:00+00:00
[2026-08-03T14:37:28.610+0000] {processor.py:208} INFO - Processing /opt/airflow/dags/pricescope_pipeline.py took 0.110 seconds
[2026-08-03T14:37:58.896+0000] {processor.py:186} INFO - Started process (PID=1918) to work on /opt/airflow/dags/pricescope_pipeline.py
[2026-08-03T14:37:58.898+0000] {processor.py:914} INFO - Processing file /opt/airflow/dags/pricescope_pipeline.py for tasks to queue
[2026-08-03T14:37:58.900+0000] {logging_mixin.py:190} INFO - [2026-08-03T14:37:58.900+0000] {dagbag.py:588} INFO - Filling up the DagBag from /opt/airflow/dags/pricescope_pipeline.py
[2026-08-03T14:37:58.925+0000] {processor.py:925} INFO - DAG(s) 'pricescope_pipeline' retrieved from /opt/airflow/dags/pricescope_pipeline.py
[2026-08-03T14:37:58.942+0000] {logging_mixin.py:190} INFO - [2026-08-03T14:37:58.942+0000] {dag.py:3239} INFO - Sync 1 DAGs
[2026-08-03T14:37:58.964+0000] {logging_mixin.py:190} INFO - [2026-08-03T14:37:58.964+0000] {dag.py:4180} INFO - Setting next_dagrun for pricescope_pipeline to 2026-08-02 18:00:00+00:00, run_after=2026-08-03 06:00:00+00:00
[2026-08-03T14:37:58.985+0000] {processor.py:208} INFO - Processing /opt/airflow/dags/pricescope_pipeline.py took 0.094 seconds
[2026-08-03T14:38:29.150+0000] {processor.py:186} INFO - Started process (PID=1925) to work on /opt/airflow/dags/pricescope_pipeline.py
[2026-08-03T14:38:29.152+0000] {processor.py:914} INFO - Processing file /opt/airflow/dags/pricescope_pipeline.py for tasks to queue
[2026-08-03T14:38:29.155+0000] {logging_mixin.py:190} INFO - [2026-08-03T14:38:29.155+0000] {dagbag.py:588} INFO - Filling up the DagBag from /opt/airflow/dags/pricescope_pipeline.py
[2026-08-03T14:38:29.177+0000] {processor.py:925} INFO - DAG(s) 'pricescope_pipeline' retrieved from /opt/airflow/dags/pricescope_pipeline.py
[2026-08-03T14:38:29.197+0000] {logging_mixin.py:190} INFO - [2026-08-03T14:38:29.197+0000] {dag.py:3239} INFO - Sync 1 DAGs
[2026-08-03T14:38:29.214+0000] {logging_mixin.py:190} INFO - [2026-08-03T14:38:29.213+0000] {dag.py:4180} INFO - Setting next_dagrun for pricescope_pipeline to 2026-08-02 18:00:00+00:00, run_after=2026-08-03 06:00:00+00:00
[2026-08-03T14:38:29.228+0000] {processor.py:208} INFO - Processing /opt/airflow/dags/pricescope_pipeline.py took 0.084 seconds
[2026-08-03T14:38:59.472+0000] {processor.py:186} INFO - Started process (PID=1932) to work on /opt/airflow/dags/pricescope_pipeline.py
[2026-08-03T14:38:59.474+0000] {processor.py:914} INFO - Processing file /opt/airflow/dags/pricescope_pipeline.py for tasks to queue
[2026-08-03T14:38:59.477+0000] {logging_mixin.py:190} INFO - [2026-08-03T14:38:59.477+0000] {dagbag.py:588} INFO - Filling up the DagBag from /opt/airflow/dags/pricescope_pipeline.py
[2026-08-03T14:38:59.497+0000] {processor.py:925} INFO - DAG(s) 'pricescope_pipeline' retrieved from /opt/airflow/dags/pricescope_pipeline.py
[2026-08-03T14:38:59.519+0000] {logging_mixin.py:190} INFO - [2026-08-03T14:38:59.518+0000] {dag.py:3239} INFO - Sync 1 DAGs
[2026-08-03T14:38:59.542+0000] {logging_mixin.py:190} INFO - [2026-08-03T14:38:59.542+0000] {dag.py:4180} INFO - Setting next_dagrun for pricescope_pipeline to 2026-08-02 18:00:00+00:00, run_after=2026-08-03 06:00:00+00:00
[2026-08-03T14:38:59.558+0000] {processor.py:208} INFO - Processing /opt/airflow/dags/pricescope_pipeline.py took 0.090 seconds
[2026-08-03T14:39:29.711+0000] {processor.py:186} INFO - Started process (PID=1939) to work on /opt/airflow/dags/pricescope_pipeline.py
[2026-08-03T14:39:29.713+0000] {processor.py:914} INFO - Processing file /opt/airflow/dags/pricescope_pipeline.py for tasks to queue
[2026-08-03T14:39:29.717+0000] {logging_mixin.py:190} INFO - [2026-08-03T14:39:29.716+0000] {dagbag.py:588} INFO - Filling up the DagBag from /opt/airflow/dags/pricescope_pipeline.py
[2026-08-03T14:39:29.754+0000] {processor.py:925} INFO - DAG(s) 'pricescope_pipeline' retrieved from /opt/airflow/dags/pricescope_pipeline.py
[2026-08-03T14:39:29.790+0000] {logging_mixin.py:190} INFO - [2026-08-03T14:39:29.790+0000] {dag.py:3239} INFO - Sync 1 DAGs
[2026-08-03T14:39:29.822+0000] {logging_mixin.py:190} INFO - [2026-08-03T14:39:29.822+0000] {dag.py:4180} INFO - Setting next_dagrun for pricescope_pipeline to 2026-08-02 18:00:00+00:00, run_after=2026-08-03 06:00:00+00:00
[2026-08-03T14:39:29.849+0000] {processor.py:208} INFO - Processing /opt/airflow/dags/pricescope_pipeline.py took 0.148 seconds
[2026-08-03T14:40:00.039+0000] {processor.py:186} INFO - Started process (PID=1947) to work on /opt/airflow/dags/pricescope_pipeline.py
[2026-08-03T14:40:00.042+0000] {processor.py:914} INFO - Processing file /opt/airflow/dags/pricescope_pipeline.py for tasks to queue
[2026-08-03T14:40:00.047+0000] {logging_mixin.py:190} INFO - [2026-08-03T14:40:00.046+0000] {dagbag.py:588} INFO - Filling up the DagBag from /opt/airflow/dags/pricescope_pipeline.py
[2026-08-03T14:40:00.086+0000] {processor.py:925} INFO - DAG(s) 'pricescope_pipeline' retrieved from /opt/airflow/dags/pricescope_pipeline.py
[2026-08-03T14:40:00.117+0000] {logging_mixin.py:190} INFO - [2026-08-03T14:40:00.117+0000] {dag.py:3239} INFO - Sync 1 DAGs
[2026-08-03T14:40:00.146+0000] {logging_mixin.py:190} INFO - [2026-08-03T14:40:00.146+0000] {dag.py:4180} INFO - Setting next_dagrun for pricescope_pipeline to 2026-08-02 18:00:00+00:00, run_after=2026-08-03 06:00:00+00:00
[2026-08-03T14:40:00.168+0000] {processor.py:208} INFO - Processing /opt/airflow/dags/pricescope_pipeline.py took 0.140 seconds
[2026-08-03T14:40:30.326+0000] {processor.py:186} INFO - Started process (PID=1955) to work on /opt/airflow/dags/pricescope_pipeline.py
[2026-08-03T14:40:30.327+0000] {processor.py:914} INFO - Processing file /opt/airflow/dags/pricescope_pipeline.py for tasks to queue
[2026-08-03T14:40:30.330+0000] {logging_mixin.py:190} INFO - [2026-08-03T14:40:30.329+0000] {dagbag.py:588} INFO - Filling up the DagBag from /opt/airflow/dags/pricescope_pipeline.py
[2026-08-03T14:40:30.350+0000] {processor.py:925} INFO - DAG(s) 'pricescope_pipeline' retrieved from /opt/airflow/dags/pricescope_pipeline.py
[2026-08-03T14:40:30.371+0000] {logging_mixin.py:190} INFO - [2026-08-03T14:40:30.371+0000] {dag.py:3239} INFO - Sync 1 DAGs
[2026-08-03T14:40:30.393+0000] {logging_mixin.py:190} INFO - [2026-08-03T14:40:30.392+0000] {dag.py:4180} INFO - Setting next_dagrun for pricescope_pipeline to 2026-08-02 18:00:00+00:00, run_after=2026-08-03 06:00:00+00:00
[2026-08-03T14:40:30.410+0000] {processor.py:208} INFO - Processing /opt/airflow/dags/pricescope_pipeline.py took 0.089 seconds
[2026-08-03T14:41:00.636+0000] {processor.py:186} INFO - Started process (PID=1962) to work on /opt/airflow/dags/pricescope_pipeline.py
[2026-08-03T14:41:00.638+0000] {processor.py:914} INFO - Processing file /opt/airflow/dags/pricescope_pipeline.py for tasks to queue
[2026-08-03T14:41:00.641+0000] {logging_mixin.py:190} INFO - [2026-08-03T14:41:00.641+0000] {dagbag.py:588} INFO - Filling up the DagBag from /opt/airflow/dags/pricescope_pipeline.py
[2026-08-03T14:41:00.663+0000] {processor.py:925} INFO - DAG(s) 'pricescope_pipeline' retrieved from /opt/airflow/dags/pricescope_pipeline.py
[2026-08-03T14:41:00.681+0000] {logging_mixin.py:190} INFO - [2026-08-03T14:41:00.681+0000] {dag.py:3239} INFO - Sync 1 DAGs
[2026-08-03T14:41:00.700+0000] {logging_mixin.py:190} INFO - [2026-08-03T14:41:00.700+0000] {dag.py:4180} INFO - Setting next_dagrun for pricescope_pipeline to 2026-08-02 18:00:00+00:00, run_after=2026-08-03 06:00:00+00:00
[2026-08-03T14:41:00.715+0000] {processor.py:208} INFO - Processing /opt/airflow/dags/pricescope_pipeline.py took 0.083 seconds
[2026-08-03T14:41:30.891+0000] {processor.py:186} INFO - Started process (PID=1969) to work on /opt/airflow/dags/pricescope_pipeline.py
[2026-08-03T14:41:30.893+0000] {processor.py:914} INFO - Processing file /opt/airflow/dags/pricescope_pipeline.py for tasks to queue
[2026-08-03T14:41:30.896+0000] {logging_mixin.py:190} INFO - [2026-08-03T14:41:30.895+0000] {dagbag.py:588} INFO - Filling up the DagBag from /opt/airflow/dags/pricescope_pipeline.py
[2026-08-03T14:41:30.918+0000] {processor.py:925} INFO - DAG(s) 'pricescope_pipeline' retrieved from /opt/airflow/dags/pricescope_pipeline.py
[2026-08-03T14:41:30.939+0000] {logging_mixin.py:190} INFO - [2026-08-03T14:41:30.939+0000] {dag.py:3239} INFO - Sync 1 DAGs
[2026-08-03T14:41:30.960+0000] {logging_mixin.py:190} INFO - [2026-08-03T14:41:30.960+0000] {dag.py:4180} INFO - Setting next_dagrun for pricescope_pipeline to 2026-08-02 18:00:00+00:00, run_after=2026-08-03 06:00:00+00:00
[2026-08-03T14:41:30.976+0000] {processor.py:208} INFO - Processing /opt/airflow/dags/pricescope_pipeline.py took 0.091 seconds
[2026-08-03T14:42:01.194+0000] {processor.py:186} INFO - Started process (PID=1976) to work on /opt/airflow/dags/pricescope_pipeline.py
[2026-08-03T14:42:01.196+0000] {processor.py:914} INFO - Processing file /opt/airflow/dags/pricescope_pipeline.py for tasks to queue
[2026-08-03T14:42:01.201+0000] {logging_mixin.py:190} INFO - [2026-08-03T14:42:01.200+0000] {dagbag.py:588} INFO - Filling up the DagBag from /opt/airflow/dags/pricescope_pipeline.py
[2026-08-03T14:42:01.222+0000] {processor.py:925} INFO - DAG(s) 'pricescope_pipeline' retrieved from /opt/airflow/dags/pricescope_pipeline.py
[2026-08-03T14:42:01.243+0000] {logging_mixin.py:190} INFO - [2026-08-03T14:42:01.243+0000] {dag.py:3239} INFO - Sync 1 DAGs
[2026-08-03T14:42:01.266+0000] {logging_mixin.py:190} INFO - [2026-08-03T14:42:01.266+0000] {dag.py:4180} INFO - Setting next_dagrun for pricescope_pipeline to 2026-08-02 18:00:00+00:00, run_after=2026-08-03 06:00:00+00:00
[2026-08-03T14:42:01.282+0000] {processor.py:208} INFO - Processing /opt/airflow/dags/pricescope_pipeline.py took 0.092 seconds
[2026-08-03T14:42:31.437+0000] {processor.py:186} INFO - Started process (PID=1984) to work on /opt/airflow/dags/pricescope_pipeline.py
[2026-08-03T14:42:31.440+0000] {processor.py:914} INFO - Processing file /opt/airflow/dags/pricescope_pipeline.py for tasks to queue
[2026-08-03T14:42:31.443+0000] {logging_mixin.py:190} INFO - [2026-08-03T14:42:31.442+0000] {dagbag.py:588} INFO - Filling up the DagBag from /opt/airflow/dags/pricescope_pipeline.py
[2026-08-03T14:42:31.467+0000] {processor.py:925} INFO - DAG(s) 'pricescope_pipeline' retrieved from /opt/airflow/dags/pricescope_pipeline.py
[2026-08-03T14:42:31.488+0000] {logging_mixin.py:190} INFO - [2026-08-03T14:42:31.487+0000] {dag.py:3239} INFO - Sync 1 DAGs
[2026-08-03T14:42:31.506+0000] {logging_mixin.py:190} INFO - [2026-08-03T14:42:31.506+0000] {dag.py:4180} INFO - Setting next_dagrun for pricescope_pipeline to 2026-08-02 18:00:00+00:00, run_after=2026-08-03 06:00:00+00:00
[2026-08-03T14:42:31.521+0000] {processor.py:208} INFO - Processing /opt/airflow/dags/pricescope_pipeline.py took 0.088 seconds
[2026-08-03T14:43:01.812+0000] {processor.py:186} INFO - Started process (PID=1991) to work on /opt/airflow/dags/pricescope_pipeline.py
[2026-08-03T14:43:01.814+0000] {processor.py:914} INFO - Processing file /opt/airflow/dags/pricescope_pipeline.py for tasks to queue
[2026-08-03T14:43:01.816+0000] {logging_mixin.py:190} INFO - [2026-08-03T14:43:01.816+0000] {dagbag.py:588} INFO - Filling up the DagBag from /opt/airflow/dags/pricescope_pipeline.py
[2026-08-03T14:43:01.839+0000] {processor.py:925} INFO - DAG(s) 'pricescope_pipeline' retrieved from /opt/airflow/dags/pricescope_pipeline.py
[2026-08-03T14:43:01.859+0000] {logging_mixin.py:190} INFO - [2026-08-03T14:43:01.858+0000] {dag.py:3239} INFO - Sync 1 DAGs
[2026-08-03T14:43:01.878+0000] {logging_mixin.py:190} INFO - [2026-08-03T14:43:01.878+0000] {dag.py:4180} INFO - Setting next_dagrun for pricescope_pipeline to 2026-08-02 18:00:00+00:00, run_after=2026-08-03 06:00:00+00:00
[2026-08-03T14:43:01.893+0000] {processor.py:208} INFO - Processing /opt/airflow/dags/pricescope_pipeline.py took 0.087 seconds
[2026-08-03T14:43:32.057+0000] {processor.py:186} INFO - Started process (PID=1998) to work on /opt/airflow/dags/pricescope_pipeline.py
[2026-08-03T14:43:32.059+0000] {processor.py:914} INFO - Processing file /opt/airflow/dags/pricescope_pipeline.py for tasks to queue
[2026-08-03T14:43:32.062+0000] {logging_mixin.py:190} INFO - [2026-08-03T14:43:32.061+0000] {dagbag.py:588} INFO - Filling up the DagBag from /opt/airflow/dags/pricescope_pipeline.py
[2026-08-03T14:43:32.084+0000] {processor.py:925} INFO - DAG(s) 'pricescope_pipeline' retrieved from /opt/airflow/dags/pricescope_pipeline.py
[2026-08-03T14:43:32.105+0000] {logging_mixin.py:190} INFO - [2026-08-03T14:43:32.104+0000] {dag.py:3239} INFO - Sync 1 DAGs
[2026-08-03T14:43:32.124+0000] {logging_mixin.py:190} INFO - [2026-08-03T14:43:32.124+0000] {dag.py:4180} INFO - Setting next_dagrun for pricescope_pipeline to 2026-08-02 18:00:00+00:00, run_after=2026-08-03 06:00:00+00:00
[2026-08-03T14:43:32.143+0000] {processor.py:208} INFO - Processing /opt/airflow/dags/pricescope_pipeline.py took 0.092 seconds
[2026-08-03T14:44:02.358+0000] {processor.py:186} INFO - Started process (PID=2005) to work on /opt/airflow/dags/pricescope_pipeline.py
[2026-08-03T14:44:02.360+0000] {processor.py:914} INFO - Processing file /opt/airflow/dags/pricescope_pipeline.py for tasks to queue
[2026-08-03T14:44:02.363+0000] {logging_mixin.py:190} INFO - [2026-08-03T14:44:02.363+0000] {dagbag.py:588} INFO - Filling up the DagBag from /opt/airflow/dags/pricescope_pipeline.py
[2026-08-03T14:44:02.388+0000] {processor.py:925} INFO - DAG(s) 'pricescope_pipeline' retrieved from /opt/airflow/dags/pricescope_pipeline.py
[2026-08-03T14:44:02.412+0000] {logging_mixin.py:190} INFO - [2026-08-03T14:44:02.411+0000] {dag.py:3239} INFO - Sync 1 DAGs
[2026-08-03T14:44:02.438+0000] {logging_mixin.py:190} INFO - [2026-08-03T14:44:02.437+0000] {dag.py:4180} INFO - Setting next_dagrun for pricescope_pipeline to 2026-08-02 18:00:00+00:00, run_after=2026-08-03 06:00:00+00:00
[2026-08-03T14:44:02.455+0000] {processor.py:208} INFO - Processing /opt/airflow/dags/pricescope_pipeline.py took 0.102 seconds
[2026-08-03T14:44:32.630+0000] {processor.py:186} INFO - Started process (PID=2012) to work on /opt/airflow/dags/pricescope_pipeline.py
[2026-08-03T14:44:32.633+0000] {processor.py:914} INFO - Processing file /opt/airflow/dags/pricescope_pipeline.py for tasks to queue
[2026-08-03T14:44:32.637+0000] {logging_mixin.py:190} INFO - [2026-08-03T14:44:32.637+0000] {dagbag.py:588} INFO - Filling up the DagBag from /opt/airflow/dags/pricescope_pipeline.py
[2026-08-03T14:44:32.675+0000] {processor.py:925} INFO - DAG(s) 'pricescope_pipeline' retrieved from /opt/airflow/dags/pricescope_pipeline.py
[2026-08-03T14:44:32.706+0000] {logging_mixin.py:190} INFO - [2026-08-03T14:44:32.705+0000] {dag.py:3239} INFO - Sync 1 DAGs
[2026-08-03T14:44:32.737+0000] {logging_mixin.py:190} INFO - [2026-08-03T14:44:32.737+0000] {dag.py:4180} INFO - Setting next_dagrun for pricescope_pipeline to 2026-08-02 18:00:00+00:00, run_after=2026-08-03 06:00:00+00:00
[2026-08-03T14:44:32.768+0000] {processor.py:208} INFO - Processing /opt/airflow/dags/pricescope_pipeline.py took 0.147 seconds
[2026-08-03T14:45:02.927+0000] {processor.py:186} INFO - Started process (PID=2018) to work on /opt/airflow/dags/pricescope_pipeline.py
[2026-08-03T14:45:02.928+0000] {processor.py:914} INFO - Processing file /opt/airflow/dags/pricescope_pipeline.py for tasks to queue
[2026-08-03T14:45:02.932+0000] {logging_mixin.py:190} INFO - [2026-08-03T14:45:02.931+0000] {dagbag.py:588} INFO - Filling up the DagBag from /opt/airflow/dags/pricescope_pipeline.py
[2026-08-03T14:45:02.957+0000] {processor.py:925} INFO - DAG(s) 'pricescope_pipeline' retrieved from /opt/airflow/dags/pricescope_pipeline.py
[2026-08-03T14:45:02.980+0000] {logging_mixin.py:190} INFO - [2026-08-03T14:45:02.980+0000] {dag.py:3239} INFO - Sync 1 DAGs
[2026-08-03T14:45:03.000+0000] {logging_mixin.py:190} INFO - [2026-08-03T14:45:02.999+0000] {dag.py:4180} INFO - Setting next_dagrun for pricescope_pipeline to 2026-08-02 18:00:00+00:00, run_after=2026-08-03 06:00:00+00:00
[2026-08-03T14:45:03.016+0000] {processor.py:208} INFO - Processing /opt/airflow/dags/pricescope_pipeline.py took 0.096 seconds
[2026-08-03T14:45:33.254+0000] {processor.py:186} INFO - Started process (PID=2025) to work on /opt/airflow/dags/pricescope_pipeline.py
[2026-08-03T14:45:33.256+0000] {processor.py:914} INFO - Processing file /opt/airflow/dags/pricescope_pipeline.py for tasks to queue
[2026-08-03T14:45:33.261+0000] {logging_mixin.py:190} INFO - [2026-08-03T14:45:33.260+0000] {dagbag.py:588} INFO - Filling up the DagBag from /opt/airflow/dags/pricescope_pipeline.py
[2026-08-03T14:45:33.289+0000] {processor.py:925} INFO - DAG(s) 'pricescope_pipeline' retrieved from /opt/airflow/dags/pricescope_pipeline.py
[2026-08-03T14:45:33.314+0000] {logging_mixin.py:190} INFO - [2026-08-03T14:45:33.313+0000] {dag.py:3239} INFO - Sync 1 DAGs
[2026-08-03T14:45:33.334+0000] {logging_mixin.py:190} INFO - [2026-08-03T14:45:33.334+0000] {dag.py:4180} INFO - Setting next_dagrun for pricescope_pipeline to 2026-08-02 18:00:00+00:00, run_after=2026-08-03 06:00:00+00:00
[2026-08-03T14:45:33.351+0000] {processor.py:208} INFO - Processing /opt/airflow/dags/pricescope_pipeline.py took 0.103 seconds
[2026-08-03T14:46:03.513+0000] {processor.py:186} INFO - Started process (PID=2032) to work on /opt/airflow/dags/pricescope_pipeline.py
[2026-08-03T14:46:03.515+0000] {processor.py:914} INFO - Processing file /opt/airflow/dags/pricescope_pipeline.py for tasks to queue
[2026-08-03T14:46:03.518+0000] {logging_mixin.py:190} INFO - [2026-08-03T14:46:03.518+0000] {dagbag.py:588} INFO - Filling up the DagBag from /opt/airflow/dags/pricescope_pipeline.py
[2026-08-03T14:46:03.541+0000] {processor.py:925} INFO - DAG(s) 'pricescope_pipeline' retrieved from /opt/airflow/dags/pricescope_pipeline.py
[2026-08-03T14:46:03.564+0000] {logging_mixin.py:190} INFO - [2026-08-03T14:46:03.564+0000] {dag.py:3239} INFO - Sync 1 DAGs
[2026-08-03T14:46:03.589+0000] {logging_mixin.py:190} INFO - [2026-08-03T14:46:03.588+0000] {dag.py:4180} INFO - Setting next_dagrun for pricescope_pipeline to 2026-08-02 18:00:00+00:00, run_after=2026-08-03 06:00:00+00:00
[2026-08-03T14:46:03.610+0000] {processor.py:208} INFO - Processing /opt/airflow/dags/pricescope_pipeline.py took 0.103 seconds
[2026-08-03T14:46:33.840+0000] {processor.py:186} INFO - Started process (PID=2039) to work on /opt/airflow/dags/pricescope_pipeline.py
[2026-08-03T14:46:33.843+0000] {processor.py:914} INFO - Processing file /opt/airflow/dags/pricescope_pipeline.py for tasks to queue
[2026-08-03T14:46:33.851+0000] {logging_mixin.py:190} INFO - [2026-08-03T14:46:33.850+0000] {dagbag.py:588} INFO - Filling up the DagBag from /opt/airflow/dags/pricescope_pipeline.py
[2026-08-03T14:46:33.888+0000] {processor.py:925} INFO - DAG(s) 'pricescope_pipeline' retrieved from /opt/airflow/dags/pricescope_pipeline.py
[2026-08-03T14:46:33.925+0000] {logging_mixin.py:190} INFO - [2026-08-03T14:46:33.925+0000] {dag.py:3239} INFO - Sync 1 DAGs
[2026-08-03T14:46:33.954+0000] {logging_mixin.py:190} INFO - [2026-08-03T14:46:33.954+0000] {dag.py:4180} INFO - Setting next_dagrun for pricescope_pipeline to 2026-08-02 18:00:00+00:00, run_after=2026-08-03 06:00:00+00:00
[2026-08-03T14:46:33.983+0000] {processor.py:208} INFO - Processing /opt/airflow/dags/pricescope_pipeline.py took 0.155 seconds
[2026-08-03T14:47:04.092+0000] {processor.py:186} INFO - Started process (PID=2046) to work on /opt/airflow/dags/pricescope_pipeline.py
[2026-08-03T14:47:04.095+0000] {processor.py:914} INFO - Processing file /opt/airflow/dags/pricescope_pipeline.py for tasks to queue
[2026-08-03T14:47:04.098+0000] {logging_mixin.py:190} INFO - [2026-08-03T14:47:04.097+0000] {dagbag.py:588} INFO - Filling up the DagBag from /opt/airflow/dags/pricescope_pipeline.py
[2026-08-03T14:47:04.121+0000] {processor.py:925} INFO - DAG(s) 'pricescope_pipeline' retrieved from /opt/airflow/dags/pricescope_pipeline.py
[2026-08-03T14:47:04.140+0000] {logging_mixin.py:190} INFO - [2026-08-03T14:47:04.140+0000] {dag.py:3239} INFO - Sync 1 DAGs
[2026-08-03T14:47:04.158+0000] {logging_mixin.py:190} INFO - [2026-08-03T14:47:04.158+0000] {dag.py:4180} INFO - Setting next_dagrun for pricescope_pipeline to 2026-08-02 18:00:00+00:00, run_after=2026-08-03 06:00:00+00:00
[2026-08-03T14:47:04.177+0000] {processor.py:208} INFO - Processing /opt/airflow/dags/pricescope_pipeline.py took 0.089 seconds
[2026-08-03T14:47:34.315+0000] {processor.py:186} INFO - Started process (PID=2054) to work on /opt/airflow/dags/pricescope_pipeline.py
[2026-08-03T14:47:34.317+0000] {processor.py:914} INFO - Processing file /opt/airflow/dags/pricescope_pipeline.py for tasks to queue
[2026-08-03T14:47:34.319+0000] {logging_mixin.py:190} INFO - [2026-08-03T14:47:34.319+0000] {dagbag.py:588} INFO - Filling up the DagBag from /opt/airflow/dags/pricescope_pipeline.py
[2026-08-03T14:47:34.340+0000] {processor.py:925} INFO - DAG(s) 'pricescope_pipeline' retrieved from /opt/airflow/dags/pricescope_pipeline.py
[2026-08-03T14:47:34.358+0000] {logging_mixin.py:190} INFO - [2026-08-03T14:47:34.358+0000] {dag.py:3239} INFO - Sync 1 DAGs
[2026-08-03T14:47:34.376+0000] {logging_mixin.py:190} INFO - [2026-08-03T14:47:34.375+0000] {dag.py:4180} INFO - Setting next_dagrun for pricescope_pipeline to 2026-08-02 18:00:00+00:00, run_after=2026-08-03 06:00:00+00:00
[2026-08-03T14:47:34.390+0000] {processor.py:208} INFO - Processing /opt/airflow/dags/pricescope_pipeline.py took 0.080 seconds
[2026-08-03T14:48:04.671+0000] {processor.py:186} INFO - Started process (PID=2061) to work on /opt/airflow/dags/pricescope_pipeline.py
[2026-08-03T14:48:04.673+0000] {processor.py:914} INFO - Processing file /opt/airflow/dags/pricescope_pipeline.py for tasks to queue
[2026-08-03T14:48:04.676+0000] {logging_mixin.py:190} INFO - [2026-08-03T14:48:04.676+0000] {dagbag.py:588} INFO - Filling up the DagBag from /opt/airflow/dags/pricescope_pipeline.py
[2026-08-03T14:48:04.695+0000] {processor.py:925} INFO - DAG(s) 'pricescope_pipeline' retrieved from /opt/airflow/dags/pricescope_pipeline.py
[2026-08-03T14:48:04.715+0000] {logging_mixin.py:190} INFO - [2026-08-03T14:48:04.715+0000] {dag.py:3239} INFO - Sync 1 DAGs
[2026-08-03T14:48:04.734+0000] {logging_mixin.py:190} INFO - [2026-08-03T14:48:04.734+0000] {dag.py:4180} INFO - Setting next_dagrun for pricescope_pipeline to 2026-08-02 18:00:00+00:00, run_after=2026-08-03 06:00:00+00:00
[2026-08-03T14:48:04.753+0000] {processor.py:208} INFO - Processing /opt/airflow/dags/pricescope_pipeline.py took 0.086 seconds
[2026-08-03T14:48:34.902+0000] {processor.py:186} INFO - Started process (PID=2068) to work on /opt/airflow/dags/pricescope_pipeline.py
[2026-08-03T14:48:34.904+0000] {processor.py:914} INFO - Processing file /opt/airflow/dags/pricescope_pipeline.py for tasks to queue
[2026-08-03T14:48:34.907+0000] {logging_mixin.py:190} INFO - [2026-08-03T14:48:34.906+0000] {dagbag.py:588} INFO - Filling up the DagBag from /opt/airflow/dags/pricescope_pipeline.py
[2026-08-03T14:48:34.927+0000] {processor.py:925} INFO - DAG(s) 'pricescope_pipeline' retrieved from /opt/airflow/dags/pricescope_pipeline.py
[2026-08-03T14:48:34.946+0000] {logging_mixin.py:190} INFO - [2026-08-03T14:48:34.946+0000] {dag.py:3239} INFO - Sync 1 DAGs
[2026-08-03T14:48:34.965+0000] {logging_mixin.py:190} INFO - [2026-08-03T14:48:34.965+0000] {dag.py:4180} INFO - Setting next_dagrun for pricescope_pipeline to 2026-08-02 18:00:00+00:00, run_after=2026-08-03 06:00:00+00:00
[2026-08-03T14:48:34.981+0000] {processor.py:208} INFO - Processing /opt/airflow/dags/pricescope_pipeline.py took 0.085 seconds
[2026-08-03T14:49:05.234+0000] {processor.py:186} INFO - Started process (PID=2076) to work on /opt/airflow/dags/pricescope_pipeline.py
[2026-08-03T14:49:05.237+0000] {processor.py:914} INFO - Processing file /opt/airflow/dags/pricescope_pipeline.py for tasks to queue
[2026-08-03T14:49:05.240+0000] {logging_mixin.py:190} INFO - [2026-08-03T14:49:05.239+0000] {dagbag.py:588} INFO - Filling up the DagBag from /opt/airflow/dags/pricescope_pipeline.py
[2026-08-03T14:49:05.266+0000] {processor.py:925} INFO - DAG(s) 'pricescope_pipeline' retrieved from /opt/airflow/dags/pricescope_pipeline.py
[2026-08-03T14:49:05.291+0000] {logging_mixin.py:190} INFO - [2026-08-03T14:49:05.291+0000] {dag.py:3239} INFO - Sync 1 DAGs
[2026-08-03T14:49:05.315+0000] {logging_mixin.py:190} INFO - [2026-08-03T14:49:05.315+0000] {dag.py:4180} INFO - Setting next_dagrun for pricescope_pipeline to 2026-08-02 18:00:00+00:00, run_after=2026-08-03 06:00:00+00:00
[2026-08-03T14:49:05.340+0000] {processor.py:208} INFO - Processing /opt/airflow/dags/pricescope_pipeline.py took 0.111 seconds
[2026-08-03T14:49:35.494+0000] {processor.py:186} INFO - Started process (PID=2083) to work on /opt/airflow/dags/pricescope_pipeline.py
[2026-08-03T14:49:35.496+0000] {processor.py:914} INFO - Processing file /opt/airflow/dags/pricescope_pipeline.py for tasks to queue
[2026-08-03T14:49:35.499+0000] {logging_mixin.py:190} INFO - [2026-08-03T14:49:35.499+0000] {dagbag.py:588} INFO - Filling up the DagBag from /opt/airflow/dags/pricescope_pipeline.py
[2026-08-03T14:49:35.520+0000] {processor.py:925} INFO - DAG(s) 'pricescope_pipeline' retrieved from /opt/airflow/dags/pricescope_pipeline.py
[2026-08-03T14:49:35.539+0000] {logging_mixin.py:190} INFO - [2026-08-03T14:49:35.538+0000] {dag.py:3239} INFO - Sync 1 DAGs
[2026-08-03T14:49:35.557+0000] {logging_mixin.py:190} INFO - [2026-08-03T14:49:35.556+0000] {dag.py:4180} INFO - Setting next_dagrun for pricescope_pipeline to 2026-08-02 18:00:00+00:00, run_after=2026-08-03 06:00:00+00:00
[2026-08-03T14:49:35.577+0000] {processor.py:208} INFO - Processing /opt/airflow/dags/pricescope_pipeline.py took 0.088 seconds
[2026-08-03T14:50:05.865+0000] {processor.py:186} INFO - Started process (PID=2090) to work on /opt/airflow/dags/pricescope_pipeline.py
[2026-08-03T14:50:05.867+0000] {processor.py:914} INFO - Processing file /opt/airflow/dags/pricescope_pipeline.py for tasks to queue
[2026-08-03T14:50:05.871+0000] {logging_mixin.py:190} INFO - [2026-08-03T14:50:05.871+0000] {dagbag.py:588} INFO - Filling up the DagBag from /opt/airflow/dags/pricescope_pipeline.py
[2026-08-03T14:50:05.899+0000] {processor.py:925} INFO - DAG(s) 'pricescope_pipeline' retrieved from /opt/airflow/dags/pricescope_pipeline.py
[2026-08-03T14:50:05.930+0000] {logging_mixin.py:190} INFO - [2026-08-03T14:50:05.930+0000] {dag.py:3239} INFO - Sync 1 DAGs
[2026-08-03T14:50:05.955+0000] {logging_mixin.py:190} INFO - [2026-08-03T14:50:05.955+0000] {dag.py:4180} INFO - Setting next_dagrun for pricescope_pipeline to 2026-08-02 18:00:00+00:00, run_after=2026-08-03 06:00:00+00:00
[2026-08-03T14:50:05.976+0000] {processor.py:208} INFO - Processing /opt/airflow/dags/pricescope_pipeline.py took 0.120 seconds
[2026-08-03T14:50:36.097+0000] {processor.py:186} INFO - Started process (PID=2097) to work on /opt/airflow/dags/pricescope_pipeline.py
[2026-08-03T14:50:36.099+0000] {processor.py:914} INFO - Processing file /opt/airflow/dags/pricescope_pipeline.py for tasks to queue
[2026-08-03T14:50:36.104+0000] {logging_mixin.py:190} INFO - [2026-08-03T14:50:36.103+0000] {dagbag.py:588} INFO - Filling up the DagBag from /opt/airflow/dags/pricescope_pipeline.py
[2026-08-03T14:50:36.131+0000] {processor.py:925} INFO - DAG(s) 'pricescope_pipeline' retrieved from /opt/airflow/dags/pricescope_pipeline.py
[2026-08-03T14:50:36.156+0000] {logging_mixin.py:190} INFO - [2026-08-03T14:50:36.156+0000] {dag.py:3239} INFO - Sync 1 DAGs
[2026-08-03T14:50:36.180+0000] {logging_mixin.py:190} INFO - [2026-08-03T14:50:36.180+0000] {dag.py:4180} INFO - Setting next_dagrun for pricescope_pipeline to 2026-08-02 18:00:00+00:00, run_after=2026-08-03 06:00:00+00:00
[2026-08-03T14:50:36.206+0000] {processor.py:208} INFO - Processing /opt/airflow/dags/pricescope_pipeline.py took 0.116 seconds
[2026-08-03T14:51:06.455+0000] {processor.py:186} INFO - Started process (PID=2104) to work on /opt/airflow/dags/pricescope_pipeline.py
[2026-08-03T14:51:06.457+0000] {processor.py:914} INFO - Processing file /opt/airflow/dags/pricescope_pipeline.py for tasks to queue
[2026-08-03T14:51:06.461+0000] {logging_mixin.py:190} INFO - [2026-08-03T14:51:06.460+0000] {dagbag.py:588} INFO - Filling up the DagBag from /opt/airflow/dags/pricescope_pipeline.py
[2026-08-03T14:51:06.482+0000] {processor.py:925} INFO - DAG(s) 'pricescope_pipeline' retrieved from /opt/airflow/dags/pricescope_pipeline.py
[2026-08-03T14:51:06.503+0000] {logging_mixin.py:190} INFO - [2026-08-03T14:51:06.502+0000] {dag.py:3239} INFO - Sync 1 DAGs
[2026-08-03T14:51:06.523+0000] {logging_mixin.py:190} INFO - [2026-08-03T14:51:06.523+0000] {dag.py:4180} INFO - Setting next_dagrun for pricescope_pipeline to 2026-08-02 18:00:00+00:00, run_after=2026-08-03 06:00:00+00:00
[2026-08-03T14:51:06.539+0000] {processor.py:208} INFO - Processing /opt/airflow/dags/pricescope_pipeline.py took 0.089 seconds
[2026-08-03T14:51:36.719+0000] {processor.py:186} INFO - Started process (PID=2111) to work on /opt/airflow/dags/pricescope_pipeline.py
[2026-08-03T14:51:36.721+0000] {processor.py:914} INFO - Processing file /opt/airflow/dags/pricescope_pipeline.py for tasks to queue
[2026-08-03T14:51:36.724+0000] {logging_mixin.py:190} INFO - [2026-08-03T14:51:36.724+0000] {dagbag.py:588} INFO - Filling up the DagBag from /opt/airflow/dags/pricescope_pipeline.py
[2026-08-03T14:51:36.752+0000] {processor.py:925} INFO - DAG(s) 'pricescope_pipeline' retrieved from /opt/airflow/dags/pricescope_pipeline.py
[2026-08-03T14:51:36.780+0000] {logging_mixin.py:190} INFO - [2026-08-03T14:51:36.779+0000] {dag.py:3239} INFO - Sync 1 DAGs
[2026-08-03T14:51:36.805+0000] {logging_mixin.py:190} INFO - [2026-08-03T14:51:36.804+0000] {dag.py:4180} INFO - Setting next_dagrun for pricescope_pipeline to 2026-08-02 18:00:00+00:00, run_after=2026-08-03 06:00:00+00:00
[2026-08-03T14:51:36.827+0000] {processor.py:208} INFO - Processing /opt/airflow/dags/pricescope_pipeline.py took 0.115 seconds
[2026-08-03T14:52:07.019+0000] {processor.py:186} INFO - Started process (PID=2118) to work on /opt/airflow/dags/pricescope_pipeline.py
[2026-08-03T14:52:07.021+0000] {processor.py:914} INFO - Processing file /opt/airflow/dags/pricescope_pipeline.py for tasks to queue
[2026-08-03T14:52:07.024+0000] {logging_mixin.py:190} INFO - [2026-08-03T14:52:07.024+0000] {dagbag.py:588} INFO - Filling up the DagBag from /opt/airflow/dags/pricescope_pipeline.py
[2026-08-03T14:52:07.054+0000] {processor.py:925} INFO - DAG(s) 'pricescope_pipeline' retrieved from /opt/airflow/dags/pricescope_pipeline.py
[2026-08-03T14:52:07.081+0000] {logging_mixin.py:190} INFO - [2026-08-03T14:52:07.081+0000] {dag.py:3239} INFO - Sync 1 DAGs
[2026-08-03T14:52:07.111+0000] {logging_mixin.py:190} INFO - [2026-08-03T14:52:07.111+0000] {dag.py:4180} INFO - Setting next_dagrun for pricescope_pipeline to 2026-08-02 18:00:00+00:00, run_after=2026-08-03 06:00:00+00:00
[2026-08-03T14:52:07.136+0000] {processor.py:208} INFO - Processing /opt/airflow/dags/pricescope_pipeline.py took 0.124 seconds
[2026-08-03T14:52:37.303+0000] {processor.py:186} INFO - Started process (PID=2125) to work on /opt/airflow/dags/pricescope_pipeline.py
[2026-08-03T14:52:37.305+0000] {processor.py:914} INFO - Processing file /opt/airflow/dags/pricescope_pipeline.py for tasks to queue
[2026-08-03T14:52:37.308+0000] {logging_mixin.py:190} INFO - [2026-08-03T14:52:37.307+0000] {dagbag.py:588} INFO - Filling up the DagBag from /opt/airflow/dags/pricescope_pipeline.py
[2026-08-03T14:52:37.331+0000] {processor.py:925} INFO - DAG(s) 'pricescope_pipeline' retrieved from /opt/airflow/dags/pricescope_pipeline.py
[2026-08-03T14:52:37.350+0000] {logging_mixin.py:190} INFO - [2026-08-03T14:52:37.350+0000] {dag.py:3239} INFO - Sync 1 DAGs
[2026-08-03T14:52:37.368+0000] {logging_mixin.py:190} INFO - [2026-08-03T14:52:37.368+0000] {dag.py:4180} INFO - Setting next_dagrun for pricescope_pipeline to 2026-08-02 18:00:00+00:00, run_after=2026-08-03 06:00:00+00:00
[2026-08-03T14:52:37.384+0000] {processor.py:208} INFO - Processing /opt/airflow/dags/pricescope_pipeline.py took 0.086 seconds
[2026-08-03T14:53:07.635+0000] {processor.py:186} INFO - Started process (PID=2133) to work on /opt/airflow/dags/pricescope_pipeline.py
[2026-08-03T14:53:07.637+0000] {processor.py:914} INFO - Processing file /opt/airflow/dags/pricescope_pipeline.py for tasks to queue
[2026-08-03T14:53:07.640+0000] {logging_mixin.py:190} INFO - [2026-08-03T14:53:07.639+0000] {dagbag.py:588} INFO - Filling up the DagBag from /opt/airflow/dags/pricescope_pipeline.py
[2026-08-03T14:53:07.658+0000] {processor.py:925} INFO - DAG(s) 'pricescope_pipeline' retrieved from /opt/airflow/dags/pricescope_pipeline.py
[2026-08-03T14:53:07.680+0000] {logging_mixin.py:190} INFO - [2026-08-03T14:53:07.679+0000] {dag.py:3239} INFO - Sync 1 DAGs
[2026-08-03T14:53:07.702+0000] {logging_mixin.py:190} INFO - [2026-08-03T14:53:07.701+0000] {dag.py:4180} INFO - Setting next_dagrun for pricescope_pipeline to 2026-08-02 18:00:00+00:00, run_after=2026-08-03 06:00:00+00:00
[2026-08-03T14:53:07.717+0000] {processor.py:208} INFO - Processing /opt/airflow/dags/pricescope_pipeline.py took 0.086 seconds
[2026-08-03T14:53:37.879+0000] {processor.py:186} INFO - Started process (PID=2140) to work on /opt/airflow/dags/pricescope_pipeline.py
[2026-08-03T14:53:37.881+0000] {processor.py:914} INFO - Processing file /opt/airflow/dags/pricescope_pipeline.py for tasks to queue
[2026-08-03T14:53:37.884+0000] {logging_mixin.py:190} INFO - [2026-08-03T14:53:37.883+0000] {dagbag.py:588} INFO - Filling up the DagBag from /opt/airflow/dags/pricescope_pipeline.py
[2026-08-03T14:53:37.906+0000] {processor.py:925} INFO - DAG(s) 'pricescope_pipeline' retrieved from /opt/airflow/dags/pricescope_pipeline.py
[2026-08-03T14:53:37.933+0000] {logging_mixin.py:190} INFO - [2026-08-03T14:53:37.933+0000] {dag.py:3239} INFO - Sync 1 DAGs
[2026-08-03T14:53:37.955+0000] {logging_mixin.py:190} INFO - [2026-08-03T14:53:37.955+0000] {dag.py:4180} INFO - Setting next_dagrun for pricescope_pipeline to 2026-08-02 18:00:00+00:00, run_after=2026-08-03 06:00:00+00:00
[2026-08-03T14:53:37.973+0000] {processor.py:208} INFO - Processing /opt/airflow/dags/pricescope_pipeline.py took 0.099 seconds
[2026-08-03T14:54:08.196+0000] {processor.py:186} INFO - Started process (PID=2147) to work on /opt/airflow/dags/pricescope_pipeline.py
[2026-08-03T14:54:08.199+0000] {processor.py:914} INFO - Processing file /opt/airflow/dags/pricescope_pipeline.py for tasks to queue
[2026-08-03T14:54:08.204+0000] {logging_mixin.py:190} INFO - [2026-08-03T14:54:08.203+0000] {dagbag.py:588} INFO - Filling up the DagBag from /opt/airflow/dags/pricescope_pipeline.py
[2026-08-03T14:54:08.225+0000] {processor.py:925} INFO - DAG(s) 'pricescope_pipeline' retrieved from /opt/airflow/dags/pricescope_pipeline.py
[2026-08-03T14:54:08.246+0000] {logging_mixin.py:190} INFO - [2026-08-03T14:54:08.246+0000] {dag.py:3239} INFO - Sync 1 DAGs
[2026-08-03T14:54:08.275+0000] {logging_mixin.py:190} INFO - [2026-08-03T14:54:08.275+0000] {dag.py:4180} INFO - Setting next_dagrun for pricescope_pipeline to 2026-08-02 18:00:00+00:00, run_after=2026-08-03 06:00:00+00:00
[2026-08-03T14:54:08.295+0000] {processor.py:208} INFO - Processing /opt/airflow/dags/pricescope_pipeline.py took 0.104 seconds
[2026-08-03T14:54:38.452+0000] {processor.py:186} INFO - Started process (PID=2154) to work on /opt/airflow/dags/pricescope_pipeline.py
[2026-08-03T14:54:38.455+0000] {processor.py:914} INFO - Processing file /opt/airflow/dags/pricescope_pipeline.py for tasks to queue
[2026-08-03T14:54:38.459+0000] {logging_mixin.py:190} INFO - [2026-08-03T14:54:38.458+0000] {dagbag.py:588} INFO - Filling up the DagBag from /opt/airflow/dags/pricescope_pipeline.py
[2026-08-03T14:54:38.489+0000] {processor.py:925} INFO - DAG(s) 'pricescope_pipeline' retrieved from /opt/airflow/dags/pricescope_pipeline.py
[2026-08-03T14:54:38.514+0000] {logging_mixin.py:190} INFO - [2026-08-03T14:54:38.514+0000] {dag.py:3239} INFO - Sync 1 DAGs
[2026-08-03T14:54:38.538+0000] {logging_mixin.py:190} INFO - [2026-08-03T14:54:38.538+0000] {dag.py:4180} INFO - Setting next_dagrun for pricescope_pipeline to 2026-08-02 18:00:00+00:00, run_after=2026-08-03 06:00:00+00:00
[2026-08-03T14:54:38.561+0000] {processor.py:208} INFO - Processing /opt/airflow/dags/pricescope_pipeline.py took 0.116 seconds
[2026-08-03T14:55:08.755+0000] {processor.py:186} INFO - Started process (PID=2161) to work on /opt/airflow/dags/pricescope_pipeline.py
[2026-08-03T14:55:08.757+0000] {processor.py:914} INFO - Processing file /opt/airflow/dags/pricescope_pipeline.py for tasks to queue
[2026-08-03T14:55:08.761+0000] {logging_mixin.py:190} INFO - [2026-08-03T14:55:08.760+0000] {dagbag.py:588} INFO - Filling up the DagBag from /opt/airflow/dags/pricescope_pipeline.py
[2026-08-03T14:55:08.778+0000] {processor.py:925} INFO - DAG(s) 'pricescope_pipeline' retrieved from /opt/airflow/dags/pricescope_pipeline.py
[2026-08-03T14:55:08.795+0000] {logging_mixin.py:190} INFO - [2026-08-03T14:55:08.794+0000] {dag.py:3239} INFO - Sync 1 DAGs
[2026-08-03T14:55:08.811+0000] {logging_mixin.py:190} INFO - [2026-08-03T14:55:08.811+0000] {dag.py:4180} INFO - Setting next_dagrun for pricescope_pipeline to 2026-08-02 18:00:00+00:00, run_after=2026-08-03 06:00:00+00:00
[2026-08-03T14:55:08.826+0000] {processor.py:208} INFO - Processing /opt/airflow/dags/pricescope_pipeline.py took 0.076 seconds
[2026-08-03T14:55:39.020+0000] {processor.py:186} INFO - Started process (PID=2168) to work on /opt/airflow/dags/pricescope_pipeline.py
[2026-08-03T14:55:39.021+0000] {processor.py:914} INFO - Processing file /opt/airflow/dags/pricescope_pipeline.py for tasks to queue
[2026-08-03T14:55:39.024+0000] {logging_mixin.py:190} INFO - [2026-08-03T14:55:39.024+0000] {dagbag.py:588} INFO - Filling up the DagBag from /opt/airflow/dags/pricescope_pipeline.py
[2026-08-03T14:55:39.043+0000] {processor.py:925} INFO - DAG(s) 'pricescope_pipeline' retrieved from /opt/airflow/dags/pricescope_pipeline.py
[2026-08-03T14:55:39.062+0000] {logging_mixin.py:190} INFO - [2026-08-03T14:55:39.062+0000] {dag.py:3239} INFO - Sync 1 DAGs
[2026-08-03T14:55:39.082+0000] {logging_mixin.py:190} INFO - [2026-08-03T14:55:39.082+0000] {dag.py:4180} INFO - Setting next_dagrun for pricescope_pipeline to 2026-08-02 18:00:00+00:00, run_after=2026-08-03 06:00:00+00:00
[2026-08-03T14:55:39.098+0000] {processor.py:208} INFO - Processing /opt/airflow/dags/pricescope_pipeline.py took 0.084 seconds
[2026-08-03T14:56:09.278+0000] {processor.py:186} INFO - Started process (PID=2175) to work on /opt/airflow/dags/pricescope_pipeline.py
[2026-08-03T14:56:09.280+0000] {processor.py:914} INFO - Processing file /opt/airflow/dags/pricescope_pipeline.py for tasks to queue
[2026-08-03T14:56:09.282+0000] {logging_mixin.py:190} INFO - [2026-08-03T14:56:09.282+0000] {dagbag.py:588} INFO - Filling up the DagBag from /opt/airflow/dags/pricescope_pipeline.py
[2026-08-03T14:56:09.302+0000] {processor.py:925} INFO - DAG(s) 'pricescope_pipeline' retrieved from /opt/airflow/dags/pricescope_pipeline.py
[2026-08-03T14:56:09.320+0000] {logging_mixin.py:190} INFO - [2026-08-03T14:56:09.320+0000] {dag.py:3239} INFO - Sync 1 DAGs
[2026-08-03T14:56:09.338+0000] {logging_mixin.py:190} INFO - [2026-08-03T14:56:09.337+0000] {dag.py:4180} INFO - Setting next_dagrun for pricescope_pipeline to 2026-08-02 18:00:00+00:00, run_after=2026-08-03 06:00:00+00:00
[2026-08-03T14:56:09.351+0000] {processor.py:208} INFO - Processing /opt/airflow/dags/pricescope_pipeline.py took 0.080 seconds
[2026-08-03T14:56:39.558+0000] {processor.py:186} INFO - Started process (PID=2182) to work on /opt/airflow/dags/pricescope_pipeline.py
[2026-08-03T14:56:39.560+0000] {processor.py:914} INFO - Processing file /opt/airflow/dags/pricescope_pipeline.py for tasks to queue
[2026-08-03T14:56:39.562+0000] {logging_mixin.py:190} INFO - [2026-08-03T14:56:39.562+0000] {dagbag.py:588} INFO - Filling up the DagBag from /opt/airflow/dags/pricescope_pipeline.py
[2026-08-03T14:56:39.581+0000] {processor.py:925} INFO - DAG(s) 'pricescope_pipeline' retrieved from /opt/airflow/dags/pricescope_pipeline.py
[2026-08-03T14:56:39.597+0000] {logging_mixin.py:190} INFO - [2026-08-03T14:56:39.597+0000] {dag.py:3239} INFO - Sync 1 DAGs
[2026-08-03T14:56:39.621+0000] {logging_mixin.py:190} INFO - [2026-08-03T14:56:39.621+0000] {dag.py:4180} INFO - Setting next_dagrun for pricescope_pipeline to 2026-08-02 18:00:00+00:00, run_after=2026-08-03 06:00:00+00:00
[2026-08-03T14:56:39.638+0000] {processor.py:208} INFO - Processing /opt/airflow/dags/pricescope_pipeline.py took 0.085 seconds
[2026-08-03T14:57:09.804+0000] {processor.py:186} INFO - Started process (PID=2189) to work on /opt/airflow/dags/pricescope_pipeline.py
[2026-08-03T14:57:09.806+0000] {processor.py:914} INFO - Processing file /opt/airflow/dags/pricescope_pipeline.py for tasks to queue
[2026-08-03T14:57:09.809+0000] {logging_mixin.py:190} INFO - [2026-08-03T14:57:09.809+0000] {dagbag.py:588} INFO - Filling up the DagBag from /opt/airflow/dags/pricescope_pipeline.py
[2026-08-03T14:57:09.831+0000] {processor.py:925} INFO - DAG(s) 'pricescope_pipeline' retrieved from /opt/airflow/dags/pricescope_pipeline.py
[2026-08-03T14:57:09.850+0000] {logging_mixin.py:190} INFO - [2026-08-03T14:57:09.849+0000] {dag.py:3239} INFO - Sync 1 DAGs
[2026-08-03T14:57:09.868+0000] {logging_mixin.py:190} INFO - [2026-08-03T14:57:09.867+0000] {dag.py:4180} INFO - Setting next_dagrun for pricescope_pipeline to 2026-08-02 18:00:00+00:00, run_after=2026-08-03 06:00:00+00:00
[2026-08-03T14:57:09.886+0000] {processor.py:208} INFO - Processing /opt/airflow/dags/pricescope_pipeline.py took 0.087 seconds
[2026-08-03T14:57:40.080+0000] {processor.py:186} INFO - Started process (PID=2196) to work on /opt/airflow/dags/pricescope_pipeline.py
[2026-08-03T14:57:40.081+0000] {processor.py:914} INFO - Processing file /opt/airflow/dags/pricescope_pipeline.py for tasks to queue
[2026-08-03T14:57:40.085+0000] {logging_mixin.py:190} INFO - [2026-08-03T14:57:40.085+0000] {dagbag.py:588} INFO - Filling up the DagBag from /opt/airflow/dags/pricescope_pipeline.py
[2026-08-03T14:57:40.105+0000] {processor.py:925} INFO - DAG(s) 'pricescope_pipeline' retrieved from /opt/airflow/dags/pricescope_pipeline.py
[2026-08-03T14:57:40.123+0000] {logging_mixin.py:190} INFO - [2026-08-03T14:57:40.122+0000] {dag.py:3239} INFO - Sync 1 DAGs
[2026-08-03T14:57:40.139+0000] {logging_mixin.py:190} INFO - [2026-08-03T14:57:40.139+0000] {dag.py:4180} INFO - Setting next_dagrun for pricescope_pipeline to 2026-08-02 18:00:00+00:00, run_after=2026-08-03 06:00:00+00:00
[2026-08-03T14:57:40.154+0000] {processor.py:208} INFO - Processing /opt/airflow/dags/pricescope_pipeline.py took 0.080 seconds
[2026-08-03T14:58:10.441+0000] {processor.py:186} INFO - Started process (PID=2204) to work on /opt/airflow/dags/pricescope_pipeline.py
[2026-08-03T14:58:10.443+0000] {processor.py:914} INFO - Processing file /opt/airflow/dags/pricescope_pipeline.py for tasks to queue
[2026-08-03T14:58:10.452+0000] {logging_mixin.py:190} INFO - [2026-08-03T14:58:10.450+0000] {dagbag.py:588} INFO - Filling up the DagBag from /opt/airflow/dags/pricescope_pipeline.py
[2026-08-03T14:58:10.496+0000] {processor.py:925} INFO - DAG(s) 'pricescope_pipeline' retrieved from /opt/airflow/dags/pricescope_pipeline.py
[2026-08-03T14:58:10.531+0000] {logging_mixin.py:190} INFO - [2026-08-03T14:58:10.531+0000] {dag.py:3239} INFO - Sync 1 DAGs
[2026-08-03T14:58:10.572+0000] {logging_mixin.py:190} INFO - [2026-08-03T14:58:10.571+0000] {dag.py:4180} INFO - Setting next_dagrun for pricescope_pipeline to 2026-08-02 18:00:00+00:00, run_after=2026-08-03 06:00:00+00:00
[2026-08-03T14:58:10.605+0000] {processor.py:208} INFO - Processing /opt/airflow/dags/pricescope_pipeline.py took 0.175 seconds
[2026-08-03T14:58:40.689+0000] {processor.py:186} INFO - Started process (PID=2211) to work on /opt/airflow/dags/pricescope_pipeline.py
[2026-08-03T14:58:40.691+0000] {processor.py:914} INFO - Processing file /opt/airflow/dags/pricescope_pipeline.py for tasks to queue
[2026-08-03T14:58:40.699+0000] {logging_mixin.py:190} INFO - [2026-08-03T14:58:40.699+0000] {dagbag.py:588} INFO - Filling up the DagBag from /opt/airflow/dags/pricescope_pipeline.py
[2026-08-03T14:58:40.723+0000] {processor.py:925} INFO - DAG(s) 'pricescope_pipeline' retrieved from /opt/airflow/dags/pricescope_pipeline.py
[2026-08-03T14:58:40.742+0000] {logging_mixin.py:190} INFO - [2026-08-03T14:58:40.742+0000] {dag.py:3239} INFO - Sync 1 DAGs
[2026-08-03T14:58:40.765+0000] {logging_mixin.py:190} INFO - [2026-08-03T14:58:40.764+0000] {dag.py:4180} INFO - Setting next_dagrun for pricescope_pipeline to 2026-08-02 18:00:00+00:00, run_after=2026-08-03 06:00:00+00:00
[2026-08-03T14:58:40.784+0000] {processor.py:208} INFO - Processing /opt/airflow/dags/pricescope_pipeline.py took 0.100 seconds
[2026-08-03T14:59:10.930+0000] {processor.py:186} INFO - Started process (PID=2218) to work on /opt/airflow/dags/pricescope_pipeline.py
[2026-08-03T14:59:10.931+0000] {processor.py:914} INFO - Processing file /opt/airflow/dags/pricescope_pipeline.py for tasks to queue
[2026-08-03T14:59:10.935+0000] {logging_mixin.py:190} INFO - [2026-08-03T14:59:10.934+0000] {dagbag.py:588} INFO - Filling up the DagBag from /opt/airflow/dags/pricescope_pipeline.py
[2026-08-03T14:59:10.955+0000] {processor.py:925} INFO - DAG(s) 'pricescope_pipeline' retrieved from /opt/airflow/dags/pricescope_pipeline.py
[2026-08-03T14:59:10.974+0000] {logging_mixin.py:190} INFO - [2026-08-03T14:59:10.973+0000] {dag.py:3239} INFO - Sync 1 DAGs
[2026-08-03T14:59:10.993+0000] {logging_mixin.py:190} INFO - [2026-08-03T14:59:10.993+0000] {dag.py:4180} INFO - Setting next_dagrun for pricescope_pipeline to 2026-08-02 18:00:00+00:00, run_after=2026-08-03 06:00:00+00:00
[2026-08-03T14:59:11.013+0000] {processor.py:208} INFO - Processing /opt/airflow/dags/pricescope_pipeline.py took 0.088 seconds
[2026-08-03T14:59:41.259+0000] {processor.py:186} INFO - Started process (PID=2225) to work on /opt/airflow/dags/pricescope_pipeline.py
[2026-08-03T14:59:41.262+0000] {processor.py:914} INFO - Processing file /opt/airflow/dags/pricescope_pipeline.py for tasks to queue
[2026-08-03T14:59:41.268+0000] {logging_mixin.py:190} INFO - [2026-08-03T14:59:41.267+0000] {dagbag.py:588} INFO - Filling up the DagBag from /opt/airflow/dags/pricescope_pipeline.py
[2026-08-03T14:59:41.303+0000] {processor.py:925} INFO - DAG(s) 'pricescope_pipeline' retrieved from /opt/airflow/dags/pricescope_pipeline.py
[2026-08-03T14:59:41.330+0000] {logging_mixin.py:190} INFO - [2026-08-03T14:59:41.329+0000] {dag.py:3239} INFO - Sync 1 DAGs
[2026-08-03T14:59:41.359+0000] {logging_mixin.py:190} INFO - [2026-08-03T14:59:41.358+0000] {dag.py:4180} INFO - Setting next_dagrun for pricescope_pipeline to 2026-08-02 18:00:00+00:00, run_after=2026-08-03 06:00:00+00:00
[2026-08-03T14:59:41.381+0000] {processor.py:208} INFO - Processing /opt/airflow/dags/pricescope_pipeline.py took 0.133 seconds
[2026-08-03T15:00:11.532+0000] {processor.py:186} INFO - Started process (PID=2233) to work on /opt/airflow/dags/pricescope_pipeline.py
[2026-08-03T15:00:11.534+0000] {processor.py:914} INFO - Processing file /opt/airflow/dags/pricescope_pipeline.py for tasks to queue
[2026-08-03T15:00:11.540+0000] {logging_mixin.py:190} INFO - [2026-08-03T15:00:11.540+0000] {dagbag.py:588} INFO - Filling up the DagBag from /opt/airflow/dags/pricescope_pipeline.py
[2026-08-03T15:00:11.576+0000] {processor.py:925} INFO - DAG(s) 'pricescope_pipeline' retrieved from /opt/airflow/dags/pricescope_pipeline.py
[2026-08-03T15:00:11.605+0000] {logging_mixin.py:190} INFO - [2026-08-03T15:00:11.605+0000] {dag.py:3239} INFO - Sync 1 DAGs
[2026-08-03T15:00:11.632+0000] {logging_mixin.py:190} INFO - [2026-08-03T15:00:11.631+0000] {dag.py:4180} INFO - Setting next_dagrun for pricescope_pipeline to 2026-08-02 18:00:00+00:00, run_after=2026-08-03 06:00:00+00:00
[2026-08-03T15:00:11.651+0000] {processor.py:208} INFO - Processing /opt/airflow/dags/pricescope_pipeline.py took 0.127 seconds
[2026-08-03T15:00:41.858+0000] {processor.py:186} INFO - Started process (PID=2240) to work on /opt/airflow/dags/pricescope_pipeline.py
[2026-08-03T15:00:41.860+0000] {processor.py:914} INFO - Processing file /opt/airflow/dags/pricescope_pipeline.py for tasks to queue
[2026-08-03T15:00:41.863+0000] {logging_mixin.py:190} INFO - [2026-08-03T15:00:41.863+0000] {dagbag.py:588} INFO - Filling up the DagBag from /opt/airflow/dags/pricescope_pipeline.py
[2026-08-03T15:00:41.888+0000] {processor.py:925} INFO - DAG(s) 'pricescope_pipeline' retrieved from /opt/airflow/dags/pricescope_pipeline.py
[2026-08-03T15:00:41.913+0000] {logging_mixin.py:190} INFO - [2026-08-03T15:00:41.913+0000] {dag.py:3239} INFO - Sync 1 DAGs
[2026-08-03T15:00:41.939+0000] {logging_mixin.py:190} INFO - [2026-08-03T15:00:41.939+0000] {dag.py:4180} INFO - Setting next_dagrun for pricescope_pipeline to 2026-08-02 18:00:00+00:00, run_after=2026-08-03 06:00:00+00:00
[2026-08-03T15:00:41.960+0000] {processor.py:208} INFO - Processing /opt/airflow/dags/pricescope_pipeline.py took 0.108 seconds
[2026-08-03T15:01:12.123+0000] {processor.py:186} INFO - Started process (PID=2247) to work on /opt/airflow/dags/pricescope_pipeline.py
[2026-08-03T15:01:12.125+0000] {processor.py:914} INFO - Processing file /opt/airflow/dags/pricescope_pipeline.py for tasks to queue
[2026-08-03T15:01:12.129+0000] {logging_mixin.py:190} INFO - [2026-08-03T15:01:12.128+0000] {dagbag.py:588} INFO - Filling up the DagBag from /opt/airflow/dags/pricescope_pipeline.py
[2026-08-03T15:01:12.155+0000] {processor.py:925} INFO - DAG(s) 'pricescope_pipeline' retrieved from /opt/airflow/dags/pricescope_pipeline.py
[2026-08-03T15:01:12.184+0000] {logging_mixin.py:190} INFO - [2026-08-03T15:01:12.183+0000] {dag.py:3239} INFO - Sync 1 DAGs
[2026-08-03T15:01:12.212+0000] {logging_mixin.py:190} INFO - [2026-08-03T15:01:12.211+0000] {dag.py:4180} INFO - Setting next_dagrun for pricescope_pipeline to 2026-08-02 18:00:00+00:00, run_after=2026-08-03 06:00:00+00:00
[2026-08-03T15:01:12.233+0000] {processor.py:208} INFO - Processing /opt/airflow/dags/pricescope_pipeline.py took 0.119 seconds
[2026-08-03T15:01:42.646+0000] {processor.py:186} INFO - Started process (PID=2254) to work on /opt/airflow/dags/pricescope_pipeline.py
[2026-08-03T15:01:42.649+0000] {processor.py:914} INFO - Processing file /opt/airflow/dags/pricescope_pipeline.py for tasks to queue
[2026-08-03T15:01:42.655+0000] {logging_mixin.py:190} INFO - [2026-08-03T15:01:42.654+0000] {dagbag.py:588} INFO - Filling up the DagBag from /opt/airflow/dags/pricescope_pipeline.py
[2026-08-03T15:01:42.693+0000] {processor.py:925} INFO - DAG(s) 'pricescope_pipeline' retrieved from /opt/airflow/dags/pricescope_pipeline.py
[2026-08-03T15:01:42.733+0000] {logging_mixin.py:190} INFO - [2026-08-03T15:01:42.733+0000] {dag.py:3239} INFO - Sync 1 DAGs
[2026-08-03T15:01:42.772+0000] {logging_mixin.py:190} INFO - [2026-08-03T15:01:42.772+0000] {dag.py:4180} INFO - Setting next_dagrun for pricescope_pipeline to 2026-08-02 18:00:00+00:00, run_after=2026-08-03 06:00:00+00:00
[2026-08-03T15:01:42.798+0000] {processor.py:208} INFO - Processing /opt/airflow/dags/pricescope_pipeline.py took 0.164 seconds
[2026-08-03T15:02:12.877+0000] {processor.py:186} INFO - Started process (PID=2261) to work on /opt/airflow/dags/pricescope_pipeline.py
[2026-08-03T15:02:12.879+0000] {processor.py:914} INFO - Processing file /opt/airflow/dags/pricescope_pipeline.py for tasks to queue
[2026-08-03T15:02:12.882+0000] {logging_mixin.py:190} INFO - [2026-08-03T15:02:12.881+0000] {dagbag.py:588} INFO - Filling up the DagBag from /opt/airflow/dags/pricescope_pipeline.py
[2026-08-03T15:02:12.912+0000] {processor.py:925} INFO - DAG(s) 'pricescope_pipeline' retrieved from /opt/airflow/dags/pricescope_pipeline.py
[2026-08-03T15:02:12.943+0000] {logging_mixin.py:190} INFO - [2026-08-03T15:02:12.942+0000] {dag.py:3239} INFO - Sync 1 DAGs
[2026-08-03T15:02:12.977+0000] {logging_mixin.py:190} INFO - [2026-08-03T15:02:12.977+0000] {dag.py:4180} INFO - Setting next_dagrun for pricescope_pipeline to 2026-08-02 18:00:00+00:00, run_after=2026-08-03 06:00:00+00:00
[2026-08-03T15:02:13.004+0000] {processor.py:208} INFO - Processing /opt/airflow/dags/pricescope_pipeline.py took 0.134 seconds
[2026-08-03T15:02:43.125+0000] {processor.py:186} INFO - Started process (PID=2268) to work on /opt/airflow/dags/pricescope_pipeline.py
[2026-08-03T15:02:43.127+0000] {processor.py:914} INFO - Processing file /opt/airflow/dags/pricescope_pipeline.py for tasks to queue
[2026-08-03T15:02:43.130+0000] {logging_mixin.py:190} INFO - [2026-08-03T15:02:43.129+0000] {dagbag.py:588} INFO - Filling up the DagBag from /opt/airflow/dags/pricescope_pipeline.py
[2026-08-03T15:02:43.157+0000] {processor.py:925} INFO - DAG(s) 'pricescope_pipeline' retrieved from /opt/airflow/dags/pricescope_pipeline.py
[2026-08-03T15:02:43.176+0000] {logging_mixin.py:190} INFO - [2026-08-03T15:02:43.176+0000] {dag.py:3239} INFO - Sync 1 DAGs
[2026-08-03T15:02:43.193+0000] {logging_mixin.py:190} INFO - [2026-08-03T15:02:43.192+0000] {dag.py:4180} INFO - Setting next_dagrun for pricescope_pipeline to 2026-08-02 18:00:00+00:00, run_after=2026-08-03 06:00:00+00:00
[2026-08-03T15:02:43.207+0000] {processor.py:208} INFO - Processing /opt/airflow/dags/pricescope_pipeline.py took 0.086 seconds
[2026-08-03T15:03:13.367+0000] {processor.py:186} INFO - Started process (PID=2275) to work on /opt/airflow/dags/pricescope_pipeline.py
[2026-08-03T15:03:13.368+0000] {processor.py:914} INFO - Processing file /opt/airflow/dags/pricescope_pipeline.py for tasks to queue
[2026-08-03T15:03:13.371+0000] {logging_mixin.py:190} INFO - [2026-08-03T15:03:13.371+0000] {dagbag.py:588} INFO - Filling up the DagBag from /opt/airflow/dags/pricescope_pipeline.py
[2026-08-03T15:03:13.392+0000] {processor.py:925} INFO - DAG(s) 'pricescope_pipeline' retrieved from /opt/airflow/dags/pricescope_pipeline.py
[2026-08-03T15:03:13.411+0000] {logging_mixin.py:190} INFO - [2026-08-03T15:03:13.410+0000] {dag.py:3239} INFO - Sync 1 DAGs
[2026-08-03T15:03:13.429+0000] {logging_mixin.py:190} INFO - [2026-08-03T15:03:13.429+0000] {dag.py:4180} INFO - Setting next_dagrun for pricescope_pipeline to 2026-08-02 18:00:00+00:00, run_after=2026-08-03 06:00:00+00:00
[2026-08-03T15:03:13.449+0000] {processor.py:208} INFO - Processing /opt/airflow/dags/pricescope_pipeline.py took 0.087 seconds
[2026-08-03T15:03:43.723+0000] {processor.py:186} INFO - Started process (PID=2282) to work on /opt/airflow/dags/pricescope_pipeline.py
[2026-08-03T15:03:43.724+0000] {processor.py:914} INFO - Processing file /opt/airflow/dags/pricescope_pipeline.py for tasks to queue
[2026-08-03T15:03:43.728+0000] {logging_mixin.py:190} INFO - [2026-08-03T15:03:43.728+0000] {dagbag.py:588} INFO - Filling up the DagBag from /opt/airflow/dags/pricescope_pipeline.py
[2026-08-03T15:03:43.748+0000] {processor.py:925} INFO - DAG(s) 'pricescope_pipeline' retrieved from /opt/airflow/dags/pricescope_pipeline.py
[2026-08-03T15:03:43.771+0000] {logging_mixin.py:190} INFO - [2026-08-03T15:03:43.771+0000] {dag.py:3239} INFO - Sync 1 DAGs
[2026-08-03T15:03:43.790+0000] {logging_mixin.py:190} INFO - [2026-08-03T15:03:43.790+0000] {dag.py:4180} INFO - Setting next_dagrun for pricescope_pipeline to 2026-08-02 18:00:00+00:00, run_after=2026-08-03 06:00:00+00:00
[2026-08-03T15:03:43.808+0000] {processor.py:208} INFO - Processing /opt/airflow/dags/pricescope_pipeline.py took 0.090 seconds
[2026-08-03T15:04:13.963+0000] {processor.py:186} INFO - Started process (PID=2289) to work on /opt/airflow/dags/pricescope_pipeline.py
[2026-08-03T15:04:13.965+0000] {processor.py:914} INFO - Processing file /opt/airflow/dags/pricescope_pipeline.py for tasks to queue
[2026-08-03T15:04:13.970+0000] {logging_mixin.py:190} INFO - [2026-08-03T15:04:13.969+0000] {dagbag.py:588} INFO - Filling up the DagBag from /opt/airflow/dags/pricescope_pipeline.py
[2026-08-03T15:04:13.996+0000] {processor.py:925} INFO - DAG(s) 'pricescope_pipeline' retrieved from /opt/airflow/dags/pricescope_pipeline.py
[2026-08-03T15:04:14.018+0000] {logging_mixin.py:190} INFO - [2026-08-03T15:04:14.018+0000] {dag.py:3239} INFO - Sync 1 DAGs
[2026-08-03T15:04:14.038+0000] {logging_mixin.py:190} INFO - [2026-08-03T15:04:14.038+0000] {dag.py:4180} INFO - Setting next_dagrun for pricescope_pipeline to 2026-08-02 18:00:00+00:00, run_after=2026-08-03 06:00:00+00:00
[2026-08-03T15:04:14.053+0000] {processor.py:208} INFO - Processing /opt/airflow/dags/pricescope_pipeline.py took 0.098 seconds
[2026-08-03T15:04:44.299+0000] {processor.py:186} INFO - Started process (PID=2296) to work on /opt/airflow/dags/pricescope_pipeline.py
[2026-08-03T15:04:44.300+0000] {processor.py:914} INFO - Processing file /opt/airflow/dags/pricescope_pipeline.py for tasks to queue
[2026-08-03T15:04:44.303+0000] {logging_mixin.py:190} INFO - [2026-08-03T15:04:44.303+0000] {dagbag.py:588} INFO - Filling up the DagBag from /opt/airflow/dags/pricescope_pipeline.py
[2026-08-03T15:04:44.325+0000] {processor.py:925} INFO - DAG(s) 'pricescope_pipeline' retrieved from /opt/airflow/dags/pricescope_pipeline.py
[2026-08-03T15:04:44.343+0000] {logging_mixin.py:190} INFO - [2026-08-03T15:04:44.343+0000] {dag.py:3239} INFO - Sync 1 DAGs
[2026-08-03T15:04:44.361+0000] {logging_mixin.py:190} INFO - [2026-08-03T15:04:44.361+0000] {dag.py:4180} INFO - Setting next_dagrun for pricescope_pipeline to 2026-08-02 18:00:00+00:00, run_after=2026-08-03 06:00:00+00:00
[2026-08-03T15:04:44.375+0000] {processor.py:208} INFO - Processing /opt/airflow/dags/pricescope_pipeline.py took 0.082 seconds
[2026-08-03T15:05:14.571+0000] {processor.py:186} INFO - Started process (PID=2303) to work on /opt/airflow/dags/pricescope_pipeline.py
[2026-08-03T15:05:14.574+0000] {processor.py:914} INFO - Processing file /opt/airflow/dags/pricescope_pipeline.py for tasks to queue
[2026-08-03T15:05:14.577+0000] {logging_mixin.py:190} INFO - [2026-08-03T15:05:14.576+0000] {dagbag.py:588} INFO - Filling up the DagBag from /opt/airflow/dags/pricescope_pipeline.py
[2026-08-03T15:05:14.603+0000] {processor.py:925} INFO - DAG(s) 'pricescope_pipeline' retrieved from /opt/airflow/dags/pricescope_pipeline.py
[2026-08-03T15:05:14.630+0000] {logging_mixin.py:190} INFO - [2026-08-03T15:05:14.630+0000] {dag.py:3239} INFO - Sync 1 DAGs
[2026-08-03T15:05:14.658+0000] {logging_mixin.py:190} INFO - [2026-08-03T15:05:14.658+0000] {dag.py:4180} INFO - Setting next_dagrun for pricescope_pipeline to 2026-08-02 18:00:00+00:00, run_after=2026-08-03 06:00:00+00:00
[2026-08-03T15:05:14.680+0000] {processor.py:208} INFO - Processing /opt/airflow/dags/pricescope_pipeline.py took 0.115 seconds
[2026-08-03T15:05:44.868+0000] {processor.py:186} INFO - Started process (PID=2310) to work on /opt/airflow/dags/pricescope_pipeline.py
[2026-08-03T15:05:44.870+0000] {processor.py:914} INFO - Processing file /opt/airflow/dags/pricescope_pipeline.py for tasks to queue
[2026-08-03T15:05:44.873+0000] {logging_mixin.py:190} INFO - [2026-08-03T15:05:44.873+0000] {dagbag.py:588} INFO - Filling up the DagBag from /opt/airflow/dags/pricescope_pipeline.py
[2026-08-03T15:05:44.902+0000] {processor.py:925} INFO - DAG(s) 'pricescope_pipeline' retrieved from /opt/airflow/dags/pricescope_pipeline.py
[2026-08-03T15:05:44.925+0000] {logging_mixin.py:190} INFO - [2026-08-03T15:05:44.925+0000] {dag.py:3239} INFO - Sync 1 DAGs
[2026-08-03T15:05:44.947+0000] {logging_mixin.py:190} INFO - [2026-08-03T15:05:44.946+0000] {dag.py:4180} INFO - Setting next_dagrun for pricescope_pipeline to 2026-08-02 18:00:00+00:00, run_after=2026-08-03 06:00:00+00:00
[2026-08-03T15:05:44.967+0000] {processor.py:208} INFO - Processing /opt/airflow/dags/pricescope_pipeline.py took 0.107 seconds
[2026-08-03T15:06:15.179+0000] {processor.py:186} INFO - Started process (PID=2317) to work on /opt/airflow/dags/pricescope_pipeline.py
[2026-08-03T15:06:15.182+0000] {processor.py:914} INFO - Processing file /opt/airflow/dags/pricescope_pipeline.py for tasks to queue
[2026-08-03T15:06:15.186+0000] {logging_mixin.py:190} INFO - [2026-08-03T15:06:15.185+0000] {dagbag.py:588} INFO - Filling up the DagBag from /opt/airflow/dags/pricescope_pipeline.py
[2026-08-03T15:06:15.210+0000] {processor.py:925} INFO - DAG(s) 'pricescope_pipeline' retrieved from /opt/airflow/dags/pricescope_pipeline.py
[2026-08-03T15:06:15.233+0000] {logging_mixin.py:190} INFO - [2026-08-03T15:06:15.232+0000] {dag.py:3239} INFO - Sync 1 DAGs
[2026-08-03T15:06:15.256+0000] {logging_mixin.py:190} INFO - [2026-08-03T15:06:15.255+0000] {dag.py:4180} INFO - Setting next_dagrun for pricescope_pipeline to 2026-08-02 18:00:00+00:00, run_after=2026-08-03 06:00:00+00:00
[2026-08-03T15:06:15.274+0000] {processor.py:208} INFO - Processing /opt/airflow/dags/pricescope_pipeline.py took 0.102 seconds
[2026-08-03T15:06:45.402+0000] {processor.py:186} INFO - Started process (PID=2324) to work on /opt/airflow/dags/pricescope_pipeline.py
[2026-08-03T15:06:45.405+0000] {processor.py:914} INFO - Processing file /opt/airflow/dags/pricescope_pipeline.py for tasks to queue
[2026-08-03T15:06:45.409+0000] {logging_mixin.py:190} INFO - [2026-08-03T15:06:45.408+0000] {dagbag.py:588} INFO - Filling up the DagBag from /opt/airflow/dags/pricescope_pipeline.py
[2026-08-03T15:06:45.439+0000] {processor.py:925} INFO - DAG(s) 'pricescope_pipeline' retrieved from /opt/airflow/dags/pricescope_pipeline.py
[2026-08-03T15:06:45.462+0000] {logging_mixin.py:190} INFO - [2026-08-03T15:06:45.462+0000] {dag.py:3239} INFO - Sync 1 DAGs
[2026-08-03T15:06:45.484+0000] {logging_mixin.py:190} INFO - [2026-08-03T15:06:45.484+0000] {dag.py:4180} INFO - Setting next_dagrun for pricescope_pipeline to 2026-08-02 18:00:00+00:00, run_after=2026-08-03 06:00:00+00:00
[2026-08-03T15:06:45.505+0000] {processor.py:208} INFO - Processing /opt/airflow/dags/pricescope_pipeline.py took 0.110 seconds
[2026-08-03T15:07:15.761+0000] {processor.py:186} INFO - Started process (PID=2331) to work on /opt/airflow/dags/pricescope_pipeline.py
[2026-08-03T15:07:15.763+0000] {processor.py:914} INFO - Processing file /opt/airflow/dags/pricescope_pipeline.py for tasks to queue
[2026-08-03T15:07:15.767+0000] {logging_mixin.py:190} INFO - [2026-08-03T15:07:15.767+0000] {dagbag.py:588} INFO - Filling up the DagBag from /opt/airflow/dags/pricescope_pipeline.py
[2026-08-03T15:07:15.797+0000] {processor.py:925} INFO - DAG(s) 'pricescope_pipeline' retrieved from /opt/airflow/dags/pricescope_pipeline.py
[2026-08-03T15:07:15.823+0000] {logging_mixin.py:190} INFO - [2026-08-03T15:07:15.823+0000] {dag.py:3239} INFO - Sync 1 DAGs
[2026-08-03T15:07:15.850+0000] {logging_mixin.py:190} INFO - [2026-08-03T15:07:15.850+0000] {dag.py:4180} INFO - Setting next_dagrun for pricescope_pipeline to 2026-08-02 18:00:00+00:00, run_after=2026-08-03 06:00:00+00:00
[2026-08-03T15:07:15.878+0000] {processor.py:208} INFO - Processing /opt/airflow/dags/pricescope_pipeline.py took 0.122 seconds
[2026-08-03T15:07:46.008+0000] {processor.py:186} INFO - Started process (PID=2338) to work on /opt/airflow/dags/pricescope_pipeline.py
[2026-08-03T15:07:46.010+0000] {processor.py:914} INFO - Processing file /opt/airflow/dags/pricescope_pipeline.py for tasks to queue
[2026-08-03T15:07:46.014+0000] {logging_mixin.py:190} INFO - [2026-08-03T15:07:46.014+0000] {dagbag.py:588} INFO - Filling up the DagBag from /opt/airflow/dags/pricescope_pipeline.py
[2026-08-03T15:07:46.045+0000] {processor.py:925} INFO - DAG(s) 'pricescope_pipeline' retrieved from /opt/airflow/dags/pricescope_pipeline.py
[2026-08-03T15:07:46.072+0000] {logging_mixin.py:190} INFO - [2026-08-03T15:07:46.072+0000] {dag.py:3239} INFO - Sync 1 DAGs
[2026-08-03T15:07:46.096+0000] {logging_mixin.py:190} INFO - [2026-08-03T15:07:46.096+0000] {dag.py:4180} INFO - Setting next_dagrun for pricescope_pipeline to 2026-08-02 18:00:00+00:00, run_after=2026-08-03 06:00:00+00:00
[2026-08-03T15:07:46.120+0000] {processor.py:208} INFO - Processing /opt/airflow/dags/pricescope_pipeline.py took 0.118 seconds
[2026-08-03T15:08:16.491+0000] {processor.py:186} INFO - Started process (PID=2345) to work on /opt/airflow/dags/pricescope_pipeline.py
[2026-08-03T15:08:16.494+0000] {processor.py:914} INFO - Processing file /opt/airflow/dags/pricescope_pipeline.py for tasks to queue
[2026-08-03T15:08:16.500+0000] {logging_mixin.py:190} INFO - [2026-08-03T15:08:16.499+0000] {dagbag.py:588} INFO - Filling up the DagBag from /opt/airflow/dags/pricescope_pipeline.py
[2026-08-03T15:08:16.560+0000] {processor.py:925} INFO - DAG(s) 'pricescope_pipeline' retrieved from /opt/airflow/dags/pricescope_pipeline.py
[2026-08-03T15:08:16.587+0000] {logging_mixin.py:190} INFO - [2026-08-03T15:08:16.586+0000] {dag.py:3239} INFO - Sync 1 DAGs
[2026-08-03T15:08:16.617+0000] {logging_mixin.py:190} INFO - [2026-08-03T15:08:16.616+0000] {dag.py:4180} INFO - Setting next_dagrun for pricescope_pipeline to 2026-08-02 18:00:00+00:00, run_after=2026-08-03 06:00:00+00:00
[2026-08-03T15:08:16.640+0000] {processor.py:208} INFO - Processing /opt/airflow/dags/pricescope_pipeline.py took 0.156 seconds
[2026-08-03T15:08:46.727+0000] {processor.py:186} INFO - Started process (PID=2352) to work on /opt/airflow/dags/pricescope_pipeline.py
[2026-08-03T15:08:46.730+0000] {processor.py:914} INFO - Processing file /opt/airflow/dags/pricescope_pipeline.py for tasks to queue
[2026-08-03T15:08:46.738+0000] {logging_mixin.py:190} INFO - [2026-08-03T15:08:46.736+0000] {dagbag.py:588} INFO - Filling up the DagBag from /opt/airflow/dags/pricescope_pipeline.py
[2026-08-03T15:08:46.773+0000] {processor.py:925} INFO - DAG(s) 'pricescope_pipeline' retrieved from /opt/airflow/dags/pricescope_pipeline.py
[2026-08-03T15:08:46.809+0000] {logging_mixin.py:190} INFO - [2026-08-03T15:08:46.808+0000] {dag.py:3239} INFO - Sync 1 DAGs
[2026-08-03T15:08:46.843+0000] {logging_mixin.py:190} INFO - [2026-08-03T15:08:46.842+0000] {dag.py:4180} INFO - Setting next_dagrun for pricescope_pipeline to 2026-08-02 18:00:00+00:00, run_after=2026-08-03 06:00:00+00:00
[2026-08-03T15:08:46.871+0000] {processor.py:208} INFO - Processing /opt/airflow/dags/pricescope_pipeline.py took 0.155 seconds
[2026-08-03T15:09:17.147+0000] {processor.py:186} INFO - Started process (PID=2359) to work on /opt/airflow/dags/pricescope_pipeline.py
[2026-08-03T15:09:17.149+0000] {processor.py:914} INFO - Processing file /opt/airflow/dags/pricescope_pipeline.py for tasks to queue
[2026-08-03T15:09:17.153+0000] {logging_mixin.py:190} INFO - [2026-08-03T15:09:17.152+0000] {dagbag.py:588} INFO - Filling up the DagBag from /opt/airflow/dags/pricescope_pipeline.py
[2026-08-03T15:09:17.189+0000] {processor.py:925} INFO - DAG(s) 'pricescope_pipeline' retrieved from /opt/airflow/dags/pricescope_pipeline.py
[2026-08-03T15:09:17.222+0000] {logging_mixin.py:190} INFO - [2026-08-03T15:09:17.221+0000] {dag.py:3239} INFO - Sync 1 DAGs
[2026-08-03T15:09:17.251+0000] {logging_mixin.py:190} INFO - [2026-08-03T15:09:17.251+0000] {dag.py:4180} INFO - Setting next_dagrun for pricescope_pipeline to 2026-08-02 18:00:00+00:00, run_after=2026-08-03 06:00:00+00:00
[2026-08-03T15:09:17.274+0000] {processor.py:208} INFO - Processing /opt/airflow/dags/pricescope_pipeline.py took 0.135 seconds
[2026-08-03T15:09:47.399+0000] {processor.py:186} INFO - Started process (PID=2366) to work on /opt/airflow/dags/pricescope_pipeline.py
[2026-08-03T15:09:47.401+0000] {processor.py:914} INFO - Processing file /opt/airflow/dags/pricescope_pipeline.py for tasks to queue
[2026-08-03T15:09:47.405+0000] {logging_mixin.py:190} INFO - [2026-08-03T15:09:47.404+0000] {dagbag.py:588} INFO - Filling up the DagBag from /opt/airflow/dags/pricescope_pipeline.py
[2026-08-03T15:09:47.433+0000] {processor.py:925} INFO - DAG(s) 'pricescope_pipeline' retrieved from /opt/airflow/dags/pricescope_pipeline.py
[2026-08-03T15:09:47.457+0000] {logging_mixin.py:190} INFO - [2026-08-03T15:09:47.456+0000] {dag.py:3239} INFO - Sync 1 DAGs
[2026-08-03T15:09:47.483+0000] {logging_mixin.py:190} INFO - [2026-08-03T15:09:47.483+0000] {dag.py:4180} INFO - Setting next_dagrun for pricescope_pipeline to 2026-08-02 18:00:00+00:00, run_after=2026-08-03 06:00:00+00:00
[2026-08-03T15:09:47.502+0000] {processor.py:208} INFO - Processing /opt/airflow/dags/pricescope_pipeline.py took 0.110 seconds
[2026-08-03T15:10:17.806+0000] {processor.py:186} INFO - Started process (PID=2373) to work on /opt/airflow/dags/pricescope_pipeline.py
[2026-08-03T15:10:17.808+0000] {processor.py:914} INFO - Processing file /opt/airflow/dags/pricescope_pipeline.py for tasks to queue
[2026-08-03T15:10:17.811+0000] {logging_mixin.py:190} INFO - [2026-08-03T15:10:17.811+0000] {dagbag.py:588} INFO - Filling up the DagBag from /opt/airflow/dags/pricescope_pipeline.py
[2026-08-03T15:10:17.837+0000] {processor.py:925} INFO - DAG(s) 'pricescope_pipeline' retrieved from /opt/airflow/dags/pricescope_pipeline.py
[2026-08-03T15:10:17.865+0000] {logging_mixin.py:190} INFO - [2026-08-03T15:10:17.865+0000] {dag.py:3239} INFO - Sync 1 DAGs
[2026-08-03T15:10:17.890+0000] {logging_mixin.py:190} INFO - [2026-08-03T15:10:17.890+0000] {dag.py:4180} INFO - Setting next_dagrun for pricescope_pipeline to 2026-08-02 18:00:00+00:00, run_after=2026-08-03 06:00:00+00:00
[2026-08-03T15:10:17.913+0000] {processor.py:208} INFO - Processing /opt/airflow/dags/pricescope_pipeline.py took 0.112 seconds
[2026-08-03T15:10:48.058+0000] {processor.py:186} INFO - Started process (PID=2380) to work on /opt/airflow/dags/pricescope_pipeline.py
[2026-08-03T15:10:48.060+0000] {processor.py:914} INFO - Processing file /opt/airflow/dags/pricescope_pipeline.py for tasks to queue
[2026-08-03T15:10:48.062+0000] {logging_mixin.py:190} INFO - [2026-08-03T15:10:48.062+0000] {dagbag.py:588} INFO - Filling up the DagBag from /opt/airflow/dags/pricescope_pipeline.py
[2026-08-03T15:10:48.082+0000] {processor.py:925} INFO - DAG(s) 'pricescope_pipeline' retrieved from /opt/airflow/dags/pricescope_pipeline.py
[2026-08-03T15:10:48.107+0000] {logging_mixin.py:190} INFO - [2026-08-03T15:10:48.107+0000] {dag.py:3239} INFO - Sync 1 DAGs
[2026-08-03T15:10:48.127+0000] {logging_mixin.py:190} INFO - [2026-08-03T15:10:48.127+0000] {dag.py:4180} INFO - Setting next_dagrun for pricescope_pipeline to 2026-08-02 18:00:00+00:00, run_after=2026-08-03 06:00:00+00:00
[2026-08-03T15:10:48.149+0000] {processor.py:208} INFO - Processing /opt/airflow/dags/pricescope_pipeline.py took 0.096 seconds
[2026-08-03T15:11:18.392+0000] {processor.py:186} INFO - Started process (PID=2387) to work on /opt/airflow/dags/pricescope_pipeline.py
[2026-08-03T15:11:18.395+0000] {processor.py:914} INFO - Processing file /opt/airflow/dags/pricescope_pipeline.py for tasks to queue
[2026-08-03T15:11:18.398+0000] {logging_mixin.py:190} INFO - [2026-08-03T15:11:18.397+0000] {dagbag.py:588} INFO - Filling up the DagBag from /opt/airflow/dags/pricescope_pipeline.py
[2026-08-03T15:11:18.421+0000] {processor.py:925} INFO - DAG(s) 'pricescope_pipeline' retrieved from /opt/airflow/dags/pricescope_pipeline.py
[2026-08-03T15:11:18.443+0000] {logging_mixin.py:190} INFO - [2026-08-03T15:11:18.443+0000] {dag.py:3239} INFO - Sync 1 DAGs
[2026-08-03T15:11:18.466+0000] {logging_mixin.py:190} INFO - [2026-08-03T15:11:18.466+0000] {dag.py:4180} INFO - Setting next_dagrun for pricescope_pipeline to 2026-08-02 18:00:00+00:00, run_after=2026-08-03 06:00:00+00:00
[2026-08-03T15:11:18.495+0000] {processor.py:208} INFO - Processing /opt/airflow/dags/pricescope_pipeline.py took 0.107 seconds
[2026-08-03T15:11:48.660+0000] {processor.py:186} INFO - Started process (PID=2394) to work on /opt/airflow/dags/pricescope_pipeline.py
[2026-08-03T15:11:48.662+0000] {processor.py:914} INFO - Processing file /opt/airflow/dags/pricescope_pipeline.py for tasks to queue
[2026-08-03T15:11:48.665+0000] {logging_mixin.py:190} INFO - [2026-08-03T15:11:48.665+0000] {dagbag.py:588} INFO - Filling up the DagBag from /opt/airflow/dags/pricescope_pipeline.py
[2026-08-03T15:11:48.687+0000] {processor.py:925} INFO - DAG(s) 'pricescope_pipeline' retrieved from /opt/airflow/dags/pricescope_pipeline.py
[2026-08-03T15:11:48.707+0000] {logging_mixin.py:190} INFO - [2026-08-03T15:11:48.707+0000] {dag.py:3239} INFO - Sync 1 DAGs
[2026-08-03T15:11:48.725+0000] {logging_mixin.py:190} INFO - [2026-08-03T15:11:48.725+0000] {dag.py:4180} INFO - Setting next_dagrun for pricescope_pipeline to 2026-08-02 18:00:00+00:00, run_after=2026-08-03 06:00:00+00:00
[2026-08-03T15:11:48.740+0000] {processor.py:208} INFO - Processing /opt/airflow/dags/pricescope_pipeline.py took 0.087 seconds
[2026-08-03T15:12:18.988+0000] {processor.py:186} INFO - Started process (PID=2401) to work on /opt/airflow/dags/pricescope_pipeline.py
[2026-08-03T15:12:18.990+0000] {processor.py:914} INFO - Processing file /opt/airflow/dags/pricescope_pipeline.py for tasks to queue
[2026-08-03T15:12:18.993+0000] {logging_mixin.py:190} INFO - [2026-08-03T15:12:18.993+0000] {dagbag.py:588} INFO - Filling up the DagBag from /opt/airflow/dags/pricescope_pipeline.py
[2026-08-03T15:12:19.018+0000] {processor.py:925} INFO - DAG(s) 'pricescope_pipeline' retrieved from /opt/airflow/dags/pricescope_pipeline.py
[2026-08-03T15:12:19.038+0000] {logging_mixin.py:190} INFO - [2026-08-03T15:12:19.038+0000] {dag.py:3239} INFO - Sync 1 DAGs
[2026-08-03T15:12:19.058+0000] {logging_mixin.py:190} INFO - [2026-08-03T15:12:19.058+0000] {dag.py:4180} INFO - Setting next_dagrun for pricescope_pipeline to 2026-08-02 18:00:00+00:00, run_after=2026-08-03 06:00:00+00:00
[2026-08-03T15:12:19.078+0000] {processor.py:208} INFO - Processing /opt/airflow/dags/pricescope_pipeline.py took 0.094 seconds
[2026-08-03T15:12:49.243+0000] {processor.py:186} INFO - Started process (PID=2408) to work on /opt/airflow/dags/pricescope_pipeline.py
[2026-08-03T15:12:49.245+0000] {processor.py:914} INFO - Processing file /opt/airflow/dags/pricescope_pipeline.py for tasks to queue
[2026-08-03T15:12:49.250+0000] {logging_mixin.py:190} INFO - [2026-08-03T15:12:49.250+0000] {dagbag.py:588} INFO - Filling up the DagBag from /opt/airflow/dags/pricescope_pipeline.py
[2026-08-03T15:12:49.276+0000] {processor.py:925} INFO - DAG(s) 'pricescope_pipeline' retrieved from /opt/airflow/dags/pricescope_pipeline.py
[2026-08-03T15:12:49.302+0000] {logging_mixin.py:190} INFO - [2026-08-03T15:12:49.302+0000] {dag.py:3239} INFO - Sync 1 DAGs
[2026-08-03T15:12:49.326+0000] {logging_mixin.py:190} INFO - [2026-08-03T15:12:49.326+0000] {dag.py:4180} INFO - Setting next_dagrun for pricescope_pipeline to 2026-08-02 18:00:00+00:00, run_after=2026-08-03 06:00:00+00:00
[2026-08-03T15:12:49.346+0000] {processor.py:208} INFO - Processing /opt/airflow/dags/pricescope_pipeline.py took 0.109 seconds
[2026-08-03T15:13:19.689+0000] {processor.py:186} INFO - Started process (PID=2416) to work on /opt/airflow/dags/pricescope_pipeline.py
[2026-08-03T15:13:19.692+0000] {processor.py:914} INFO - Processing file /opt/airflow/dags/pricescope_pipeline.py for tasks to queue
[2026-08-03T15:13:19.697+0000] {logging_mixin.py:190} INFO - [2026-08-03T15:13:19.696+0000] {dagbag.py:588} INFO - Filling up the DagBag from /opt/airflow/dags/pricescope_pipeline.py
[2026-08-03T15:13:19.738+0000] {processor.py:925} INFO - DAG(s) 'pricescope_pipeline' retrieved from /opt/airflow/dags/pricescope_pipeline.py
[2026-08-03T15:13:19.777+0000] {logging_mixin.py:190} INFO - [2026-08-03T15:13:19.776+0000] {dag.py:3239} INFO - Sync 1 DAGs
[2026-08-03T15:13:19.822+0000] {logging_mixin.py:190} INFO - [2026-08-03T15:13:19.821+0000] {dag.py:4180} INFO - Setting next_dagrun for pricescope_pipeline to 2026-08-02 18:00:00+00:00, run_after=2026-08-03 06:00:00+00:00
[2026-08-03T15:13:19.860+0000] {processor.py:208} INFO - Processing /opt/airflow/dags/pricescope_pipeline.py took 0.181 seconds
[2026-08-03T15:13:49.959+0000] {processor.py:186} INFO - Started process (PID=2423) to work on /opt/airflow/dags/pricescope_pipeline.py
[2026-08-03T15:13:49.961+0000] {processor.py:914} INFO - Processing file /opt/airflow/dags/pricescope_pipeline.py for tasks to queue
[2026-08-03T15:13:49.964+0000] {logging_mixin.py:190} INFO - [2026-08-03T15:13:49.964+0000] {dagbag.py:588} INFO - Filling up the DagBag from /opt/airflow/dags/pricescope_pipeline.py
[2026-08-03T15:13:49.984+0000] {processor.py:925} INFO - DAG(s) 'pricescope_pipeline' retrieved from /opt/airflow/dags/pricescope_pipeline.py
[2026-08-03T15:13:50.006+0000] {logging_mixin.py:190} INFO - [2026-08-03T15:13:50.006+0000] {dag.py:3239} INFO - Sync 1 DAGs
[2026-08-03T15:13:50.028+0000] {logging_mixin.py:190} INFO - [2026-08-03T15:13:50.028+0000] {dag.py:4180} INFO - Setting next_dagrun for pricescope_pipeline to 2026-08-02 18:00:00+00:00, run_after=2026-08-03 06:00:00+00:00
[2026-08-03T15:13:50.045+0000] {processor.py:208} INFO - Processing /opt/airflow/dags/pricescope_pipeline.py took 0.090 seconds
[2026-08-03T15:14:20.205+0000] {processor.py:186} INFO - Started process (PID=2430) to work on /opt/airflow/dags/pricescope_pipeline.py
[2026-08-03T15:14:20.207+0000] {processor.py:914} INFO - Processing file /opt/airflow/dags/pricescope_pipeline.py for tasks to queue
[2026-08-03T15:14:20.209+0000] {logging_mixin.py:190} INFO - [2026-08-03T15:14:20.209+0000] {dagbag.py:588} INFO - Filling up the DagBag from /opt/airflow/dags/pricescope_pipeline.py
[2026-08-03T15:14:20.229+0000] {processor.py:925} INFO - DAG(s) 'pricescope_pipeline' retrieved from /opt/airflow/dags/pricescope_pipeline.py
[2026-08-03T15:14:20.251+0000] {logging_mixin.py:190} INFO - [2026-08-03T15:14:20.251+0000] {dag.py:3239} INFO - Sync 1 DAGs
[2026-08-03T15:14:20.273+0000] {logging_mixin.py:190} INFO - [2026-08-03T15:14:20.273+0000] {dag.py:4180} INFO - Setting next_dagrun for pricescope_pipeline to 2026-08-02 18:00:00+00:00, run_after=2026-08-03 06:00:00+00:00
[2026-08-03T15:14:20.289+0000] {processor.py:208} INFO - Processing /opt/airflow/dags/pricescope_pipeline.py took 0.090 seconds
[2026-08-03T15:14:50.507+0000] {processor.py:186} INFO - Started process (PID=2437) to work on /opt/airflow/dags/pricescope_pipeline.py
[2026-08-03T15:14:50.509+0000] {processor.py:914} INFO - Processing file /opt/airflow/dags/pricescope_pipeline.py for tasks to queue
[2026-08-03T15:14:50.513+0000] {logging_mixin.py:190} INFO - [2026-08-03T15:14:50.513+0000] {dagbag.py:588} INFO - Filling up the DagBag from /opt/airflow/dags/pricescope_pipeline.py
[2026-08-03T15:14:50.545+0000] {processor.py:925} INFO - DAG(s) 'pricescope_pipeline' retrieved from /opt/airflow/dags/pricescope_pipeline.py
[2026-08-03T15:14:50.573+0000] {logging_mixin.py:190} INFO - [2026-08-03T15:14:50.572+0000] {dag.py:3239} INFO - Sync 1 DAGs
[2026-08-03T15:14:50.601+0000] {logging_mixin.py:190} INFO - [2026-08-03T15:14:50.601+0000] {dag.py:4180} INFO - Setting next_dagrun for pricescope_pipeline to 2026-08-02 18:00:00+00:00, run_after=2026-08-03 06:00:00+00:00
[2026-08-03T15:14:50.622+0000] {processor.py:208} INFO - Processing /opt/airflow/dags/pricescope_pipeline.py took 0.122 seconds
[2026-08-03T15:15:20.814+0000] {processor.py:186} INFO - Started process (PID=2444) to work on /opt/airflow/dags/pricescope_pipeline.py
[2026-08-03T15:15:20.816+0000] {processor.py:914} INFO - Processing file /opt/airflow/dags/pricescope_pipeline.py for tasks to queue
[2026-08-03T15:15:20.821+0000] {logging_mixin.py:190} INFO - [2026-08-03T15:15:20.820+0000] {dagbag.py:588} INFO - Filling up the DagBag from /opt/airflow/dags/pricescope_pipeline.py
[2026-08-03T15:15:20.854+0000] {processor.py:925} INFO - DAG(s) 'pricescope_pipeline' retrieved from /opt/airflow/dags/pricescope_pipeline.py
[2026-08-03T15:15:20.887+0000] {logging_mixin.py:190} INFO - [2026-08-03T15:15:20.886+0000] {dag.py:3239} INFO - Sync 1 DAGs
[2026-08-03T15:15:20.920+0000] {logging_mixin.py:190} INFO - [2026-08-03T15:15:20.920+0000] {dag.py:4180} INFO - Setting next_dagrun for pricescope_pipeline to 2026-08-02 18:00:00+00:00, run_after=2026-08-03 06:00:00+00:00
[2026-08-03T15:15:20.949+0000] {processor.py:208} INFO - Processing /opt/airflow/dags/pricescope_pipeline.py took 0.143 seconds
[2026-08-03T15:15:51.113+0000] {processor.py:186} INFO - Started process (PID=2451) to work on /opt/airflow/dags/pricescope_pipeline.py
[2026-08-03T15:15:51.115+0000] {processor.py:914} INFO - Processing file /opt/airflow/dags/pricescope_pipeline.py for tasks to queue
[2026-08-03T15:15:51.119+0000] {logging_mixin.py:190} INFO - [2026-08-03T15:15:51.118+0000] {dagbag.py:588} INFO - Filling up the DagBag from /opt/airflow/dags/pricescope_pipeline.py
[2026-08-03T15:15:51.143+0000] {processor.py:925} INFO - DAG(s) 'pricescope_pipeline' retrieved from /opt/airflow/dags/pricescope_pipeline.py
[2026-08-03T15:15:51.170+0000] {logging_mixin.py:190} INFO - [2026-08-03T15:15:51.169+0000] {dag.py:3239} INFO - Sync 1 DAGs
[2026-08-03T15:15:51.195+0000] {logging_mixin.py:190} INFO - [2026-08-03T15:15:51.195+0000] {dag.py:4180} INFO - Setting next_dagrun for pricescope_pipeline to 2026-08-02 18:00:00+00:00, run_after=2026-08-03 06:00:00+00:00
[2026-08-03T15:15:51.214+0000] {processor.py:208} INFO - Processing /opt/airflow/dags/pricescope_pipeline.py took 0.108 seconds
[2026-08-03T15:16:21.557+0000] {processor.py:186} INFO - Started process (PID=2458) to work on /opt/airflow/dags/pricescope_pipeline.py
[2026-08-03T15:16:21.560+0000] {processor.py:914} INFO - Processing file /opt/airflow/dags/pricescope_pipeline.py for tasks to queue
[2026-08-03T15:16:21.565+0000] {logging_mixin.py:190} INFO - [2026-08-03T15:16:21.564+0000] {dagbag.py:588} INFO - Filling up the DagBag from /opt/airflow/dags/pricescope_pipeline.py
[2026-08-03T15:16:21.599+0000] {processor.py:925} INFO - DAG(s) 'pricescope_pipeline' retrieved from /opt/airflow/dags/pricescope_pipeline.py
[2026-08-03T15:16:21.636+0000] {logging_mixin.py:190} INFO - [2026-08-03T15:16:21.636+0000] {dag.py:3239} INFO - Sync 1 DAGs
[2026-08-03T15:16:21.675+0000] {logging_mixin.py:190} INFO - [2026-08-03T15:16:21.674+0000] {dag.py:4180} INFO - Setting next_dagrun for pricescope_pipeline to 2026-08-02 18:00:00+00:00, run_after=2026-08-03 06:00:00+00:00
[2026-08-03T15:16:21.705+0000] {processor.py:208} INFO - Processing /opt/airflow/dags/pricescope_pipeline.py took 0.156 seconds
[2026-08-03T15:16:51.926+0000] {processor.py:186} INFO - Started process (PID=2465) to work on /opt/airflow/dags/pricescope_pipeline.py
[2026-08-03T15:16:51.929+0000] {processor.py:914} INFO - Processing file /opt/airflow/dags/pricescope_pipeline.py for tasks to queue
[2026-08-03T15:16:51.935+0000] {logging_mixin.py:190} INFO - [2026-08-03T15:16:51.934+0000] {dagbag.py:588} INFO - Filling up the DagBag from /opt/airflow/dags/pricescope_pipeline.py
[2026-08-03T15:16:51.976+0000] {processor.py:925} INFO - DAG(s) 'pricescope_pipeline' retrieved from /opt/airflow/dags/pricescope_pipeline.py
[2026-08-03T15:16:52.012+0000] {logging_mixin.py:190} INFO - [2026-08-03T15:16:52.012+0000] {dag.py:3239} INFO - Sync 1 DAGs
[2026-08-03T15:16:52.049+0000] {logging_mixin.py:190} INFO - [2026-08-03T15:16:52.049+0000] {dag.py:4180} INFO - Setting next_dagrun for pricescope_pipeline to 2026-08-02 18:00:00+00:00, run_after=2026-08-03 06:00:00+00:00
[2026-08-03T15:16:52.074+0000] {processor.py:208} INFO - Processing /opt/airflow/dags/pricescope_pipeline.py took 0.161 seconds
[2026-08-03T15:17:22.266+0000] {processor.py:186} INFO - Started process (PID=2472) to work on /opt/airflow/dags/pricescope_pipeline.py
[2026-08-03T15:17:22.268+0000] {processor.py:914} INFO - Processing file /opt/airflow/dags/pricescope_pipeline.py for tasks to queue
[2026-08-03T15:17:22.271+0000] {logging_mixin.py:190} INFO - [2026-08-03T15:17:22.271+0000] {dagbag.py:588} INFO - Filling up the DagBag from /opt/airflow/dags/pricescope_pipeline.py
[2026-08-03T15:17:22.294+0000] {processor.py:925} INFO - DAG(s) 'pricescope_pipeline' retrieved from /opt/airflow/dags/pricescope_pipeline.py
[2026-08-03T15:17:22.312+0000] {logging_mixin.py:190} INFO - [2026-08-03T15:17:22.312+0000] {dag.py:3239} INFO - Sync 1 DAGs
[2026-08-03T15:17:22.329+0000] {logging_mixin.py:190} INFO - [2026-08-03T15:17:22.329+0000] {dag.py:4180} INFO - Setting next_dagrun for pricescope_pipeline to 2026-08-02 18:00:00+00:00, run_after=2026-08-03 06:00:00+00:00
[2026-08-03T15:17:22.344+0000] {processor.py:208} INFO - Processing /opt/airflow/dags/pricescope_pipeline.py took 0.083 seconds
[2026-08-03T15:17:52.577+0000] {processor.py:186} INFO - Started process (PID=2480) to work on /opt/airflow/dags/pricescope_pipeline.py
[2026-08-03T15:17:52.578+0000] {processor.py:914} INFO - Processing file /opt/airflow/dags/pricescope_pipeline.py for tasks to queue
[2026-08-03T15:17:52.581+0000] {logging_mixin.py:190} INFO - [2026-08-03T15:17:52.581+0000] {dagbag.py:588} INFO - Filling up the DagBag from /opt/airflow/dags/pricescope_pipeline.py
[2026-08-03T15:17:52.602+0000] {processor.py:925} INFO - DAG(s) 'pricescope_pipeline' retrieved from /opt/airflow/dags/pricescope_pipeline.py
[2026-08-03T15:17:52.620+0000] {logging_mixin.py:190} INFO - [2026-08-03T15:17:52.620+0000] {dag.py:3239} INFO - Sync 1 DAGs
[2026-08-03T15:17:52.639+0000] {logging_mixin.py:190} INFO - [2026-08-03T15:17:52.639+0000] {dag.py:4180} INFO - Setting next_dagrun for pricescope_pipeline to 2026-08-02 18:00:00+00:00, run_after=2026-08-03 06:00:00+00:00
[2026-08-03T15:17:52.655+0000] {processor.py:208} INFO - Processing /opt/airflow/dags/pricescope_pipeline.py took 0.083 seconds
[2026-08-03T15:18:22.860+0000] {processor.py:186} INFO - Started process (PID=2487) to work on /opt/airflow/dags/pricescope_pipeline.py
[2026-08-03T15:18:22.862+0000] {processor.py:914} INFO - Processing file /opt/airflow/dags/pricescope_pipeline.py for tasks to queue
[2026-08-03T15:18:22.865+0000] {logging_mixin.py:190} INFO - [2026-08-03T15:18:22.865+0000] {dagbag.py:588} INFO - Filling up the DagBag from /opt/airflow/dags/pricescope_pipeline.py
[2026-08-03T15:18:22.884+0000] {processor.py:925} INFO - DAG(s) 'pricescope_pipeline' retrieved from /opt/airflow/dags/pricescope_pipeline.py
[2026-08-03T15:18:22.903+0000] {logging_mixin.py:190} INFO - [2026-08-03T15:18:22.903+0000] {dag.py:3239} INFO - Sync 1 DAGs
[2026-08-03T15:18:22.922+0000] {logging_mixin.py:190} INFO - [2026-08-03T15:18:22.922+0000] {dag.py:4180} INFO - Setting next_dagrun for pricescope_pipeline to 2026-08-02 18:00:00+00:00, run_after=2026-08-03 06:00:00+00:00
[2026-08-03T15:18:22.940+0000] {processor.py:208} INFO - Processing /opt/airflow/dags/pricescope_pipeline.py took 0.084 seconds
[2026-08-03T15:18:53.116+0000] {processor.py:186} INFO - Started process (PID=2494) to work on /opt/airflow/dags/pricescope_pipeline.py
[2026-08-03T15:18:53.118+0000] {processor.py:914} INFO - Processing file /opt/airflow/dags/pricescope_pipeline.py for tasks to queue
[2026-08-03T15:18:53.122+0000] {logging_mixin.py:190} INFO - [2026-08-03T15:18:53.121+0000] {dagbag.py:588} INFO - Filling up the DagBag from /opt/airflow/dags/pricescope_pipeline.py
[2026-08-03T15:18:53.149+0000] {processor.py:925} INFO - DAG(s) 'pricescope_pipeline' retrieved from /opt/airflow/dags/pricescope_pipeline.py
[2026-08-03T15:18:53.175+0000] {logging_mixin.py:190} INFO - [2026-08-03T15:18:53.175+0000] {dag.py:3239} INFO - Sync 1 DAGs
[2026-08-03T15:18:53.203+0000] {logging_mixin.py:190} INFO - [2026-08-03T15:18:53.203+0000] {dag.py:4180} INFO - Setting next_dagrun for pricescope_pipeline to 2026-08-02 18:00:00+00:00, run_after=2026-08-03 06:00:00+00:00
[2026-08-03T15:18:53.225+0000] {processor.py:208} INFO - Processing /opt/airflow/dags/pricescope_pipeline.py took 0.116 seconds
[2026-08-03T15:19:23.696+0000] {processor.py:186} INFO - Started process (PID=2501) to work on /opt/airflow/dags/pricescope_pipeline.py
[2026-08-03T15:19:23.699+0000] {processor.py:914} INFO - Processing file /opt/airflow/dags/pricescope_pipeline.py for tasks to queue
[2026-08-03T15:19:23.704+0000] {logging_mixin.py:190} INFO - [2026-08-03T15:19:23.703+0000] {dagbag.py:588} INFO - Filling up the DagBag from /opt/airflow/dags/pricescope_pipeline.py
[2026-08-03T15:19:23.750+0000] {processor.py:925} INFO - DAG(s) 'pricescope_pipeline' retrieved from /opt/airflow/dags/pricescope_pipeline.py
[2026-08-03T15:19:23.792+0000] {logging_mixin.py:190} INFO - [2026-08-03T15:19:23.792+0000] {dag.py:3239} INFO - Sync 1 DAGs
[2026-08-03T15:19:23.843+0000] {logging_mixin.py:190} INFO - [2026-08-03T15:19:23.843+0000] {dag.py:4180} INFO - Setting next_dagrun for pricescope_pipeline to 2026-08-02 18:00:00+00:00, run_after=2026-08-03 06:00:00+00:00
[2026-08-03T15:19:23.885+0000] {processor.py:208} INFO - Processing /opt/airflow/dags/pricescope_pipeline.py took 0.198 seconds
[2026-08-03T15:19:53.975+0000] {processor.py:186} INFO - Started process (PID=2508) to work on /opt/airflow/dags/pricescope_pipeline.py
[2026-08-03T15:19:53.977+0000] {processor.py:914} INFO - Processing file /opt/airflow/dags/pricescope_pipeline.py for tasks to queue
[2026-08-03T15:19:53.980+0000] {logging_mixin.py:190} INFO - [2026-08-03T15:19:53.980+0000] {dagbag.py:588} INFO - Filling up the DagBag from /opt/airflow/dags/pricescope_pipeline.py
[2026-08-03T15:19:54.003+0000] {processor.py:925} INFO - DAG(s) 'pricescope_pipeline' retrieved from /opt/airflow/dags/pricescope_pipeline.py
[2026-08-03T15:19:54.027+0000] {logging_mixin.py:190} INFO - [2026-08-03T15:19:54.027+0000] {dag.py:3239} INFO - Sync 1 DAGs
[2026-08-03T15:19:54.049+0000] {logging_mixin.py:190} INFO - [2026-08-03T15:19:54.048+0000] {dag.py:4180} INFO - Setting next_dagrun for pricescope_pipeline to 2026-08-02 18:00:00+00:00, run_after=2026-08-03 06:00:00+00:00
[2026-08-03T15:19:54.064+0000] {processor.py:208} INFO - Processing /opt/airflow/dags/pricescope_pipeline.py took 0.094 seconds
[2026-08-03T15:20:24.415+0000] {processor.py:186} INFO - Started process (PID=2516) to work on /opt/airflow/dags/pricescope_pipeline.py
[2026-08-03T15:20:24.418+0000] {processor.py:914} INFO - Processing file /opt/airflow/dags/pricescope_pipeline.py for tasks to queue
[2026-08-03T15:20:24.424+0000] {logging_mixin.py:190} INFO - [2026-08-03T15:20:24.423+0000] {dagbag.py:588} INFO - Filling up the DagBag from /opt/airflow/dags/pricescope_pipeline.py
[2026-08-03T15:20:24.472+0000] {processor.py:925} INFO - DAG(s) 'pricescope_pipeline' retrieved from /opt/airflow/dags/pricescope_pipeline.py
[2026-08-03T15:20:24.518+0000] {logging_mixin.py:190} INFO - [2026-08-03T15:20:24.518+0000] {dag.py:3239} INFO - Sync 1 DAGs
[2026-08-03T15:20:24.568+0000] {logging_mixin.py:190} INFO - [2026-08-03T15:20:24.567+0000] {dag.py:4180} INFO - Setting next_dagrun for pricescope_pipeline to 2026-08-02 18:00:00+00:00, run_after=2026-08-03 06:00:00+00:00
[2026-08-03T15:20:24.606+0000] {processor.py:208} INFO - Processing /opt/airflow/dags/pricescope_pipeline.py took 0.203 seconds
[2026-08-03T15:20:54.874+0000] {processor.py:186} INFO - Started process (PID=2523) to work on /opt/airflow/dags/pricescope_pipeline.py
[2026-08-03T15:20:54.877+0000] {processor.py:914} INFO - Processing file /opt/airflow/dags/pricescope_pipeline.py for tasks to queue
[2026-08-03T15:20:54.886+0000] {logging_mixin.py:190} INFO - [2026-08-03T15:20:54.885+0000] {dagbag.py:588} INFO - Filling up the DagBag from /opt/airflow/dags/pricescope_pipeline.py
[2026-08-03T15:20:54.929+0000] {processor.py:925} INFO - DAG(s) 'pricescope_pipeline' retrieved from /opt/airflow/dags/pricescope_pipeline.py
[2026-08-03T15:20:54.969+0000] {logging_mixin.py:190} INFO - [2026-08-03T15:20:54.968+0000] {dag.py:3239} INFO - Sync 1 DAGs
[2026-08-03T15:20:55.017+0000] {logging_mixin.py:190} INFO - [2026-08-03T15:20:55.017+0000] {dag.py:4180} INFO - Setting next_dagrun for pricescope_pipeline to 2026-08-02 18:00:00+00:00, run_after=2026-08-03 06:00:00+00:00
[2026-08-03T15:20:55.056+0000] {processor.py:208} INFO - Processing /opt/airflow/dags/pricescope_pipeline.py took 0.195 seconds
[2026-08-03T15:21:25.109+0000] {processor.py:186} INFO - Started process (PID=2530) to work on /opt/airflow/dags/pricescope_pipeline.py
[2026-08-03T15:21:25.111+0000] {processor.py:914} INFO - Processing file /opt/airflow/dags/pricescope_pipeline.py for tasks to queue
[2026-08-03T15:21:25.116+0000] {logging_mixin.py:190} INFO - [2026-08-03T15:21:25.116+0000] {dagbag.py:588} INFO - Filling up the DagBag from /opt/airflow/dags/pricescope_pipeline.py
[2026-08-03T15:21:25.152+0000] {processor.py:925} INFO - DAG(s) 'pricescope_pipeline' retrieved from /opt/airflow/dags/pricescope_pipeline.py
[2026-08-03T15:21:25.181+0000] {logging_mixin.py:190} INFO - [2026-08-03T15:21:25.181+0000] {dag.py:3239} INFO - Sync 1 DAGs
[2026-08-03T15:21:25.207+0000] {logging_mixin.py:190} INFO - [2026-08-03T15:21:25.207+0000] {dag.py:4180} INFO - Setting next_dagrun for pricescope_pipeline to 2026-08-02 18:00:00+00:00, run_after=2026-08-03 06:00:00+00:00
[2026-08-03T15:21:25.229+0000] {processor.py:208} INFO - Processing /opt/airflow/dags/pricescope_pipeline.py took 0.127 seconds
[2026-08-03T15:21:55.468+0000] {processor.py:186} INFO - Started process (PID=2537) to work on /opt/airflow/dags/pricescope_pipeline.py
[2026-08-03T15:21:55.473+0000] {processor.py:914} INFO - Processing file /opt/airflow/dags/pricescope_pipeline.py for tasks to queue
[2026-08-03T15:21:55.482+0000] {logging_mixin.py:190} INFO - [2026-08-03T15:21:55.480+0000] {dagbag.py:588} INFO - Filling up the DagBag from /opt/airflow/dags/pricescope_pipeline.py
[2026-08-03T15:21:55.534+0000] {processor.py:925} INFO - DAG(s) 'pricescope_pipeline' retrieved from /opt/airflow/dags/pricescope_pipeline.py
[2026-08-03T15:21:55.579+0000] {logging_mixin.py:190} INFO - [2026-08-03T15:21:55.578+0000] {dag.py:3239} INFO - Sync 1 DAGs
[2026-08-03T15:21:55.632+0000] {logging_mixin.py:190} INFO - [2026-08-03T15:21:55.632+0000] {dag.py:4180} INFO - Setting next_dagrun for pricescope_pipeline to 2026-08-02 18:00:00+00:00, run_after=2026-08-03 06:00:00+00:00
[2026-08-03T15:21:55.677+0000] {processor.py:208} INFO - Processing /opt/airflow/dags/pricescope_pipeline.py took 0.227 seconds
[2026-08-03T15:22:25.802+0000] {processor.py:186} INFO - Started process (PID=2544) to work on /opt/airflow/dags/pricescope_pipeline.py
[2026-08-03T15:22:25.805+0000] {processor.py:914} INFO - Processing file /opt/airflow/dags/pricescope_pipeline.py for tasks to queue
[2026-08-03T15:22:25.809+0000] {logging_mixin.py:190} INFO - [2026-08-03T15:22:25.808+0000] {dagbag.py:588} INFO - Filling up the DagBag from /opt/airflow/dags/pricescope_pipeline.py
[2026-08-03T15:22:25.840+0000] {processor.py:925} INFO - DAG(s) 'pricescope_pipeline' retrieved from /opt/airflow/dags/pricescope_pipeline.py
[2026-08-03T15:22:25.874+0000] {logging_mixin.py:190} INFO - [2026-08-03T15:22:25.873+0000] {dag.py:3239} INFO - Sync 1 DAGs
[2026-08-03T15:22:25.910+0000] {logging_mixin.py:190} INFO - [2026-08-03T15:22:25.910+0000] {dag.py:4180} INFO - Setting next_dagrun for pricescope_pipeline to 2026-08-02 18:00:00+00:00, run_after=2026-08-03 06:00:00+00:00
[2026-08-03T15:22:25.945+0000] {processor.py:208} INFO - Processing /opt/airflow/dags/pricescope_pipeline.py took 0.156 seconds
[2026-08-03T15:22:56.201+0000] {processor.py:186} INFO - Started process (PID=2551) to work on /opt/airflow/dags/pricescope_pipeline.py
[2026-08-03T15:22:56.202+0000] {processor.py:914} INFO - Processing file /opt/airflow/dags/pricescope_pipeline.py for tasks to queue
[2026-08-03T15:22:56.205+0000] {logging_mixin.py:190} INFO - [2026-08-03T15:22:56.204+0000] {dagbag.py:588} INFO - Filling up the DagBag from /opt/airflow/dags/pricescope_pipeline.py
[2026-08-03T15:22:56.225+0000] {processor.py:925} INFO - DAG(s) 'pricescope_pipeline' retrieved from /opt/airflow/dags/pricescope_pipeline.py
[2026-08-03T15:22:56.242+0000] {logging_mixin.py:190} INFO - [2026-08-03T15:22:56.242+0000] {dag.py:3239} INFO - Sync 1 DAGs
[2026-08-03T15:22:56.260+0000] {logging_mixin.py:190} INFO - [2026-08-03T15:22:56.260+0000] {dag.py:4180} INFO - Setting next_dagrun for pricescope_pipeline to 2026-08-02 18:00:00+00:00, run_after=2026-08-03 06:00:00+00:00
[2026-08-03T15:22:56.276+0000] {processor.py:208} INFO - Processing /opt/airflow/dags/pricescope_pipeline.py took 0.079 seconds
[2026-08-03T15:23:26.432+0000] {processor.py:186} INFO - Started process (PID=2559) to work on /opt/airflow/dags/pricescope_pipeline.py
[2026-08-03T15:23:26.434+0000] {processor.py:914} INFO - Processing file /opt/airflow/dags/pricescope_pipeline.py for tasks to queue
[2026-08-03T15:23:26.437+0000] {logging_mixin.py:190} INFO - [2026-08-03T15:23:26.437+0000] {dagbag.py:588} INFO - Filling up the DagBag from /opt/airflow/dags/pricescope_pipeline.py
[2026-08-03T15:23:26.465+0000] {processor.py:925} INFO - DAG(s) 'pricescope_pipeline' retrieved from /opt/airflow/dags/pricescope_pipeline.py
[2026-08-03T15:23:26.492+0000] {logging_mixin.py:190} INFO - [2026-08-03T15:23:26.491+0000] {dag.py:3239} INFO - Sync 1 DAGs
[2026-08-03T15:23:26.512+0000] {logging_mixin.py:190} INFO - [2026-08-03T15:23:26.511+0000] {dag.py:4180} INFO - Setting next_dagrun for pricescope_pipeline to 2026-08-02 18:00:00+00:00, run_after=2026-08-03 06:00:00+00:00
[2026-08-03T15:23:26.528+0000] {processor.py:208} INFO - Processing /opt/airflow/dags/pricescope_pipeline.py took 0.103 seconds
[2026-08-03T15:23:56.721+0000] {processor.py:186} INFO - Started process (PID=2566) to work on /opt/airflow/dags/pricescope_pipeline.py
[2026-08-03T15:23:56.723+0000] {processor.py:914} INFO - Processing file /opt/airflow/dags/pricescope_pipeline.py for tasks to queue
[2026-08-03T15:23:56.727+0000] {logging_mixin.py:190} INFO - [2026-08-03T15:23:56.726+0000] {dagbag.py:588} INFO - Filling up the DagBag from /opt/airflow/dags/pricescope_pipeline.py
[2026-08-03T15:23:56.756+0000] {processor.py:925} INFO - DAG(s) 'pricescope_pipeline' retrieved from /opt/airflow/dags/pricescope_pipeline.py
[2026-08-03T15:23:56.784+0000] {logging_mixin.py:190} INFO - [2026-08-03T15:23:56.783+0000] {dag.py:3239} INFO - Sync 1 DAGs
[2026-08-03T15:23:56.806+0000] {logging_mixin.py:190} INFO - [2026-08-03T15:23:56.806+0000] {dag.py:4180} INFO - Setting next_dagrun for pricescope_pipeline to 2026-08-02 18:00:00+00:00, run_after=2026-08-03 06:00:00+00:00
[2026-08-03T15:23:56.830+0000] {processor.py:208} INFO - Processing /opt/airflow/dags/pricescope_pipeline.py took 0.115 seconds
[2026-08-03T15:24:27.046+0000] {processor.py:186} INFO - Started process (PID=2573) to work on /opt/airflow/dags/pricescope_pipeline.py
[2026-08-03T15:24:27.049+0000] {processor.py:914} INFO - Processing file /opt/airflow/dags/pricescope_pipeline.py for tasks to queue
[2026-08-03T15:24:27.052+0000] {logging_mixin.py:190} INFO - [2026-08-03T15:24:27.052+0000] {dagbag.py:588} INFO - Filling up the DagBag from /opt/airflow/dags/pricescope_pipeline.py
[2026-08-03T15:24:27.080+0000] {processor.py:925} INFO - DAG(s) 'pricescope_pipeline' retrieved from /opt/airflow/dags/pricescope_pipeline.py
[2026-08-03T15:24:27.102+0000] {logging_mixin.py:190} INFO - [2026-08-03T15:24:27.101+0000] {dag.py:3239} INFO - Sync 1 DAGs
[2026-08-03T15:24:27.123+0000] {logging_mixin.py:190} INFO - [2026-08-03T15:24:27.122+0000] {dag.py:4180} INFO - Setting next_dagrun for pricescope_pipeline to 2026-08-02 18:00:00+00:00, run_after=2026-08-03 06:00:00+00:00
[2026-08-03T15:24:27.143+0000] {processor.py:208} INFO - Processing /opt/airflow/dags/pricescope_pipeline.py took 0.103 seconds
[2026-08-03T15:24:57.407+0000] {processor.py:186} INFO - Started process (PID=2580) to work on /opt/airflow/dags/pricescope_pipeline.py
[2026-08-03T15:24:57.411+0000] {processor.py:914} INFO - Processing file /opt/airflow/dags/pricescope_pipeline.py for tasks to queue
[2026-08-03T15:24:57.422+0000] {logging_mixin.py:190} INFO - [2026-08-03T15:24:57.420+0000] {dagbag.py:588} INFO - Filling up the DagBag from /opt/airflow/dags/pricescope_pipeline.py
[2026-08-03T15:24:57.458+0000] {processor.py:925} INFO - DAG(s) 'pricescope_pipeline' retrieved from /opt/airflow/dags/pricescope_pipeline.py
[2026-08-03T15:24:57.495+0000] {logging_mixin.py:190} INFO - [2026-08-03T15:24:57.495+0000] {dag.py:3239} INFO - Sync 1 DAGs
[2026-08-03T15:24:57.526+0000] {logging_mixin.py:190} INFO - [2026-08-03T15:24:57.526+0000] {dag.py:4180} INFO - Setting next_dagrun for pricescope_pipeline to 2026-08-02 18:00:00+00:00, run_after=2026-08-03 06:00:00+00:00
[2026-08-03T15:24:57.556+0000] {processor.py:208} INFO - Processing /opt/airflow/dags/pricescope_pipeline.py took 0.161 seconds
[2026-08-03T15:25:27.867+0000] {processor.py:186} INFO - Started process (PID=2587) to work on /opt/airflow/dags/pricescope_pipeline.py
[2026-08-03T15:25:27.872+0000] {processor.py:914} INFO - Processing file /opt/airflow/dags/pricescope_pipeline.py for tasks to queue
[2026-08-03T15:25:27.877+0000] {logging_mixin.py:190} INFO - [2026-08-03T15:25:27.876+0000] {dagbag.py:588} INFO - Filling up the DagBag from /opt/airflow/dags/pricescope_pipeline.py
[2026-08-03T15:25:27.912+0000] {processor.py:925} INFO - DAG(s) 'pricescope_pipeline' retrieved from /opt/airflow/dags/pricescope_pipeline.py
[2026-08-03T15:25:27.949+0000] {logging_mixin.py:190} INFO - [2026-08-03T15:25:27.949+0000] {dag.py:3239} INFO - Sync 1 DAGs
[2026-08-03T15:25:27.987+0000] {logging_mixin.py:190} INFO - [2026-08-03T15:25:27.987+0000] {dag.py:4180} INFO - Setting next_dagrun for pricescope_pipeline to 2026-08-02 18:00:00+00:00, run_after=2026-08-03 06:00:00+00:00
[2026-08-03T15:25:28.018+0000] {processor.py:208} INFO - Processing /opt/airflow/dags/pricescope_pipeline.py took 0.161 seconds
[2026-08-03T15:25:58.201+0000] {processor.py:186} INFO - Started process (PID=2594) to work on /opt/airflow/dags/pricescope_pipeline.py
[2026-08-03T15:25:58.203+0000] {processor.py:914} INFO - Processing file /opt/airflow/dags/pricescope_pipeline.py for tasks to queue
[2026-08-03T15:25:58.208+0000] {logging_mixin.py:190} INFO - [2026-08-03T15:25:58.207+0000] {dagbag.py:588} INFO - Filling up the DagBag from /opt/airflow/dags/pricescope_pipeline.py
[2026-08-03T15:25:58.242+0000] {processor.py:925} INFO - DAG(s) 'pricescope_pipeline' retrieved from /opt/airflow/dags/pricescope_pipeline.py
[2026-08-03T15:25:58.278+0000] {logging_mixin.py:190} INFO - [2026-08-03T15:25:58.278+0000] {dag.py:3239} INFO - Sync 1 DAGs
[2026-08-03T15:25:58.313+0000] {logging_mixin.py:190} INFO - [2026-08-03T15:25:58.313+0000] {dag.py:4180} INFO - Setting next_dagrun for pricescope_pipeline to 2026-08-02 18:00:00+00:00, run_after=2026-08-03 06:00:00+00:00
[2026-08-03T15:25:58.350+0000] {processor.py:208} INFO - Processing /opt/airflow/dags/pricescope_pipeline.py took 0.160 seconds
[2026-08-03T15:26:28.524+0000] {processor.py:186} INFO - Started process (PID=2601) to work on /opt/airflow/dags/pricescope_pipeline.py
[2026-08-03T15:26:28.526+0000] {processor.py:914} INFO - Processing file /opt/airflow/dags/pricescope_pipeline.py for tasks to queue
[2026-08-03T15:26:28.530+0000] {logging_mixin.py:190} INFO - [2026-08-03T15:26:28.529+0000] {dagbag.py:588} INFO - Filling up the DagBag from /opt/airflow/dags/pricescope_pipeline.py
[2026-08-03T15:26:28.548+0000] {processor.py:925} INFO - DAG(s) 'pricescope_pipeline' retrieved from /opt/airflow/dags/pricescope_pipeline.py
[2026-08-03T15:26:28.569+0000] {logging_mixin.py:190} INFO - [2026-08-03T15:26:28.569+0000] {dag.py:3239} INFO - Sync 1 DAGs
[2026-08-03T15:26:28.591+0000] {logging_mixin.py:190} INFO - [2026-08-03T15:26:28.591+0000] {dag.py:4180} INFO - Setting next_dagrun for pricescope_pipeline to 2026-08-02 18:00:00+00:00, run_after=2026-08-03 06:00:00+00:00
[2026-08-03T15:26:28.607+0000] {processor.py:208} INFO - Processing /opt/airflow/dags/pricescope_pipeline.py took 0.089 seconds
[2026-08-03T15:26:58.866+0000] {processor.py:186} INFO - Started process (PID=2608) to work on /opt/airflow/dags/pricescope_pipeline.py
[2026-08-03T15:26:58.869+0000] {processor.py:914} INFO - Processing file /opt/airflow/dags/pricescope_pipeline.py for tasks to queue
[2026-08-03T15:26:58.874+0000] {logging_mixin.py:190} INFO - [2026-08-03T15:26:58.874+0000] {dagbag.py:588} INFO - Filling up the DagBag from /opt/airflow/dags/pricescope_pipeline.py
[2026-08-03T15:26:58.911+0000] {processor.py:925} INFO - DAG(s) 'pricescope_pipeline' retrieved from /opt/airflow/dags/pricescope_pipeline.py
[2026-08-03T15:26:58.946+0000] {logging_mixin.py:190} INFO - [2026-08-03T15:26:58.946+0000] {dag.py:3239} INFO - Sync 1 DAGs
[2026-08-03T15:26:58.982+0000] {logging_mixin.py:190} INFO - [2026-08-03T15:26:58.982+0000] {dag.py:4180} INFO - Setting next_dagrun for pricescope_pipeline to 2026-08-02 18:00:00+00:00, run_after=2026-08-03 06:00:00+00:00
[2026-08-03T15:26:59.009+0000] {processor.py:208} INFO - Processing /opt/airflow/dags/pricescope_pipeline.py took 0.152 seconds
[2026-08-03T15:27:29.559+0000] {processor.py:186} INFO - Started process (PID=2615) to work on /opt/airflow/dags/pricescope_pipeline.py
[2026-08-03T15:27:29.560+0000] {processor.py:914} INFO - Processing file /opt/airflow/dags/pricescope_pipeline.py for tasks to queue
[2026-08-03T15:27:29.563+0000] {logging_mixin.py:190} INFO - [2026-08-03T15:27:29.563+0000] {dagbag.py:588} INFO - Filling up the DagBag from /opt/airflow/dags/pricescope_pipeline.py
[2026-08-03T15:27:29.586+0000] {processor.py:925} INFO - DAG(s) 'pricescope_pipeline' retrieved from /opt/airflow/dags/pricescope_pipeline.py
[2026-08-03T15:27:29.609+0000] {logging_mixin.py:190} INFO - [2026-08-03T15:27:29.609+0000] {dag.py:3239} INFO - Sync 1 DAGs
[2026-08-03T15:27:29.634+0000] {logging_mixin.py:190} INFO - [2026-08-03T15:27:29.633+0000] {dag.py:4180} INFO - Setting next_dagrun for pricescope_pipeline to 2026-08-02 18:00:00+00:00, run_after=2026-08-03 06:00:00+00:00
[2026-08-03T15:27:29.651+0000] {processor.py:208} INFO - Processing /opt/airflow/dags/pricescope_pipeline.py took 0.098 seconds
[2026-08-03T15:28:00.021+0000] {processor.py:186} INFO - Started process (PID=2622) to work on /opt/airflow/dags/pricescope_pipeline.py
[2026-08-03T15:28:00.026+0000] {processor.py:914} INFO - Processing file /opt/airflow/dags/pricescope_pipeline.py for tasks to queue
[2026-08-03T15:28:00.032+0000] {logging_mixin.py:190} INFO - [2026-08-03T15:28:00.032+0000] {dagbag.py:588} INFO - Filling up the DagBag from /opt/airflow/dags/pricescope_pipeline.py
[2026-08-03T15:28:00.089+0000] {processor.py:925} INFO - DAG(s) 'pricescope_pipeline' retrieved from /opt/airflow/dags/pricescope_pipeline.py
[2026-08-03T15:28:00.125+0000] {logging_mixin.py:190} INFO - [2026-08-03T15:28:00.125+0000] {dag.py:3239} INFO - Sync 1 DAGs
[2026-08-03T15:28:00.159+0000] {logging_mixin.py:190} INFO - [2026-08-03T15:28:00.159+0000] {dag.py:4180} INFO - Setting next_dagrun for pricescope_pipeline to 2026-08-02 18:00:00+00:00, run_after=2026-08-03 06:00:00+00:00
[2026-08-03T15:28:00.181+0000] {processor.py:208} INFO - Processing /opt/airflow/dags/pricescope_pipeline.py took 0.166 seconds
[2026-08-03T15:28:30.440+0000] {processor.py:186} INFO - Started process (PID=2629) to work on /opt/airflow/dags/pricescope_pipeline.py
[2026-08-03T15:28:30.444+0000] {processor.py:914} INFO - Processing file /opt/airflow/dags/pricescope_pipeline.py for tasks to queue
[2026-08-03T15:28:30.452+0000] {logging_mixin.py:190} INFO - [2026-08-03T15:28:30.451+0000] {dagbag.py:588} INFO - Filling up the DagBag from /opt/airflow/dags/pricescope_pipeline.py
[2026-08-03T15:28:30.502+0000] {processor.py:925} INFO - DAG(s) 'pricescope_pipeline' retrieved from /opt/airflow/dags/pricescope_pipeline.py
[2026-08-03T15:28:30.552+0000] {logging_mixin.py:190} INFO - [2026-08-03T15:28:30.552+0000] {dag.py:3239} INFO - Sync 1 DAGs
[2026-08-03T15:28:30.575+0000] {logging_mixin.py:190} INFO - [2026-08-03T15:28:30.574+0000] {dag.py:4180} INFO - Setting next_dagrun for pricescope_pipeline to 2026-08-02 18:00:00+00:00, run_after=2026-08-03 06:00:00+00:00
[2026-08-03T15:28:30.603+0000] {processor.py:208} INFO - Processing /opt/airflow/dags/pricescope_pipeline.py took 0.175 seconds
[2026-08-03T15:29:01.014+0000] {processor.py:186} INFO - Started process (PID=2636) to work on /opt/airflow/dags/pricescope_pipeline.py
[2026-08-03T15:29:01.017+0000] {processor.py:914} INFO - Processing file /opt/airflow/dags/pricescope_pipeline.py for tasks to queue
[2026-08-03T15:29:01.023+0000] {logging_mixin.py:190} INFO - [2026-08-03T15:29:01.022+0000] {dagbag.py:588} INFO - Filling up the DagBag from /opt/airflow/dags/pricescope_pipeline.py
[2026-08-03T15:29:01.078+0000] {processor.py:925} INFO - DAG(s) 'pricescope_pipeline' retrieved from /opt/airflow/dags/pricescope_pipeline.py
[2026-08-03T15:29:01.119+0000] {logging_mixin.py:190} INFO - [2026-08-03T15:29:01.119+0000] {dag.py:3239} INFO - Sync 1 DAGs
[2026-08-03T15:29:01.167+0000] {logging_mixin.py:190} INFO - [2026-08-03T15:29:01.166+0000] {dag.py:4180} INFO - Setting next_dagrun for pricescope_pipeline to 2026-08-02 18:00:00+00:00, run_after=2026-08-03 06:00:00+00:00
[2026-08-03T15:29:01.233+0000] {processor.py:208} INFO - Processing /opt/airflow/dags/pricescope_pipeline.py took 0.226 seconds
[2026-08-03T15:29:31.454+0000] {processor.py:186} INFO - Started process (PID=2643) to work on /opt/airflow/dags/pricescope_pipeline.py
[2026-08-03T15:29:31.462+0000] {processor.py:914} INFO - Processing file /opt/airflow/dags/pricescope_pipeline.py for tasks to queue
[2026-08-03T15:29:31.471+0000] {logging_mixin.py:190} INFO - [2026-08-03T15:29:31.470+0000] {dagbag.py:588} INFO - Filling up the DagBag from /opt/airflow/dags/pricescope_pipeline.py
[2026-08-03T15:29:31.543+0000] {processor.py:925} INFO - DAG(s) 'pricescope_pipeline' retrieved from /opt/airflow/dags/pricescope_pipeline.py
[2026-08-03T15:29:31.597+0000] {logging_mixin.py:190} INFO - [2026-08-03T15:29:31.597+0000] {dag.py:3239} INFO - Sync 1 DAGs
[2026-08-03T15:29:31.649+0000] {logging_mixin.py:190} INFO - [2026-08-03T15:29:31.649+0000] {dag.py:4180} INFO - Setting next_dagrun for pricescope_pipeline to 2026-08-02 18:00:00+00:00, run_after=2026-08-03 06:00:00+00:00
[2026-08-03T15:29:31.693+0000] {processor.py:208} INFO - Processing /opt/airflow/dags/pricescope_pipeline.py took 0.255 seconds
[2026-08-03T15:30:02.073+0000] {processor.py:186} INFO - Started process (PID=2650) to work on /opt/airflow/dags/pricescope_pipeline.py
[2026-08-03T15:30:02.075+0000] {processor.py:914} INFO - Processing file /opt/airflow/dags/pricescope_pipeline.py for tasks to queue
[2026-08-03T15:30:02.083+0000] {logging_mixin.py:190} INFO - [2026-08-03T15:30:02.082+0000] {dagbag.py:588} INFO - Filling up the DagBag from /opt/airflow/dags/pricescope_pipeline.py
[2026-08-03T15:30:02.145+0000] {processor.py:925} INFO - DAG(s) 'pricescope_pipeline' retrieved from /opt/airflow/dags/pricescope_pipeline.py
[2026-08-03T15:30:02.188+0000] {logging_mixin.py:190} INFO - [2026-08-03T15:30:02.188+0000] {dag.py:3239} INFO - Sync 1 DAGs
[2026-08-03T15:30:02.238+0000] {logging_mixin.py:190} INFO - [2026-08-03T15:30:02.238+0000] {dag.py:4180} INFO - Setting next_dagrun for pricescope_pipeline to 2026-08-02 18:00:00+00:00, run_after=2026-08-03 06:00:00+00:00
[2026-08-03T15:30:02.296+0000] {processor.py:208} INFO - Processing /opt/airflow/dags/pricescope_pipeline.py took 0.238 seconds
[2026-08-03T15:30:32.536+0000] {processor.py:186} INFO - Started process (PID=2657) to work on /opt/airflow/dags/pricescope_pipeline.py
[2026-08-03T15:30:32.538+0000] {processor.py:914} INFO - Processing file /opt/airflow/dags/pricescope_pipeline.py for tasks to queue
[2026-08-03T15:30:32.541+0000] {logging_mixin.py:190} INFO - [2026-08-03T15:30:32.541+0000] {dagbag.py:588} INFO - Filling up the DagBag from /opt/airflow/dags/pricescope_pipeline.py
[2026-08-03T15:30:32.572+0000] {processor.py:925} INFO - DAG(s) 'pricescope_pipeline' retrieved from /opt/airflow/dags/pricescope_pipeline.py
[2026-08-03T15:30:32.599+0000] {logging_mixin.py:190} INFO - [2026-08-03T15:30:32.598+0000] {dag.py:3239} INFO - Sync 1 DAGs
[2026-08-03T15:30:32.622+0000] {logging_mixin.py:190} INFO - [2026-08-03T15:30:32.622+0000] {dag.py:4180} INFO - Setting next_dagrun for pricescope_pipeline to 2026-08-02 18:00:00+00:00, run_after=2026-08-03 06:00:00+00:00
[2026-08-03T15:30:32.645+0000] {processor.py:208} INFO - Processing /opt/airflow/dags/pricescope_pipeline.py took 0.117 seconds
[2026-08-03T15:31:02.975+0000] {processor.py:186} INFO - Started process (PID=2664) to work on /opt/airflow/dags/pricescope_pipeline.py
[2026-08-03T15:31:02.978+0000] {processor.py:914} INFO - Processing file /opt/airflow/dags/pricescope_pipeline.py for tasks to queue
[2026-08-03T15:31:02.982+0000] {logging_mixin.py:190} INFO - [2026-08-03T15:31:02.982+0000] {dagbag.py:588} INFO - Filling up the DagBag from /opt/airflow/dags/pricescope_pipeline.py
[2026-08-03T15:31:03.023+0000] {processor.py:925} INFO - DAG(s) 'pricescope_pipeline' retrieved from /opt/airflow/dags/pricescope_pipeline.py
[2026-08-03T15:31:03.055+0000] {logging_mixin.py:190} INFO - [2026-08-03T15:31:03.054+0000] {dag.py:3239} INFO - Sync 1 DAGs
[2026-08-03T15:31:03.076+0000] {logging_mixin.py:190} INFO - [2026-08-03T15:31:03.076+0000] {dag.py:4180} INFO - Setting next_dagrun for pricescope_pipeline to 2026-08-02 18:00:00+00:00, run_after=2026-08-03 06:00:00+00:00
[2026-08-03T15:31:03.129+0000] {processor.py:208} INFO - Processing /opt/airflow/dags/pricescope_pipeline.py took 0.170 seconds
[2026-08-03T15:31:33.494+0000] {processor.py:186} INFO - Started process (PID=2671) to work on /opt/airflow/dags/pricescope_pipeline.py
[2026-08-03T15:31:33.497+0000] {processor.py:914} INFO - Processing file /opt/airflow/dags/pricescope_pipeline.py for tasks to queue
[2026-08-03T15:31:33.501+0000] {logging_mixin.py:190} INFO - [2026-08-03T15:31:33.501+0000] {dagbag.py:588} INFO - Filling up the DagBag from /opt/airflow/dags/pricescope_pipeline.py
[2026-08-03T15:31:33.557+0000] {processor.py:925} INFO - DAG(s) 'pricescope_pipeline' retrieved from /opt/airflow/dags/pricescope_pipeline.py
[2026-08-03T15:31:33.593+0000] {logging_mixin.py:190} INFO - [2026-08-03T15:31:33.593+0000] {dag.py:3239} INFO - Sync 1 DAGs
[2026-08-03T15:31:33.620+0000] {logging_mixin.py:190} INFO - [2026-08-03T15:31:33.619+0000] {dag.py:4180} INFO - Setting next_dagrun for pricescope_pipeline to 2026-08-02 18:00:00+00:00, run_after=2026-08-03 06:00:00+00:00
[2026-08-03T15:31:33.641+0000] {processor.py:208} INFO - Processing /opt/airflow/dags/pricescope_pipeline.py took 0.154 seconds
[2026-08-03T15:32:03.968+0000] {processor.py:186} INFO - Started process (PID=2678) to work on /opt/airflow/dags/pricescope_pipeline.py
[2026-08-03T15:32:03.972+0000] {processor.py:914} INFO - Processing file /opt/airflow/dags/pricescope_pipeline.py for tasks to queue
[2026-08-03T15:32:03.981+0000] {logging_mixin.py:190} INFO - [2026-08-03T15:32:03.980+0000] {dagbag.py:588} INFO - Filling up the DagBag from /opt/airflow/dags/pricescope_pipeline.py
[2026-08-03T15:32:04.047+0000] {processor.py:925} INFO - DAG(s) 'pricescope_pipeline' retrieved from /opt/airflow/dags/pricescope_pipeline.py
[2026-08-03T15:32:04.087+0000] {logging_mixin.py:190} INFO - [2026-08-03T15:32:04.086+0000] {dag.py:3239} INFO - Sync 1 DAGs
[2026-08-03T15:32:04.132+0000] {logging_mixin.py:190} INFO - [2026-08-03T15:32:04.132+0000] {dag.py:4180} INFO - Setting next_dagrun for pricescope_pipeline to 2026-08-02 18:00:00+00:00, run_after=2026-08-03 06:00:00+00:00
[2026-08-03T15:32:04.171+0000] {processor.py:208} INFO - Processing /opt/airflow/dags/pricescope_pipeline.py took 0.215 seconds
[2026-08-03T15:32:34.501+0000] {processor.py:186} INFO - Started process (PID=2685) to work on /opt/airflow/dags/pricescope_pipeline.py
[2026-08-03T15:32:34.507+0000] {processor.py:914} INFO - Processing file /opt/airflow/dags/pricescope_pipeline.py for tasks to queue
[2026-08-03T15:32:34.517+0000] {logging_mixin.py:190} INFO - [2026-08-03T15:32:34.515+0000] {dagbag.py:588} INFO - Filling up the DagBag from /opt/airflow/dags/pricescope_pipeline.py
[2026-08-03T15:32:34.586+0000] {processor.py:925} INFO - DAG(s) 'pricescope_pipeline' retrieved from /opt/airflow/dags/pricescope_pipeline.py
[2026-08-03T15:32:34.629+0000] {logging_mixin.py:190} INFO - [2026-08-03T15:32:34.629+0000] {dag.py:3239} INFO - Sync 1 DAGs
[2026-08-03T15:32:34.681+0000] {logging_mixin.py:190} INFO - [2026-08-03T15:32:34.680+0000] {dag.py:4180} INFO - Setting next_dagrun for pricescope_pipeline to 2026-08-02 18:00:00+00:00, run_after=2026-08-03 06:00:00+00:00
[2026-08-03T15:32:34.762+0000] {processor.py:208} INFO - Processing /opt/airflow/dags/pricescope_pipeline.py took 0.274 seconds
[2026-08-03T15:33:05.150+0000] {processor.py:186} INFO - Started process (PID=2692) to work on /opt/airflow/dags/pricescope_pipeline.py
[2026-08-03T15:33:05.154+0000] {processor.py:914} INFO - Processing file /opt/airflow/dags/pricescope_pipeline.py for tasks to queue
[2026-08-03T15:33:05.159+0000] {logging_mixin.py:190} INFO - [2026-08-03T15:33:05.159+0000] {dagbag.py:588} INFO - Filling up the DagBag from /opt/airflow/dags/pricescope_pipeline.py
[2026-08-03T15:33:05.196+0000] {processor.py:925} INFO - DAG(s) 'pricescope_pipeline' retrieved from /opt/airflow/dags/pricescope_pipeline.py
[2026-08-03T15:33:05.245+0000] {logging_mixin.py:190} INFO - [2026-08-03T15:33:05.245+0000] {dag.py:3239} INFO - Sync 1 DAGs
[2026-08-03T15:33:05.268+0000] {logging_mixin.py:190} INFO - [2026-08-03T15:33:05.268+0000] {dag.py:4180} INFO - Setting next_dagrun for pricescope_pipeline to 2026-08-02 18:00:00+00:00, run_after=2026-08-03 06:00:00+00:00
[2026-08-03T15:33:05.287+0000] {processor.py:208} INFO - Processing /opt/airflow/dags/pricescope_pipeline.py took 0.143 seconds
[2026-08-03T15:33:35.698+0000] {processor.py:186} INFO - Started process (PID=2699) to work on /opt/airflow/dags/pricescope_pipeline.py
[2026-08-03T15:33:35.702+0000] {processor.py:914} INFO - Processing file /opt/airflow/dags/pricescope_pipeline.py for tasks to queue
[2026-08-03T15:33:35.709+0000] {logging_mixin.py:190} INFO - [2026-08-03T15:33:35.708+0000] {dagbag.py:588} INFO - Filling up the DagBag from /opt/airflow/dags/pricescope_pipeline.py
[2026-08-03T15:33:35.773+0000] {processor.py:925} INFO - DAG(s) 'pricescope_pipeline' retrieved from /opt/airflow/dags/pricescope_pipeline.py
[2026-08-03T15:33:35.829+0000] {logging_mixin.py:190} INFO - [2026-08-03T15:33:35.828+0000] {dag.py:3239} INFO - Sync 1 DAGs
[2026-08-03T15:33:35.875+0000] {logging_mixin.py:190} INFO - [2026-08-03T15:33:35.874+0000] {dag.py:4180} INFO - Setting next_dagrun for pricescope_pipeline to 2026-08-02 18:00:00+00:00, run_after=2026-08-03 06:00:00+00:00
[2026-08-03T15:33:35.914+0000] {processor.py:208} INFO - Processing /opt/airflow/dags/pricescope_pipeline.py took 0.231 seconds
[2026-08-03T15:34:06.131+0000] {processor.py:186} INFO - Started process (PID=2712) to work on /opt/airflow/dags/pricescope_pipeline.py
[2026-08-03T15:34:06.134+0000] {processor.py:914} INFO - Processing file /opt/airflow/dags/pricescope_pipeline.py for tasks to queue
[2026-08-03T15:34:06.138+0000] {logging_mixin.py:190} INFO - [2026-08-03T15:34:06.137+0000] {dagbag.py:588} INFO - Filling up the DagBag from /opt/airflow/dags/pricescope_pipeline.py
[2026-08-03T15:34:06.169+0000] {processor.py:925} INFO - DAG(s) 'pricescope_pipeline' retrieved from /opt/airflow/dags/pricescope_pipeline.py
[2026-08-03T15:34:06.204+0000] {logging_mixin.py:190} INFO - [2026-08-03T15:34:06.204+0000] {dag.py:3239} INFO - Sync 1 DAGs
[2026-08-03T15:34:06.246+0000] {logging_mixin.py:190} INFO - [2026-08-03T15:34:06.246+0000] {dag.py:4180} INFO - Setting next_dagrun for pricescope_pipeline to 2026-08-02 18:00:00+00:00, run_after=2026-08-03 06:00:00+00:00
[2026-08-03T15:34:06.272+0000] {processor.py:208} INFO - Processing /opt/airflow/dags/pricescope_pipeline.py took 0.149 seconds
[2026-08-03T15:34:36.542+0000] {processor.py:186} INFO - Started process (PID=2719) to work on /opt/airflow/dags/pricescope_pipeline.py
[2026-08-03T15:34:36.544+0000] {processor.py:914} INFO - Processing file /opt/airflow/dags/pricescope_pipeline.py for tasks to queue
[2026-08-03T15:34:36.548+0000] {logging_mixin.py:190} INFO - [2026-08-03T15:34:36.548+0000] {dagbag.py:588} INFO - Filling up the DagBag from /opt/airflow/dags/pricescope_pipeline.py
[2026-08-03T15:34:36.579+0000] {processor.py:925} INFO - DAG(s) 'pricescope_pipeline' retrieved from /opt/airflow/dags/pricescope_pipeline.py
[2026-08-03T15:34:36.611+0000] {logging_mixin.py:190} INFO - [2026-08-03T15:34:36.611+0000] {dag.py:3239} INFO - Sync 1 DAGs
[2026-08-03T15:34:36.640+0000] {logging_mixin.py:190} INFO - [2026-08-03T15:34:36.640+0000] {dag.py:4180} INFO - Setting next_dagrun for pricescope_pipeline to 2026-08-02 18:00:00+00:00, run_after=2026-08-03 06:00:00+00:00
[2026-08-03T15:34:36.666+0000] {processor.py:208} INFO - Processing /opt/airflow/dags/pricescope_pipeline.py took 0.133 seconds
[2026-08-03T15:35:07.155+0000] {processor.py:186} INFO - Started process (PID=2726) to work on /opt/airflow/dags/pricescope_pipeline.py
[2026-08-03T15:35:07.159+0000] {processor.py:914} INFO - Processing file /opt/airflow/dags/pricescope_pipeline.py for tasks to queue
[2026-08-03T15:35:07.169+0000] {logging_mixin.py:190} INFO - [2026-08-03T15:35:07.168+0000] {dagbag.py:588} INFO - Filling up the DagBag from /opt/airflow/dags/pricescope_pipeline.py
[2026-08-03T15:35:07.229+0000] {processor.py:925} INFO - DAG(s) 'pricescope_pipeline' retrieved from /opt/airflow/dags/pricescope_pipeline.py
[2026-08-03T15:35:07.256+0000] {logging_mixin.py:190} INFO - [2026-08-03T15:35:07.255+0000] {dag.py:3239} INFO - Sync 1 DAGs
[2026-08-03T15:35:07.280+0000] {logging_mixin.py:190} INFO - [2026-08-03T15:35:07.279+0000] {dag.py:4180} INFO - Setting next_dagrun for pricescope_pipeline to 2026-08-02 18:00:00+00:00, run_after=2026-08-03 06:00:00+00:00
[2026-08-03T15:35:07.299+0000] {processor.py:208} INFO - Processing /opt/airflow/dags/pricescope_pipeline.py took 0.160 seconds
[2026-08-03T15:35:37.607+0000] {processor.py:186} INFO - Started process (PID=2733) to work on /opt/airflow/dags/pricescope_pipeline.py
[2026-08-03T15:35:37.611+0000] {processor.py:914} INFO - Processing file /opt/airflow/dags/pricescope_pipeline.py for tasks to queue
[2026-08-03T15:35:37.617+0000] {logging_mixin.py:190} INFO - [2026-08-03T15:35:37.616+0000] {dagbag.py:588} INFO - Filling up the DagBag from /opt/airflow/dags/pricescope_pipeline.py
[2026-08-03T15:35:37.684+0000] {processor.py:925} INFO - DAG(s) 'pricescope_pipeline' retrieved from /opt/airflow/dags/pricescope_pipeline.py
[2026-08-03T15:35:37.714+0000] {logging_mixin.py:190} INFO - [2026-08-03T15:35:37.714+0000] {dag.py:3239} INFO - Sync 1 DAGs
[2026-08-03T15:35:37.744+0000] {logging_mixin.py:190} INFO - [2026-08-03T15:35:37.744+0000] {dag.py:4180} INFO - Setting next_dagrun for pricescope_pipeline to 2026-08-02 18:00:00+00:00, run_after=2026-08-03 06:00:00+00:00
[2026-08-03T15:35:37.771+0000] {processor.py:208} INFO - Processing /opt/airflow/dags/pricescope_pipeline.py took 0.179 seconds
[2026-08-03T15:36:08.129+0000] {processor.py:186} INFO - Started process (PID=2740) to work on /opt/airflow/dags/pricescope_pipeline.py
[2026-08-03T15:36:08.131+0000] {processor.py:914} INFO - Processing file /opt/airflow/dags/pricescope_pipeline.py for tasks to queue
[2026-08-03T15:36:08.139+0000] {logging_mixin.py:190} INFO - [2026-08-03T15:36:08.137+0000] {dagbag.py:588} INFO - Filling up the DagBag from /opt/airflow/dags/pricescope_pipeline.py
[2026-08-03T15:36:08.171+0000] {processor.py:925} INFO - DAG(s) 'pricescope_pipeline' retrieved from /opt/airflow/dags/pricescope_pipeline.py
[2026-08-03T15:36:08.192+0000] {logging_mixin.py:190} INFO - [2026-08-03T15:36:08.192+0000] {dag.py:3239} INFO - Sync 1 DAGs
[2026-08-03T15:36:08.215+0000] {logging_mixin.py:190} INFO - [2026-08-03T15:36:08.215+0000] {dag.py:4180} INFO - Setting next_dagrun for pricescope_pipeline to 2026-08-02 18:00:00+00:00, run_after=2026-08-03 06:00:00+00:00
[2026-08-03T15:36:08.270+0000] {processor.py:208} INFO - Processing /opt/airflow/dags/pricescope_pipeline.py took 0.150 seconds
[2026-08-03T15:36:38.587+0000] {processor.py:186} INFO - Started process (PID=2747) to work on /opt/airflow/dags/pricescope_pipeline.py
[2026-08-03T15:36:38.590+0000] {processor.py:914} INFO - Processing file /opt/airflow/dags/pricescope_pipeline.py for tasks to queue
[2026-08-03T15:36:38.595+0000] {logging_mixin.py:190} INFO - [2026-08-03T15:36:38.595+0000] {dagbag.py:588} INFO - Filling up the DagBag from /opt/airflow/dags/pricescope_pipeline.py
[2026-08-03T15:36:38.640+0000] {processor.py:925} INFO - DAG(s) 'pricescope_pipeline' retrieved from /opt/airflow/dags/pricescope_pipeline.py
[2026-08-03T15:36:38.666+0000] {logging_mixin.py:190} INFO - [2026-08-03T15:36:38.666+0000] {dag.py:3239} INFO - Sync 1 DAGs
[2026-08-03T15:36:38.691+0000] {logging_mixin.py:190} INFO - [2026-08-03T15:36:38.691+0000] {dag.py:4180} INFO - Setting next_dagrun for pricescope_pipeline to 2026-08-02 18:00:00+00:00, run_after=2026-08-03 06:00:00+00:00
[2026-08-03T15:36:38.747+0000] {processor.py:208} INFO - Processing /opt/airflow/dags/pricescope_pipeline.py took 0.169 seconds
[2026-08-03T15:37:09.093+0000] {processor.py:186} INFO - Started process (PID=2754) to work on /opt/airflow/dags/pricescope_pipeline.py
[2026-08-03T15:37:09.096+0000] {processor.py:914} INFO - Processing file /opt/airflow/dags/pricescope_pipeline.py for tasks to queue
[2026-08-03T15:37:09.108+0000] {logging_mixin.py:190} INFO - [2026-08-03T15:37:09.106+0000] {dagbag.py:588} INFO - Filling up the DagBag from /opt/airflow/dags/pricescope_pipeline.py
[2026-08-03T15:37:09.170+0000] {processor.py:925} INFO - DAG(s) 'pricescope_pipeline' retrieved from /opt/airflow/dags/pricescope_pipeline.py
[2026-08-03T15:37:09.217+0000] {logging_mixin.py:190} INFO - [2026-08-03T15:37:09.216+0000] {dag.py:3239} INFO - Sync 1 DAGs
[2026-08-03T15:37:09.252+0000] {logging_mixin.py:190} INFO - [2026-08-03T15:37:09.252+0000] {dag.py:4180} INFO - Setting next_dagrun for pricescope_pipeline to 2026-08-02 18:00:00+00:00, run_after=2026-08-03 06:00:00+00:00
[2026-08-03T15:37:09.290+0000] {processor.py:208} INFO - Processing /opt/airflow/dags/pricescope_pipeline.py took 0.212 seconds
[2026-08-03T15:37:39.568+0000] {processor.py:186} INFO - Started process (PID=2761) to work on /opt/airflow/dags/pricescope_pipeline.py
[2026-08-03T15:37:39.571+0000] {processor.py:914} INFO - Processing file /opt/airflow/dags/pricescope_pipeline.py for tasks to queue
[2026-08-03T15:37:39.579+0000] {logging_mixin.py:190} INFO - [2026-08-03T15:37:39.578+0000] {dagbag.py:588} INFO - Filling up the DagBag from /opt/airflow/dags/pricescope_pipeline.py
[2026-08-03T15:37:39.651+0000] {processor.py:925} INFO - DAG(s) 'pricescope_pipeline' retrieved from /opt/airflow/dags/pricescope_pipeline.py
[2026-08-03T15:37:39.705+0000] {logging_mixin.py:190} INFO - [2026-08-03T15:37:39.704+0000] {dag.py:3239} INFO - Sync 1 DAGs
[2026-08-03T15:37:39.738+0000] {logging_mixin.py:190} INFO - [2026-08-03T15:37:39.738+0000] {dag.py:4180} INFO - Setting next_dagrun for pricescope_pipeline to 2026-08-02 18:00:00+00:00, run_after=2026-08-03 06:00:00+00:00
[2026-08-03T15:37:39.796+0000] {processor.py:208} INFO - Processing /opt/airflow/dags/pricescope_pipeline.py took 0.242 seconds
[2026-08-03T15:38:10.125+0000] {processor.py:186} INFO - Started process (PID=2768) to work on /opt/airflow/dags/pricescope_pipeline.py
[2026-08-03T15:38:10.128+0000] {processor.py:914} INFO - Processing file /opt/airflow/dags/pricescope_pipeline.py for tasks to queue
[2026-08-03T15:38:10.133+0000] {logging_mixin.py:190} INFO - [2026-08-03T15:38:10.133+0000] {dagbag.py:588} INFO - Filling up the DagBag from /opt/airflow/dags/pricescope_pipeline.py
[2026-08-03T15:38:10.202+0000] {processor.py:925} INFO - DAG(s) 'pricescope_pipeline' retrieved from /opt/airflow/dags/pricescope_pipeline.py
[2026-08-03T15:38:10.233+0000] {logging_mixin.py:190} INFO - [2026-08-03T15:38:10.233+0000] {dag.py:3239} INFO - Sync 1 DAGs
[2026-08-03T15:38:10.260+0000] {logging_mixin.py:190} INFO - [2026-08-03T15:38:10.259+0000] {dag.py:4180} INFO - Setting next_dagrun for pricescope_pipeline to 2026-08-02 18:00:00+00:00, run_after=2026-08-03 06:00:00+00:00
[2026-08-03T15:38:10.314+0000] {processor.py:208} INFO - Processing /opt/airflow/dags/pricescope_pipeline.py took 0.197 seconds
[2026-08-03T15:38:40.747+0000] {processor.py:186} INFO - Started process (PID=2775) to work on /opt/airflow/dags/pricescope_pipeline.py
[2026-08-03T15:38:40.751+0000] {processor.py:914} INFO - Processing file /opt/airflow/dags/pricescope_pipeline.py for tasks to queue
[2026-08-03T15:38:40.759+0000] {logging_mixin.py:190} INFO - [2026-08-03T15:38:40.758+0000] {dagbag.py:588} INFO - Filling up the DagBag from /opt/airflow/dags/pricescope_pipeline.py
[2026-08-03T15:38:40.823+0000] {processor.py:925} INFO - DAG(s) 'pricescope_pipeline' retrieved from /opt/airflow/dags/pricescope_pipeline.py
[2026-08-03T15:38:40.868+0000] {logging_mixin.py:190} INFO - [2026-08-03T15:38:40.868+0000] {dag.py:3239} INFO - Sync 1 DAGs
[2026-08-03T15:38:40.925+0000] {logging_mixin.py:190} INFO - [2026-08-03T15:38:40.925+0000] {dag.py:4180} INFO - Setting next_dagrun for pricescope_pipeline to 2026-08-02 18:00:00+00:00, run_after=2026-08-03 06:00:00+00:00
[2026-08-03T15:38:40.997+0000] {processor.py:208} INFO - Processing /opt/airflow/dags/pricescope_pipeline.py took 0.264 seconds
[2026-08-03T15:39:11.182+0000] {processor.py:186} INFO - Started process (PID=2782) to work on /opt/airflow/dags/pricescope_pipeline.py
[2026-08-03T15:39:11.185+0000] {processor.py:914} INFO - Processing file /opt/airflow/dags/pricescope_pipeline.py for tasks to queue
[2026-08-03T15:39:11.192+0000] {logging_mixin.py:190} INFO - [2026-08-03T15:39:11.191+0000] {dagbag.py:588} INFO - Filling up the DagBag from /opt/airflow/dags/pricescope_pipeline.py
[2026-08-03T15:39:11.226+0000] {processor.py:925} INFO - DAG(s) 'pricescope_pipeline' retrieved from /opt/airflow/dags/pricescope_pipeline.py
[2026-08-03T15:39:11.249+0000] {logging_mixin.py:190} INFO - [2026-08-03T15:39:11.249+0000] {dag.py:3239} INFO - Sync 1 DAGs
[2026-08-03T15:39:11.279+0000] {logging_mixin.py:190} INFO - [2026-08-03T15:39:11.279+0000] {dag.py:4180} INFO - Setting next_dagrun for pricescope_pipeline to 2026-08-02 18:00:00+00:00, run_after=2026-08-03 06:00:00+00:00
[2026-08-03T15:39:11.304+0000] {processor.py:208} INFO - Processing /opt/airflow/dags/pricescope_pipeline.py took 0.136 seconds
[2026-08-03T15:39:41.574+0000] {processor.py:186} INFO - Started process (PID=2789) to work on /opt/airflow/dags/pricescope_pipeline.py
[2026-08-03T15:39:41.578+0000] {processor.py:914} INFO - Processing file /opt/airflow/dags/pricescope_pipeline.py for tasks to queue
[2026-08-03T15:39:41.584+0000] {logging_mixin.py:190} INFO - [2026-08-03T15:39:41.583+0000] {dagbag.py:588} INFO - Filling up the DagBag from /opt/airflow/dags/pricescope_pipeline.py
[2026-08-03T15:39:41.627+0000] {processor.py:925} INFO - DAG(s) 'pricescope_pipeline' retrieved from /opt/airflow/dags/pricescope_pipeline.py
[2026-08-03T15:39:41.670+0000] {logging_mixin.py:190} INFO - [2026-08-03T15:39:41.669+0000] {dag.py:3239} INFO - Sync 1 DAGs
[2026-08-03T15:39:41.746+0000] {logging_mixin.py:190} INFO - [2026-08-03T15:39:41.745+0000] {dag.py:4180} INFO - Setting next_dagrun for pricescope_pipeline to 2026-08-02 18:00:00+00:00, run_after=2026-08-03 06:00:00+00:00
[2026-08-03T15:39:41.807+0000] {processor.py:208} INFO - Processing /opt/airflow/dags/pricescope_pipeline.py took 0.243 seconds
[2026-08-03T15:40:12.226+0000] {processor.py:186} INFO - Started process (PID=2795) to work on /opt/airflow/dags/pricescope_pipeline.py
[2026-08-03T15:40:12.231+0000] {processor.py:914} INFO - Processing file /opt/airflow/dags/pricescope_pipeline.py for tasks to queue
[2026-08-03T15:40:12.239+0000] {logging_mixin.py:190} INFO - [2026-08-03T15:40:12.238+0000] {dagbag.py:588} INFO - Filling up the DagBag from /opt/airflow/dags/pricescope_pipeline.py
[2026-08-03T15:40:12.313+0000] {processor.py:925} INFO - DAG(s) 'pricescope_pipeline' retrieved from /opt/airflow/dags/pricescope_pipeline.py
[2026-08-03T15:40:12.360+0000] {logging_mixin.py:190} INFO - [2026-08-03T15:40:12.359+0000] {dag.py:3239} INFO - Sync 1 DAGs
[2026-08-03T15:40:12.403+0000] {logging_mixin.py:190} INFO - [2026-08-03T15:40:12.403+0000] {dag.py:4180} INFO - Setting next_dagrun for pricescope_pipeline to 2026-08-02 18:00:00+00:00, run_after=2026-08-03 06:00:00+00:00
[2026-08-03T15:40:12.438+0000] {processor.py:208} INFO - Processing /opt/airflow/dags/pricescope_pipeline.py took 0.226 seconds
[2026-08-03T15:40:42.737+0000] {processor.py:186} INFO - Started process (PID=2802) to work on /opt/airflow/dags/pricescope_pipeline.py
[2026-08-03T15:40:42.742+0000] {processor.py:914} INFO - Processing file /opt/airflow/dags/pricescope_pipeline.py for tasks to queue
[2026-08-03T15:40:42.752+0000] {logging_mixin.py:190} INFO - [2026-08-03T15:40:42.751+0000] {dagbag.py:588} INFO - Filling up the DagBag from /opt/airflow/dags/pricescope_pipeline.py
[2026-08-03T15:40:42.838+0000] {processor.py:925} INFO - DAG(s) 'pricescope_pipeline' retrieved from /opt/airflow/dags/pricescope_pipeline.py
[2026-08-03T15:40:42.892+0000] {logging_mixin.py:190} INFO - [2026-08-03T15:40:42.892+0000] {dag.py:3239} INFO - Sync 1 DAGs
[2026-08-03T15:40:42.940+0000] {logging_mixin.py:190} INFO - [2026-08-03T15:40:42.940+0000] {dag.py:4180} INFO - Setting next_dagrun for pricescope_pipeline to 2026-08-02 18:00:00+00:00, run_after=2026-08-03 06:00:00+00:00
[2026-08-03T15:40:43.008+0000] {processor.py:208} INFO - Processing /opt/airflow/dags/pricescope_pipeline.py took 0.286 seconds
[2026-08-03T15:41:13.302+0000] {processor.py:186} INFO - Started process (PID=2808) to work on /opt/airflow/dags/pricescope_pipeline.py
[2026-08-03T15:41:13.304+0000] {processor.py:914} INFO - Processing file /opt/airflow/dags/pricescope_pipeline.py for tasks to queue
[2026-08-03T15:41:13.310+0000] {logging_mixin.py:190} INFO - [2026-08-03T15:41:13.309+0000] {dagbag.py:588} INFO - Filling up the DagBag from /opt/airflow/dags/pricescope_pipeline.py
[2026-08-03T15:41:13.359+0000] {processor.py:925} INFO - DAG(s) 'pricescope_pipeline' retrieved from /opt/airflow/dags/pricescope_pipeline.py
[2026-08-03T15:41:13.393+0000] {logging_mixin.py:190} INFO - [2026-08-03T15:41:13.393+0000] {dag.py:3239} INFO - Sync 1 DAGs
[2026-08-03T15:41:13.419+0000] {logging_mixin.py:190} INFO - [2026-08-03T15:41:13.418+0000] {dag.py:4180} INFO - Setting next_dagrun for pricescope_pipeline to 2026-08-02 18:00:00+00:00, run_after=2026-08-03 06:00:00+00:00
[2026-08-03T15:41:13.476+0000] {processor.py:208} INFO - Processing /opt/airflow/dags/pricescope_pipeline.py took 0.185 seconds
[2026-08-03T15:41:43.828+0000] {processor.py:186} INFO - Started process (PID=2815) to work on /opt/airflow/dags/pricescope_pipeline.py
[2026-08-03T15:41:43.831+0000] {processor.py:914} INFO - Processing file /opt/airflow/dags/pricescope_pipeline.py for tasks to queue
[2026-08-03T15:41:43.835+0000] {logging_mixin.py:190} INFO - [2026-08-03T15:41:43.834+0000] {dagbag.py:588} INFO - Filling up the DagBag from /opt/airflow/dags/pricescope_pipeline.py
[2026-08-03T15:41:43.865+0000] {processor.py:925} INFO - DAG(s) 'pricescope_pipeline' retrieved from /opt/airflow/dags/pricescope_pipeline.py
[2026-08-03T15:41:43.895+0000] {logging_mixin.py:190} INFO - [2026-08-03T15:41:43.895+0000] {dag.py:3239} INFO - Sync 1 DAGs
[2026-08-03T15:41:43.923+0000] {logging_mixin.py:190} INFO - [2026-08-03T15:41:43.923+0000] {dag.py:4180} INFO - Setting next_dagrun for pricescope_pipeline to 2026-08-02 18:00:00+00:00, run_after=2026-08-03 06:00:00+00:00
[2026-08-03T15:41:43.950+0000] {processor.py:208} INFO - Processing /opt/airflow/dags/pricescope_pipeline.py took 0.131 seconds
[2026-08-03T15:42:14.371+0000] {processor.py:186} INFO - Started process (PID=2822) to work on /opt/airflow/dags/pricescope_pipeline.py
[2026-08-03T15:42:14.376+0000] {processor.py:914} INFO - Processing file /opt/airflow/dags/pricescope_pipeline.py for tasks to queue
[2026-08-03T15:42:14.384+0000] {logging_mixin.py:190} INFO - [2026-08-03T15:42:14.383+0000] {dagbag.py:588} INFO - Filling up the DagBag from /opt/airflow/dags/pricescope_pipeline.py
[2026-08-03T15:42:14.454+0000] {processor.py:925} INFO - DAG(s) 'pricescope_pipeline' retrieved from /opt/airflow/dags/pricescope_pipeline.py
[2026-08-03T15:42:14.510+0000] {logging_mixin.py:190} INFO - [2026-08-03T15:42:14.509+0000] {dag.py:3239} INFO - Sync 1 DAGs
[2026-08-03T15:42:14.558+0000] {logging_mixin.py:190} INFO - [2026-08-03T15:42:14.558+0000] {dag.py:4180} INFO - Setting next_dagrun for pricescope_pipeline to 2026-08-02 18:00:00+00:00, run_after=2026-08-03 06:00:00+00:00
[2026-08-03T15:42:14.596+0000] {processor.py:208} INFO - Processing /opt/airflow/dags/pricescope_pipeline.py took 0.243 seconds
[2026-08-03T15:42:44.853+0000] {processor.py:186} INFO - Started process (PID=2829) to work on /opt/airflow/dags/pricescope_pipeline.py
[2026-08-03T15:42:44.857+0000] {processor.py:914} INFO - Processing file /opt/airflow/dags/pricescope_pipeline.py for tasks to queue
[2026-08-03T15:42:44.868+0000] {logging_mixin.py:190} INFO - [2026-08-03T15:42:44.867+0000] {dagbag.py:588} INFO - Filling up the DagBag from /opt/airflow/dags/pricescope_pipeline.py
[2026-08-03T15:42:44.951+0000] {processor.py:925} INFO - DAG(s) 'pricescope_pipeline' retrieved from /opt/airflow/dags/pricescope_pipeline.py
[2026-08-03T15:42:45.005+0000] {logging_mixin.py:190} INFO - [2026-08-03T15:42:45.004+0000] {dag.py:3239} INFO - Sync 1 DAGs
[2026-08-03T15:42:45.057+0000] {logging_mixin.py:190} INFO - [2026-08-03T15:42:45.057+0000] {dag.py:4180} INFO - Setting next_dagrun for pricescope_pipeline to 2026-08-02 18:00:00+00:00, run_after=2026-08-03 06:00:00+00:00
[2026-08-03T15:42:45.134+0000] {processor.py:208} INFO - Processing /opt/airflow/dags/pricescope_pipeline.py took 0.294 seconds
[2026-08-03T15:43:15.626+0000] {processor.py:186} INFO - Started process (PID=2836) to work on /opt/airflow/dags/pricescope_pipeline.py
[2026-08-03T15:43:15.629+0000] {processor.py:914} INFO - Processing file /opt/airflow/dags/pricescope_pipeline.py for tasks to queue
[2026-08-03T15:43:15.639+0000] {logging_mixin.py:190} INFO - [2026-08-03T15:43:15.638+0000] {dagbag.py:588} INFO - Filling up the DagBag from /opt/airflow/dags/pricescope_pipeline.py
[2026-08-03T15:43:15.737+0000] {processor.py:925} INFO - DAG(s) 'pricescope_pipeline' retrieved from /opt/airflow/dags/pricescope_pipeline.py
[2026-08-03T15:43:15.786+0000] {logging_mixin.py:190} INFO - [2026-08-03T15:43:15.786+0000] {dag.py:3239} INFO - Sync 1 DAGs
[2026-08-03T15:43:15.831+0000] {logging_mixin.py:190} INFO - [2026-08-03T15:43:15.831+0000] {dag.py:4180} INFO - Setting next_dagrun for pricescope_pipeline to 2026-08-02 18:00:00+00:00, run_after=2026-08-03 06:00:00+00:00
[2026-08-03T15:43:15.866+0000] {processor.py:208} INFO - Processing /opt/airflow/dags/pricescope_pipeline.py took 0.254 seconds
[2026-08-03T15:43:46.082+0000] {processor.py:186} INFO - Started process (PID=2843) to work on /opt/airflow/dags/pricescope_pipeline.py
[2026-08-03T15:43:46.085+0000] {processor.py:914} INFO - Processing file /opt/airflow/dags/pricescope_pipeline.py for tasks to queue
[2026-08-03T15:43:46.090+0000] {logging_mixin.py:190} INFO - [2026-08-03T15:43:46.090+0000] {dagbag.py:588} INFO - Filling up the DagBag from /opt/airflow/dags/pricescope_pipeline.py
[2026-08-03T15:43:46.124+0000] {processor.py:925} INFO - DAG(s) 'pricescope_pipeline' retrieved from /opt/airflow/dags/pricescope_pipeline.py
[2026-08-03T15:43:46.150+0000] {logging_mixin.py:190} INFO - [2026-08-03T15:43:46.150+0000] {dag.py:3239} INFO - Sync 1 DAGs
[2026-08-03T15:43:46.178+0000] {logging_mixin.py:190} INFO - [2026-08-03T15:43:46.178+0000] {dag.py:4180} INFO - Setting next_dagrun for pricescope_pipeline to 2026-08-02 18:00:00+00:00, run_after=2026-08-03 06:00:00+00:00
[2026-08-03T15:43:46.208+0000] {processor.py:208} INFO - Processing /opt/airflow/dags/pricescope_pipeline.py took 0.131 seconds
[2026-08-03T15:44:16.481+0000] {processor.py:186} INFO - Started process (PID=2851) to work on /opt/airflow/dags/pricescope_pipeline.py
[2026-08-03T15:44:16.483+0000] {processor.py:914} INFO - Processing file /opt/airflow/dags/pricescope_pipeline.py for tasks to queue
[2026-08-03T15:44:16.488+0000] {logging_mixin.py:190} INFO - [2026-08-03T15:44:16.488+0000] {dagbag.py:588} INFO - Filling up the DagBag from /opt/airflow/dags/pricescope_pipeline.py
[2026-08-03T15:44:16.518+0000] {processor.py:925} INFO - DAG(s) 'pricescope_pipeline' retrieved from /opt/airflow/dags/pricescope_pipeline.py
[2026-08-03T15:44:16.544+0000] {logging_mixin.py:190} INFO - [2026-08-03T15:44:16.544+0000] {dag.py:3239} INFO - Sync 1 DAGs
[2026-08-03T15:44:16.570+0000] {logging_mixin.py:190} INFO - [2026-08-03T15:44:16.570+0000] {dag.py:4180} INFO - Setting next_dagrun for pricescope_pipeline to 2026-08-02 18:00:00+00:00, run_after=2026-08-03 06:00:00+00:00
[2026-08-03T15:44:16.593+0000] {processor.py:208} INFO - Processing /opt/airflow/dags/pricescope_pipeline.py took 0.120 seconds
[2026-08-03T15:44:47.038+0000] {processor.py:186} INFO - Started process (PID=2858) to work on /opt/airflow/dags/pricescope_pipeline.py
[2026-08-03T15:44:47.041+0000] {processor.py:914} INFO - Processing file /opt/airflow/dags/pricescope_pipeline.py for tasks to queue
[2026-08-03T15:44:47.056+0000] {logging_mixin.py:190} INFO - [2026-08-03T15:44:47.055+0000] {dagbag.py:588} INFO - Filling up the DagBag from /opt/airflow/dags/pricescope_pipeline.py
[2026-08-03T15:44:47.110+0000] {processor.py:925} INFO - DAG(s) 'pricescope_pipeline' retrieved from /opt/airflow/dags/pricescope_pipeline.py
[2026-08-03T15:44:47.153+0000] {logging_mixin.py:190} INFO - [2026-08-03T15:44:47.153+0000] {dag.py:3239} INFO - Sync 1 DAGs
[2026-08-03T15:44:47.205+0000] {logging_mixin.py:190} INFO - [2026-08-03T15:44:47.205+0000] {dag.py:4180} INFO - Setting next_dagrun for pricescope_pipeline to 2026-08-02 18:00:00+00:00, run_after=2026-08-03 06:00:00+00:00
[2026-08-03T15:44:47.291+0000] {processor.py:208} INFO - Processing /opt/airflow/dags/pricescope_pipeline.py took 0.267 seconds
[2026-08-03T15:45:17.535+0000] {processor.py:186} INFO - Started process (PID=2865) to work on /opt/airflow/dags/pricescope_pipeline.py
[2026-08-03T15:45:17.539+0000] {processor.py:914} INFO - Processing file /opt/airflow/dags/pricescope_pipeline.py for tasks to queue
[2026-08-03T15:45:17.544+0000] {logging_mixin.py:190} INFO - [2026-08-03T15:45:17.544+0000] {dagbag.py:588} INFO - Filling up the DagBag from /opt/airflow/dags/pricescope_pipeline.py
[2026-08-03T15:45:17.603+0000] {processor.py:925} INFO - DAG(s) 'pricescope_pipeline' retrieved from /opt/airflow/dags/pricescope_pipeline.py
[2026-08-03T15:45:17.638+0000] {logging_mixin.py:190} INFO - [2026-08-03T15:45:17.638+0000] {dag.py:3239} INFO - Sync 1 DAGs
[2026-08-03T15:45:17.668+0000] {logging_mixin.py:190} INFO - [2026-08-03T15:45:17.668+0000] {dag.py:4180} INFO - Setting next_dagrun for pricescope_pipeline to 2026-08-02 18:00:00+00:00, run_after=2026-08-03 06:00:00+00:00
[2026-08-03T15:45:17.694+0000] {processor.py:208} INFO - Processing /opt/airflow/dags/pricescope_pipeline.py took 0.172 seconds
[2026-08-03T15:45:48.160+0000] {processor.py:186} INFO - Started process (PID=2872) to work on /opt/airflow/dags/pricescope_pipeline.py
[2026-08-03T15:45:48.164+0000] {processor.py:914} INFO - Processing file /opt/airflow/dags/pricescope_pipeline.py for tasks to queue
[2026-08-03T15:45:48.171+0000] {logging_mixin.py:190} INFO - [2026-08-03T15:45:48.170+0000] {dagbag.py:588} INFO - Filling up the DagBag from /opt/airflow/dags/pricescope_pipeline.py
[2026-08-03T15:45:48.234+0000] {processor.py:925} INFO - DAG(s) 'pricescope_pipeline' retrieved from /opt/airflow/dags/pricescope_pipeline.py
[2026-08-03T15:45:48.282+0000] {logging_mixin.py:190} INFO - [2026-08-03T15:45:48.282+0000] {dag.py:3239} INFO - Sync 1 DAGs
[2026-08-03T15:45:48.327+0000] {logging_mixin.py:190} INFO - [2026-08-03T15:45:48.326+0000] {dag.py:4180} INFO - Setting next_dagrun for pricescope_pipeline to 2026-08-02 18:00:00+00:00, run_after=2026-08-03 06:00:00+00:00
[2026-08-03T15:45:48.392+0000] {processor.py:208} INFO - Processing /opt/airflow/dags/pricescope_pipeline.py took 0.244 seconds
[2026-08-03T15:46:18.604+0000] {processor.py:186} INFO - Started process (PID=2879) to work on /opt/airflow/dags/pricescope_pipeline.py
[2026-08-03T15:46:18.608+0000] {processor.py:914} INFO - Processing file /opt/airflow/dags/pricescope_pipeline.py for tasks to queue
[2026-08-03T15:46:18.614+0000] {logging_mixin.py:190} INFO - [2026-08-03T15:46:18.613+0000] {dagbag.py:588} INFO - Filling up the DagBag from /opt/airflow/dags/pricescope_pipeline.py
[2026-08-03T15:46:18.657+0000] {processor.py:925} INFO - DAG(s) 'pricescope_pipeline' retrieved from /opt/airflow/dags/pricescope_pipeline.py
[2026-08-03T15:46:18.709+0000] {logging_mixin.py:190} INFO - [2026-08-03T15:46:18.709+0000] {dag.py:3239} INFO - Sync 1 DAGs
[2026-08-03T15:46:18.734+0000] {logging_mixin.py:190} INFO - [2026-08-03T15:46:18.734+0000] {dag.py:4180} INFO - Setting next_dagrun for pricescope_pipeline to 2026-08-02 18:00:00+00:00, run_after=2026-08-03 06:00:00+00:00
[2026-08-03T15:46:18.766+0000] {processor.py:208} INFO - Processing /opt/airflow/dags/pricescope_pipeline.py took 0.168 seconds
[2026-08-03T15:46:49.045+0000] {processor.py:186} INFO - Started process (PID=2886) to work on /opt/airflow/dags/pricescope_pipeline.py
[2026-08-03T15:46:49.048+0000] {processor.py:914} INFO - Processing file /opt/airflow/dags/pricescope_pipeline.py for tasks to queue
[2026-08-03T15:46:49.055+0000] {logging_mixin.py:190} INFO - [2026-08-03T15:46:49.054+0000] {dagbag.py:588} INFO - Filling up the DagBag from /opt/airflow/dags/pricescope_pipeline.py
[2026-08-03T15:46:49.136+0000] {processor.py:925} INFO - DAG(s) 'pricescope_pipeline' retrieved from /opt/airflow/dags/pricescope_pipeline.py
[2026-08-03T15:46:49.165+0000] {logging_mixin.py:190} INFO - [2026-08-03T15:46:49.165+0000] {dag.py:3239} INFO - Sync 1 DAGs
[2026-08-03T15:46:49.199+0000] {logging_mixin.py:190} INFO - [2026-08-03T15:46:49.199+0000] {dag.py:4180} INFO - Setting next_dagrun for pricescope_pipeline to 2026-08-02 18:00:00+00:00, run_after=2026-08-03 06:00:00+00:00
[2026-08-03T15:46:49.267+0000] {processor.py:208} INFO - Processing /opt/airflow/dags/pricescope_pipeline.py took 0.235 seconds
[2026-08-03T19:50:22.295+0000] {processor.py:186} INFO - Started process (PID=2887) to work on /opt/airflow/dags/pricescope_pipeline.py
[2026-08-03T19:50:22.298+0000] {processor.py:914} INFO - Processing file /opt/airflow/dags/pricescope_pipeline.py for tasks to queue
[2026-08-03T19:50:22.307+0000] {logging_mixin.py:190} INFO - [2026-08-03T19:50:22.306+0000] {dagbag.py:588} INFO - Filling up the DagBag from /opt/airflow/dags/pricescope_pipeline.py
[2026-08-03T19:50:22.437+0000] {processor.py:925} INFO - DAG(s) 'pricescope_pipeline' retrieved from /opt/airflow/dags/pricescope_pipeline.py
[2026-08-03T19:50:22.469+0000] {logging_mixin.py:190} INFO - [2026-08-03T19:50:22.469+0000] {dag.py:3239} INFO - Sync 1 DAGs
[2026-08-03T19:50:22.507+0000] {logging_mixin.py:190} INFO - [2026-08-03T19:50:22.507+0000] {dag.py:4180} INFO - Setting next_dagrun for pricescope_pipeline to 2026-08-03 06:00:00+00:00, run_after=2026-08-03 18:00:00+00:00
[2026-08-03T19:50:22.567+0000] {processor.py:208} INFO - Processing /opt/airflow/dags/pricescope_pipeline.py took 0.279 seconds
[2026-08-03T19:50:52.666+0000] {processor.py:186} INFO - Started process (PID=2894) to work on /opt/airflow/dags/pricescope_pipeline.py
[2026-08-03T19:50:52.669+0000] {processor.py:914} INFO - Processing file /opt/airflow/dags/pricescope_pipeline.py for tasks to queue
[2026-08-03T19:50:52.673+0000] {logging_mixin.py:190} INFO - [2026-08-03T19:50:52.673+0000] {dagbag.py:588} INFO - Filling up the DagBag from /opt/airflow/dags/pricescope_pipeline.py
[2026-08-03T19:50:52.710+0000] {processor.py:925} INFO - DAG(s) 'pricescope_pipeline' retrieved from /opt/airflow/dags/pricescope_pipeline.py
[2026-08-03T19:50:52.743+0000] {logging_mixin.py:190} INFO - [2026-08-03T19:50:52.742+0000] {dag.py:3239} INFO - Sync 1 DAGs
[2026-08-03T19:50:52.788+0000] {logging_mixin.py:190} INFO - [2026-08-03T19:50:52.788+0000] {dag.py:4180} INFO - Setting next_dagrun for pricescope_pipeline to 2026-08-03 06:00:00+00:00, run_after=2026-08-03 18:00:00+00:00
[2026-08-03T19:50:52.816+0000] {processor.py:208} INFO - Processing /opt/airflow/dags/pricescope_pipeline.py took 0.157 seconds
[2026-08-03T19:51:22.873+0000] {processor.py:186} INFO - Started process (PID=2901) to work on /opt/airflow/dags/pricescope_pipeline.py
[2026-08-03T19:51:22.875+0000] {processor.py:914} INFO - Processing file /opt/airflow/dags/pricescope_pipeline.py for tasks to queue
[2026-08-03T19:51:22.878+0000] {logging_mixin.py:190} INFO - [2026-08-03T19:51:22.878+0000] {dagbag.py:588} INFO - Filling up the DagBag from /opt/airflow/dags/pricescope_pipeline.py
[2026-08-03T19:51:22.906+0000] {processor.py:925} INFO - DAG(s) 'pricescope_pipeline' retrieved from /opt/airflow/dags/pricescope_pipeline.py
[2026-08-03T19:51:22.936+0000] {logging_mixin.py:190} INFO - [2026-08-03T19:51:22.936+0000] {dag.py:3239} INFO - Sync 1 DAGs
[2026-08-03T19:51:22.968+0000] {logging_mixin.py:190} INFO - [2026-08-03T19:51:22.967+0000] {dag.py:4180} INFO - Setting next_dagrun for pricescope_pipeline to 2026-08-03 06:00:00+00:00, run_after=2026-08-03 18:00:00+00:00
[2026-08-03T19:51:22.986+0000] {processor.py:208} INFO - Processing /opt/airflow/dags/pricescope_pipeline.py took 0.122 seconds
[2026-08-03T19:51:53.081+0000] {processor.py:186} INFO - Started process (PID=2908) to work on /opt/airflow/dags/pricescope_pipeline.py
[2026-08-03T19:51:53.083+0000] {processor.py:914} INFO - Processing file /opt/airflow/dags/pricescope_pipeline.py for tasks to queue
[2026-08-03T19:51:53.089+0000] {logging_mixin.py:190} INFO - [2026-08-03T19:51:53.088+0000] {dagbag.py:588} INFO - Filling up the DagBag from /opt/airflow/dags/pricescope_pipeline.py
[2026-08-03T19:51:53.113+0000] {processor.py:925} INFO - DAG(s) 'pricescope_pipeline' retrieved from /opt/airflow/dags/pricescope_pipeline.py
[2026-08-03T19:51:53.139+0000] {logging_mixin.py:190} INFO - [2026-08-03T19:51:53.138+0000] {dag.py:3239} INFO - Sync 1 DAGs
[2026-08-03T19:51:53.168+0000] {logging_mixin.py:190} INFO - [2026-08-03T19:51:53.168+0000] {dag.py:4180} INFO - Setting next_dagrun for pricescope_pipeline to 2026-08-03 06:00:00+00:00, run_after=2026-08-03 18:00:00+00:00
[2026-08-03T19:51:53.188+0000] {processor.py:208} INFO - Processing /opt/airflow/dags/pricescope_pipeline.py took 0.114 seconds
[2026-08-03T19:52:23.631+0000] {processor.py:186} INFO - Started process (PID=2915) to work on /opt/airflow/dags/pricescope_pipeline.py
[2026-08-03T19:52:23.633+0000] {processor.py:914} INFO - Processing file /opt/airflow/dags/pricescope_pipeline.py for tasks to queue
[2026-08-03T19:52:23.637+0000] {logging_mixin.py:190} INFO - [2026-08-03T19:52:23.636+0000] {dagbag.py:588} INFO - Filling up the DagBag from /opt/airflow/dags/pricescope_pipeline.py
[2026-08-03T19:52:23.661+0000] {processor.py:925} INFO - DAG(s) 'pricescope_pipeline' retrieved from /opt/airflow/dags/pricescope_pipeline.py
[2026-08-03T19:52:23.679+0000] {logging_mixin.py:190} INFO - [2026-08-03T19:52:23.678+0000] {dag.py:3239} INFO - Sync 1 DAGs
[2026-08-03T19:52:23.695+0000] {logging_mixin.py:190} INFO - [2026-08-03T19:52:23.695+0000] {dag.py:4180} INFO - Setting next_dagrun for pricescope_pipeline to 2026-08-03 06:00:00+00:00, run_after=2026-08-03 18:00:00+00:00
[2026-08-03T19:52:23.709+0000] {processor.py:208} INFO - Processing /opt/airflow/dags/pricescope_pipeline.py took 0.083 seconds
[2026-08-03T19:52:53.913+0000] {processor.py:186} INFO - Started process (PID=2922) to work on /opt/airflow/dags/pricescope_pipeline.py
[2026-08-03T19:52:53.915+0000] {processor.py:914} INFO - Processing file /opt/airflow/dags/pricescope_pipeline.py for tasks to queue
[2026-08-03T19:52:53.921+0000] {logging_mixin.py:190} INFO - [2026-08-03T19:52:53.920+0000] {dagbag.py:588} INFO - Filling up the DagBag from /opt/airflow/dags/pricescope_pipeline.py
[2026-08-03T19:52:53.958+0000] {processor.py:925} INFO - DAG(s) 'pricescope_pipeline' retrieved from /opt/airflow/dags/pricescope_pipeline.py
[2026-08-03T19:52:53.989+0000] {logging_mixin.py:190} INFO - [2026-08-03T19:52:53.988+0000] {dag.py:3239} INFO - Sync 1 DAGs
[2026-08-03T19:52:54.023+0000] {logging_mixin.py:190} INFO - [2026-08-03T19:52:54.022+0000] {dag.py:4180} INFO - Setting next_dagrun for pricescope_pipeline to 2026-08-03 06:00:00+00:00, run_after=2026-08-03 18:00:00+00:00
[2026-08-03T19:52:54.049+0000] {processor.py:208} INFO - Processing /opt/airflow/dags/pricescope_pipeline.py took 0.148 seconds
[2026-08-03T19:53:24.164+0000] {processor.py:186} INFO - Started process (PID=2929) to work on /opt/airflow/dags/pricescope_pipeline.py
[2026-08-03T19:53:24.166+0000] {processor.py:914} INFO - Processing file /opt/airflow/dags/pricescope_pipeline.py for tasks to queue
[2026-08-03T19:53:24.169+0000] {logging_mixin.py:190} INFO - [2026-08-03T19:53:24.169+0000] {dagbag.py:588} INFO - Filling up the DagBag from /opt/airflow/dags/pricescope_pipeline.py
[2026-08-03T19:53:24.191+0000] {processor.py:925} INFO - DAG(s) 'pricescope_pipeline' retrieved from /opt/airflow/dags/pricescope_pipeline.py
[2026-08-03T19:53:24.209+0000] {logging_mixin.py:190} INFO - [2026-08-03T19:53:24.209+0000] {dag.py:3239} INFO - Sync 1 DAGs
[2026-08-03T19:53:24.227+0000] {logging_mixin.py:190} INFO - [2026-08-03T19:53:24.226+0000] {dag.py:4180} INFO - Setting next_dagrun for pricescope_pipeline to 2026-08-03 06:00:00+00:00, run_after=2026-08-03 18:00:00+00:00
[2026-08-03T19:53:24.241+0000] {processor.py:208} INFO - Processing /opt/airflow/dags/pricescope_pipeline.py took 0.081 seconds
[2026-08-03T19:53:54.408+0000] {processor.py:186} INFO - Started process (PID=2936) to work on /opt/airflow/dags/pricescope_pipeline.py
[2026-08-03T19:53:54.410+0000] {processor.py:914} INFO - Processing file /opt/airflow/dags/pricescope_pipeline.py for tasks to queue
[2026-08-03T19:53:54.413+0000] {logging_mixin.py:190} INFO - [2026-08-03T19:53:54.413+0000] {dagbag.py:588} INFO - Filling up the DagBag from /opt/airflow/dags/pricescope_pipeline.py
[2026-08-03T19:53:54.434+0000] {processor.py:925} INFO - DAG(s) 'pricescope_pipeline' retrieved from /opt/airflow/dags/pricescope_pipeline.py
[2026-08-03T19:53:54.454+0000] {logging_mixin.py:190} INFO - [2026-08-03T19:53:54.454+0000] {dag.py:3239} INFO - Sync 1 DAGs
[2026-08-03T19:53:54.473+0000] {logging_mixin.py:190} INFO - [2026-08-03T19:53:54.473+0000] {dag.py:4180} INFO - Setting next_dagrun for pricescope_pipeline to 2026-08-03 06:00:00+00:00, run_after=2026-08-03 18:00:00+00:00
[2026-08-03T19:53:54.488+0000] {processor.py:208} INFO - Processing /opt/airflow/dags/pricescope_pipeline.py took 0.084 seconds
[2026-08-03T19:54:24.751+0000] {processor.py:186} INFO - Started process (PID=2943) to work on /opt/airflow/dags/pricescope_pipeline.py
[2026-08-03T19:54:24.754+0000] {processor.py:914} INFO - Processing file /opt/airflow/dags/pricescope_pipeline.py for tasks to queue
[2026-08-03T19:54:24.760+0000] {logging_mixin.py:190} INFO - [2026-08-03T19:54:24.759+0000] {dagbag.py:588} INFO - Filling up the DagBag from /opt/airflow/dags/pricescope_pipeline.py
[2026-08-03T19:54:24.794+0000] {processor.py:925} INFO - DAG(s) 'pricescope_pipeline' retrieved from /opt/airflow/dags/pricescope_pipeline.py
[2026-08-03T19:54:24.826+0000] {logging_mixin.py:190} INFO - [2026-08-03T19:54:24.826+0000] {dag.py:3239} INFO - Sync 1 DAGs
[2026-08-03T19:54:24.855+0000] {logging_mixin.py:190} INFO - [2026-08-03T19:54:24.855+0000] {dag.py:4180} INFO - Setting next_dagrun for pricescope_pipeline to 2026-08-03 06:00:00+00:00, run_after=2026-08-03 18:00:00+00:00
[2026-08-03T19:54:24.881+0000] {processor.py:208} INFO - Processing /opt/airflow/dags/pricescope_pipeline.py took 0.139 seconds
[2026-08-03T19:54:54.993+0000] {processor.py:186} INFO - Started process (PID=2950) to work on /opt/airflow/dags/pricescope_pipeline.py
[2026-08-03T19:54:54.995+0000] {processor.py:914} INFO - Processing file /opt/airflow/dags/pricescope_pipeline.py for tasks to queue
[2026-08-03T19:54:54.999+0000] {logging_mixin.py:190} INFO - [2026-08-03T19:54:54.998+0000] {dagbag.py:588} INFO - Filling up the DagBag from /opt/airflow/dags/pricescope_pipeline.py
[2026-08-03T19:54:55.015+0000] {processor.py:925} INFO - DAG(s) 'pricescope_pipeline' retrieved from /opt/airflow/dags/pricescope_pipeline.py
[2026-08-03T19:54:55.039+0000] {logging_mixin.py:190} INFO - [2026-08-03T19:54:55.039+0000] {dag.py:3239} INFO - Sync 1 DAGs
[2026-08-03T19:54:55.069+0000] {logging_mixin.py:190} INFO - [2026-08-03T19:54:55.069+0000] {dag.py:4180} INFO - Setting next_dagrun for pricescope_pipeline to 2026-08-03 06:00:00+00:00, run_after=2026-08-03 18:00:00+00:00
[2026-08-03T19:54:55.091+0000] {processor.py:208} INFO - Processing /opt/airflow/dags/pricescope_pipeline.py took 0.103 seconds
[2026-08-03T19:55:25.386+0000] {processor.py:186} INFO - Started process (PID=2957) to work on /opt/airflow/dags/pricescope_pipeline.py
[2026-08-03T19:55:25.389+0000] {processor.py:914} INFO - Processing file /opt/airflow/dags/pricescope_pipeline.py for tasks to queue
[2026-08-03T19:55:25.394+0000] {logging_mixin.py:190} INFO - [2026-08-03T19:55:25.393+0000] {dagbag.py:588} INFO - Filling up the DagBag from /opt/airflow/dags/pricescope_pipeline.py
[2026-08-03T19:55:25.425+0000] {processor.py:925} INFO - DAG(s) 'pricescope_pipeline' retrieved from /opt/airflow/dags/pricescope_pipeline.py
[2026-08-03T19:55:25.456+0000] {logging_mixin.py:190} INFO - [2026-08-03T19:55:25.456+0000] {dag.py:3239} INFO - Sync 1 DAGs
[2026-08-03T19:55:25.490+0000] {logging_mixin.py:190} INFO - [2026-08-03T19:55:25.490+0000] {dag.py:4180} INFO - Setting next_dagrun for pricescope_pipeline to 2026-08-03 06:00:00+00:00, run_after=2026-08-03 18:00:00+00:00
[2026-08-03T19:55:25.520+0000] {processor.py:208} INFO - Processing /opt/airflow/dags/pricescope_pipeline.py took 0.142 seconds
[2026-08-03T19:55:55.637+0000] {processor.py:186} INFO - Started process (PID=2964) to work on /opt/airflow/dags/pricescope_pipeline.py
[2026-08-03T19:55:55.639+0000] {processor.py:914} INFO - Processing file /opt/airflow/dags/pricescope_pipeline.py for tasks to queue
[2026-08-03T19:55:55.642+0000] {logging_mixin.py:190} INFO - [2026-08-03T19:55:55.642+0000] {dagbag.py:588} INFO - Filling up the DagBag from /opt/airflow/dags/pricescope_pipeline.py
[2026-08-03T19:55:55.665+0000] {processor.py:925} INFO - DAG(s) 'pricescope_pipeline' retrieved from /opt/airflow/dags/pricescope_pipeline.py
[2026-08-03T19:55:55.685+0000] {logging_mixin.py:190} INFO - [2026-08-03T19:55:55.685+0000] {dag.py:3239} INFO - Sync 1 DAGs
[2026-08-03T19:55:55.703+0000] {logging_mixin.py:190} INFO - [2026-08-03T19:55:55.703+0000] {dag.py:4180} INFO - Setting next_dagrun for pricescope_pipeline to 2026-08-03 06:00:00+00:00, run_after=2026-08-03 18:00:00+00:00
[2026-08-03T19:55:55.722+0000] {processor.py:208} INFO - Processing /opt/airflow/dags/pricescope_pipeline.py took 0.090 seconds
[2026-08-03T19:56:25.987+0000] {processor.py:186} INFO - Started process (PID=2971) to work on /opt/airflow/dags/pricescope_pipeline.py
[2026-08-03T19:56:25.989+0000] {processor.py:914} INFO - Processing file /opt/airflow/dags/pricescope_pipeline.py for tasks to queue
[2026-08-03T19:56:25.993+0000] {logging_mixin.py:190} INFO - [2026-08-03T19:56:25.992+0000] {dagbag.py:588} INFO - Filling up the DagBag from /opt/airflow/dags/pricescope_pipeline.py
[2026-08-03T19:56:26.019+0000] {processor.py:925} INFO - DAG(s) 'pricescope_pipeline' retrieved from /opt/airflow/dags/pricescope_pipeline.py
[2026-08-03T19:56:26.041+0000] {logging_mixin.py:190} INFO - [2026-08-03T19:56:26.041+0000] {dag.py:3239} INFO - Sync 1 DAGs
[2026-08-03T19:56:26.061+0000] {logging_mixin.py:190} INFO - [2026-08-03T19:56:26.060+0000] {dag.py:4180} INFO - Setting next_dagrun for pricescope_pipeline to 2026-08-03 06:00:00+00:00, run_after=2026-08-03 18:00:00+00:00
[2026-08-03T19:56:26.076+0000] {processor.py:208} INFO - Processing /opt/airflow/dags/pricescope_pipeline.py took 0.095 seconds
[2026-08-03T19:56:56.246+0000] {processor.py:186} INFO - Started process (PID=2978) to work on /opt/airflow/dags/pricescope_pipeline.py
[2026-08-03T19:56:56.248+0000] {processor.py:914} INFO - Processing file /opt/airflow/dags/pricescope_pipeline.py for tasks to queue
[2026-08-03T19:56:56.251+0000] {logging_mixin.py:190} INFO - [2026-08-03T19:56:56.251+0000] {dagbag.py:588} INFO - Filling up the DagBag from /opt/airflow/dags/pricescope_pipeline.py
[2026-08-03T19:56:56.275+0000] {processor.py:925} INFO - DAG(s) 'pricescope_pipeline' retrieved from /opt/airflow/dags/pricescope_pipeline.py
[2026-08-03T19:56:56.294+0000] {logging_mixin.py:190} INFO - [2026-08-03T19:56:56.294+0000] {dag.py:3239} INFO - Sync 1 DAGs
[2026-08-03T19:56:56.313+0000] {logging_mixin.py:190} INFO - [2026-08-03T19:56:56.313+0000] {dag.py:4180} INFO - Setting next_dagrun for pricescope_pipeline to 2026-08-03 06:00:00+00:00, run_after=2026-08-03 18:00:00+00:00
[2026-08-03T19:56:56.329+0000] {processor.py:208} INFO - Processing /opt/airflow/dags/pricescope_pipeline.py took 0.087 seconds
[2026-08-03T19:57:26.579+0000] {processor.py:186} INFO - Started process (PID=2985) to work on /opt/airflow/dags/pricescope_pipeline.py
[2026-08-03T19:57:26.581+0000] {processor.py:914} INFO - Processing file /opt/airflow/dags/pricescope_pipeline.py for tasks to queue
[2026-08-03T19:57:26.584+0000] {logging_mixin.py:190} INFO - [2026-08-03T19:57:26.583+0000] {dagbag.py:588} INFO - Filling up the DagBag from /opt/airflow/dags/pricescope_pipeline.py
[2026-08-03T19:57:26.609+0000] {processor.py:925} INFO - DAG(s) 'pricescope_pipeline' retrieved from /opt/airflow/dags/pricescope_pipeline.py
[2026-08-03T19:57:26.631+0000] {logging_mixin.py:190} INFO - [2026-08-03T19:57:26.630+0000] {dag.py:3239} INFO - Sync 1 DAGs
[2026-08-03T19:57:26.651+0000] {logging_mixin.py:190} INFO - [2026-08-03T19:57:26.651+0000] {dag.py:4180} INFO - Setting next_dagrun for pricescope_pipeline to 2026-08-03 06:00:00+00:00, run_after=2026-08-03 18:00:00+00:00
[2026-08-03T19:57:26.666+0000] {processor.py:208} INFO - Processing /opt/airflow/dags/pricescope_pipeline.py took 0.093 seconds
[2026-08-03T19:57:56.845+0000] {processor.py:186} INFO - Started process (PID=2992) to work on /opt/airflow/dags/pricescope_pipeline.py
[2026-08-03T19:57:56.846+0000] {processor.py:914} INFO - Processing file /opt/airflow/dags/pricescope_pipeline.py for tasks to queue
[2026-08-03T19:57:56.849+0000] {logging_mixin.py:190} INFO - [2026-08-03T19:57:56.849+0000] {dagbag.py:588} INFO - Filling up the DagBag from /opt/airflow/dags/pricescope_pipeline.py
[2026-08-03T19:57:56.868+0000] {processor.py:925} INFO - DAG(s) 'pricescope_pipeline' retrieved from /opt/airflow/dags/pricescope_pipeline.py
[2026-08-03T19:57:56.888+0000] {logging_mixin.py:190} INFO - [2026-08-03T19:57:56.887+0000] {dag.py:3239} INFO - Sync 1 DAGs
[2026-08-03T19:57:56.907+0000] {logging_mixin.py:190} INFO - [2026-08-03T19:57:56.907+0000] {dag.py:4180} INFO - Setting next_dagrun for pricescope_pipeline to 2026-08-03 06:00:00+00:00, run_after=2026-08-03 18:00:00+00:00
[2026-08-03T19:57:56.931+0000] {processor.py:208} INFO - Processing /opt/airflow/dags/pricescope_pipeline.py took 0.092 seconds
[2026-08-03T19:58:27.143+0000] {processor.py:186} INFO - Started process (PID=3005) to work on /opt/airflow/dags/pricescope_pipeline.py
[2026-08-03T19:58:27.145+0000] {processor.py:914} INFO - Processing file /opt/airflow/dags/pricescope_pipeline.py for tasks to queue
[2026-08-03T19:58:27.148+0000] {logging_mixin.py:190} INFO - [2026-08-03T19:58:27.148+0000] {dagbag.py:588} INFO - Filling up the DagBag from /opt/airflow/dags/pricescope_pipeline.py
[2026-08-03T19:58:27.169+0000] {processor.py:925} INFO - DAG(s) 'pricescope_pipeline' retrieved from /opt/airflow/dags/pricescope_pipeline.py
[2026-08-03T19:58:27.187+0000] {logging_mixin.py:190} INFO - [2026-08-03T19:58:27.187+0000] {dag.py:3239} INFO - Sync 1 DAGs
[2026-08-03T19:58:27.205+0000] {logging_mixin.py:190} INFO - [2026-08-03T19:58:27.204+0000] {dag.py:4180} INFO - Setting next_dagrun for pricescope_pipeline to 2026-08-03 06:00:00+00:00, run_after=2026-08-03 18:00:00+00:00
[2026-08-03T19:58:27.219+0000] {processor.py:208} INFO - Processing /opt/airflow/dags/pricescope_pipeline.py took 0.081 seconds
[2026-08-03T19:58:57.462+0000] {processor.py:186} INFO - Started process (PID=3012) to work on /opt/airflow/dags/pricescope_pipeline.py
[2026-08-03T19:58:57.464+0000] {processor.py:914} INFO - Processing file /opt/airflow/dags/pricescope_pipeline.py for tasks to queue
[2026-08-03T19:58:57.466+0000] {logging_mixin.py:190} INFO - [2026-08-03T19:58:57.466+0000] {dagbag.py:588} INFO - Filling up the DagBag from /opt/airflow/dags/pricescope_pipeline.py
[2026-08-03T19:58:57.487+0000] {processor.py:925} INFO - DAG(s) 'pricescope_pipeline' retrieved from /opt/airflow/dags/pricescope_pipeline.py
[2026-08-03T19:58:57.505+0000] {logging_mixin.py:190} INFO - [2026-08-03T19:58:57.504+0000] {dag.py:3239} INFO - Sync 1 DAGs
[2026-08-03T19:58:57.522+0000] {logging_mixin.py:190} INFO - [2026-08-03T19:58:57.522+0000] {dag.py:4180} INFO - Setting next_dagrun for pricescope_pipeline to 2026-08-03 06:00:00+00:00, run_after=2026-08-03 18:00:00+00:00
[2026-08-03T19:58:57.541+0000] {processor.py:208} INFO - Processing /opt/airflow/dags/pricescope_pipeline.py took 0.083 seconds
[2026-08-03T19:59:27.732+0000] {processor.py:186} INFO - Started process (PID=3019) to work on /opt/airflow/dags/pricescope_pipeline.py
[2026-08-03T19:59:27.734+0000] {processor.py:914} INFO - Processing file /opt/airflow/dags/pricescope_pipeline.py for tasks to queue
[2026-08-03T19:59:27.737+0000] {logging_mixin.py:190} INFO - [2026-08-03T19:59:27.737+0000] {dagbag.py:588} INFO - Filling up the DagBag from /opt/airflow/dags/pricescope_pipeline.py
[2026-08-03T19:59:27.762+0000] {processor.py:925} INFO - DAG(s) 'pricescope_pipeline' retrieved from /opt/airflow/dags/pricescope_pipeline.py
[2026-08-03T19:59:27.784+0000] {logging_mixin.py:190} INFO - [2026-08-03T19:59:27.784+0000] {dag.py:3239} INFO - Sync 1 DAGs
[2026-08-03T19:59:27.807+0000] {logging_mixin.py:190} INFO - [2026-08-03T19:59:27.806+0000] {dag.py:4180} INFO - Setting next_dagrun for pricescope_pipeline to 2026-08-03 06:00:00+00:00, run_after=2026-08-03 18:00:00+00:00
[2026-08-03T19:59:27.825+0000] {processor.py:208} INFO - Processing /opt/airflow/dags/pricescope_pipeline.py took 0.101 seconds
[2026-08-03T19:59:58.018+0000] {processor.py:186} INFO - Started process (PID=3026) to work on /opt/airflow/dags/pricescope_pipeline.py
[2026-08-03T19:59:58.020+0000] {processor.py:914} INFO - Processing file /opt/airflow/dags/pricescope_pipeline.py for tasks to queue
[2026-08-03T19:59:58.022+0000] {logging_mixin.py:190} INFO - [2026-08-03T19:59:58.022+0000] {dagbag.py:588} INFO - Filling up the DagBag from /opt/airflow/dags/pricescope_pipeline.py
[2026-08-03T19:59:58.043+0000] {processor.py:925} INFO - DAG(s) 'pricescope_pipeline' retrieved from /opt/airflow/dags/pricescope_pipeline.py
[2026-08-03T19:59:58.061+0000] {logging_mixin.py:190} INFO - [2026-08-03T19:59:58.061+0000] {dag.py:3239} INFO - Sync 1 DAGs
[2026-08-03T19:59:58.082+0000] {logging_mixin.py:190} INFO - [2026-08-03T19:59:58.082+0000] {dag.py:4180} INFO - Setting next_dagrun for pricescope_pipeline to 2026-08-03 06:00:00+00:00, run_after=2026-08-03 18:00:00+00:00
[2026-08-03T19:59:58.095+0000] {processor.py:208} INFO - Processing /opt/airflow/dags/pricescope_pipeline.py took 0.082 seconds
[2026-08-03T20:00:28.343+0000] {processor.py:186} INFO - Started process (PID=3032) to work on /opt/airflow/dags/pricescope_pipeline.py
[2026-08-03T20:00:28.345+0000] {processor.py:914} INFO - Processing file /opt/airflow/dags/pricescope_pipeline.py for tasks to queue
[2026-08-03T20:00:28.348+0000] {logging_mixin.py:190} INFO - [2026-08-03T20:00:28.348+0000] {dagbag.py:588} INFO - Filling up the DagBag from /opt/airflow/dags/pricescope_pipeline.py
[2026-08-03T20:00:28.367+0000] {processor.py:925} INFO - DAG(s) 'pricescope_pipeline' retrieved from /opt/airflow/dags/pricescope_pipeline.py
[2026-08-03T20:00:28.384+0000] {logging_mixin.py:190} INFO - [2026-08-03T20:00:28.383+0000] {dag.py:3239} INFO - Sync 1 DAGs
[2026-08-03T20:00:28.400+0000] {logging_mixin.py:190} INFO - [2026-08-03T20:00:28.400+0000] {dag.py:4180} INFO - Setting next_dagrun for pricescope_pipeline to 2026-08-03 06:00:00+00:00, run_after=2026-08-03 18:00:00+00:00
[2026-08-03T20:00:28.418+0000] {processor.py:208} INFO - Processing /opt/airflow/dags/pricescope_pipeline.py took 0.079 seconds
[2026-08-03T20:00:58.610+0000] {processor.py:186} INFO - Started process (PID=3039) to work on /opt/airflow/dags/pricescope_pipeline.py
[2026-08-03T20:00:58.612+0000] {processor.py:914} INFO - Processing file /opt/airflow/dags/pricescope_pipeline.py for tasks to queue
[2026-08-03T20:00:58.617+0000] {logging_mixin.py:190} INFO - [2026-08-03T20:00:58.617+0000] {dagbag.py:588} INFO - Filling up the DagBag from /opt/airflow/dags/pricescope_pipeline.py
[2026-08-03T20:00:58.647+0000] {processor.py:925} INFO - DAG(s) 'pricescope_pipeline' retrieved from /opt/airflow/dags/pricescope_pipeline.py
[2026-08-03T20:00:58.668+0000] {logging_mixin.py:190} INFO - [2026-08-03T20:00:58.668+0000] {dag.py:3239} INFO - Sync 1 DAGs
[2026-08-03T20:00:58.688+0000] {logging_mixin.py:190} INFO - [2026-08-03T20:00:58.688+0000] {dag.py:4180} INFO - Setting next_dagrun for pricescope_pipeline to 2026-08-03 06:00:00+00:00, run_after=2026-08-03 18:00:00+00:00
[2026-08-03T20:00:58.704+0000] {processor.py:208} INFO - Processing /opt/airflow/dags/pricescope_pipeline.py took 0.100 seconds
[2026-08-03T20:01:28.976+0000] {processor.py:186} INFO - Started process (PID=3046) to work on /opt/airflow/dags/pricescope_pipeline.py
[2026-08-03T20:01:28.977+0000] {processor.py:914} INFO - Processing file /opt/airflow/dags/pricescope_pipeline.py for tasks to queue
[2026-08-03T20:01:28.979+0000] {logging_mixin.py:190} INFO - [2026-08-03T20:01:28.979+0000] {dagbag.py:588} INFO - Filling up the DagBag from /opt/airflow/dags/pricescope_pipeline.py
[2026-08-03T20:01:29.002+0000] {processor.py:925} INFO - DAG(s) 'pricescope_pipeline' retrieved from /opt/airflow/dags/pricescope_pipeline.py
[2026-08-03T20:01:29.018+0000] {logging_mixin.py:190} INFO - [2026-08-03T20:01:29.018+0000] {dag.py:3239} INFO - Sync 1 DAGs
[2026-08-03T20:01:29.034+0000] {logging_mixin.py:190} INFO - [2026-08-03T20:01:29.034+0000] {dag.py:4180} INFO - Setting next_dagrun for pricescope_pipeline to 2026-08-03 06:00:00+00:00, run_after=2026-08-03 18:00:00+00:00
[2026-08-03T20:01:29.055+0000] {processor.py:208} INFO - Processing /opt/airflow/dags/pricescope_pipeline.py took 0.084 seconds
[2026-08-03T20:01:59.206+0000] {processor.py:186} INFO - Started process (PID=3053) to work on /opt/airflow/dags/pricescope_pipeline.py
[2026-08-03T20:01:59.207+0000] {processor.py:914} INFO - Processing file /opt/airflow/dags/pricescope_pipeline.py for tasks to queue
[2026-08-03T20:01:59.210+0000] {logging_mixin.py:190} INFO - [2026-08-03T20:01:59.210+0000] {dagbag.py:588} INFO - Filling up the DagBag from /opt/airflow/dags/pricescope_pipeline.py
[2026-08-03T20:01:59.243+0000] {processor.py:925} INFO - DAG(s) 'pricescope_pipeline' retrieved from /opt/airflow/dags/pricescope_pipeline.py
[2026-08-03T20:01:59.262+0000] {logging_mixin.py:190} INFO - [2026-08-03T20:01:59.262+0000] {dag.py:3239} INFO - Sync 1 DAGs
[2026-08-03T20:01:59.280+0000] {logging_mixin.py:190} INFO - [2026-08-03T20:01:59.280+0000] {dag.py:4180} INFO - Setting next_dagrun for pricescope_pipeline to 2026-08-03 06:00:00+00:00, run_after=2026-08-03 18:00:00+00:00
[2026-08-03T20:01:59.300+0000] {processor.py:208} INFO - Processing /opt/airflow/dags/pricescope_pipeline.py took 0.100 seconds
[2026-08-03T20:02:29.549+0000] {processor.py:186} INFO - Started process (PID=3060) to work on /opt/airflow/dags/pricescope_pipeline.py
[2026-08-03T20:02:29.551+0000] {processor.py:914} INFO - Processing file /opt/airflow/dags/pricescope_pipeline.py for tasks to queue
[2026-08-03T20:02:29.554+0000] {logging_mixin.py:190} INFO - [2026-08-03T20:02:29.553+0000] {dagbag.py:588} INFO - Filling up the DagBag from /opt/airflow/dags/pricescope_pipeline.py
[2026-08-03T20:02:29.573+0000] {processor.py:925} INFO - DAG(s) 'pricescope_pipeline' retrieved from /opt/airflow/dags/pricescope_pipeline.py
[2026-08-03T20:02:29.590+0000] {logging_mixin.py:190} INFO - [2026-08-03T20:02:29.590+0000] {dag.py:3239} INFO - Sync 1 DAGs
[2026-08-03T20:02:29.607+0000] {logging_mixin.py:190} INFO - [2026-08-03T20:02:29.607+0000] {dag.py:4180} INFO - Setting next_dagrun for pricescope_pipeline to 2026-08-03 06:00:00+00:00, run_after=2026-08-03 18:00:00+00:00
[2026-08-03T20:02:29.624+0000] {processor.py:208} INFO - Processing /opt/airflow/dags/pricescope_pipeline.py took 0.079 seconds
[2026-08-03T20:02:59.856+0000] {processor.py:186} INFO - Started process (PID=3067) to work on /opt/airflow/dags/pricescope_pipeline.py
[2026-08-03T20:02:59.858+0000] {processor.py:914} INFO - Processing file /opt/airflow/dags/pricescope_pipeline.py for tasks to queue
[2026-08-03T20:02:59.861+0000] {logging_mixin.py:190} INFO - [2026-08-03T20:02:59.860+0000] {dagbag.py:588} INFO - Filling up the DagBag from /opt/airflow/dags/pricescope_pipeline.py
[2026-08-03T20:02:59.882+0000] {processor.py:925} INFO - DAG(s) 'pricescope_pipeline' retrieved from /opt/airflow/dags/pricescope_pipeline.py
[2026-08-03T20:02:59.902+0000] {logging_mixin.py:190} INFO - [2026-08-03T20:02:59.902+0000] {dag.py:3239} INFO - Sync 1 DAGs
[2026-08-03T20:02:59.920+0000] {logging_mixin.py:190} INFO - [2026-08-03T20:02:59.919+0000] {dag.py:4180} INFO - Setting next_dagrun for pricescope_pipeline to 2026-08-03 06:00:00+00:00, run_after=2026-08-03 18:00:00+00:00
[2026-08-03T20:02:59.935+0000] {processor.py:208} INFO - Processing /opt/airflow/dags/pricescope_pipeline.py took 0.085 seconds
[2026-08-03T20:03:30.148+0000] {processor.py:186} INFO - Started process (PID=3074) to work on /opt/airflow/dags/pricescope_pipeline.py
[2026-08-03T20:03:30.151+0000] {processor.py:914} INFO - Processing file /opt/airflow/dags/pricescope_pipeline.py for tasks to queue
[2026-08-03T20:03:30.157+0000] {logging_mixin.py:190} INFO - [2026-08-03T20:03:30.156+0000] {dagbag.py:588} INFO - Filling up the DagBag from /opt/airflow/dags/pricescope_pipeline.py
[2026-08-03T20:03:30.195+0000] {processor.py:925} INFO - DAG(s) 'pricescope_pipeline' retrieved from /opt/airflow/dags/pricescope_pipeline.py
[2026-08-03T20:03:30.231+0000] {logging_mixin.py:190} INFO - [2026-08-03T20:03:30.230+0000] {dag.py:3239} INFO - Sync 1 DAGs
[2026-08-03T20:03:30.269+0000] {logging_mixin.py:190} INFO - [2026-08-03T20:03:30.269+0000] {dag.py:4180} INFO - Setting next_dagrun for pricescope_pipeline to 2026-08-03 06:00:00+00:00, run_after=2026-08-03 18:00:00+00:00
[2026-08-03T20:03:30.302+0000] {processor.py:208} INFO - Processing /opt/airflow/dags/pricescope_pipeline.py took 0.165 seconds
[2026-08-03T20:04:00.425+0000] {processor.py:186} INFO - Started process (PID=3081) to work on /opt/airflow/dags/pricescope_pipeline.py
[2026-08-03T20:04:00.427+0000] {processor.py:914} INFO - Processing file /opt/airflow/dags/pricescope_pipeline.py for tasks to queue
[2026-08-03T20:04:00.429+0000] {logging_mixin.py:190} INFO - [2026-08-03T20:04:00.429+0000] {dagbag.py:588} INFO - Filling up the DagBag from /opt/airflow/dags/pricescope_pipeline.py
[2026-08-03T20:04:00.453+0000] {processor.py:925} INFO - DAG(s) 'pricescope_pipeline' retrieved from /opt/airflow/dags/pricescope_pipeline.py
[2026-08-03T20:04:00.475+0000] {logging_mixin.py:190} INFO - [2026-08-03T20:04:00.475+0000] {dag.py:3239} INFO - Sync 1 DAGs
[2026-08-03T20:04:00.494+0000] {logging_mixin.py:190} INFO - [2026-08-03T20:04:00.494+0000] {dag.py:4180} INFO - Setting next_dagrun for pricescope_pipeline to 2026-08-03 06:00:00+00:00, run_after=2026-08-03 18:00:00+00:00
[2026-08-03T20:04:00.517+0000] {processor.py:208} INFO - Processing /opt/airflow/dags/pricescope_pipeline.py took 0.097 seconds
[2026-08-03T20:04:30.681+0000] {processor.py:186} INFO - Started process (PID=3088) to work on /opt/airflow/dags/pricescope_pipeline.py
[2026-08-03T20:04:30.682+0000] {processor.py:914} INFO - Processing file /opt/airflow/dags/pricescope_pipeline.py for tasks to queue
[2026-08-03T20:04:30.687+0000] {logging_mixin.py:190} INFO - [2026-08-03T20:04:30.686+0000] {dagbag.py:588} INFO - Filling up the DagBag from /opt/airflow/dags/pricescope_pipeline.py
[2026-08-03T20:04:30.714+0000] {processor.py:925} INFO - DAG(s) 'pricescope_pipeline' retrieved from /opt/airflow/dags/pricescope_pipeline.py
[2026-08-03T20:04:30.744+0000] {logging_mixin.py:190} INFO - [2026-08-03T20:04:30.744+0000] {dag.py:3239} INFO - Sync 1 DAGs
[2026-08-03T20:04:30.769+0000] {logging_mixin.py:190} INFO - [2026-08-03T20:04:30.768+0000] {dag.py:4180} INFO - Setting next_dagrun for pricescope_pipeline to 2026-08-03 06:00:00+00:00, run_after=2026-08-03 18:00:00+00:00
[2026-08-03T20:04:30.789+0000] {processor.py:208} INFO - Processing /opt/airflow/dags/pricescope_pipeline.py took 0.116 seconds
[2026-08-03T20:05:00.998+0000] {processor.py:186} INFO - Started process (PID=3096) to work on /opt/airflow/dags/pricescope_pipeline.py
[2026-08-03T20:05:00.999+0000] {processor.py:914} INFO - Processing file /opt/airflow/dags/pricescope_pipeline.py for tasks to queue
[2026-08-03T20:05:01.002+0000] {logging_mixin.py:190} INFO - [2026-08-03T20:05:01.002+0000] {dagbag.py:588} INFO - Filling up the DagBag from /opt/airflow/dags/pricescope_pipeline.py
[2026-08-03T20:05:01.025+0000] {processor.py:925} INFO - DAG(s) 'pricescope_pipeline' retrieved from /opt/airflow/dags/pricescope_pipeline.py
[2026-08-03T20:05:01.047+0000] {logging_mixin.py:190} INFO - [2026-08-03T20:05:01.047+0000] {dag.py:3239} INFO - Sync 1 DAGs
[2026-08-03T20:05:01.083+0000] {logging_mixin.py:190} INFO - [2026-08-03T20:05:01.083+0000] {dag.py:4180} INFO - Setting next_dagrun for pricescope_pipeline to 2026-08-03 06:00:00+00:00, run_after=2026-08-03 18:00:00+00:00
[2026-08-03T20:05:01.111+0000] {processor.py:208} INFO - Processing /opt/airflow/dags/pricescope_pipeline.py took 0.118 seconds
[2026-08-03T20:05:31.279+0000] {processor.py:186} INFO - Started process (PID=3103) to work on /opt/airflow/dags/pricescope_pipeline.py
[2026-08-03T20:05:31.281+0000] {processor.py:914} INFO - Processing file /opt/airflow/dags/pricescope_pipeline.py for tasks to queue
[2026-08-03T20:05:31.288+0000] {logging_mixin.py:190} INFO - [2026-08-03T20:05:31.287+0000] {dagbag.py:588} INFO - Filling up the DagBag from /opt/airflow/dags/pricescope_pipeline.py
[2026-08-03T20:05:31.326+0000] {processor.py:925} INFO - DAG(s) 'pricescope_pipeline' retrieved from /opt/airflow/dags/pricescope_pipeline.py
[2026-08-03T20:05:31.368+0000] {logging_mixin.py:190} INFO - [2026-08-03T20:05:31.368+0000] {dag.py:3239} INFO - Sync 1 DAGs
[2026-08-03T20:05:31.403+0000] {logging_mixin.py:190} INFO - [2026-08-03T20:05:31.402+0000] {dag.py:4180} INFO - Setting next_dagrun for pricescope_pipeline to 2026-08-03 06:00:00+00:00, run_after=2026-08-03 18:00:00+00:00
[2026-08-03T20:05:31.432+0000] {processor.py:208} INFO - Processing /opt/airflow/dags/pricescope_pipeline.py took 0.165 seconds
[2026-08-03T20:06:01.639+0000] {processor.py:186} INFO - Started process (PID=3110) to work on /opt/airflow/dags/pricescope_pipeline.py
[2026-08-03T20:06:01.641+0000] {processor.py:914} INFO - Processing file /opt/airflow/dags/pricescope_pipeline.py for tasks to queue
[2026-08-03T20:06:01.645+0000] {logging_mixin.py:190} INFO - [2026-08-03T20:06:01.644+0000] {dagbag.py:588} INFO - Filling up the DagBag from /opt/airflow/dags/pricescope_pipeline.py
[2026-08-03T20:06:01.671+0000] {processor.py:925} INFO - DAG(s) 'pricescope_pipeline' retrieved from /opt/airflow/dags/pricescope_pipeline.py
[2026-08-03T20:06:01.690+0000] {logging_mixin.py:190} INFO - [2026-08-03T20:06:01.690+0000] {dag.py:3239} INFO - Sync 1 DAGs
[2026-08-03T20:06:01.710+0000] {logging_mixin.py:190} INFO - [2026-08-03T20:06:01.710+0000] {dag.py:4180} INFO - Setting next_dagrun for pricescope_pipeline to 2026-08-03 06:00:00+00:00, run_after=2026-08-03 18:00:00+00:00
[2026-08-03T20:06:01.726+0000] {processor.py:208} INFO - Processing /opt/airflow/dags/pricescope_pipeline.py took 0.095 seconds
[2026-08-03T20:06:31.909+0000] {processor.py:186} INFO - Started process (PID=3117) to work on /opt/airflow/dags/pricescope_pipeline.py
[2026-08-03T20:06:31.911+0000] {processor.py:914} INFO - Processing file /opt/airflow/dags/pricescope_pipeline.py for tasks to queue
[2026-08-03T20:06:31.914+0000] {logging_mixin.py:190} INFO - [2026-08-03T20:06:31.913+0000] {dagbag.py:588} INFO - Filling up the DagBag from /opt/airflow/dags/pricescope_pipeline.py
[2026-08-03T20:06:31.934+0000] {processor.py:925} INFO - DAG(s) 'pricescope_pipeline' retrieved from /opt/airflow/dags/pricescope_pipeline.py
[2026-08-03T20:06:31.953+0000] {logging_mixin.py:190} INFO - [2026-08-03T20:06:31.953+0000] {dag.py:3239} INFO - Sync 1 DAGs
[2026-08-03T20:06:31.971+0000] {logging_mixin.py:190} INFO - [2026-08-03T20:06:31.971+0000] {dag.py:4180} INFO - Setting next_dagrun for pricescope_pipeline to 2026-08-03 06:00:00+00:00, run_after=2026-08-03 18:00:00+00:00
[2026-08-03T20:06:31.985+0000] {processor.py:208} INFO - Processing /opt/airflow/dags/pricescope_pipeline.py took 0.081 seconds
[2026-08-03T20:07:02.250+0000] {processor.py:186} INFO - Started process (PID=3124) to work on /opt/airflow/dags/pricescope_pipeline.py
[2026-08-03T20:07:02.252+0000] {processor.py:914} INFO - Processing file /opt/airflow/dags/pricescope_pipeline.py for tasks to queue
[2026-08-03T20:07:02.255+0000] {logging_mixin.py:190} INFO - [2026-08-03T20:07:02.254+0000] {dagbag.py:588} INFO - Filling up the DagBag from /opt/airflow/dags/pricescope_pipeline.py
[2026-08-03T20:07:02.274+0000] {processor.py:925} INFO - DAG(s) 'pricescope_pipeline' retrieved from /opt/airflow/dags/pricescope_pipeline.py
[2026-08-03T20:07:02.291+0000] {logging_mixin.py:190} INFO - [2026-08-03T20:07:02.291+0000] {dag.py:3239} INFO - Sync 1 DAGs
[2026-08-03T20:07:02.309+0000] {logging_mixin.py:190} INFO - [2026-08-03T20:07:02.309+0000] {dag.py:4180} INFO - Setting next_dagrun for pricescope_pipeline to 2026-08-03 06:00:00+00:00, run_after=2026-08-03 18:00:00+00:00
[2026-08-03T20:07:02.324+0000] {processor.py:208} INFO - Processing /opt/airflow/dags/pricescope_pipeline.py took 0.078 seconds
[2026-08-03T20:07:32.497+0000] {processor.py:186} INFO - Started process (PID=3131) to work on /opt/airflow/dags/pricescope_pipeline.py
[2026-08-03T20:07:32.499+0000] {processor.py:914} INFO - Processing file /opt/airflow/dags/pricescope_pipeline.py for tasks to queue
[2026-08-03T20:07:32.501+0000] {logging_mixin.py:190} INFO - [2026-08-03T20:07:32.501+0000] {dagbag.py:588} INFO - Filling up the DagBag from /opt/airflow/dags/pricescope_pipeline.py
[2026-08-03T20:07:32.526+0000] {processor.py:925} INFO - DAG(s) 'pricescope_pipeline' retrieved from /opt/airflow/dags/pricescope_pipeline.py
[2026-08-03T20:07:32.547+0000] {logging_mixin.py:190} INFO - [2026-08-03T20:07:32.547+0000] {dag.py:3239} INFO - Sync 1 DAGs
[2026-08-03T20:07:32.566+0000] {logging_mixin.py:190} INFO - [2026-08-03T20:07:32.566+0000] {dag.py:4180} INFO - Setting next_dagrun for pricescope_pipeline to 2026-08-03 06:00:00+00:00, run_after=2026-08-03 18:00:00+00:00
[2026-08-03T20:07:32.581+0000] {processor.py:208} INFO - Processing /opt/airflow/dags/pricescope_pipeline.py took 0.089 seconds
[2026-08-03T20:08:02.796+0000] {processor.py:186} INFO - Started process (PID=3138) to work on /opt/airflow/dags/pricescope_pipeline.py
[2026-08-03T20:08:02.797+0000] {processor.py:914} INFO - Processing file /opt/airflow/dags/pricescope_pipeline.py for tasks to queue
[2026-08-03T20:08:02.800+0000] {logging_mixin.py:190} INFO - [2026-08-03T20:08:02.800+0000] {dagbag.py:588} INFO - Filling up the DagBag from /opt/airflow/dags/pricescope_pipeline.py
[2026-08-03T20:08:02.818+0000] {processor.py:925} INFO - DAG(s) 'pricescope_pipeline' retrieved from /opt/airflow/dags/pricescope_pipeline.py
[2026-08-03T20:08:02.836+0000] {logging_mixin.py:190} INFO - [2026-08-03T20:08:02.836+0000] {dag.py:3239} INFO - Sync 1 DAGs
[2026-08-03T20:08:02.853+0000] {logging_mixin.py:190} INFO - [2026-08-03T20:08:02.853+0000] {dag.py:4180} INFO - Setting next_dagrun for pricescope_pipeline to 2026-08-03 06:00:00+00:00, run_after=2026-08-03 18:00:00+00:00
[2026-08-03T20:08:02.868+0000] {processor.py:208} INFO - Processing /opt/airflow/dags/pricescope_pipeline.py took 0.077 seconds
[2026-08-03T20:08:33.050+0000] {processor.py:186} INFO - Started process (PID=3145) to work on /opt/airflow/dags/pricescope_pipeline.py
[2026-08-03T20:08:33.052+0000] {processor.py:914} INFO - Processing file /opt/airflow/dags/pricescope_pipeline.py for tasks to queue
[2026-08-03T20:08:33.055+0000] {logging_mixin.py:190} INFO - [2026-08-03T20:08:33.054+0000] {dagbag.py:588} INFO - Filling up the DagBag from /opt/airflow/dags/pricescope_pipeline.py
[2026-08-03T20:08:33.076+0000] {processor.py:925} INFO - DAG(s) 'pricescope_pipeline' retrieved from /opt/airflow/dags/pricescope_pipeline.py
[2026-08-03T20:08:33.094+0000] {logging_mixin.py:190} INFO - [2026-08-03T20:08:33.094+0000] {dag.py:3239} INFO - Sync 1 DAGs
[2026-08-03T20:08:33.112+0000] {logging_mixin.py:190} INFO - [2026-08-03T20:08:33.112+0000] {dag.py:4180} INFO - Setting next_dagrun for pricescope_pipeline to 2026-08-03 06:00:00+00:00, run_after=2026-08-03 18:00:00+00:00
[2026-08-03T20:08:33.128+0000] {processor.py:208} INFO - Processing /opt/airflow/dags/pricescope_pipeline.py took 0.082 seconds
[2026-08-03T20:09:03.341+0000] {processor.py:186} INFO - Started process (PID=3152) to work on /opt/airflow/dags/pricescope_pipeline.py
[2026-08-03T20:09:03.343+0000] {processor.py:914} INFO - Processing file /opt/airflow/dags/pricescope_pipeline.py for tasks to queue
[2026-08-03T20:09:03.349+0000] {logging_mixin.py:190} INFO - [2026-08-03T20:09:03.348+0000] {dagbag.py:588} INFO - Filling up the DagBag from /opt/airflow/dags/pricescope_pipeline.py
[2026-08-03T20:09:03.371+0000] {processor.py:925} INFO - DAG(s) 'pricescope_pipeline' retrieved from /opt/airflow/dags/pricescope_pipeline.py
[2026-08-03T20:09:03.393+0000] {logging_mixin.py:190} INFO - [2026-08-03T20:09:03.393+0000] {dag.py:3239} INFO - Sync 1 DAGs
[2026-08-03T20:09:03.412+0000] {logging_mixin.py:190} INFO - [2026-08-03T20:09:03.412+0000] {dag.py:4180} INFO - Setting next_dagrun for pricescope_pipeline to 2026-08-03 06:00:00+00:00, run_after=2026-08-03 18:00:00+00:00
[2026-08-03T20:09:03.430+0000] {processor.py:208} INFO - Processing /opt/airflow/dags/pricescope_pipeline.py took 0.093 seconds
[2026-08-03T20:09:33.597+0000] {processor.py:186} INFO - Started process (PID=3159) to work on /opt/airflow/dags/pricescope_pipeline.py
[2026-08-03T20:09:33.600+0000] {processor.py:914} INFO - Processing file /opt/airflow/dags/pricescope_pipeline.py for tasks to queue
[2026-08-03T20:09:33.603+0000] {logging_mixin.py:190} INFO - [2026-08-03T20:09:33.603+0000] {dagbag.py:588} INFO - Filling up the DagBag from /opt/airflow/dags/pricescope_pipeline.py
[2026-08-03T20:09:33.625+0000] {processor.py:925} INFO - DAG(s) 'pricescope_pipeline' retrieved from /opt/airflow/dags/pricescope_pipeline.py
[2026-08-03T20:09:33.646+0000] {logging_mixin.py:190} INFO - [2026-08-03T20:09:33.646+0000] {dag.py:3239} INFO - Sync 1 DAGs
[2026-08-03T20:09:33.664+0000] {logging_mixin.py:190} INFO - [2026-08-03T20:09:33.664+0000] {dag.py:4180} INFO - Setting next_dagrun for pricescope_pipeline to 2026-08-03 06:00:00+00:00, run_after=2026-08-03 18:00:00+00:00
[2026-08-03T20:09:33.683+0000] {processor.py:208} INFO - Processing /opt/airflow/dags/pricescope_pipeline.py took 0.090 seconds
[2026-08-03T20:10:03.917+0000] {processor.py:186} INFO - Started process (PID=3166) to work on /opt/airflow/dags/pricescope_pipeline.py
[2026-08-03T20:10:03.919+0000] {processor.py:914} INFO - Processing file /opt/airflow/dags/pricescope_pipeline.py for tasks to queue
[2026-08-03T20:10:03.921+0000] {logging_mixin.py:190} INFO - [2026-08-03T20:10:03.921+0000] {dagbag.py:588} INFO - Filling up the DagBag from /opt/airflow/dags/pricescope_pipeline.py
[2026-08-03T20:10:03.939+0000] {processor.py:925} INFO - DAG(s) 'pricescope_pipeline' retrieved from /opt/airflow/dags/pricescope_pipeline.py
[2026-08-03T20:10:03.958+0000] {logging_mixin.py:190} INFO - [2026-08-03T20:10:03.958+0000] {dag.py:3239} INFO - Sync 1 DAGs
[2026-08-03T20:10:03.975+0000] {logging_mixin.py:190} INFO - [2026-08-03T20:10:03.975+0000] {dag.py:4180} INFO - Setting next_dagrun for pricescope_pipeline to 2026-08-03 06:00:00+00:00, run_after=2026-08-03 18:00:00+00:00
[2026-08-03T20:10:03.990+0000] {processor.py:208} INFO - Processing /opt/airflow/dags/pricescope_pipeline.py took 0.078 seconds
[2026-08-03T20:10:34.222+0000] {processor.py:186} INFO - Started process (PID=3173) to work on /opt/airflow/dags/pricescope_pipeline.py
[2026-08-03T20:10:34.224+0000] {processor.py:914} INFO - Processing file /opt/airflow/dags/pricescope_pipeline.py for tasks to queue
[2026-08-03T20:10:34.226+0000] {logging_mixin.py:190} INFO - [2026-08-03T20:10:34.226+0000] {dagbag.py:588} INFO - Filling up the DagBag from /opt/airflow/dags/pricescope_pipeline.py
[2026-08-03T20:10:34.245+0000] {processor.py:925} INFO - DAG(s) 'pricescope_pipeline' retrieved from /opt/airflow/dags/pricescope_pipeline.py
[2026-08-03T20:10:34.264+0000] {logging_mixin.py:190} INFO - [2026-08-03T20:10:34.263+0000] {dag.py:3239} INFO - Sync 1 DAGs
[2026-08-03T20:10:34.280+0000] {logging_mixin.py:190} INFO - [2026-08-03T20:10:34.280+0000] {dag.py:4180} INFO - Setting next_dagrun for pricescope_pipeline to 2026-08-03 06:00:00+00:00, run_after=2026-08-03 18:00:00+00:00
[2026-08-03T20:10:34.298+0000] {processor.py:208} INFO - Processing /opt/airflow/dags/pricescope_pipeline.py took 0.081 seconds
[2026-08-03T20:11:04.489+0000] {processor.py:186} INFO - Started process (PID=3180) to work on /opt/airflow/dags/pricescope_pipeline.py
[2026-08-03T20:11:04.491+0000] {processor.py:914} INFO - Processing file /opt/airflow/dags/pricescope_pipeline.py for tasks to queue
[2026-08-03T20:11:04.493+0000] {logging_mixin.py:190} INFO - [2026-08-03T20:11:04.493+0000] {dagbag.py:588} INFO - Filling up the DagBag from /opt/airflow/dags/pricescope_pipeline.py
[2026-08-03T20:11:04.512+0000] {processor.py:925} INFO - DAG(s) 'pricescope_pipeline' retrieved from /opt/airflow/dags/pricescope_pipeline.py
[2026-08-03T20:11:04.531+0000] {logging_mixin.py:190} INFO - [2026-08-03T20:11:04.530+0000] {dag.py:3239} INFO - Sync 1 DAGs
[2026-08-03T20:11:04.549+0000] {logging_mixin.py:190} INFO - [2026-08-03T20:11:04.549+0000] {dag.py:4180} INFO - Setting next_dagrun for pricescope_pipeline to 2026-08-03 06:00:00+00:00, run_after=2026-08-03 18:00:00+00:00
[2026-08-03T20:11:04.566+0000] {processor.py:208} INFO - Processing /opt/airflow/dags/pricescope_pipeline.py took 0.082 seconds
[2026-08-03T20:11:34.833+0000] {processor.py:186} INFO - Started process (PID=3187) to work on /opt/airflow/dags/pricescope_pipeline.py
[2026-08-03T20:11:34.835+0000] {processor.py:914} INFO - Processing file /opt/airflow/dags/pricescope_pipeline.py for tasks to queue
[2026-08-03T20:11:34.837+0000] {logging_mixin.py:190} INFO - [2026-08-03T20:11:34.837+0000] {dagbag.py:588} INFO - Filling up the DagBag from /opt/airflow/dags/pricescope_pipeline.py
[2026-08-03T20:11:34.857+0000] {processor.py:925} INFO - DAG(s) 'pricescope_pipeline' retrieved from /opt/airflow/dags/pricescope_pipeline.py
[2026-08-03T20:11:34.874+0000] {logging_mixin.py:190} INFO - [2026-08-03T20:11:34.873+0000] {dag.py:3239} INFO - Sync 1 DAGs
[2026-08-03T20:11:34.891+0000] {logging_mixin.py:190} INFO - [2026-08-03T20:11:34.890+0000] {dag.py:4180} INFO - Setting next_dagrun for pricescope_pipeline to 2026-08-03 06:00:00+00:00, run_after=2026-08-03 18:00:00+00:00
[2026-08-03T20:11:34.909+0000] {processor.py:208} INFO - Processing /opt/airflow/dags/pricescope_pipeline.py took 0.080 seconds
[2026-08-03T20:12:05.076+0000] {processor.py:186} INFO - Started process (PID=3194) to work on /opt/airflow/dags/pricescope_pipeline.py
[2026-08-03T20:12:05.077+0000] {processor.py:914} INFO - Processing file /opt/airflow/dags/pricescope_pipeline.py for tasks to queue
[2026-08-03T20:12:05.080+0000] {logging_mixin.py:190} INFO - [2026-08-03T20:12:05.080+0000] {dagbag.py:588} INFO - Filling up the DagBag from /opt/airflow/dags/pricescope_pipeline.py
[2026-08-03T20:12:05.100+0000] {processor.py:925} INFO - DAG(s) 'pricescope_pipeline' retrieved from /opt/airflow/dags/pricescope_pipeline.py
[2026-08-03T20:12:05.119+0000] {logging_mixin.py:190} INFO - [2026-08-03T20:12:05.119+0000] {dag.py:3239} INFO - Sync 1 DAGs
[2026-08-03T20:12:05.137+0000] {logging_mixin.py:190} INFO - [2026-08-03T20:12:05.136+0000] {dag.py:4180} INFO - Setting next_dagrun for pricescope_pipeline to 2026-08-03 06:00:00+00:00, run_after=2026-08-03 18:00:00+00:00
[2026-08-03T20:12:05.154+0000] {processor.py:208} INFO - Processing /opt/airflow/dags/pricescope_pipeline.py took 0.083 seconds
[2026-08-03T20:12:35.430+0000] {processor.py:186} INFO - Started process (PID=3201) to work on /opt/airflow/dags/pricescope_pipeline.py
[2026-08-03T20:12:35.433+0000] {processor.py:914} INFO - Processing file /opt/airflow/dags/pricescope_pipeline.py for tasks to queue
[2026-08-03T20:12:35.436+0000] {logging_mixin.py:190} INFO - [2026-08-03T20:12:35.436+0000] {dagbag.py:588} INFO - Filling up the DagBag from /opt/airflow/dags/pricescope_pipeline.py
[2026-08-03T20:12:35.459+0000] {processor.py:925} INFO - DAG(s) 'pricescope_pipeline' retrieved from /opt/airflow/dags/pricescope_pipeline.py
[2026-08-03T20:12:35.477+0000] {logging_mixin.py:190} INFO - [2026-08-03T20:12:35.477+0000] {dag.py:3239} INFO - Sync 1 DAGs
[2026-08-03T20:12:35.502+0000] {logging_mixin.py:190} INFO - [2026-08-03T20:12:35.502+0000] {dag.py:4180} INFO - Setting next_dagrun for pricescope_pipeline to 2026-08-03 06:00:00+00:00, run_after=2026-08-03 18:00:00+00:00
[2026-08-03T20:12:35.530+0000] {processor.py:208} INFO - Processing /opt/airflow/dags/pricescope_pipeline.py took 0.107 seconds
[2026-08-03T20:13:05.755+0000] {processor.py:186} INFO - Started process (PID=3208) to work on /opt/airflow/dags/pricescope_pipeline.py
[2026-08-03T20:13:05.757+0000] {processor.py:914} INFO - Processing file /opt/airflow/dags/pricescope_pipeline.py for tasks to queue
[2026-08-03T20:13:05.761+0000] {logging_mixin.py:190} INFO - [2026-08-03T20:13:05.761+0000] {dagbag.py:588} INFO - Filling up the DagBag from /opt/airflow/dags/pricescope_pipeline.py
[2026-08-03T20:13:05.783+0000] {processor.py:925} INFO - DAG(s) 'pricescope_pipeline' retrieved from /opt/airflow/dags/pricescope_pipeline.py
[2026-08-03T20:13:05.802+0000] {logging_mixin.py:190} INFO - [2026-08-03T20:13:05.802+0000] {dag.py:3239} INFO - Sync 1 DAGs
[2026-08-03T20:13:05.821+0000] {logging_mixin.py:190} INFO - [2026-08-03T20:13:05.820+0000] {dag.py:4180} INFO - Setting next_dagrun for pricescope_pipeline to 2026-08-03 06:00:00+00:00, run_after=2026-08-03 18:00:00+00:00
[2026-08-03T20:13:05.837+0000] {processor.py:208} INFO - Processing /opt/airflow/dags/pricescope_pipeline.py took 0.087 seconds
[2026-08-03T20:13:35.996+0000] {processor.py:186} INFO - Started process (PID=3215) to work on /opt/airflow/dags/pricescope_pipeline.py
[2026-08-03T20:13:35.998+0000] {processor.py:914} INFO - Processing file /opt/airflow/dags/pricescope_pipeline.py for tasks to queue
[2026-08-03T20:13:36.002+0000] {logging_mixin.py:190} INFO - [2026-08-03T20:13:36.001+0000] {dagbag.py:588} INFO - Filling up the DagBag from /opt/airflow/dags/pricescope_pipeline.py
[2026-08-03T20:13:36.023+0000] {processor.py:925} INFO - DAG(s) 'pricescope_pipeline' retrieved from /opt/airflow/dags/pricescope_pipeline.py
[2026-08-03T20:13:36.042+0000] {logging_mixin.py:190} INFO - [2026-08-03T20:13:36.042+0000] {dag.py:3239} INFO - Sync 1 DAGs
[2026-08-03T20:13:36.061+0000] {logging_mixin.py:190} INFO - [2026-08-03T20:13:36.061+0000] {dag.py:4180} INFO - Setting next_dagrun for pricescope_pipeline to 2026-08-03 06:00:00+00:00, run_after=2026-08-03 18:00:00+00:00
[2026-08-03T20:13:36.082+0000] {processor.py:208} INFO - Processing /opt/airflow/dags/pricescope_pipeline.py took 0.091 seconds
[2026-08-03T20:14:06.299+0000] {processor.py:186} INFO - Started process (PID=3222) to work on /opt/airflow/dags/pricescope_pipeline.py
[2026-08-03T20:14:06.300+0000] {processor.py:914} INFO - Processing file /opt/airflow/dags/pricescope_pipeline.py for tasks to queue
[2026-08-03T20:14:06.303+0000] {logging_mixin.py:190} INFO - [2026-08-03T20:14:06.303+0000] {dagbag.py:588} INFO - Filling up the DagBag from /opt/airflow/dags/pricescope_pipeline.py
[2026-08-03T20:14:06.323+0000] {processor.py:925} INFO - DAG(s) 'pricescope_pipeline' retrieved from /opt/airflow/dags/pricescope_pipeline.py
[2026-08-03T20:14:06.341+0000] {logging_mixin.py:190} INFO - [2026-08-03T20:14:06.341+0000] {dag.py:3239} INFO - Sync 1 DAGs
[2026-08-03T20:14:06.357+0000] {logging_mixin.py:190} INFO - [2026-08-03T20:14:06.357+0000] {dag.py:4180} INFO - Setting next_dagrun for pricescope_pipeline to 2026-08-03 06:00:00+00:00, run_after=2026-08-03 18:00:00+00:00
[2026-08-03T20:14:06.373+0000] {processor.py:208} INFO - Processing /opt/airflow/dags/pricescope_pipeline.py took 0.079 seconds
[2026-08-03T20:14:36.562+0000] {processor.py:186} INFO - Started process (PID=3229) to work on /opt/airflow/dags/pricescope_pipeline.py
[2026-08-03T20:14:36.564+0000] {processor.py:914} INFO - Processing file /opt/airflow/dags/pricescope_pipeline.py for tasks to queue
[2026-08-03T20:14:36.567+0000] {logging_mixin.py:190} INFO - [2026-08-03T20:14:36.567+0000] {dagbag.py:588} INFO - Filling up the DagBag from /opt/airflow/dags/pricescope_pipeline.py
[2026-08-03T20:14:36.587+0000] {processor.py:925} INFO - DAG(s) 'pricescope_pipeline' retrieved from /opt/airflow/dags/pricescope_pipeline.py
[2026-08-03T20:14:36.608+0000] {logging_mixin.py:190} INFO - [2026-08-03T20:14:36.608+0000] {dag.py:3239} INFO - Sync 1 DAGs
[2026-08-03T20:14:36.628+0000] {logging_mixin.py:190} INFO - [2026-08-03T20:14:36.628+0000] {dag.py:4180} INFO - Setting next_dagrun for pricescope_pipeline to 2026-08-03 06:00:00+00:00, run_after=2026-08-03 18:00:00+00:00
[2026-08-03T20:14:36.644+0000] {processor.py:208} INFO - Processing /opt/airflow/dags/pricescope_pipeline.py took 0.087 seconds
[2026-08-03T20:15:06.859+0000] {processor.py:186} INFO - Started process (PID=3236) to work on /opt/airflow/dags/pricescope_pipeline.py
[2026-08-03T20:15:06.861+0000] {processor.py:914} INFO - Processing file /opt/airflow/dags/pricescope_pipeline.py for tasks to queue
[2026-08-03T20:15:06.864+0000] {logging_mixin.py:190} INFO - [2026-08-03T20:15:06.864+0000] {dagbag.py:588} INFO - Filling up the DagBag from /opt/airflow/dags/pricescope_pipeline.py
[2026-08-03T20:15:06.885+0000] {processor.py:925} INFO - DAG(s) 'pricescope_pipeline' retrieved from /opt/airflow/dags/pricescope_pipeline.py
[2026-08-03T20:15:06.903+0000] {logging_mixin.py:190} INFO - [2026-08-03T20:15:06.903+0000] {dag.py:3239} INFO - Sync 1 DAGs
[2026-08-03T20:15:06.921+0000] {logging_mixin.py:190} INFO - [2026-08-03T20:15:06.921+0000] {dag.py:4180} INFO - Setting next_dagrun for pricescope_pipeline to 2026-08-03 06:00:00+00:00, run_after=2026-08-03 18:00:00+00:00
[2026-08-03T20:15:06.939+0000] {processor.py:208} INFO - Processing /opt/airflow/dags/pricescope_pipeline.py took 0.085 seconds
[2026-08-03T20:15:37.107+0000] {processor.py:186} INFO - Started process (PID=3243) to work on /opt/airflow/dags/pricescope_pipeline.py
[2026-08-03T20:15:37.109+0000] {processor.py:914} INFO - Processing file /opt/airflow/dags/pricescope_pipeline.py for tasks to queue
[2026-08-03T20:15:37.112+0000] {logging_mixin.py:190} INFO - [2026-08-03T20:15:37.112+0000] {dagbag.py:588} INFO - Filling up the DagBag from /opt/airflow/dags/pricescope_pipeline.py
[2026-08-03T20:15:37.134+0000] {processor.py:925} INFO - DAG(s) 'pricescope_pipeline' retrieved from /opt/airflow/dags/pricescope_pipeline.py
[2026-08-03T20:15:37.152+0000] {logging_mixin.py:190} INFO - [2026-08-03T20:15:37.151+0000] {dag.py:3239} INFO - Sync 1 DAGs
[2026-08-03T20:15:37.169+0000] {logging_mixin.py:190} INFO - [2026-08-03T20:15:37.168+0000] {dag.py:4180} INFO - Setting next_dagrun for pricescope_pipeline to 2026-08-03 06:00:00+00:00, run_after=2026-08-03 18:00:00+00:00
[2026-08-03T20:15:37.182+0000] {processor.py:208} INFO - Processing /opt/airflow/dags/pricescope_pipeline.py took 0.080 seconds
[2026-08-03T20:16:07.367+0000] {processor.py:186} INFO - Started process (PID=3251) to work on /opt/airflow/dags/pricescope_pipeline.py
[2026-08-03T20:16:07.369+0000] {processor.py:914} INFO - Processing file /opt/airflow/dags/pricescope_pipeline.py for tasks to queue
[2026-08-03T20:16:07.372+0000] {logging_mixin.py:190} INFO - [2026-08-03T20:16:07.372+0000] {dagbag.py:588} INFO - Filling up the DagBag from /opt/airflow/dags/pricescope_pipeline.py
[2026-08-03T20:16:07.394+0000] {processor.py:925} INFO - DAG(s) 'pricescope_pipeline' retrieved from /opt/airflow/dags/pricescope_pipeline.py
[2026-08-03T20:16:07.415+0000] {logging_mixin.py:190} INFO - [2026-08-03T20:16:07.415+0000] {dag.py:3239} INFO - Sync 1 DAGs
[2026-08-03T20:16:07.436+0000] {logging_mixin.py:190} INFO - [2026-08-03T20:16:07.436+0000] {dag.py:4180} INFO - Setting next_dagrun for pricescope_pipeline to 2026-08-03 06:00:00+00:00, run_after=2026-08-03 18:00:00+00:00
[2026-08-03T20:16:07.457+0000] {processor.py:208} INFO - Processing /opt/airflow/dags/pricescope_pipeline.py took 0.096 seconds
[2026-08-03T20:16:37.773+0000] {processor.py:186} INFO - Started process (PID=3258) to work on /opt/airflow/dags/pricescope_pipeline.py
[2026-08-03T20:16:37.775+0000] {processor.py:914} INFO - Processing file /opt/airflow/dags/pricescope_pipeline.py for tasks to queue
[2026-08-03T20:16:37.778+0000] {logging_mixin.py:190} INFO - [2026-08-03T20:16:37.777+0000] {dagbag.py:588} INFO - Filling up the DagBag from /opt/airflow/dags/pricescope_pipeline.py
[2026-08-03T20:16:37.797+0000] {processor.py:925} INFO - DAG(s) 'pricescope_pipeline' retrieved from /opt/airflow/dags/pricescope_pipeline.py
[2026-08-03T20:16:37.816+0000] {logging_mixin.py:190} INFO - [2026-08-03T20:16:37.816+0000] {dag.py:3239} INFO - Sync 1 DAGs
[2026-08-03T20:16:37.834+0000] {logging_mixin.py:190} INFO - [2026-08-03T20:16:37.834+0000] {dag.py:4180} INFO - Setting next_dagrun for pricescope_pipeline to 2026-08-03 06:00:00+00:00, run_after=2026-08-03 18:00:00+00:00
[2026-08-03T20:16:37.854+0000] {processor.py:208} INFO - Processing /opt/airflow/dags/pricescope_pipeline.py took 0.085 seconds
[2026-08-03T20:17:08.041+0000] {processor.py:186} INFO - Started process (PID=3265) to work on /opt/airflow/dags/pricescope_pipeline.py
[2026-08-03T20:17:08.042+0000] {processor.py:914} INFO - Processing file /opt/airflow/dags/pricescope_pipeline.py for tasks to queue
[2026-08-03T20:17:08.045+0000] {logging_mixin.py:190} INFO - [2026-08-03T20:17:08.044+0000] {dagbag.py:588} INFO - Filling up the DagBag from /opt/airflow/dags/pricescope_pipeline.py
[2026-08-03T20:17:08.065+0000] {processor.py:925} INFO - DAG(s) 'pricescope_pipeline' retrieved from /opt/airflow/dags/pricescope_pipeline.py
[2026-08-03T20:17:08.083+0000] {logging_mixin.py:190} INFO - [2026-08-03T20:17:08.083+0000] {dag.py:3239} INFO - Sync 1 DAGs
[2026-08-03T20:17:08.103+0000] {logging_mixin.py:190} INFO - [2026-08-03T20:17:08.103+0000] {dag.py:4180} INFO - Setting next_dagrun for pricescope_pipeline to 2026-08-03 06:00:00+00:00, run_after=2026-08-03 18:00:00+00:00
[2026-08-03T20:17:08.125+0000] {processor.py:208} INFO - Processing /opt/airflow/dags/pricescope_pipeline.py took 0.089 seconds
[2026-08-03T20:17:38.402+0000] {processor.py:186} INFO - Started process (PID=3272) to work on /opt/airflow/dags/pricescope_pipeline.py
[2026-08-03T20:17:38.404+0000] {processor.py:914} INFO - Processing file /opt/airflow/dags/pricescope_pipeline.py for tasks to queue
[2026-08-03T20:17:38.407+0000] {logging_mixin.py:190} INFO - [2026-08-03T20:17:38.407+0000] {dagbag.py:588} INFO - Filling up the DagBag from /opt/airflow/dags/pricescope_pipeline.py
[2026-08-03T20:17:38.428+0000] {processor.py:925} INFO - DAG(s) 'pricescope_pipeline' retrieved from /opt/airflow/dags/pricescope_pipeline.py
[2026-08-03T20:17:38.448+0000] {logging_mixin.py:190} INFO - [2026-08-03T20:17:38.447+0000] {dag.py:3239} INFO - Sync 1 DAGs
[2026-08-03T20:17:38.467+0000] {logging_mixin.py:190} INFO - [2026-08-03T20:17:38.467+0000] {dag.py:4180} INFO - Setting next_dagrun for pricescope_pipeline to 2026-08-03 06:00:00+00:00, run_after=2026-08-03 18:00:00+00:00
[2026-08-03T20:17:38.482+0000] {processor.py:208} INFO - Processing /opt/airflow/dags/pricescope_pipeline.py took 0.084 seconds
[2026-08-03T20:18:08.706+0000] {processor.py:186} INFO - Started process (PID=3279) to work on /opt/airflow/dags/pricescope_pipeline.py
[2026-08-03T20:18:08.707+0000] {processor.py:914} INFO - Processing file /opt/airflow/dags/pricescope_pipeline.py for tasks to queue
[2026-08-03T20:18:08.712+0000] {logging_mixin.py:190} INFO - [2026-08-03T20:18:08.711+0000] {dagbag.py:588} INFO - Filling up the DagBag from /opt/airflow/dags/pricescope_pipeline.py
[2026-08-03T20:18:08.738+0000] {processor.py:925} INFO - DAG(s) 'pricescope_pipeline' retrieved from /opt/airflow/dags/pricescope_pipeline.py
[2026-08-03T20:18:08.762+0000] {logging_mixin.py:190} INFO - [2026-08-03T20:18:08.762+0000] {dag.py:3239} INFO - Sync 1 DAGs
[2026-08-03T20:18:08.788+0000] {logging_mixin.py:190} INFO - [2026-08-03T20:18:08.787+0000] {dag.py:4180} INFO - Setting next_dagrun for pricescope_pipeline to 2026-08-03 06:00:00+00:00, run_after=2026-08-03 18:00:00+00:00
[2026-08-03T20:18:08.811+0000] {processor.py:208} INFO - Processing /opt/airflow/dags/pricescope_pipeline.py took 0.111 seconds
[2026-08-03T20:18:39.033+0000] {processor.py:186} INFO - Started process (PID=3286) to work on /opt/airflow/dags/pricescope_pipeline.py
[2026-08-03T20:18:39.034+0000] {processor.py:914} INFO - Processing file /opt/airflow/dags/pricescope_pipeline.py for tasks to queue
[2026-08-03T20:18:39.038+0000] {logging_mixin.py:190} INFO - [2026-08-03T20:18:39.038+0000] {dagbag.py:588} INFO - Filling up the DagBag from /opt/airflow/dags/pricescope_pipeline.py
[2026-08-03T20:18:39.061+0000] {processor.py:925} INFO - DAG(s) 'pricescope_pipeline' retrieved from /opt/airflow/dags/pricescope_pipeline.py
[2026-08-03T20:18:39.081+0000] {logging_mixin.py:190} INFO - [2026-08-03T20:18:39.080+0000] {dag.py:3239} INFO - Sync 1 DAGs
[2026-08-03T20:18:39.108+0000] {logging_mixin.py:190} INFO - [2026-08-03T20:18:39.108+0000] {dag.py:4180} INFO - Setting next_dagrun for pricescope_pipeline to 2026-08-03 06:00:00+00:00, run_after=2026-08-03 18:00:00+00:00
[2026-08-03T20:18:39.130+0000] {processor.py:208} INFO - Processing /opt/airflow/dags/pricescope_pipeline.py took 0.102 seconds
[2026-08-03T20:19:09.311+0000] {processor.py:186} INFO - Started process (PID=3293) to work on /opt/airflow/dags/pricescope_pipeline.py
[2026-08-03T20:19:09.313+0000] {processor.py:914} INFO - Processing file /opt/airflow/dags/pricescope_pipeline.py for tasks to queue
[2026-08-03T20:19:09.316+0000] {logging_mixin.py:190} INFO - [2026-08-03T20:19:09.316+0000] {dagbag.py:588} INFO - Filling up the DagBag from /opt/airflow/dags/pricescope_pipeline.py
[2026-08-03T20:19:09.346+0000] {processor.py:925} INFO - DAG(s) 'pricescope_pipeline' retrieved from /opt/airflow/dags/pricescope_pipeline.py
[2026-08-03T20:19:09.370+0000] {logging_mixin.py:190} INFO - [2026-08-03T20:19:09.370+0000] {dag.py:3239} INFO - Sync 1 DAGs
[2026-08-03T20:19:09.393+0000] {logging_mixin.py:190} INFO - [2026-08-03T20:19:09.393+0000] {dag.py:4180} INFO - Setting next_dagrun for pricescope_pipeline to 2026-08-03 06:00:00+00:00, run_after=2026-08-03 18:00:00+00:00
[2026-08-03T20:19:09.408+0000] {processor.py:208} INFO - Processing /opt/airflow/dags/pricescope_pipeline.py took 0.104 seconds
[2026-08-03T20:19:39.679+0000] {processor.py:186} INFO - Started process (PID=3300) to work on /opt/airflow/dags/pricescope_pipeline.py
[2026-08-03T20:19:39.680+0000] {processor.py:914} INFO - Processing file /opt/airflow/dags/pricescope_pipeline.py for tasks to queue
[2026-08-03T20:19:39.683+0000] {logging_mixin.py:190} INFO - [2026-08-03T20:19:39.683+0000] {dagbag.py:588} INFO - Filling up the DagBag from /opt/airflow/dags/pricescope_pipeline.py
[2026-08-03T20:19:39.706+0000] {processor.py:925} INFO - DAG(s) 'pricescope_pipeline' retrieved from /opt/airflow/dags/pricescope_pipeline.py
[2026-08-03T20:19:39.724+0000] {logging_mixin.py:190} INFO - [2026-08-03T20:19:39.724+0000] {dag.py:3239} INFO - Sync 1 DAGs
[2026-08-03T20:19:39.742+0000] {logging_mixin.py:190} INFO - [2026-08-03T20:19:39.742+0000] {dag.py:4180} INFO - Setting next_dagrun for pricescope_pipeline to 2026-08-03 06:00:00+00:00, run_after=2026-08-03 18:00:00+00:00
[2026-08-03T20:19:39.759+0000] {processor.py:208} INFO - Processing /opt/airflow/dags/pricescope_pipeline.py took 0.085 seconds
[2026-08-03T20:20:09.961+0000] {processor.py:186} INFO - Started process (PID=3307) to work on /opt/airflow/dags/pricescope_pipeline.py
[2026-08-03T20:20:09.963+0000] {processor.py:914} INFO - Processing file /opt/airflow/dags/pricescope_pipeline.py for tasks to queue
[2026-08-03T20:20:09.966+0000] {logging_mixin.py:190} INFO - [2026-08-03T20:20:09.966+0000] {dagbag.py:588} INFO - Filling up the DagBag from /opt/airflow/dags/pricescope_pipeline.py
[2026-08-03T20:20:09.991+0000] {processor.py:925} INFO - DAG(s) 'pricescope_pipeline' retrieved from /opt/airflow/dags/pricescope_pipeline.py
[2026-08-03T20:20:10.009+0000] {logging_mixin.py:190} INFO - [2026-08-03T20:20:10.009+0000] {dag.py:3239} INFO - Sync 1 DAGs
[2026-08-03T20:20:10.026+0000] {logging_mixin.py:190} INFO - [2026-08-03T20:20:10.026+0000] {dag.py:4180} INFO - Setting next_dagrun for pricescope_pipeline to 2026-08-03 06:00:00+00:00, run_after=2026-08-03 18:00:00+00:00
[2026-08-03T20:20:10.043+0000] {processor.py:208} INFO - Processing /opt/airflow/dags/pricescope_pipeline.py took 0.087 seconds
[2026-08-03T20:20:40.227+0000] {processor.py:186} INFO - Started process (PID=3314) to work on /opt/airflow/dags/pricescope_pipeline.py
[2026-08-03T20:20:40.229+0000] {processor.py:914} INFO - Processing file /opt/airflow/dags/pricescope_pipeline.py for tasks to queue
[2026-08-03T20:20:40.232+0000] {logging_mixin.py:190} INFO - [2026-08-03T20:20:40.231+0000] {dagbag.py:588} INFO - Filling up the DagBag from /opt/airflow/dags/pricescope_pipeline.py
[2026-08-03T20:20:40.255+0000] {processor.py:925} INFO - DAG(s) 'pricescope_pipeline' retrieved from /opt/airflow/dags/pricescope_pipeline.py
[2026-08-03T20:20:40.274+0000] {logging_mixin.py:190} INFO - [2026-08-03T20:20:40.274+0000] {dag.py:3239} INFO - Sync 1 DAGs
[2026-08-03T20:20:40.291+0000] {logging_mixin.py:190} INFO - [2026-08-03T20:20:40.291+0000] {dag.py:4180} INFO - Setting next_dagrun for pricescope_pipeline to 2026-08-03 06:00:00+00:00, run_after=2026-08-03 18:00:00+00:00
[2026-08-03T20:20:40.306+0000] {processor.py:208} INFO - Processing /opt/airflow/dags/pricescope_pipeline.py took 0.084 seconds
[2026-08-03T20:21:10.672+0000] {processor.py:186} INFO - Started process (PID=3322) to work on /opt/airflow/dags/pricescope_pipeline.py
[2026-08-03T20:21:10.674+0000] {processor.py:914} INFO - Processing file /opt/airflow/dags/pricescope_pipeline.py for tasks to queue
[2026-08-03T20:21:10.679+0000] {logging_mixin.py:190} INFO - [2026-08-03T20:21:10.678+0000] {dagbag.py:588} INFO - Filling up the DagBag from /opt/airflow/dags/pricescope_pipeline.py
[2026-08-03T20:21:10.708+0000] {processor.py:925} INFO - DAG(s) 'pricescope_pipeline' retrieved from /opt/airflow/dags/pricescope_pipeline.py
[2026-08-03T20:21:10.739+0000] {logging_mixin.py:190} INFO - [2026-08-03T20:21:10.738+0000] {dag.py:3239} INFO - Sync 1 DAGs
[2026-08-03T20:21:10.774+0000] {logging_mixin.py:190} INFO - [2026-08-03T20:21:10.774+0000] {dag.py:4180} INFO - Setting next_dagrun for pricescope_pipeline to 2026-08-03 06:00:00+00:00, run_after=2026-08-03 18:00:00+00:00
[2026-08-03T20:21:10.800+0000] {processor.py:208} INFO - Processing /opt/airflow/dags/pricescope_pipeline.py took 0.135 seconds
[2026-08-03T20:21:40.946+0000] {processor.py:186} INFO - Started process (PID=3329) to work on /opt/airflow/dags/pricescope_pipeline.py
[2026-08-03T20:21:40.948+0000] {processor.py:914} INFO - Processing file /opt/airflow/dags/pricescope_pipeline.py for tasks to queue
[2026-08-03T20:21:40.951+0000] {logging_mixin.py:190} INFO - [2026-08-03T20:21:40.951+0000] {dagbag.py:588} INFO - Filling up the DagBag from /opt/airflow/dags/pricescope_pipeline.py
[2026-08-03T20:21:40.976+0000] {processor.py:925} INFO - DAG(s) 'pricescope_pipeline' retrieved from /opt/airflow/dags/pricescope_pipeline.py
[2026-08-03T20:21:41.000+0000] {logging_mixin.py:190} INFO - [2026-08-03T20:21:41.000+0000] {dag.py:3239} INFO - Sync 1 DAGs
[2026-08-03T20:21:41.023+0000] {logging_mixin.py:190} INFO - [2026-08-03T20:21:41.023+0000] {dag.py:4180} INFO - Setting next_dagrun for pricescope_pipeline to 2026-08-03 06:00:00+00:00, run_after=2026-08-03 18:00:00+00:00
[2026-08-03T20:21:41.037+0000] {processor.py:208} INFO - Processing /opt/airflow/dags/pricescope_pipeline.py took 0.097 seconds
[2026-08-03T20:22:11.257+0000] {processor.py:186} INFO - Started process (PID=3336) to work on /opt/airflow/dags/pricescope_pipeline.py
[2026-08-03T20:22:11.260+0000] {processor.py:914} INFO - Processing file /opt/airflow/dags/pricescope_pipeline.py for tasks to queue
[2026-08-03T20:22:11.264+0000] {logging_mixin.py:190} INFO - [2026-08-03T20:22:11.264+0000] {dagbag.py:588} INFO - Filling up the DagBag from /opt/airflow/dags/pricescope_pipeline.py
[2026-08-03T20:22:11.293+0000] {processor.py:925} INFO - DAG(s) 'pricescope_pipeline' retrieved from /opt/airflow/dags/pricescope_pipeline.py
[2026-08-03T20:22:11.325+0000] {logging_mixin.py:190} INFO - [2026-08-03T20:22:11.325+0000] {dag.py:3239} INFO - Sync 1 DAGs
[2026-08-03T20:22:11.356+0000] {logging_mixin.py:190} INFO - [2026-08-03T20:22:11.356+0000] {dag.py:4180} INFO - Setting next_dagrun for pricescope_pipeline to 2026-08-03 06:00:00+00:00, run_after=2026-08-03 18:00:00+00:00
[2026-08-03T20:22:11.380+0000] {processor.py:208} INFO - Processing /opt/airflow/dags/pricescope_pipeline.py took 0.132 seconds
[2026-08-03T20:22:41.512+0000] {processor.py:186} INFO - Started process (PID=3343) to work on /opt/airflow/dags/pricescope_pipeline.py
[2026-08-03T20:22:41.514+0000] {processor.py:914} INFO - Processing file /opt/airflow/dags/pricescope_pipeline.py for tasks to queue
[2026-08-03T20:22:41.517+0000] {logging_mixin.py:190} INFO - [2026-08-03T20:22:41.517+0000] {dagbag.py:588} INFO - Filling up the DagBag from /opt/airflow/dags/pricescope_pipeline.py
[2026-08-03T20:22:41.540+0000] {processor.py:925} INFO - DAG(s) 'pricescope_pipeline' retrieved from /opt/airflow/dags/pricescope_pipeline.py
[2026-08-03T20:22:41.558+0000] {logging_mixin.py:190} INFO - [2026-08-03T20:22:41.558+0000] {dag.py:3239} INFO - Sync 1 DAGs
[2026-08-03T20:22:41.575+0000] {logging_mixin.py:190} INFO - [2026-08-03T20:22:41.575+0000] {dag.py:4180} INFO - Setting next_dagrun for pricescope_pipeline to 2026-08-03 06:00:00+00:00, run_after=2026-08-03 18:00:00+00:00
[2026-08-03T20:22:41.590+0000] {processor.py:208} INFO - Processing /opt/airflow/dags/pricescope_pipeline.py took 0.083 seconds
[2026-08-03T20:23:11.766+0000] {processor.py:186} INFO - Started process (PID=3350) to work on /opt/airflow/dags/pricescope_pipeline.py
[2026-08-03T20:23:11.768+0000] {processor.py:914} INFO - Processing file /opt/airflow/dags/pricescope_pipeline.py for tasks to queue
[2026-08-03T20:23:11.770+0000] {logging_mixin.py:190} INFO - [2026-08-03T20:23:11.770+0000] {dagbag.py:588} INFO - Filling up the DagBag from /opt/airflow/dags/pricescope_pipeline.py
[2026-08-03T20:23:11.791+0000] {processor.py:925} INFO - DAG(s) 'pricescope_pipeline' retrieved from /opt/airflow/dags/pricescope_pipeline.py
[2026-08-03T20:23:11.809+0000] {logging_mixin.py:190} INFO - [2026-08-03T20:23:11.809+0000] {dag.py:3239} INFO - Sync 1 DAGs
[2026-08-03T20:23:11.826+0000] {logging_mixin.py:190} INFO - [2026-08-03T20:23:11.826+0000] {dag.py:4180} INFO - Setting next_dagrun for pricescope_pipeline to 2026-08-03 06:00:00+00:00, run_after=2026-08-03 18:00:00+00:00
[2026-08-03T20:23:11.841+0000] {processor.py:208} INFO - Processing /opt/airflow/dags/pricescope_pipeline.py took 0.080 seconds
[2026-08-03T20:23:42.131+0000] {processor.py:186} INFO - Started process (PID=3357) to work on /opt/airflow/dags/pricescope_pipeline.py
[2026-08-03T20:23:42.134+0000] {processor.py:914} INFO - Processing file /opt/airflow/dags/pricescope_pipeline.py for tasks to queue
[2026-08-03T20:23:42.138+0000] {logging_mixin.py:190} INFO - [2026-08-03T20:23:42.138+0000] {dagbag.py:588} INFO - Filling up the DagBag from /opt/airflow/dags/pricescope_pipeline.py
[2026-08-03T20:23:42.164+0000] {processor.py:925} INFO - DAG(s) 'pricescope_pipeline' retrieved from /opt/airflow/dags/pricescope_pipeline.py
[2026-08-03T20:23:42.188+0000] {logging_mixin.py:190} INFO - [2026-08-03T20:23:42.187+0000] {dag.py:3239} INFO - Sync 1 DAGs
[2026-08-03T20:23:42.212+0000] {logging_mixin.py:190} INFO - [2026-08-03T20:23:42.212+0000] {dag.py:4180} INFO - Setting next_dagrun for pricescope_pipeline to 2026-08-03 06:00:00+00:00, run_after=2026-08-03 18:00:00+00:00
[2026-08-03T20:23:42.230+0000] {processor.py:208} INFO - Processing /opt/airflow/dags/pricescope_pipeline.py took 0.107 seconds
[2026-08-03T20:24:12.384+0000] {processor.py:186} INFO - Started process (PID=3364) to work on /opt/airflow/dags/pricescope_pipeline.py
[2026-08-03T20:24:12.386+0000] {processor.py:914} INFO - Processing file /opt/airflow/dags/pricescope_pipeline.py for tasks to queue
[2026-08-03T20:24:12.389+0000] {logging_mixin.py:190} INFO - [2026-08-03T20:24:12.388+0000] {dagbag.py:588} INFO - Filling up the DagBag from /opt/airflow/dags/pricescope_pipeline.py
[2026-08-03T20:24:12.420+0000] {processor.py:925} INFO - DAG(s) 'pricescope_pipeline' retrieved from /opt/airflow/dags/pricescope_pipeline.py
[2026-08-03T20:24:12.449+0000] {logging_mixin.py:190} INFO - [2026-08-03T20:24:12.449+0000] {dag.py:3239} INFO - Sync 1 DAGs
[2026-08-03T20:24:12.478+0000] {logging_mixin.py:190} INFO - [2026-08-03T20:24:12.477+0000] {dag.py:4180} INFO - Setting next_dagrun for pricescope_pipeline to 2026-08-03 06:00:00+00:00, run_after=2026-08-03 18:00:00+00:00
[2026-08-03T20:24:12.507+0000] {processor.py:208} INFO - Processing /opt/airflow/dags/pricescope_pipeline.py took 0.128 seconds
[2026-08-03T20:24:42.730+0000] {processor.py:186} INFO - Started process (PID=3371) to work on /opt/airflow/dags/pricescope_pipeline.py
[2026-08-03T20:24:42.733+0000] {processor.py:914} INFO - Processing file /opt/airflow/dags/pricescope_pipeline.py for tasks to queue
[2026-08-03T20:24:42.745+0000] {logging_mixin.py:190} INFO - [2026-08-03T20:24:42.743+0000] {dagbag.py:588} INFO - Filling up the DagBag from /opt/airflow/dags/pricescope_pipeline.py
[2026-08-03T20:24:42.816+0000] {processor.py:925} INFO - DAG(s) 'pricescope_pipeline' retrieved from /opt/airflow/dags/pricescope_pipeline.py
[2026-08-03T20:24:42.879+0000] {logging_mixin.py:190} INFO - [2026-08-03T20:24:42.878+0000] {dag.py:3239} INFO - Sync 1 DAGs
[2026-08-03T20:24:42.928+0000] {logging_mixin.py:190} INFO - [2026-08-03T20:24:42.928+0000] {dag.py:4180} INFO - Setting next_dagrun for pricescope_pipeline to 2026-08-03 06:00:00+00:00, run_after=2026-08-03 18:00:00+00:00
[2026-08-03T20:24:42.958+0000] {processor.py:208} INFO - Processing /opt/airflow/dags/pricescope_pipeline.py took 0.242 seconds
[2026-08-03T20:25:13.022+0000] {processor.py:186} INFO - Started process (PID=3378) to work on /opt/airflow/dags/pricescope_pipeline.py
[2026-08-03T20:25:13.024+0000] {processor.py:914} INFO - Processing file /opt/airflow/dags/pricescope_pipeline.py for tasks to queue
[2026-08-03T20:25:13.027+0000] {logging_mixin.py:190} INFO - [2026-08-03T20:25:13.027+0000] {dagbag.py:588} INFO - Filling up the DagBag from /opt/airflow/dags/pricescope_pipeline.py
[2026-08-03T20:25:13.049+0000] {processor.py:925} INFO - DAG(s) 'pricescope_pipeline' retrieved from /opt/airflow/dags/pricescope_pipeline.py
[2026-08-03T20:25:13.080+0000] {logging_mixin.py:190} INFO - [2026-08-03T20:25:13.079+0000] {dag.py:3239} INFO - Sync 1 DAGs
[2026-08-03T20:25:13.116+0000] {logging_mixin.py:190} INFO - [2026-08-03T20:25:13.115+0000] {dag.py:4180} INFO - Setting next_dagrun for pricescope_pipeline to 2026-08-03 06:00:00+00:00, run_after=2026-08-03 18:00:00+00:00
[2026-08-03T20:25:13.140+0000] {processor.py:208} INFO - Processing /opt/airflow/dags/pricescope_pipeline.py took 0.123 seconds
[2026-08-03T20:25:43.288+0000] {processor.py:186} INFO - Started process (PID=3385) to work on /opt/airflow/dags/pricescope_pipeline.py
[2026-08-03T20:25:43.290+0000] {processor.py:914} INFO - Processing file /opt/airflow/dags/pricescope_pipeline.py for tasks to queue
[2026-08-03T20:25:43.295+0000] {logging_mixin.py:190} INFO - [2026-08-03T20:25:43.294+0000] {dagbag.py:588} INFO - Filling up the DagBag from /opt/airflow/dags/pricescope_pipeline.py
[2026-08-03T20:25:43.316+0000] {processor.py:925} INFO - DAG(s) 'pricescope_pipeline' retrieved from /opt/airflow/dags/pricescope_pipeline.py
[2026-08-03T20:25:43.338+0000] {logging_mixin.py:190} INFO - [2026-08-03T20:25:43.338+0000] {dag.py:3239} INFO - Sync 1 DAGs
[2026-08-03T20:25:43.367+0000] {logging_mixin.py:190} INFO - [2026-08-03T20:25:43.366+0000] {dag.py:4180} INFO - Setting next_dagrun for pricescope_pipeline to 2026-08-03 06:00:00+00:00, run_after=2026-08-03 18:00:00+00:00
[2026-08-03T20:25:43.389+0000] {processor.py:208} INFO - Processing /opt/airflow/dags/pricescope_pipeline.py took 0.106 seconds
[2026-08-03T20:26:13.525+0000] {processor.py:186} INFO - Started process (PID=3392) to work on /opt/airflow/dags/pricescope_pipeline.py
[2026-08-03T20:26:13.526+0000] {processor.py:914} INFO - Processing file /opt/airflow/dags/pricescope_pipeline.py for tasks to queue
[2026-08-03T20:26:13.530+0000] {logging_mixin.py:190} INFO - [2026-08-03T20:26:13.530+0000] {dagbag.py:588} INFO - Filling up the DagBag from /opt/airflow/dags/pricescope_pipeline.py
[2026-08-03T20:26:13.548+0000] {processor.py:925} INFO - DAG(s) 'pricescope_pipeline' retrieved from /opt/airflow/dags/pricescope_pipeline.py
[2026-08-03T20:26:13.567+0000] {logging_mixin.py:190} INFO - [2026-08-03T20:26:13.567+0000] {dag.py:3239} INFO - Sync 1 DAGs
[2026-08-03T20:26:13.585+0000] {logging_mixin.py:190} INFO - [2026-08-03T20:26:13.585+0000] {dag.py:4180} INFO - Setting next_dagrun for pricescope_pipeline to 2026-08-03 06:00:00+00:00, run_after=2026-08-03 18:00:00+00:00
[2026-08-03T20:26:13.601+0000] {processor.py:208} INFO - Processing /opt/airflow/dags/pricescope_pipeline.py took 0.080 seconds
[2026-08-03T20:26:43.787+0000] {processor.py:186} INFO - Started process (PID=3399) to work on /opt/airflow/dags/pricescope_pipeline.py
[2026-08-03T20:26:43.790+0000] {processor.py:914} INFO - Processing file /opt/airflow/dags/pricescope_pipeline.py for tasks to queue
[2026-08-03T20:26:43.797+0000] {logging_mixin.py:190} INFO - [2026-08-03T20:26:43.796+0000] {dagbag.py:588} INFO - Filling up the DagBag from /opt/airflow/dags/pricescope_pipeline.py
[2026-08-03T20:26:43.820+0000] {processor.py:925} INFO - DAG(s) 'pricescope_pipeline' retrieved from /opt/airflow/dags/pricescope_pipeline.py
[2026-08-03T20:26:43.839+0000] {logging_mixin.py:190} INFO - [2026-08-03T20:26:43.839+0000] {dag.py:3239} INFO - Sync 1 DAGs
[2026-08-03T20:26:43.856+0000] {logging_mixin.py:190} INFO - [2026-08-03T20:26:43.856+0000] {dag.py:4180} INFO - Setting next_dagrun for pricescope_pipeline to 2026-08-03 06:00:00+00:00, run_after=2026-08-03 18:00:00+00:00
[2026-08-03T20:26:43.872+0000] {processor.py:208} INFO - Processing /opt/airflow/dags/pricescope_pipeline.py took 0.096 seconds
[2026-08-03T20:27:14.097+0000] {processor.py:186} INFO - Started process (PID=3406) to work on /opt/airflow/dags/pricescope_pipeline.py
[2026-08-03T20:27:14.099+0000] {processor.py:914} INFO - Processing file /opt/airflow/dags/pricescope_pipeline.py for tasks to queue
[2026-08-03T20:27:14.103+0000] {logging_mixin.py:190} INFO - [2026-08-03T20:27:14.103+0000] {dagbag.py:588} INFO - Filling up the DagBag from /opt/airflow/dags/pricescope_pipeline.py
[2026-08-03T20:27:14.122+0000] {processor.py:925} INFO - DAG(s) 'pricescope_pipeline' retrieved from /opt/airflow/dags/pricescope_pipeline.py
[2026-08-03T20:27:14.142+0000] {logging_mixin.py:190} INFO - [2026-08-03T20:27:14.142+0000] {dag.py:3239} INFO - Sync 1 DAGs
[2026-08-03T20:27:14.174+0000] {logging_mixin.py:190} INFO - [2026-08-03T20:27:14.174+0000] {dag.py:4180} INFO - Setting next_dagrun for pricescope_pipeline to 2026-08-03 06:00:00+00:00, run_after=2026-08-03 18:00:00+00:00
[2026-08-03T20:27:14.202+0000] {processor.py:208} INFO - Processing /opt/airflow/dags/pricescope_pipeline.py took 0.110 seconds
[2026-08-03T20:27:44.367+0000] {processor.py:186} INFO - Started process (PID=3413) to work on /opt/airflow/dags/pricescope_pipeline.py
[2026-08-03T20:27:44.369+0000] {processor.py:914} INFO - Processing file /opt/airflow/dags/pricescope_pipeline.py for tasks to queue
[2026-08-03T20:27:44.374+0000] {logging_mixin.py:190} INFO - [2026-08-03T20:27:44.373+0000] {dagbag.py:588} INFO - Filling up the DagBag from /opt/airflow/dags/pricescope_pipeline.py
[2026-08-03T20:27:44.403+0000] {processor.py:925} INFO - DAG(s) 'pricescope_pipeline' retrieved from /opt/airflow/dags/pricescope_pipeline.py
[2026-08-03T20:27:44.442+0000] {logging_mixin.py:190} INFO - [2026-08-03T20:27:44.442+0000] {dag.py:3239} INFO - Sync 1 DAGs
[2026-08-03T20:27:44.477+0000] {logging_mixin.py:190} INFO - [2026-08-03T20:27:44.477+0000] {dag.py:4180} INFO - Setting next_dagrun for pricescope_pipeline to 2026-08-03 06:00:00+00:00, run_after=2026-08-03 18:00:00+00:00
[2026-08-03T20:27:44.498+0000] {processor.py:208} INFO - Processing /opt/airflow/dags/pricescope_pipeline.py took 0.140 seconds
[2026-08-03T20:28:14.846+0000] {processor.py:186} INFO - Started process (PID=3420) to work on /opt/airflow/dags/pricescope_pipeline.py
[2026-08-03T20:28:14.848+0000] {processor.py:914} INFO - Processing file /opt/airflow/dags/pricescope_pipeline.py for tasks to queue
[2026-08-03T20:28:14.851+0000] {logging_mixin.py:190} INFO - [2026-08-03T20:28:14.851+0000] {dagbag.py:588} INFO - Filling up the DagBag from /opt/airflow/dags/pricescope_pipeline.py
[2026-08-03T20:28:14.874+0000] {processor.py:925} INFO - DAG(s) 'pricescope_pipeline' retrieved from /opt/airflow/dags/pricescope_pipeline.py
[2026-08-03T20:28:14.899+0000] {logging_mixin.py:190} INFO - [2026-08-03T20:28:14.899+0000] {dag.py:3239} INFO - Sync 1 DAGs
[2026-08-03T20:28:14.923+0000] {logging_mixin.py:190} INFO - [2026-08-03T20:28:14.923+0000] {dag.py:4180} INFO - Setting next_dagrun for pricescope_pipeline to 2026-08-03 06:00:00+00:00, run_after=2026-08-03 18:00:00+00:00
[2026-08-03T20:28:14.950+0000] {processor.py:208} INFO - Processing /opt/airflow/dags/pricescope_pipeline.py took 0.111 seconds
[2026-08-03T20:28:45.170+0000] {processor.py:186} INFO - Started process (PID=3427) to work on /opt/airflow/dags/pricescope_pipeline.py
[2026-08-03T20:28:45.173+0000] {processor.py:914} INFO - Processing file /opt/airflow/dags/pricescope_pipeline.py for tasks to queue
[2026-08-03T20:28:45.179+0000] {logging_mixin.py:190} INFO - [2026-08-03T20:28:45.178+0000] {dagbag.py:588} INFO - Filling up the DagBag from /opt/airflow/dags/pricescope_pipeline.py
[2026-08-03T20:28:45.207+0000] {processor.py:925} INFO - DAG(s) 'pricescope_pipeline' retrieved from /opt/airflow/dags/pricescope_pipeline.py
[2026-08-03T20:28:45.232+0000] {logging_mixin.py:190} INFO - [2026-08-03T20:28:45.232+0000] {dag.py:3239} INFO - Sync 1 DAGs
[2026-08-03T20:28:45.257+0000] {logging_mixin.py:190} INFO - [2026-08-03T20:28:45.257+0000] {dag.py:4180} INFO - Setting next_dagrun for pricescope_pipeline to 2026-08-03 06:00:00+00:00, run_after=2026-08-03 18:00:00+00:00
[2026-08-03T20:28:45.322+0000] {processor.py:208} INFO - Processing /opt/airflow/dags/pricescope_pipeline.py took 0.163 seconds
[2026-08-03T20:29:15.431+0000] {processor.py:186} INFO - Started process (PID=3435) to work on /opt/airflow/dags/pricescope_pipeline.py
[2026-08-03T20:29:15.434+0000] {processor.py:914} INFO - Processing file /opt/airflow/dags/pricescope_pipeline.py for tasks to queue
[2026-08-03T20:29:15.439+0000] {logging_mixin.py:190} INFO - [2026-08-03T20:29:15.439+0000] {dagbag.py:588} INFO - Filling up the DagBag from /opt/airflow/dags/pricescope_pipeline.py
[2026-08-03T20:29:15.464+0000] {processor.py:925} INFO - DAG(s) 'pricescope_pipeline' retrieved from /opt/airflow/dags/pricescope_pipeline.py
[2026-08-03T20:29:15.484+0000] {logging_mixin.py:190} INFO - [2026-08-03T20:29:15.484+0000] {dag.py:3239} INFO - Sync 1 DAGs
[2026-08-03T20:29:15.505+0000] {logging_mixin.py:190} INFO - [2026-08-03T20:29:15.505+0000] {dag.py:4180} INFO - Setting next_dagrun for pricescope_pipeline to 2026-08-03 06:00:00+00:00, run_after=2026-08-03 18:00:00+00:00
[2026-08-03T20:29:15.522+0000] {processor.py:208} INFO - Processing /opt/airflow/dags/pricescope_pipeline.py took 0.102 seconds
[2026-08-03T20:29:45.810+0000] {processor.py:186} INFO - Started process (PID=3442) to work on /opt/airflow/dags/pricescope_pipeline.py
[2026-08-03T20:29:45.812+0000] {processor.py:914} INFO - Processing file /opt/airflow/dags/pricescope_pipeline.py for tasks to queue
[2026-08-03T20:29:45.816+0000] {logging_mixin.py:190} INFO - [2026-08-03T20:29:45.815+0000] {dagbag.py:588} INFO - Filling up the DagBag from /opt/airflow/dags/pricescope_pipeline.py
[2026-08-03T20:29:45.837+0000] {processor.py:925} INFO - DAG(s) 'pricescope_pipeline' retrieved from /opt/airflow/dags/pricescope_pipeline.py
[2026-08-03T20:29:45.857+0000] {logging_mixin.py:190} INFO - [2026-08-03T20:29:45.857+0000] {dag.py:3239} INFO - Sync 1 DAGs
[2026-08-03T20:29:45.873+0000] {logging_mixin.py:190} INFO - [2026-08-03T20:29:45.873+0000] {dag.py:4180} INFO - Setting next_dagrun for pricescope_pipeline to 2026-08-03 06:00:00+00:00, run_after=2026-08-03 18:00:00+00:00
[2026-08-03T20:29:45.887+0000] {processor.py:208} INFO - Processing /opt/airflow/dags/pricescope_pipeline.py took 0.086 seconds
[2026-08-03T20:30:16.047+0000] {processor.py:186} INFO - Started process (PID=3449) to work on /opt/airflow/dags/pricescope_pipeline.py
[2026-08-03T20:30:16.049+0000] {processor.py:914} INFO - Processing file /opt/airflow/dags/pricescope_pipeline.py for tasks to queue
[2026-08-03T20:30:16.052+0000] {logging_mixin.py:190} INFO - [2026-08-03T20:30:16.052+0000] {dagbag.py:588} INFO - Filling up the DagBag from /opt/airflow/dags/pricescope_pipeline.py
[2026-08-03T20:30:16.069+0000] {processor.py:925} INFO - DAG(s) 'pricescope_pipeline' retrieved from /opt/airflow/dags/pricescope_pipeline.py
[2026-08-03T20:30:16.086+0000] {logging_mixin.py:190} INFO - [2026-08-03T20:30:16.086+0000] {dag.py:3239} INFO - Sync 1 DAGs
[2026-08-03T20:30:16.104+0000] {logging_mixin.py:190} INFO - [2026-08-03T20:30:16.104+0000] {dag.py:4180} INFO - Setting next_dagrun for pricescope_pipeline to 2026-08-03 06:00:00+00:00, run_after=2026-08-03 18:00:00+00:00
[2026-08-03T20:30:16.118+0000] {processor.py:208} INFO - Processing /opt/airflow/dags/pricescope_pipeline.py took 0.075 seconds
[2026-08-03T20:30:46.394+0000] {processor.py:186} INFO - Started process (PID=3456) to work on /opt/airflow/dags/pricescope_pipeline.py
[2026-08-03T20:30:46.396+0000] {processor.py:914} INFO - Processing file /opt/airflow/dags/pricescope_pipeline.py for tasks to queue
[2026-08-03T20:30:46.401+0000] {logging_mixin.py:190} INFO - [2026-08-03T20:30:46.400+0000] {dagbag.py:588} INFO - Filling up the DagBag from /opt/airflow/dags/pricescope_pipeline.py
[2026-08-03T20:30:46.426+0000] {processor.py:925} INFO - DAG(s) 'pricescope_pipeline' retrieved from /opt/airflow/dags/pricescope_pipeline.py
[2026-08-03T20:30:46.456+0000] {logging_mixin.py:190} INFO - [2026-08-03T20:30:46.455+0000] {dag.py:3239} INFO - Sync 1 DAGs
[2026-08-03T20:30:46.490+0000] {logging_mixin.py:190} INFO - [2026-08-03T20:30:46.490+0000] {dag.py:4180} INFO - Setting next_dagrun for pricescope_pipeline to 2026-08-03 06:00:00+00:00, run_after=2026-08-03 18:00:00+00:00
[2026-08-03T20:30:46.519+0000] {processor.py:208} INFO - Processing /opt/airflow/dags/pricescope_pipeline.py took 0.129 seconds
[2026-08-03T20:31:16.654+0000] {processor.py:186} INFO - Started process (PID=3463) to work on /opt/airflow/dags/pricescope_pipeline.py
[2026-08-03T20:31:16.656+0000] {processor.py:914} INFO - Processing file /opt/airflow/dags/pricescope_pipeline.py for tasks to queue
[2026-08-03T20:31:16.659+0000] {logging_mixin.py:190} INFO - [2026-08-03T20:31:16.659+0000] {dagbag.py:588} INFO - Filling up the DagBag from /opt/airflow/dags/pricescope_pipeline.py
[2026-08-03T20:31:16.687+0000] {processor.py:925} INFO - DAG(s) 'pricescope_pipeline' retrieved from /opt/airflow/dags/pricescope_pipeline.py
[2026-08-03T20:31:16.723+0000] {logging_mixin.py:190} INFO - [2026-08-03T20:31:16.722+0000] {dag.py:3239} INFO - Sync 1 DAGs
[2026-08-03T20:31:16.749+0000] {logging_mixin.py:190} INFO - [2026-08-03T20:31:16.749+0000] {dag.py:4180} INFO - Setting next_dagrun for pricescope_pipeline to 2026-08-03 06:00:00+00:00, run_after=2026-08-03 18:00:00+00:00
[2026-08-03T20:31:16.766+0000] {processor.py:208} INFO - Processing /opt/airflow/dags/pricescope_pipeline.py took 0.120 seconds
[2026-08-03T20:31:47.050+0000] {processor.py:186} INFO - Started process (PID=3470) to work on /opt/airflow/dags/pricescope_pipeline.py
[2026-08-03T20:31:47.051+0000] {processor.py:914} INFO - Processing file /opt/airflow/dags/pricescope_pipeline.py for tasks to queue
[2026-08-03T20:31:47.053+0000] {logging_mixin.py:190} INFO - [2026-08-03T20:31:47.053+0000] {dagbag.py:588} INFO - Filling up the DagBag from /opt/airflow/dags/pricescope_pipeline.py
[2026-08-03T20:31:47.071+0000] {processor.py:925} INFO - DAG(s) 'pricescope_pipeline' retrieved from /opt/airflow/dags/pricescope_pipeline.py
[2026-08-03T20:31:47.092+0000] {logging_mixin.py:190} INFO - [2026-08-03T20:31:47.092+0000] {dag.py:3239} INFO - Sync 1 DAGs
[2026-08-03T20:31:47.112+0000] {logging_mixin.py:190} INFO - [2026-08-03T20:31:47.112+0000] {dag.py:4180} INFO - Setting next_dagrun for pricescope_pipeline to 2026-08-03 06:00:00+00:00, run_after=2026-08-03 18:00:00+00:00
[2026-08-03T20:31:47.128+0000] {processor.py:208} INFO - Processing /opt/airflow/dags/pricescope_pipeline.py took 0.084 seconds
[2026-08-03T20:32:17.329+0000] {processor.py:186} INFO - Started process (PID=3477) to work on /opt/airflow/dags/pricescope_pipeline.py
[2026-08-03T20:32:17.330+0000] {processor.py:914} INFO - Processing file /opt/airflow/dags/pricescope_pipeline.py for tasks to queue
[2026-08-03T20:32:17.336+0000] {logging_mixin.py:190} INFO - [2026-08-03T20:32:17.335+0000] {dagbag.py:588} INFO - Filling up the DagBag from /opt/airflow/dags/pricescope_pipeline.py
[2026-08-03T20:32:17.366+0000] {processor.py:925} INFO - DAG(s) 'pricescope_pipeline' retrieved from /opt/airflow/dags/pricescope_pipeline.py
[2026-08-03T20:32:17.395+0000] {logging_mixin.py:190} INFO - [2026-08-03T20:32:17.395+0000] {dag.py:3239} INFO - Sync 1 DAGs
[2026-08-03T20:32:17.429+0000] {logging_mixin.py:190} INFO - [2026-08-03T20:32:17.429+0000] {dag.py:4180} INFO - Setting next_dagrun for pricescope_pipeline to 2026-08-03 06:00:00+00:00, run_after=2026-08-03 18:00:00+00:00
[2026-08-03T20:32:17.451+0000] {processor.py:208} INFO - Processing /opt/airflow/dags/pricescope_pipeline.py took 0.135 seconds
[2026-08-03T20:32:47.583+0000] {processor.py:186} INFO - Started process (PID=3484) to work on /opt/airflow/dags/pricescope_pipeline.py
[2026-08-03T20:32:47.584+0000] {processor.py:914} INFO - Processing file /opt/airflow/dags/pricescope_pipeline.py for tasks to queue
[2026-08-03T20:32:47.588+0000] {logging_mixin.py:190} INFO - [2026-08-03T20:32:47.587+0000] {dagbag.py:588} INFO - Filling up the DagBag from /opt/airflow/dags/pricescope_pipeline.py
[2026-08-03T20:32:47.608+0000] {processor.py:925} INFO - DAG(s) 'pricescope_pipeline' retrieved from /opt/airflow/dags/pricescope_pipeline.py
[2026-08-03T20:32:47.635+0000] {logging_mixin.py:190} INFO - [2026-08-03T20:32:47.635+0000] {dag.py:3239} INFO - Sync 1 DAGs
[2026-08-03T20:32:47.664+0000] {logging_mixin.py:190} INFO - [2026-08-03T20:32:47.664+0000] {dag.py:4180} INFO - Setting next_dagrun for pricescope_pipeline to 2026-08-03 06:00:00+00:00, run_after=2026-08-03 18:00:00+00:00
[2026-08-03T20:32:47.686+0000] {processor.py:208} INFO - Processing /opt/airflow/dags/pricescope_pipeline.py took 0.109 seconds
[2026-08-03T20:33:17.949+0000] {processor.py:186} INFO - Started process (PID=3492) to work on /opt/airflow/dags/pricescope_pipeline.py
[2026-08-03T20:33:17.951+0000] {processor.py:914} INFO - Processing file /opt/airflow/dags/pricescope_pipeline.py for tasks to queue
[2026-08-03T20:33:17.954+0000] {logging_mixin.py:190} INFO - [2026-08-03T20:33:17.953+0000] {dagbag.py:588} INFO - Filling up the DagBag from /opt/airflow/dags/pricescope_pipeline.py
[2026-08-03T20:33:17.974+0000] {processor.py:925} INFO - DAG(s) 'pricescope_pipeline' retrieved from /opt/airflow/dags/pricescope_pipeline.py
[2026-08-03T20:33:17.992+0000] {logging_mixin.py:190} INFO - [2026-08-03T20:33:17.992+0000] {dag.py:3239} INFO - Sync 1 DAGs
[2026-08-03T20:33:18.009+0000] {logging_mixin.py:190} INFO - [2026-08-03T20:33:18.008+0000] {dag.py:4180} INFO - Setting next_dagrun for pricescope_pipeline to 2026-08-03 06:00:00+00:00, run_after=2026-08-03 18:00:00+00:00
[2026-08-03T20:33:18.022+0000] {processor.py:208} INFO - Processing /opt/airflow/dags/pricescope_pipeline.py took 0.078 seconds
[2026-08-03T20:33:48.213+0000] {processor.py:186} INFO - Started process (PID=3499) to work on /opt/airflow/dags/pricescope_pipeline.py
[2026-08-03T20:33:48.215+0000] {processor.py:914} INFO - Processing file /opt/airflow/dags/pricescope_pipeline.py for tasks to queue
[2026-08-03T20:33:48.218+0000] {logging_mixin.py:190} INFO - [2026-08-03T20:33:48.217+0000] {dagbag.py:588} INFO - Filling up the DagBag from /opt/airflow/dags/pricescope_pipeline.py
[2026-08-03T20:33:48.237+0000] {processor.py:925} INFO - DAG(s) 'pricescope_pipeline' retrieved from /opt/airflow/dags/pricescope_pipeline.py
[2026-08-03T20:33:48.257+0000] {logging_mixin.py:190} INFO - [2026-08-03T20:33:48.257+0000] {dag.py:3239} INFO - Sync 1 DAGs
[2026-08-03T20:33:48.274+0000] {logging_mixin.py:190} INFO - [2026-08-03T20:33:48.273+0000] {dag.py:4180} INFO - Setting next_dagrun for pricescope_pipeline to 2026-08-03 06:00:00+00:00, run_after=2026-08-03 18:00:00+00:00
[2026-08-03T20:33:48.288+0000] {processor.py:208} INFO - Processing /opt/airflow/dags/pricescope_pipeline.py took 0.079 seconds
[2026-08-03T20:34:18.523+0000] {processor.py:186} INFO - Started process (PID=3506) to work on /opt/airflow/dags/pricescope_pipeline.py
[2026-08-03T20:34:18.525+0000] {processor.py:914} INFO - Processing file /opt/airflow/dags/pricescope_pipeline.py for tasks to queue
[2026-08-03T20:34:18.530+0000] {logging_mixin.py:190} INFO - [2026-08-03T20:34:18.529+0000] {dagbag.py:588} INFO - Filling up the DagBag from /opt/airflow/dags/pricescope_pipeline.py
[2026-08-03T20:34:18.553+0000] {processor.py:925} INFO - DAG(s) 'pricescope_pipeline' retrieved from /opt/airflow/dags/pricescope_pipeline.py
[2026-08-03T20:34:18.581+0000] {logging_mixin.py:190} INFO - [2026-08-03T20:34:18.580+0000] {dag.py:3239} INFO - Sync 1 DAGs
[2026-08-03T20:34:18.614+0000] {logging_mixin.py:190} INFO - [2026-08-03T20:34:18.614+0000] {dag.py:4180} INFO - Setting next_dagrun for pricescope_pipeline to 2026-08-03 06:00:00+00:00, run_after=2026-08-03 18:00:00+00:00
[2026-08-03T20:34:18.678+0000] {processor.py:208} INFO - Processing /opt/airflow/dags/pricescope_pipeline.py took 0.160 seconds
[2026-08-03T20:34:48.771+0000] {processor.py:186} INFO - Started process (PID=3513) to work on /opt/airflow/dags/pricescope_pipeline.py
[2026-08-03T20:34:48.773+0000] {processor.py:914} INFO - Processing file /opt/airflow/dags/pricescope_pipeline.py for tasks to queue
[2026-08-03T20:34:48.776+0000] {logging_mixin.py:190} INFO - [2026-08-03T20:34:48.776+0000] {dagbag.py:588} INFO - Filling up the DagBag from /opt/airflow/dags/pricescope_pipeline.py
[2026-08-03T20:34:48.797+0000] {processor.py:925} INFO - DAG(s) 'pricescope_pipeline' retrieved from /opt/airflow/dags/pricescope_pipeline.py
[2026-08-03T20:34:48.817+0000] {logging_mixin.py:190} INFO - [2026-08-03T20:34:48.817+0000] {dag.py:3239} INFO - Sync 1 DAGs
[2026-08-03T20:34:48.837+0000] {logging_mixin.py:190} INFO - [2026-08-03T20:34:48.837+0000] {dag.py:4180} INFO - Setting next_dagrun for pricescope_pipeline to 2026-08-03 06:00:00+00:00, run_after=2026-08-03 18:00:00+00:00
[2026-08-03T20:34:48.853+0000] {processor.py:208} INFO - Processing /opt/airflow/dags/pricescope_pipeline.py took 0.087 seconds
[2026-08-03T20:35:19.029+0000] {processor.py:186} INFO - Started process (PID=3520) to work on /opt/airflow/dags/pricescope_pipeline.py
[2026-08-03T20:35:19.031+0000] {processor.py:914} INFO - Processing file /opt/airflow/dags/pricescope_pipeline.py for tasks to queue
[2026-08-03T20:35:19.035+0000] {logging_mixin.py:190} INFO - [2026-08-03T20:35:19.035+0000] {dagbag.py:588} INFO - Filling up the DagBag from /opt/airflow/dags/pricescope_pipeline.py
[2026-08-03T20:35:19.066+0000] {processor.py:925} INFO - DAG(s) 'pricescope_pipeline' retrieved from /opt/airflow/dags/pricescope_pipeline.py
[2026-08-03T20:35:19.090+0000] {logging_mixin.py:190} INFO - [2026-08-03T20:35:19.089+0000] {dag.py:3239} INFO - Sync 1 DAGs
[2026-08-03T20:35:19.115+0000] {logging_mixin.py:190} INFO - [2026-08-03T20:35:19.115+0000] {dag.py:4180} INFO - Setting next_dagrun for pricescope_pipeline to 2026-08-03 06:00:00+00:00, run_after=2026-08-03 18:00:00+00:00
[2026-08-03T20:35:19.138+0000] {processor.py:208} INFO - Processing /opt/airflow/dags/pricescope_pipeline.py took 0.118 seconds
[2026-08-03T20:35:49.372+0000] {processor.py:186} INFO - Started process (PID=3527) to work on /opt/airflow/dags/pricescope_pipeline.py
[2026-08-03T20:35:49.374+0000] {processor.py:914} INFO - Processing file /opt/airflow/dags/pricescope_pipeline.py for tasks to queue
[2026-08-03T20:35:49.376+0000] {logging_mixin.py:190} INFO - [2026-08-03T20:35:49.376+0000] {dagbag.py:588} INFO - Filling up the DagBag from /opt/airflow/dags/pricescope_pipeline.py
[2026-08-03T20:35:49.396+0000] {processor.py:925} INFO - DAG(s) 'pricescope_pipeline' retrieved from /opt/airflow/dags/pricescope_pipeline.py
[2026-08-03T20:35:49.417+0000] {logging_mixin.py:190} INFO - [2026-08-03T20:35:49.417+0000] {dag.py:3239} INFO - Sync 1 DAGs
[2026-08-03T20:35:49.438+0000] {logging_mixin.py:190} INFO - [2026-08-03T20:35:49.438+0000] {dag.py:4180} INFO - Setting next_dagrun for pricescope_pipeline to 2026-08-03 06:00:00+00:00, run_after=2026-08-03 18:00:00+00:00
[2026-08-03T20:35:49.459+0000] {processor.py:208} INFO - Processing /opt/airflow/dags/pricescope_pipeline.py took 0.094 seconds
[2026-08-03T20:36:19.670+0000] {processor.py:186} INFO - Started process (PID=3534) to work on /opt/airflow/dags/pricescope_pipeline.py
[2026-08-03T20:36:19.672+0000] {processor.py:914} INFO - Processing file /opt/airflow/dags/pricescope_pipeline.py for tasks to queue
[2026-08-03T20:36:19.677+0000] {logging_mixin.py:190} INFO - [2026-08-03T20:36:19.676+0000] {dagbag.py:588} INFO - Filling up the DagBag from /opt/airflow/dags/pricescope_pipeline.py
[2026-08-03T20:36:19.710+0000] {processor.py:925} INFO - DAG(s) 'pricescope_pipeline' retrieved from /opt/airflow/dags/pricescope_pipeline.py
[2026-08-03T20:36:19.743+0000] {logging_mixin.py:190} INFO - [2026-08-03T20:36:19.742+0000] {dag.py:3239} INFO - Sync 1 DAGs
[2026-08-03T20:36:19.772+0000] {logging_mixin.py:190} INFO - [2026-08-03T20:36:19.771+0000] {dag.py:4180} INFO - Setting next_dagrun for pricescope_pipeline to 2026-08-03 06:00:00+00:00, run_after=2026-08-03 18:00:00+00:00
[2026-08-03T20:36:19.796+0000] {processor.py:208} INFO - Processing /opt/airflow/dags/pricescope_pipeline.py took 0.139 seconds
[2026-08-03T20:36:49.904+0000] {processor.py:186} INFO - Started process (PID=3541) to work on /opt/airflow/dags/pricescope_pipeline.py
[2026-08-03T20:36:49.906+0000] {processor.py:914} INFO - Processing file /opt/airflow/dags/pricescope_pipeline.py for tasks to queue
[2026-08-03T20:36:49.909+0000] {logging_mixin.py:190} INFO - [2026-08-03T20:36:49.908+0000] {dagbag.py:588} INFO - Filling up the DagBag from /opt/airflow/dags/pricescope_pipeline.py
[2026-08-03T20:36:49.931+0000] {processor.py:925} INFO - DAG(s) 'pricescope_pipeline' retrieved from /opt/airflow/dags/pricescope_pipeline.py
[2026-08-03T20:36:49.950+0000] {logging_mixin.py:190} INFO - [2026-08-03T20:36:49.949+0000] {dag.py:3239} INFO - Sync 1 DAGs
[2026-08-03T20:36:49.966+0000] {logging_mixin.py:190} INFO - [2026-08-03T20:36:49.966+0000] {dag.py:4180} INFO - Setting next_dagrun for pricescope_pipeline to 2026-08-03 06:00:00+00:00, run_after=2026-08-03 18:00:00+00:00
[2026-08-03T20:36:49.985+0000] {processor.py:208} INFO - Processing /opt/airflow/dags/pricescope_pipeline.py took 0.086 seconds
[2026-08-03T20:37:20.151+0000] {processor.py:186} INFO - Started process (PID=3548) to work on /opt/airflow/dags/pricescope_pipeline.py
[2026-08-03T20:37:20.152+0000] {processor.py:914} INFO - Processing file /opt/airflow/dags/pricescope_pipeline.py for tasks to queue
[2026-08-03T20:37:20.154+0000] {logging_mixin.py:190} INFO - [2026-08-03T20:37:20.154+0000] {dagbag.py:588} INFO - Filling up the DagBag from /opt/airflow/dags/pricescope_pipeline.py
[2026-08-03T20:37:20.177+0000] {processor.py:925} INFO - DAG(s) 'pricescope_pipeline' retrieved from /opt/airflow/dags/pricescope_pipeline.py
[2026-08-03T20:37:20.195+0000] {logging_mixin.py:190} INFO - [2026-08-03T20:37:20.195+0000] {dag.py:3239} INFO - Sync 1 DAGs
[2026-08-03T20:37:20.217+0000] {logging_mixin.py:190} INFO - [2026-08-03T20:37:20.217+0000] {dag.py:4180} INFO - Setting next_dagrun for pricescope_pipeline to 2026-08-03 06:00:00+00:00, run_after=2026-08-03 18:00:00+00:00
[2026-08-03T20:37:20.236+0000] {processor.py:208} INFO - Processing /opt/airflow/dags/pricescope_pipeline.py took 0.090 seconds
[2026-08-03T20:37:50.427+0000] {processor.py:186} INFO - Started process (PID=3555) to work on /opt/airflow/dags/pricescope_pipeline.py
[2026-08-03T20:37:50.428+0000] {processor.py:914} INFO - Processing file /opt/airflow/dags/pricescope_pipeline.py for tasks to queue
[2026-08-03T20:37:50.430+0000] {logging_mixin.py:190} INFO - [2026-08-03T20:37:50.430+0000] {dagbag.py:588} INFO - Filling up the DagBag from /opt/airflow/dags/pricescope_pipeline.py
[2026-08-03T20:37:50.450+0000] {processor.py:925} INFO - DAG(s) 'pricescope_pipeline' retrieved from /opt/airflow/dags/pricescope_pipeline.py
[2026-08-03T20:37:50.468+0000] {logging_mixin.py:190} INFO - [2026-08-03T20:37:50.467+0000] {dag.py:3239} INFO - Sync 1 DAGs
[2026-08-03T20:37:50.485+0000] {logging_mixin.py:190} INFO - [2026-08-03T20:37:50.485+0000] {dag.py:4180} INFO - Setting next_dagrun for pricescope_pipeline to 2026-08-03 06:00:00+00:00, run_after=2026-08-03 18:00:00+00:00
[2026-08-03T20:37:50.499+0000] {processor.py:208} INFO - Processing /opt/airflow/dags/pricescope_pipeline.py took 0.077 seconds
[2026-08-03T20:38:20.779+0000] {processor.py:186} INFO - Started process (PID=3562) to work on /opt/airflow/dags/pricescope_pipeline.py
[2026-08-03T20:38:20.780+0000] {processor.py:914} INFO - Processing file /opt/airflow/dags/pricescope_pipeline.py for tasks to queue
[2026-08-03T20:38:20.783+0000] {logging_mixin.py:190} INFO - [2026-08-03T20:38:20.782+0000] {dagbag.py:588} INFO - Filling up the DagBag from /opt/airflow/dags/pricescope_pipeline.py
[2026-08-03T20:38:20.800+0000] {processor.py:925} INFO - DAG(s) 'pricescope_pipeline' retrieved from /opt/airflow/dags/pricescope_pipeline.py
[2026-08-03T20:38:20.822+0000] {logging_mixin.py:190} INFO - [2026-08-03T20:38:20.821+0000] {dag.py:3239} INFO - Sync 1 DAGs
[2026-08-03T20:38:20.840+0000] {logging_mixin.py:190} INFO - [2026-08-03T20:38:20.840+0000] {dag.py:4180} INFO - Setting next_dagrun for pricescope_pipeline to 2026-08-03 06:00:00+00:00, run_after=2026-08-03 18:00:00+00:00
[2026-08-03T20:38:20.858+0000] {processor.py:208} INFO - Processing /opt/airflow/dags/pricescope_pipeline.py took 0.084 seconds
[2026-08-03T20:38:51.072+0000] {processor.py:186} INFO - Started process (PID=3569) to work on /opt/airflow/dags/pricescope_pipeline.py
[2026-08-03T20:38:51.073+0000] {processor.py:914} INFO - Processing file /opt/airflow/dags/pricescope_pipeline.py for tasks to queue
[2026-08-03T20:38:51.077+0000] {logging_mixin.py:190} INFO - [2026-08-03T20:38:51.076+0000] {dagbag.py:588} INFO - Filling up the DagBag from /opt/airflow/dags/pricescope_pipeline.py
[2026-08-03T20:38:51.095+0000] {processor.py:925} INFO - DAG(s) 'pricescope_pipeline' retrieved from /opt/airflow/dags/pricescope_pipeline.py
[2026-08-03T20:38:51.114+0000] {logging_mixin.py:190} INFO - [2026-08-03T20:38:51.113+0000] {dag.py:3239} INFO - Sync 1 DAGs
[2026-08-03T20:38:51.134+0000] {logging_mixin.py:190} INFO - [2026-08-03T20:38:51.134+0000] {dag.py:4180} INFO - Setting next_dagrun for pricescope_pipeline to 2026-08-03 06:00:00+00:00, run_after=2026-08-03 18:00:00+00:00
[2026-08-03T20:38:51.152+0000] {processor.py:208} INFO - Processing /opt/airflow/dags/pricescope_pipeline.py took 0.085 seconds
[2026-08-03T20:39:21.345+0000] {processor.py:186} INFO - Started process (PID=3576) to work on /opt/airflow/dags/pricescope_pipeline.py
[2026-08-03T20:39:21.348+0000] {processor.py:914} INFO - Processing file /opt/airflow/dags/pricescope_pipeline.py for tasks to queue
[2026-08-03T20:39:21.354+0000] {logging_mixin.py:190} INFO - [2026-08-03T20:39:21.354+0000] {dagbag.py:588} INFO - Filling up the DagBag from /opt/airflow/dags/pricescope_pipeline.py
[2026-08-03T20:39:21.389+0000] {processor.py:925} INFO - DAG(s) 'pricescope_pipeline' retrieved from /opt/airflow/dags/pricescope_pipeline.py
[2026-08-03T20:39:21.419+0000] {logging_mixin.py:190} INFO - [2026-08-03T20:39:21.419+0000] {dag.py:3239} INFO - Sync 1 DAGs
[2026-08-03T20:39:21.445+0000] {logging_mixin.py:190} INFO - [2026-08-03T20:39:21.444+0000] {dag.py:4180} INFO - Setting next_dagrun for pricescope_pipeline to 2026-08-03 06:00:00+00:00, run_after=2026-08-03 18:00:00+00:00
[2026-08-03T20:39:21.466+0000] {processor.py:208} INFO - Processing /opt/airflow/dags/pricescope_pipeline.py took 0.130 seconds
[2026-08-03T20:39:51.683+0000] {processor.py:186} INFO - Started process (PID=3583) to work on /opt/airflow/dags/pricescope_pipeline.py
[2026-08-03T20:39:51.684+0000] {processor.py:914} INFO - Processing file /opt/airflow/dags/pricescope_pipeline.py for tasks to queue
[2026-08-03T20:39:51.687+0000] {logging_mixin.py:190} INFO - [2026-08-03T20:39:51.687+0000] {dagbag.py:588} INFO - Filling up the DagBag from /opt/airflow/dags/pricescope_pipeline.py
[2026-08-03T20:39:51.715+0000] {processor.py:925} INFO - DAG(s) 'pricescope_pipeline' retrieved from /opt/airflow/dags/pricescope_pipeline.py
[2026-08-03T20:39:51.737+0000] {logging_mixin.py:190} INFO - [2026-08-03T20:39:51.736+0000] {dag.py:3239} INFO - Sync 1 DAGs
[2026-08-03T20:39:51.768+0000] {logging_mixin.py:190} INFO - [2026-08-03T20:39:51.767+0000] {dag.py:4180} INFO - Setting next_dagrun for pricescope_pipeline to 2026-08-03 06:00:00+00:00, run_after=2026-08-03 18:00:00+00:00
[2026-08-03T20:39:51.799+0000] {processor.py:208} INFO - Processing /opt/airflow/dags/pricescope_pipeline.py took 0.125 seconds
[2026-08-03T20:40:21.935+0000] {processor.py:186} INFO - Started process (PID=3590) to work on /opt/airflow/dags/pricescope_pipeline.py
[2026-08-03T20:40:21.937+0000] {processor.py:914} INFO - Processing file /opt/airflow/dags/pricescope_pipeline.py for tasks to queue
[2026-08-03T20:40:21.940+0000] {logging_mixin.py:190} INFO - [2026-08-03T20:40:21.940+0000] {dagbag.py:588} INFO - Filling up the DagBag from /opt/airflow/dags/pricescope_pipeline.py
[2026-08-03T20:40:21.964+0000] {processor.py:925} INFO - DAG(s) 'pricescope_pipeline' retrieved from /opt/airflow/dags/pricescope_pipeline.py
[2026-08-03T20:40:21.984+0000] {logging_mixin.py:190} INFO - [2026-08-03T20:40:21.984+0000] {dag.py:3239} INFO - Sync 1 DAGs
[2026-08-03T20:40:22.002+0000] {logging_mixin.py:190} INFO - [2026-08-03T20:40:22.002+0000] {dag.py:4180} INFO - Setting next_dagrun for pricescope_pipeline to 2026-08-03 06:00:00+00:00, run_after=2026-08-03 18:00:00+00:00
[2026-08-03T20:40:22.018+0000] {processor.py:208} INFO - Processing /opt/airflow/dags/pricescope_pipeline.py took 0.091 seconds
[2026-08-03T20:40:52.394+0000] {processor.py:186} INFO - Started process (PID=3597) to work on /opt/airflow/dags/pricescope_pipeline.py
[2026-08-03T20:40:52.396+0000] {processor.py:914} INFO - Processing file /opt/airflow/dags/pricescope_pipeline.py for tasks to queue
[2026-08-03T20:40:52.398+0000] {logging_mixin.py:190} INFO - [2026-08-03T20:40:52.398+0000] {dagbag.py:588} INFO - Filling up the DagBag from /opt/airflow/dags/pricescope_pipeline.py
[2026-08-03T20:40:52.433+0000] {processor.py:925} INFO - DAG(s) 'pricescope_pipeline' retrieved from /opt/airflow/dags/pricescope_pipeline.py
[2026-08-03T20:40:52.455+0000] {logging_mixin.py:190} INFO - [2026-08-03T20:40:52.455+0000] {dag.py:3239} INFO - Sync 1 DAGs
[2026-08-03T20:40:52.475+0000] {logging_mixin.py:190} INFO - [2026-08-03T20:40:52.475+0000] {dag.py:4180} INFO - Setting next_dagrun for pricescope_pipeline to 2026-08-03 06:00:00+00:00, run_after=2026-08-03 18:00:00+00:00
[2026-08-03T20:40:52.490+0000] {processor.py:208} INFO - Processing /opt/airflow/dags/pricescope_pipeline.py took 0.101 seconds
[2026-08-03T20:41:22.663+0000] {processor.py:186} INFO - Started process (PID=3604) to work on /opt/airflow/dags/pricescope_pipeline.py
[2026-08-03T20:41:22.665+0000] {processor.py:914} INFO - Processing file /opt/airflow/dags/pricescope_pipeline.py for tasks to queue
[2026-08-03T20:41:22.667+0000] {logging_mixin.py:190} INFO - [2026-08-03T20:41:22.667+0000] {dagbag.py:588} INFO - Filling up the DagBag from /opt/airflow/dags/pricescope_pipeline.py
[2026-08-03T20:41:22.685+0000] {processor.py:925} INFO - DAG(s) 'pricescope_pipeline' retrieved from /opt/airflow/dags/pricescope_pipeline.py
[2026-08-03T20:41:22.705+0000] {logging_mixin.py:190} INFO - [2026-08-03T20:41:22.705+0000] {dag.py:3239} INFO - Sync 1 DAGs
[2026-08-03T20:41:22.726+0000] {logging_mixin.py:190} INFO - [2026-08-03T20:41:22.726+0000] {dag.py:4180} INFO - Setting next_dagrun for pricescope_pipeline to 2026-08-03 06:00:00+00:00, run_after=2026-08-03 18:00:00+00:00
[2026-08-03T20:41:22.740+0000] {processor.py:208} INFO - Processing /opt/airflow/dags/pricescope_pipeline.py took 0.082 seconds
[2026-08-03T20:41:52.980+0000] {processor.py:186} INFO - Started process (PID=3611) to work on /opt/airflow/dags/pricescope_pipeline.py
[2026-08-03T20:41:52.981+0000] {processor.py:914} INFO - Processing file /opt/airflow/dags/pricescope_pipeline.py for tasks to queue
[2026-08-03T20:41:52.984+0000] {logging_mixin.py:190} INFO - [2026-08-03T20:41:52.983+0000] {dagbag.py:588} INFO - Filling up the DagBag from /opt/airflow/dags/pricescope_pipeline.py
[2026-08-03T20:41:53.005+0000] {processor.py:925} INFO - DAG(s) 'pricescope_pipeline' retrieved from /opt/airflow/dags/pricescope_pipeline.py
[2026-08-03T20:41:53.022+0000] {logging_mixin.py:190} INFO - [2026-08-03T20:41:53.022+0000] {dag.py:3239} INFO - Sync 1 DAGs
[2026-08-03T20:41:53.040+0000] {logging_mixin.py:190} INFO - [2026-08-03T20:41:53.040+0000] {dag.py:4180} INFO - Setting next_dagrun for pricescope_pipeline to 2026-08-03 06:00:00+00:00, run_after=2026-08-03 18:00:00+00:00
[2026-08-03T20:41:53.055+0000] {processor.py:208} INFO - Processing /opt/airflow/dags/pricescope_pipeline.py took 0.080 seconds
[2026-08-03T20:42:23.258+0000] {processor.py:186} INFO - Started process (PID=3618) to work on /opt/airflow/dags/pricescope_pipeline.py
[2026-08-03T20:42:23.260+0000] {processor.py:914} INFO - Processing file /opt/airflow/dags/pricescope_pipeline.py for tasks to queue
[2026-08-03T20:42:23.264+0000] {logging_mixin.py:190} INFO - [2026-08-03T20:42:23.264+0000] {dagbag.py:588} INFO - Filling up the DagBag from /opt/airflow/dags/pricescope_pipeline.py
[2026-08-03T20:42:23.286+0000] {processor.py:925} INFO - DAG(s) 'pricescope_pipeline' retrieved from /opt/airflow/dags/pricescope_pipeline.py
[2026-08-03T20:42:23.314+0000] {logging_mixin.py:190} INFO - [2026-08-03T20:42:23.313+0000] {dag.py:3239} INFO - Sync 1 DAGs
[2026-08-03T20:42:23.355+0000] {logging_mixin.py:190} INFO - [2026-08-03T20:42:23.355+0000] {dag.py:4180} INFO - Setting next_dagrun for pricescope_pipeline to 2026-08-03 06:00:00+00:00, run_after=2026-08-03 18:00:00+00:00
[2026-08-03T20:42:23.384+0000] {processor.py:208} INFO - Processing /opt/airflow/dags/pricescope_pipeline.py took 0.132 seconds
[2026-08-03T20:42:53.556+0000] {processor.py:186} INFO - Started process (PID=3625) to work on /opt/airflow/dags/pricescope_pipeline.py
[2026-08-03T20:42:53.558+0000] {processor.py:914} INFO - Processing file /opt/airflow/dags/pricescope_pipeline.py for tasks to queue
[2026-08-03T20:42:53.561+0000] {logging_mixin.py:190} INFO - [2026-08-03T20:42:53.561+0000] {dagbag.py:588} INFO - Filling up the DagBag from /opt/airflow/dags/pricescope_pipeline.py
[2026-08-03T20:42:53.583+0000] {processor.py:925} INFO - DAG(s) 'pricescope_pipeline' retrieved from /opt/airflow/dags/pricescope_pipeline.py
[2026-08-03T20:42:53.604+0000] {logging_mixin.py:190} INFO - [2026-08-03T20:42:53.604+0000] {dag.py:3239} INFO - Sync 1 DAGs
[2026-08-03T20:42:53.624+0000] {logging_mixin.py:190} INFO - [2026-08-03T20:42:53.624+0000] {dag.py:4180} INFO - Setting next_dagrun for pricescope_pipeline to 2026-08-03 06:00:00+00:00, run_after=2026-08-03 18:00:00+00:00
[2026-08-03T20:42:53.643+0000] {processor.py:208} INFO - Processing /opt/airflow/dags/pricescope_pipeline.py took 0.092 seconds
[2026-08-03T20:43:23.915+0000] {processor.py:186} INFO - Started process (PID=3632) to work on /opt/airflow/dags/pricescope_pipeline.py
[2026-08-03T20:43:23.916+0000] {processor.py:914} INFO - Processing file /opt/airflow/dags/pricescope_pipeline.py for tasks to queue
[2026-08-03T20:43:23.920+0000] {logging_mixin.py:190} INFO - [2026-08-03T20:43:23.920+0000] {dagbag.py:588} INFO - Filling up the DagBag from /opt/airflow/dags/pricescope_pipeline.py
[2026-08-03T20:43:23.948+0000] {processor.py:925} INFO - DAG(s) 'pricescope_pipeline' retrieved from /opt/airflow/dags/pricescope_pipeline.py
[2026-08-03T20:43:23.972+0000] {logging_mixin.py:190} INFO - [2026-08-03T20:43:23.972+0000] {dag.py:3239} INFO - Sync 1 DAGs
[2026-08-03T20:43:23.993+0000] {logging_mixin.py:190} INFO - [2026-08-03T20:43:23.993+0000] {dag.py:4180} INFO - Setting next_dagrun for pricescope_pipeline to 2026-08-03 06:00:00+00:00, run_after=2026-08-03 18:00:00+00:00
[2026-08-03T20:43:24.014+0000] {processor.py:208} INFO - Processing /opt/airflow/dags/pricescope_pipeline.py took 0.105 seconds
[2026-08-03T20:43:54.177+0000] {processor.py:186} INFO - Started process (PID=3639) to work on /opt/airflow/dags/pricescope_pipeline.py
[2026-08-03T20:43:54.178+0000] {processor.py:914} INFO - Processing file /opt/airflow/dags/pricescope_pipeline.py for tasks to queue
[2026-08-03T20:43:54.182+0000] {logging_mixin.py:190} INFO - [2026-08-03T20:43:54.182+0000] {dagbag.py:588} INFO - Filling up the DagBag from /opt/airflow/dags/pricescope_pipeline.py
[2026-08-03T20:43:54.216+0000] {processor.py:925} INFO - DAG(s) 'pricescope_pipeline' retrieved from /opt/airflow/dags/pricescope_pipeline.py
[2026-08-03T20:43:54.242+0000] {logging_mixin.py:190} INFO - [2026-08-03T20:43:54.241+0000] {dag.py:3239} INFO - Sync 1 DAGs
[2026-08-03T20:43:54.271+0000] {logging_mixin.py:190} INFO - [2026-08-03T20:43:54.271+0000] {dag.py:4180} INFO - Setting next_dagrun for pricescope_pipeline to 2026-08-03 06:00:00+00:00, run_after=2026-08-03 18:00:00+00:00
[2026-08-03T20:43:54.294+0000] {processor.py:208} INFO - Processing /opt/airflow/dags/pricescope_pipeline.py took 0.123 seconds
[2026-08-03T20:44:24.527+0000] {processor.py:186} INFO - Started process (PID=3646) to work on /opt/airflow/dags/pricescope_pipeline.py
[2026-08-03T20:44:24.529+0000] {processor.py:914} INFO - Processing file /opt/airflow/dags/pricescope_pipeline.py for tasks to queue
[2026-08-03T20:44:24.532+0000] {logging_mixin.py:190} INFO - [2026-08-03T20:44:24.532+0000] {dagbag.py:588} INFO - Filling up the DagBag from /opt/airflow/dags/pricescope_pipeline.py
[2026-08-03T20:44:24.553+0000] {processor.py:925} INFO - DAG(s) 'pricescope_pipeline' retrieved from /opt/airflow/dags/pricescope_pipeline.py
[2026-08-03T20:44:24.575+0000] {logging_mixin.py:190} INFO - [2026-08-03T20:44:24.575+0000] {dag.py:3239} INFO - Sync 1 DAGs
[2026-08-03T20:44:24.597+0000] {logging_mixin.py:190} INFO - [2026-08-03T20:44:24.597+0000] {dag.py:4180} INFO - Setting next_dagrun for pricescope_pipeline to 2026-08-03 06:00:00+00:00, run_after=2026-08-03 18:00:00+00:00
[2026-08-03T20:44:24.620+0000] {processor.py:208} INFO - Processing /opt/airflow/dags/pricescope_pipeline.py took 0.097 seconds
[2026-08-03T20:44:54.796+0000] {processor.py:186} INFO - Started process (PID=3653) to work on /opt/airflow/dags/pricescope_pipeline.py
[2026-08-03T20:44:54.798+0000] {processor.py:914} INFO - Processing file /opt/airflow/dags/pricescope_pipeline.py for tasks to queue
[2026-08-03T20:44:54.802+0000] {logging_mixin.py:190} INFO - [2026-08-03T20:44:54.801+0000] {dagbag.py:588} INFO - Filling up the DagBag from /opt/airflow/dags/pricescope_pipeline.py
[2026-08-03T20:44:54.826+0000] {processor.py:925} INFO - DAG(s) 'pricescope_pipeline' retrieved from /opt/airflow/dags/pricescope_pipeline.py
[2026-08-03T20:44:54.848+0000] {logging_mixin.py:190} INFO - [2026-08-03T20:44:54.848+0000] {dag.py:3239} INFO - Sync 1 DAGs
[2026-08-03T20:44:54.865+0000] {logging_mixin.py:190} INFO - [2026-08-03T20:44:54.865+0000] {dag.py:4180} INFO - Setting next_dagrun for pricescope_pipeline to 2026-08-03 06:00:00+00:00, run_after=2026-08-03 18:00:00+00:00
[2026-08-03T20:44:54.879+0000] {processor.py:208} INFO - Processing /opt/airflow/dags/pricescope_pipeline.py took 0.088 seconds
[2026-08-03T20:45:25.150+0000] {processor.py:186} INFO - Started process (PID=3660) to work on /opt/airflow/dags/pricescope_pipeline.py
[2026-08-03T20:45:25.151+0000] {processor.py:914} INFO - Processing file /opt/airflow/dags/pricescope_pipeline.py for tasks to queue
[2026-08-03T20:45:25.154+0000] {logging_mixin.py:190} INFO - [2026-08-03T20:45:25.154+0000] {dagbag.py:588} INFO - Filling up the DagBag from /opt/airflow/dags/pricescope_pipeline.py
[2026-08-03T20:45:25.173+0000] {processor.py:925} INFO - DAG(s) 'pricescope_pipeline' retrieved from /opt/airflow/dags/pricescope_pipeline.py
[2026-08-03T20:45:25.191+0000] {logging_mixin.py:190} INFO - [2026-08-03T20:45:25.191+0000] {dag.py:3239} INFO - Sync 1 DAGs
[2026-08-03T20:45:25.208+0000] {logging_mixin.py:190} INFO - [2026-08-03T20:45:25.208+0000] {dag.py:4180} INFO - Setting next_dagrun for pricescope_pipeline to 2026-08-03 06:00:00+00:00, run_after=2026-08-03 18:00:00+00:00
[2026-08-03T20:45:25.224+0000] {processor.py:208} INFO - Processing /opt/airflow/dags/pricescope_pipeline.py took 0.080 seconds
[2026-08-03T20:45:55.395+0000] {processor.py:186} INFO - Started process (PID=3667) to work on /opt/airflow/dags/pricescope_pipeline.py
[2026-08-03T20:45:55.397+0000] {processor.py:914} INFO - Processing file /opt/airflow/dags/pricescope_pipeline.py for tasks to queue
[2026-08-03T20:45:55.401+0000] {logging_mixin.py:190} INFO - [2026-08-03T20:45:55.401+0000] {dagbag.py:588} INFO - Filling up the DagBag from /opt/airflow/dags/pricescope_pipeline.py
[2026-08-03T20:45:55.434+0000] {processor.py:925} INFO - DAG(s) 'pricescope_pipeline' retrieved from /opt/airflow/dags/pricescope_pipeline.py
[2026-08-03T20:45:55.455+0000] {logging_mixin.py:190} INFO - [2026-08-03T20:45:55.455+0000] {dag.py:3239} INFO - Sync 1 DAGs
[2026-08-03T20:45:55.486+0000] {logging_mixin.py:190} INFO - [2026-08-03T20:45:55.486+0000] {dag.py:4180} INFO - Setting next_dagrun for pricescope_pipeline to 2026-08-03 06:00:00+00:00, run_after=2026-08-03 18:00:00+00:00
[2026-08-03T20:45:55.507+0000] {processor.py:208} INFO - Processing /opt/airflow/dags/pricescope_pipeline.py took 0.123 seconds
[2026-08-03T20:46:25.706+0000] {processor.py:186} INFO - Started process (PID=3674) to work on /opt/airflow/dags/pricescope_pipeline.py
[2026-08-03T20:46:25.708+0000] {processor.py:914} INFO - Processing file /opt/airflow/dags/pricescope_pipeline.py for tasks to queue
[2026-08-03T20:46:25.710+0000] {logging_mixin.py:190} INFO - [2026-08-03T20:46:25.710+0000] {dagbag.py:588} INFO - Filling up the DagBag from /opt/airflow/dags/pricescope_pipeline.py
[2026-08-03T20:46:25.734+0000] {processor.py:925} INFO - DAG(s) 'pricescope_pipeline' retrieved from /opt/airflow/dags/pricescope_pipeline.py
[2026-08-03T20:46:25.752+0000] {logging_mixin.py:190} INFO - [2026-08-03T20:46:25.751+0000] {dag.py:3239} INFO - Sync 1 DAGs
[2026-08-03T20:46:25.768+0000] {logging_mixin.py:190} INFO - [2026-08-03T20:46:25.768+0000] {dag.py:4180} INFO - Setting next_dagrun for pricescope_pipeline to 2026-08-03 06:00:00+00:00, run_after=2026-08-03 18:00:00+00:00
[2026-08-03T20:46:25.783+0000] {processor.py:208} INFO - Processing /opt/airflow/dags/pricescope_pipeline.py took 0.082 seconds
[2026-08-03T20:46:56.003+0000] {processor.py:186} INFO - Started process (PID=3681) to work on /opt/airflow/dags/pricescope_pipeline.py
[2026-08-03T20:46:56.004+0000] {processor.py:914} INFO - Processing file /opt/airflow/dags/pricescope_pipeline.py for tasks to queue
[2026-08-03T20:46:56.007+0000] {logging_mixin.py:190} INFO - [2026-08-03T20:46:56.007+0000] {dagbag.py:588} INFO - Filling up the DagBag from /opt/airflow/dags/pricescope_pipeline.py
[2026-08-03T20:46:56.024+0000] {processor.py:925} INFO - DAG(s) 'pricescope_pipeline' retrieved from /opt/airflow/dags/pricescope_pipeline.py
[2026-08-03T20:46:56.042+0000] {logging_mixin.py:190} INFO - [2026-08-03T20:46:56.042+0000] {dag.py:3239} INFO - Sync 1 DAGs
[2026-08-03T20:46:56.059+0000] {logging_mixin.py:190} INFO - [2026-08-03T20:46:56.059+0000] {dag.py:4180} INFO - Setting next_dagrun for pricescope_pipeline to 2026-08-03 06:00:00+00:00, run_after=2026-08-03 18:00:00+00:00
[2026-08-03T20:46:56.076+0000] {processor.py:208} INFO - Processing /opt/airflow/dags/pricescope_pipeline.py took 0.078 seconds
[2026-08-03T20:47:26.260+0000] {processor.py:186} INFO - Started process (PID=3688) to work on /opt/airflow/dags/pricescope_pipeline.py
[2026-08-03T20:47:26.262+0000] {processor.py:914} INFO - Processing file /opt/airflow/dags/pricescope_pipeline.py for tasks to queue
[2026-08-03T20:47:26.267+0000] {logging_mixin.py:190} INFO - [2026-08-03T20:47:26.267+0000] {dagbag.py:588} INFO - Filling up the DagBag from /opt/airflow/dags/pricescope_pipeline.py
[2026-08-03T20:47:26.284+0000] {processor.py:925} INFO - DAG(s) 'pricescope_pipeline' retrieved from /opt/airflow/dags/pricescope_pipeline.py
[2026-08-03T20:47:26.305+0000] {logging_mixin.py:190} INFO - [2026-08-03T20:47:26.305+0000] {dag.py:3239} INFO - Sync 1 DAGs
[2026-08-03T20:47:26.325+0000] {logging_mixin.py:190} INFO - [2026-08-03T20:47:26.325+0000] {dag.py:4180} INFO - Setting next_dagrun for pricescope_pipeline to 2026-08-03 06:00:00+00:00, run_after=2026-08-03 18:00:00+00:00
[2026-08-03T20:47:26.341+0000] {processor.py:208} INFO - Processing /opt/airflow/dags/pricescope_pipeline.py took 0.086 seconds
[2026-08-03T20:47:56.603+0000] {processor.py:186} INFO - Started process (PID=3695) to work on /opt/airflow/dags/pricescope_pipeline.py
[2026-08-03T20:47:56.605+0000] {processor.py:914} INFO - Processing file /opt/airflow/dags/pricescope_pipeline.py for tasks to queue
[2026-08-03T20:47:56.610+0000] {logging_mixin.py:190} INFO - [2026-08-03T20:47:56.610+0000] {dagbag.py:588} INFO - Filling up the DagBag from /opt/airflow/dags/pricescope_pipeline.py
[2026-08-03T20:47:56.635+0000] {processor.py:925} INFO - DAG(s) 'pricescope_pipeline' retrieved from /opt/airflow/dags/pricescope_pipeline.py
[2026-08-03T20:47:56.662+0000] {logging_mixin.py:190} INFO - [2026-08-03T20:47:56.661+0000] {dag.py:3239} INFO - Sync 1 DAGs
[2026-08-03T20:47:56.684+0000] {logging_mixin.py:190} INFO - [2026-08-03T20:47:56.684+0000] {dag.py:4180} INFO - Setting next_dagrun for pricescope_pipeline to 2026-08-03 06:00:00+00:00, run_after=2026-08-03 18:00:00+00:00
[2026-08-03T20:47:56.703+0000] {processor.py:208} INFO - Processing /opt/airflow/dags/pricescope_pipeline.py took 0.110 seconds
[2026-08-03T20:48:26.936+0000] {processor.py:186} INFO - Started process (PID=3702) to work on /opt/airflow/dags/pricescope_pipeline.py
[2026-08-03T20:48:26.939+0000] {processor.py:914} INFO - Processing file /opt/airflow/dags/pricescope_pipeline.py for tasks to queue
[2026-08-03T20:48:26.944+0000] {logging_mixin.py:190} INFO - [2026-08-03T20:48:26.943+0000] {dagbag.py:588} INFO - Filling up the DagBag from /opt/airflow/dags/pricescope_pipeline.py
[2026-08-03T20:48:26.981+0000] {processor.py:925} INFO - DAG(s) 'pricescope_pipeline' retrieved from /opt/airflow/dags/pricescope_pipeline.py
[2026-08-03T20:48:27.017+0000] {logging_mixin.py:190} INFO - [2026-08-03T20:48:27.017+0000] {dag.py:3239} INFO - Sync 1 DAGs
[2026-08-03T20:48:27.057+0000] {logging_mixin.py:190} INFO - [2026-08-03T20:48:27.057+0000] {dag.py:4180} INFO - Setting next_dagrun for pricescope_pipeline to 2026-08-03 06:00:00+00:00, run_after=2026-08-03 18:00:00+00:00
[2026-08-03T20:48:27.086+0000] {processor.py:208} INFO - Processing /opt/airflow/dags/pricescope_pipeline.py took 0.160 seconds
[2026-08-03T20:48:57.228+0000] {processor.py:186} INFO - Started process (PID=3709) to work on /opt/airflow/dags/pricescope_pipeline.py
[2026-08-03T20:48:57.230+0000] {processor.py:914} INFO - Processing file /opt/airflow/dags/pricescope_pipeline.py for tasks to queue
[2026-08-03T20:48:57.234+0000] {logging_mixin.py:190} INFO - [2026-08-03T20:48:57.234+0000] {dagbag.py:588} INFO - Filling up the DagBag from /opt/airflow/dags/pricescope_pipeline.py
[2026-08-03T20:48:57.257+0000] {processor.py:925} INFO - DAG(s) 'pricescope_pipeline' retrieved from /opt/airflow/dags/pricescope_pipeline.py
[2026-08-03T20:48:57.280+0000] {logging_mixin.py:190} INFO - [2026-08-03T20:48:57.280+0000] {dag.py:3239} INFO - Sync 1 DAGs
[2026-08-03T20:48:57.301+0000] {logging_mixin.py:190} INFO - [2026-08-03T20:48:57.301+0000] {dag.py:4180} INFO - Setting next_dagrun for pricescope_pipeline to 2026-08-03 06:00:00+00:00, run_after=2026-08-03 18:00:00+00:00
[2026-08-03T20:48:57.317+0000] {processor.py:208} INFO - Processing /opt/airflow/dags/pricescope_pipeline.py took 0.096 seconds
[2026-08-03T20:49:27.621+0000] {processor.py:186} INFO - Started process (PID=3716) to work on /opt/airflow/dags/pricescope_pipeline.py
[2026-08-03T20:49:27.623+0000] {processor.py:914} INFO - Processing file /opt/airflow/dags/pricescope_pipeline.py for tasks to queue
[2026-08-03T20:49:27.626+0000] {logging_mixin.py:190} INFO - [2026-08-03T20:49:27.625+0000] {dagbag.py:588} INFO - Filling up the DagBag from /opt/airflow/dags/pricescope_pipeline.py
[2026-08-03T20:49:27.645+0000] {processor.py:925} INFO - DAG(s) 'pricescope_pipeline' retrieved from /opt/airflow/dags/pricescope_pipeline.py
[2026-08-03T20:49:27.664+0000] {logging_mixin.py:190} INFO - [2026-08-03T20:49:27.663+0000] {dag.py:3239} INFO - Sync 1 DAGs
[2026-08-03T20:49:27.681+0000] {logging_mixin.py:190} INFO - [2026-08-03T20:49:27.681+0000] {dag.py:4180} INFO - Setting next_dagrun for pricescope_pipeline to 2026-08-03 06:00:00+00:00, run_after=2026-08-03 18:00:00+00:00
[2026-08-03T20:49:27.700+0000] {processor.py:208} INFO - Processing /opt/airflow/dags/pricescope_pipeline.py took 0.084 seconds
[2026-08-03T20:49:57.883+0000] {processor.py:186} INFO - Started process (PID=3724) to work on /opt/airflow/dags/pricescope_pipeline.py
[2026-08-03T20:49:57.885+0000] {processor.py:914} INFO - Processing file /opt/airflow/dags/pricescope_pipeline.py for tasks to queue
[2026-08-03T20:49:57.888+0000] {logging_mixin.py:190} INFO - [2026-08-03T20:49:57.888+0000] {dagbag.py:588} INFO - Filling up the DagBag from /opt/airflow/dags/pricescope_pipeline.py
[2026-08-03T20:49:57.906+0000] {processor.py:925} INFO - DAG(s) 'pricescope_pipeline' retrieved from /opt/airflow/dags/pricescope_pipeline.py
[2026-08-03T20:49:57.922+0000] {logging_mixin.py:190} INFO - [2026-08-03T20:49:57.922+0000] {dag.py:3239} INFO - Sync 1 DAGs
[2026-08-03T20:49:57.941+0000] {logging_mixin.py:190} INFO - [2026-08-03T20:49:57.941+0000] {dag.py:4180} INFO - Setting next_dagrun for pricescope_pipeline to 2026-08-03 06:00:00+00:00, run_after=2026-08-03 18:00:00+00:00
[2026-08-03T20:49:57.957+0000] {processor.py:208} INFO - Processing /opt/airflow/dags/pricescope_pipeline.py took 0.079 seconds
[2026-08-03T20:50:28.268+0000] {processor.py:186} INFO - Started process (PID=3732) to work on /opt/airflow/dags/pricescope_pipeline.py
[2026-08-03T20:50:28.270+0000] {processor.py:914} INFO - Processing file /opt/airflow/dags/pricescope_pipeline.py for tasks to queue
[2026-08-03T20:50:28.272+0000] {logging_mixin.py:190} INFO - [2026-08-03T20:50:28.272+0000] {dagbag.py:588} INFO - Filling up the DagBag from /opt/airflow/dags/pricescope_pipeline.py
[2026-08-03T20:50:28.299+0000] {processor.py:925} INFO - DAG(s) 'pricescope_pipeline' retrieved from /opt/airflow/dags/pricescope_pipeline.py
[2026-08-03T20:50:28.324+0000] {logging_mixin.py:190} INFO - [2026-08-03T20:50:28.324+0000] {dag.py:3239} INFO - Sync 1 DAGs
[2026-08-03T20:50:28.352+0000] {logging_mixin.py:190} INFO - [2026-08-03T20:50:28.352+0000] {dag.py:4180} INFO - Setting next_dagrun for pricescope_pipeline to 2026-08-03 06:00:00+00:00, run_after=2026-08-03 18:00:00+00:00
[2026-08-03T20:50:28.377+0000] {processor.py:208} INFO - Processing /opt/airflow/dags/pricescope_pipeline.py took 0.116 seconds
[2026-08-03T20:50:58.554+0000] {processor.py:186} INFO - Started process (PID=3740) to work on /opt/airflow/dags/pricescope_pipeline.py
[2026-08-03T20:50:58.555+0000] {processor.py:914} INFO - Processing file /opt/airflow/dags/pricescope_pipeline.py for tasks to queue
[2026-08-03T20:50:58.561+0000] {logging_mixin.py:190} INFO - [2026-08-03T20:50:58.560+0000] {dagbag.py:588} INFO - Filling up the DagBag from /opt/airflow/dags/pricescope_pipeline.py
[2026-08-03T20:50:58.582+0000] {processor.py:925} INFO - DAG(s) 'pricescope_pipeline' retrieved from /opt/airflow/dags/pricescope_pipeline.py
[2026-08-03T20:50:58.610+0000] {logging_mixin.py:190} INFO - [2026-08-03T20:50:58.609+0000] {dag.py:3239} INFO - Sync 1 DAGs
[2026-08-03T20:50:58.636+0000] {logging_mixin.py:190} INFO - [2026-08-03T20:50:58.636+0000] {dag.py:4180} INFO - Setting next_dagrun for pricescope_pipeline to 2026-08-03 06:00:00+00:00, run_after=2026-08-03 18:00:00+00:00
[2026-08-03T20:50:58.659+0000] {processor.py:208} INFO - Processing /opt/airflow/dags/pricescope_pipeline.py took 0.111 seconds
[2026-08-03T20:51:28.920+0000] {processor.py:186} INFO - Started process (PID=3747) to work on /opt/airflow/dags/pricescope_pipeline.py
[2026-08-03T20:51:28.922+0000] {processor.py:914} INFO - Processing file /opt/airflow/dags/pricescope_pipeline.py for tasks to queue
[2026-08-03T20:51:28.928+0000] {logging_mixin.py:190} INFO - [2026-08-03T20:51:28.927+0000] {dagbag.py:588} INFO - Filling up the DagBag from /opt/airflow/dags/pricescope_pipeline.py
[2026-08-03T20:51:28.959+0000] {processor.py:925} INFO - DAG(s) 'pricescope_pipeline' retrieved from /opt/airflow/dags/pricescope_pipeline.py
[2026-08-03T20:51:28.990+0000] {logging_mixin.py:190} INFO - [2026-08-03T20:51:28.990+0000] {dag.py:3239} INFO - Sync 1 DAGs
[2026-08-03T20:51:29.023+0000] {logging_mixin.py:190} INFO - [2026-08-03T20:51:29.023+0000] {dag.py:4180} INFO - Setting next_dagrun for pricescope_pipeline to 2026-08-03 06:00:00+00:00, run_after=2026-08-03 18:00:00+00:00
[2026-08-03T20:51:29.045+0000] {processor.py:208} INFO - Processing /opt/airflow/dags/pricescope_pipeline.py took 0.131 seconds
[2026-08-03T20:51:59.170+0000] {processor.py:186} INFO - Started process (PID=3754) to work on /opt/airflow/dags/pricescope_pipeline.py
[2026-08-03T20:51:59.172+0000] {processor.py:914} INFO - Processing file /opt/airflow/dags/pricescope_pipeline.py for tasks to queue
[2026-08-03T20:51:59.175+0000] {logging_mixin.py:190} INFO - [2026-08-03T20:51:59.175+0000] {dagbag.py:588} INFO - Filling up the DagBag from /opt/airflow/dags/pricescope_pipeline.py
[2026-08-03T20:51:59.192+0000] {processor.py:925} INFO - DAG(s) 'pricescope_pipeline' retrieved from /opt/airflow/dags/pricescope_pipeline.py
[2026-08-03T20:51:59.215+0000] {logging_mixin.py:190} INFO - [2026-08-03T20:51:59.215+0000] {dag.py:3239} INFO - Sync 1 DAGs
[2026-08-03T20:51:59.235+0000] {logging_mixin.py:190} INFO - [2026-08-03T20:51:59.235+0000] {dag.py:4180} INFO - Setting next_dagrun for pricescope_pipeline to 2026-08-03 06:00:00+00:00, run_after=2026-08-03 18:00:00+00:00
[2026-08-03T20:51:59.251+0000] {processor.py:208} INFO - Processing /opt/airflow/dags/pricescope_pipeline.py took 0.086 seconds
[2026-08-03T20:52:29.408+0000] {processor.py:186} INFO - Started process (PID=3761) to work on /opt/airflow/dags/pricescope_pipeline.py
[2026-08-03T20:52:29.410+0000] {processor.py:914} INFO - Processing file /opt/airflow/dags/pricescope_pipeline.py for tasks to queue
[2026-08-03T20:52:29.413+0000] {logging_mixin.py:190} INFO - [2026-08-03T20:52:29.413+0000] {dagbag.py:588} INFO - Filling up the DagBag from /opt/airflow/dags/pricescope_pipeline.py
[2026-08-03T20:52:29.436+0000] {processor.py:925} INFO - DAG(s) 'pricescope_pipeline' retrieved from /opt/airflow/dags/pricescope_pipeline.py
[2026-08-03T20:52:29.457+0000] {logging_mixin.py:190} INFO - [2026-08-03T20:52:29.457+0000] {dag.py:3239} INFO - Sync 1 DAGs
[2026-08-03T20:52:29.477+0000] {logging_mixin.py:190} INFO - [2026-08-03T20:52:29.476+0000] {dag.py:4180} INFO - Setting next_dagrun for pricescope_pipeline to 2026-08-03 06:00:00+00:00, run_after=2026-08-03 18:00:00+00:00
[2026-08-03T20:52:29.493+0000] {processor.py:208} INFO - Processing /opt/airflow/dags/pricescope_pipeline.py took 0.092 seconds
[2026-08-03T20:52:59.747+0000] {processor.py:186} INFO - Started process (PID=3768) to work on /opt/airflow/dags/pricescope_pipeline.py
[2026-08-03T20:52:59.748+0000] {processor.py:914} INFO - Processing file /opt/airflow/dags/pricescope_pipeline.py for tasks to queue
[2026-08-03T20:52:59.751+0000] {logging_mixin.py:190} INFO - [2026-08-03T20:52:59.751+0000] {dagbag.py:588} INFO - Filling up the DagBag from /opt/airflow/dags/pricescope_pipeline.py
[2026-08-03T20:52:59.770+0000] {processor.py:925} INFO - DAG(s) 'pricescope_pipeline' retrieved from /opt/airflow/dags/pricescope_pipeline.py
[2026-08-03T20:52:59.790+0000] {logging_mixin.py:190} INFO - [2026-08-03T20:52:59.789+0000] {dag.py:3239} INFO - Sync 1 DAGs
[2026-08-03T20:52:59.808+0000] {logging_mixin.py:190} INFO - [2026-08-03T20:52:59.807+0000] {dag.py:4180} INFO - Setting next_dagrun for pricescope_pipeline to 2026-08-03 06:00:00+00:00, run_after=2026-08-03 18:00:00+00:00
[2026-08-03T20:52:59.824+0000] {processor.py:208} INFO - Processing /opt/airflow/dags/pricescope_pipeline.py took 0.083 seconds
[2026-08-03T20:53:30.007+0000] {processor.py:186} INFO - Started process (PID=3775) to work on /opt/airflow/dags/pricescope_pipeline.py
[2026-08-03T20:53:30.010+0000] {processor.py:914} INFO - Processing file /opt/airflow/dags/pricescope_pipeline.py for tasks to queue
[2026-08-03T20:53:30.013+0000] {logging_mixin.py:190} INFO - [2026-08-03T20:53:30.013+0000] {dagbag.py:588} INFO - Filling up the DagBag from /opt/airflow/dags/pricescope_pipeline.py
[2026-08-03T20:53:30.035+0000] {processor.py:925} INFO - DAG(s) 'pricescope_pipeline' retrieved from /opt/airflow/dags/pricescope_pipeline.py
[2026-08-03T20:53:30.061+0000] {logging_mixin.py:190} INFO - [2026-08-03T20:53:30.061+0000] {dag.py:3239} INFO - Sync 1 DAGs
[2026-08-03T20:53:30.082+0000] {logging_mixin.py:190} INFO - [2026-08-03T20:53:30.082+0000] {dag.py:4180} INFO - Setting next_dagrun for pricescope_pipeline to 2026-08-03 06:00:00+00:00, run_after=2026-08-03 18:00:00+00:00
[2026-08-03T20:53:30.103+0000] {processor.py:208} INFO - Processing /opt/airflow/dags/pricescope_pipeline.py took 0.101 seconds
[2026-08-03T20:54:00.325+0000] {processor.py:186} INFO - Started process (PID=3782) to work on /opt/airflow/dags/pricescope_pipeline.py
[2026-08-03T20:54:00.326+0000] {processor.py:914} INFO - Processing file /opt/airflow/dags/pricescope_pipeline.py for tasks to queue
[2026-08-03T20:54:00.329+0000] {logging_mixin.py:190} INFO - [2026-08-03T20:54:00.329+0000] {dagbag.py:588} INFO - Filling up the DagBag from /opt/airflow/dags/pricescope_pipeline.py
[2026-08-03T20:54:00.347+0000] {processor.py:925} INFO - DAG(s) 'pricescope_pipeline' retrieved from /opt/airflow/dags/pricescope_pipeline.py
[2026-08-03T20:54:00.369+0000] {logging_mixin.py:190} INFO - [2026-08-03T20:54:00.369+0000] {dag.py:3239} INFO - Sync 1 DAGs
[2026-08-03T20:54:00.388+0000] {logging_mixin.py:190} INFO - [2026-08-03T20:54:00.388+0000] {dag.py:4180} INFO - Setting next_dagrun for pricescope_pipeline to 2026-08-03 06:00:00+00:00, run_after=2026-08-03 18:00:00+00:00
[2026-08-03T20:54:00.408+0000] {processor.py:208} INFO - Processing /opt/airflow/dags/pricescope_pipeline.py took 0.089 seconds
[2026-08-03T20:54:30.597+0000] {processor.py:186} INFO - Started process (PID=3789) to work on /opt/airflow/dags/pricescope_pipeline.py
[2026-08-03T20:54:30.599+0000] {processor.py:914} INFO - Processing file /opt/airflow/dags/pricescope_pipeline.py for tasks to queue
[2026-08-03T20:54:30.602+0000] {logging_mixin.py:190} INFO - [2026-08-03T20:54:30.602+0000] {dagbag.py:588} INFO - Filling up the DagBag from /opt/airflow/dags/pricescope_pipeline.py
[2026-08-03T20:54:30.630+0000] {processor.py:925} INFO - DAG(s) 'pricescope_pipeline' retrieved from /opt/airflow/dags/pricescope_pipeline.py
[2026-08-03T20:54:30.656+0000] {logging_mixin.py:190} INFO - [2026-08-03T20:54:30.655+0000] {dag.py:3239} INFO - Sync 1 DAGs
[2026-08-03T20:54:30.679+0000] {logging_mixin.py:190} INFO - [2026-08-03T20:54:30.679+0000] {dag.py:4180} INFO - Setting next_dagrun for pricescope_pipeline to 2026-08-03 06:00:00+00:00, run_after=2026-08-03 18:00:00+00:00
[2026-08-03T20:54:30.703+0000] {processor.py:208} INFO - Processing /opt/airflow/dags/pricescope_pipeline.py took 0.110 seconds
[2026-08-03T20:55:00.895+0000] {processor.py:186} INFO - Started process (PID=3796) to work on /opt/airflow/dags/pricescope_pipeline.py
[2026-08-03T20:55:00.897+0000] {processor.py:914} INFO - Processing file /opt/airflow/dags/pricescope_pipeline.py for tasks to queue
[2026-08-03T20:55:00.902+0000] {logging_mixin.py:190} INFO - [2026-08-03T20:55:00.902+0000] {dagbag.py:588} INFO - Filling up the DagBag from /opt/airflow/dags/pricescope_pipeline.py
[2026-08-03T20:55:00.926+0000] {processor.py:925} INFO - DAG(s) 'pricescope_pipeline' retrieved from /opt/airflow/dags/pricescope_pipeline.py
[2026-08-03T20:55:00.945+0000] {logging_mixin.py:190} INFO - [2026-08-03T20:55:00.945+0000] {dag.py:3239} INFO - Sync 1 DAGs
[2026-08-03T20:55:00.963+0000] {logging_mixin.py:190} INFO - [2026-08-03T20:55:00.963+0000] {dag.py:4180} INFO - Setting next_dagrun for pricescope_pipeline to 2026-08-03 06:00:00+00:00, run_after=2026-08-03 18:00:00+00:00
[2026-08-03T20:55:00.980+0000] {processor.py:208} INFO - Processing /opt/airflow/dags/pricescope_pipeline.py took 0.094 seconds
[2026-08-03T20:55:31.164+0000] {processor.py:186} INFO - Started process (PID=3803) to work on /opt/airflow/dags/pricescope_pipeline.py
[2026-08-03T20:55:31.166+0000] {processor.py:914} INFO - Processing file /opt/airflow/dags/pricescope_pipeline.py for tasks to queue
[2026-08-03T20:55:31.169+0000] {logging_mixin.py:190} INFO - [2026-08-03T20:55:31.169+0000] {dagbag.py:588} INFO - Filling up the DagBag from /opt/airflow/dags/pricescope_pipeline.py
[2026-08-03T20:55:31.191+0000] {processor.py:925} INFO - DAG(s) 'pricescope_pipeline' retrieved from /opt/airflow/dags/pricescope_pipeline.py
[2026-08-03T20:55:31.209+0000] {logging_mixin.py:190} INFO - [2026-08-03T20:55:31.209+0000] {dag.py:3239} INFO - Sync 1 DAGs
[2026-08-03T20:55:31.226+0000] {logging_mixin.py:190} INFO - [2026-08-03T20:55:31.226+0000] {dag.py:4180} INFO - Setting next_dagrun for pricescope_pipeline to 2026-08-03 06:00:00+00:00, run_after=2026-08-03 18:00:00+00:00
[2026-08-03T20:55:31.242+0000] {processor.py:208} INFO - Processing /opt/airflow/dags/pricescope_pipeline.py took 0.082 seconds
[2026-08-03T20:56:01.500+0000] {processor.py:186} INFO - Started process (PID=3810) to work on /opt/airflow/dags/pricescope_pipeline.py
[2026-08-03T20:56:01.502+0000] {processor.py:914} INFO - Processing file /opt/airflow/dags/pricescope_pipeline.py for tasks to queue
[2026-08-03T20:56:01.508+0000] {logging_mixin.py:190} INFO - [2026-08-03T20:56:01.508+0000] {dagbag.py:588} INFO - Filling up the DagBag from /opt/airflow/dags/pricescope_pipeline.py
[2026-08-03T20:56:01.555+0000] {processor.py:925} INFO - DAG(s) 'pricescope_pipeline' retrieved from /opt/airflow/dags/pricescope_pipeline.py
[2026-08-03T20:56:01.578+0000] {logging_mixin.py:190} INFO - [2026-08-03T20:56:01.578+0000] {dag.py:3239} INFO - Sync 1 DAGs
[2026-08-03T20:56:01.601+0000] {logging_mixin.py:190} INFO - [2026-08-03T20:56:01.601+0000] {dag.py:4180} INFO - Setting next_dagrun for pricescope_pipeline to 2026-08-03 06:00:00+00:00, run_after=2026-08-03 18:00:00+00:00
[2026-08-03T20:56:01.626+0000] {processor.py:208} INFO - Processing /opt/airflow/dags/pricescope_pipeline.py took 0.135 seconds
[2026-08-03T20:56:31.724+0000] {processor.py:186} INFO - Started process (PID=3817) to work on /opt/airflow/dags/pricescope_pipeline.py
[2026-08-03T20:56:31.727+0000] {processor.py:914} INFO - Processing file /opt/airflow/dags/pricescope_pipeline.py for tasks to queue
[2026-08-03T20:56:31.735+0000] {logging_mixin.py:190} INFO - [2026-08-03T20:56:31.734+0000] {dagbag.py:588} INFO - Filling up the DagBag from /opt/airflow/dags/pricescope_pipeline.py
[2026-08-03T20:56:31.773+0000] {processor.py:925} INFO - DAG(s) 'pricescope_pipeline' retrieved from /opt/airflow/dags/pricescope_pipeline.py
[2026-08-03T20:56:31.822+0000] {logging_mixin.py:190} INFO - [2026-08-03T20:56:31.821+0000] {dag.py:3239} INFO - Sync 1 DAGs
[2026-08-03T20:56:31.865+0000] {logging_mixin.py:190} INFO - [2026-08-03T20:56:31.864+0000] {dag.py:4180} INFO - Setting next_dagrun for pricescope_pipeline to 2026-08-03 06:00:00+00:00, run_after=2026-08-03 18:00:00+00:00
[2026-08-03T20:56:31.895+0000] {processor.py:208} INFO - Processing /opt/airflow/dags/pricescope_pipeline.py took 0.184 seconds
[2026-08-03T20:57:02.101+0000] {processor.py:186} INFO - Started process (PID=3824) to work on /opt/airflow/dags/pricescope_pipeline.py
[2026-08-03T20:57:02.103+0000] {processor.py:914} INFO - Processing file /opt/airflow/dags/pricescope_pipeline.py for tasks to queue
[2026-08-03T20:57:02.105+0000] {logging_mixin.py:190} INFO - [2026-08-03T20:57:02.105+0000] {dagbag.py:588} INFO - Filling up the DagBag from /opt/airflow/dags/pricescope_pipeline.py
[2026-08-03T20:57:02.123+0000] {processor.py:925} INFO - DAG(s) 'pricescope_pipeline' retrieved from /opt/airflow/dags/pricescope_pipeline.py
[2026-08-03T20:57:02.141+0000] {logging_mixin.py:190} INFO - [2026-08-03T20:57:02.141+0000] {dag.py:3239} INFO - Sync 1 DAGs
[2026-08-03T20:57:02.162+0000] {logging_mixin.py:190} INFO - [2026-08-03T20:57:02.161+0000] {dag.py:4180} INFO - Setting next_dagrun for pricescope_pipeline to 2026-08-03 06:00:00+00:00, run_after=2026-08-03 18:00:00+00:00
[2026-08-03T20:57:02.176+0000] {processor.py:208} INFO - Processing /opt/airflow/dags/pricescope_pipeline.py took 0.081 seconds
[2026-08-03T20:57:32.435+0000] {processor.py:186} INFO - Started process (PID=3831) to work on /opt/airflow/dags/pricescope_pipeline.py
[2026-08-03T20:57:32.437+0000] {processor.py:914} INFO - Processing file /opt/airflow/dags/pricescope_pipeline.py for tasks to queue
[2026-08-03T20:57:32.439+0000] {logging_mixin.py:190} INFO - [2026-08-03T20:57:32.439+0000] {dagbag.py:588} INFO - Filling up the DagBag from /opt/airflow/dags/pricescope_pipeline.py
[2026-08-03T20:57:32.458+0000] {processor.py:925} INFO - DAG(s) 'pricescope_pipeline' retrieved from /opt/airflow/dags/pricescope_pipeline.py
[2026-08-03T20:57:32.476+0000] {logging_mixin.py:190} INFO - [2026-08-03T20:57:32.476+0000] {dag.py:3239} INFO - Sync 1 DAGs
[2026-08-03T20:57:32.496+0000] {logging_mixin.py:190} INFO - [2026-08-03T20:57:32.496+0000] {dag.py:4180} INFO - Setting next_dagrun for pricescope_pipeline to 2026-08-03 06:00:00+00:00, run_after=2026-08-03 18:00:00+00:00
[2026-08-03T20:57:32.514+0000] {processor.py:208} INFO - Processing /opt/airflow/dags/pricescope_pipeline.py took 0.084 seconds
[2026-08-03T20:58:02.695+0000] {processor.py:186} INFO - Started process (PID=3838) to work on /opt/airflow/dags/pricescope_pipeline.py
[2026-08-03T20:58:02.698+0000] {processor.py:914} INFO - Processing file /opt/airflow/dags/pricescope_pipeline.py for tasks to queue
[2026-08-03T20:58:02.703+0000] {logging_mixin.py:190} INFO - [2026-08-03T20:58:02.702+0000] {dagbag.py:588} INFO - Filling up the DagBag from /opt/airflow/dags/pricescope_pipeline.py
[2026-08-03T20:58:02.731+0000] {processor.py:925} INFO - DAG(s) 'pricescope_pipeline' retrieved from /opt/airflow/dags/pricescope_pipeline.py
[2026-08-03T20:58:02.755+0000] {logging_mixin.py:190} INFO - [2026-08-03T20:58:02.755+0000] {dag.py:3239} INFO - Sync 1 DAGs
[2026-08-03T20:58:02.787+0000] {logging_mixin.py:190} INFO - [2026-08-03T20:58:02.787+0000] {dag.py:4180} INFO - Setting next_dagrun for pricescope_pipeline to 2026-08-03 06:00:00+00:00, run_after=2026-08-03 18:00:00+00:00
[2026-08-03T20:58:02.810+0000] {processor.py:208} INFO - Processing /opt/airflow/dags/pricescope_pipeline.py took 0.122 seconds
[2026-08-03T20:58:33.013+0000] {processor.py:186} INFO - Started process (PID=3845) to work on /opt/airflow/dags/pricescope_pipeline.py
[2026-08-03T20:58:33.015+0000] {processor.py:914} INFO - Processing file /opt/airflow/dags/pricescope_pipeline.py for tasks to queue
[2026-08-03T20:58:33.018+0000] {logging_mixin.py:190} INFO - [2026-08-03T20:58:33.018+0000] {dagbag.py:588} INFO - Filling up the DagBag from /opt/airflow/dags/pricescope_pipeline.py
[2026-08-03T20:58:33.044+0000] {processor.py:925} INFO - DAG(s) 'pricescope_pipeline' retrieved from /opt/airflow/dags/pricescope_pipeline.py
[2026-08-03T20:58:33.064+0000] {logging_mixin.py:190} INFO - [2026-08-03T20:58:33.064+0000] {dag.py:3239} INFO - Sync 1 DAGs
[2026-08-03T20:58:33.085+0000] {logging_mixin.py:190} INFO - [2026-08-03T20:58:33.085+0000] {dag.py:4180} INFO - Setting next_dagrun for pricescope_pipeline to 2026-08-03 06:00:00+00:00, run_after=2026-08-03 18:00:00+00:00
[2026-08-03T20:58:33.107+0000] {processor.py:208} INFO - Processing /opt/airflow/dags/pricescope_pipeline.py took 0.101 seconds
[2026-08-03T20:59:03.310+0000] {processor.py:186} INFO - Started process (PID=3852) to work on /opt/airflow/dags/pricescope_pipeline.py
[2026-08-03T20:59:03.312+0000] {processor.py:914} INFO - Processing file /opt/airflow/dags/pricescope_pipeline.py for tasks to queue
[2026-08-03T20:59:03.317+0000] {logging_mixin.py:190} INFO - [2026-08-03T20:59:03.317+0000] {dagbag.py:588} INFO - Filling up the DagBag from /opt/airflow/dags/pricescope_pipeline.py
[2026-08-03T20:59:03.353+0000] {processor.py:925} INFO - DAG(s) 'pricescope_pipeline' retrieved from /opt/airflow/dags/pricescope_pipeline.py
[2026-08-03T20:59:03.383+0000] {logging_mixin.py:190} INFO - [2026-08-03T20:59:03.382+0000] {dag.py:3239} INFO - Sync 1 DAGs
[2026-08-03T20:59:03.408+0000] {logging_mixin.py:190} INFO - [2026-08-03T20:59:03.407+0000] {dag.py:4180} INFO - Setting next_dagrun for pricescope_pipeline to 2026-08-03 06:00:00+00:00, run_after=2026-08-03 18:00:00+00:00
[2026-08-03T20:59:03.434+0000] {processor.py:208} INFO - Processing /opt/airflow/dags/pricescope_pipeline.py took 0.134 seconds
[2026-08-03T20:59:33.615+0000] {processor.py:186} INFO - Started process (PID=3859) to work on /opt/airflow/dags/pricescope_pipeline.py
[2026-08-03T20:59:33.617+0000] {processor.py:914} INFO - Processing file /opt/airflow/dags/pricescope_pipeline.py for tasks to queue
[2026-08-03T20:59:33.620+0000] {logging_mixin.py:190} INFO - [2026-08-03T20:59:33.619+0000] {dagbag.py:588} INFO - Filling up the DagBag from /opt/airflow/dags/pricescope_pipeline.py
[2026-08-03T20:59:33.645+0000] {processor.py:925} INFO - DAG(s) 'pricescope_pipeline' retrieved from /opt/airflow/dags/pricescope_pipeline.py
[2026-08-03T20:59:33.671+0000] {logging_mixin.py:190} INFO - [2026-08-03T20:59:33.670+0000] {dag.py:3239} INFO - Sync 1 DAGs
[2026-08-03T20:59:33.700+0000] {logging_mixin.py:190} INFO - [2026-08-03T20:59:33.700+0000] {dag.py:4180} INFO - Setting next_dagrun for pricescope_pipeline to 2026-08-03 06:00:00+00:00, run_after=2026-08-03 18:00:00+00:00
[2026-08-03T20:59:33.725+0000] {processor.py:208} INFO - Processing /opt/airflow/dags/pricescope_pipeline.py took 0.117 seconds
[2026-08-03T21:00:03.932+0000] {processor.py:186} INFO - Started process (PID=3866) to work on /opt/airflow/dags/pricescope_pipeline.py
[2026-08-03T21:00:03.934+0000] {processor.py:914} INFO - Processing file /opt/airflow/dags/pricescope_pipeline.py for tasks to queue
[2026-08-03T21:00:03.939+0000] {logging_mixin.py:190} INFO - [2026-08-03T21:00:03.938+0000] {dagbag.py:588} INFO - Filling up the DagBag from /opt/airflow/dags/pricescope_pipeline.py
[2026-08-03T21:00:03.966+0000] {processor.py:925} INFO - DAG(s) 'pricescope_pipeline' retrieved from /opt/airflow/dags/pricescope_pipeline.py
[2026-08-03T21:00:03.986+0000] {logging_mixin.py:190} INFO - [2026-08-03T21:00:03.986+0000] {dag.py:3239} INFO - Sync 1 DAGs
[2026-08-03T21:00:04.004+0000] {logging_mixin.py:190} INFO - [2026-08-03T21:00:04.004+0000] {dag.py:4180} INFO - Setting next_dagrun for pricescope_pipeline to 2026-08-03 06:00:00+00:00, run_after=2026-08-03 18:00:00+00:00
[2026-08-03T21:00:04.022+0000] {processor.py:208} INFO - Processing /opt/airflow/dags/pricescope_pipeline.py took 0.095 seconds
[2026-08-03T21:00:34.205+0000] {processor.py:186} INFO - Started process (PID=3873) to work on /opt/airflow/dags/pricescope_pipeline.py
[2026-08-03T21:00:34.207+0000] {processor.py:914} INFO - Processing file /opt/airflow/dags/pricescope_pipeline.py for tasks to queue
[2026-08-03T21:00:34.212+0000] {logging_mixin.py:190} INFO - [2026-08-03T21:00:34.211+0000] {dagbag.py:588} INFO - Filling up the DagBag from /opt/airflow/dags/pricescope_pipeline.py
[2026-08-03T21:00:34.234+0000] {processor.py:925} INFO - DAG(s) 'pricescope_pipeline' retrieved from /opt/airflow/dags/pricescope_pipeline.py
[2026-08-03T21:00:34.254+0000] {logging_mixin.py:190} INFO - [2026-08-03T21:00:34.254+0000] {dag.py:3239} INFO - Sync 1 DAGs
[2026-08-03T21:00:34.274+0000] {logging_mixin.py:190} INFO - [2026-08-03T21:00:34.274+0000] {dag.py:4180} INFO - Setting next_dagrun for pricescope_pipeline to 2026-08-03 06:00:00+00:00, run_after=2026-08-03 18:00:00+00:00
[2026-08-03T21:00:34.290+0000] {processor.py:208} INFO - Processing /opt/airflow/dags/pricescope_pipeline.py took 0.092 seconds
[2026-08-03T21:01:04.496+0000] {processor.py:186} INFO - Started process (PID=3880) to work on /opt/airflow/dags/pricescope_pipeline.py
[2026-08-03T21:01:04.497+0000] {processor.py:914} INFO - Processing file /opt/airflow/dags/pricescope_pipeline.py for tasks to queue
[2026-08-03T21:01:04.499+0000] {logging_mixin.py:190} INFO - [2026-08-03T21:01:04.499+0000] {dagbag.py:588} INFO - Filling up the DagBag from /opt/airflow/dags/pricescope_pipeline.py
[2026-08-03T21:01:04.517+0000] {processor.py:925} INFO - DAG(s) 'pricescope_pipeline' retrieved from /opt/airflow/dags/pricescope_pipeline.py
[2026-08-03T21:01:04.534+0000] {logging_mixin.py:190} INFO - [2026-08-03T21:01:04.533+0000] {dag.py:3239} INFO - Sync 1 DAGs
[2026-08-03T21:01:04.551+0000] {logging_mixin.py:190} INFO - [2026-08-03T21:01:04.551+0000] {dag.py:4180} INFO - Setting next_dagrun for pricescope_pipeline to 2026-08-03 06:00:00+00:00, run_after=2026-08-03 18:00:00+00:00
[2026-08-03T21:01:04.574+0000] {processor.py:208} INFO - Processing /opt/airflow/dags/pricescope_pipeline.py took 0.083 seconds
[2026-08-03T21:01:34.749+0000] {processor.py:186} INFO - Started process (PID=3887) to work on /opt/airflow/dags/pricescope_pipeline.py
[2026-08-03T21:01:34.751+0000] {processor.py:914} INFO - Processing file /opt/airflow/dags/pricescope_pipeline.py for tasks to queue
[2026-08-03T21:01:34.755+0000] {logging_mixin.py:190} INFO - [2026-08-03T21:01:34.754+0000] {dagbag.py:588} INFO - Filling up the DagBag from /opt/airflow/dags/pricescope_pipeline.py
[2026-08-03T21:01:34.784+0000] {processor.py:925} INFO - DAG(s) 'pricescope_pipeline' retrieved from /opt/airflow/dags/pricescope_pipeline.py
[2026-08-03T21:01:34.809+0000] {logging_mixin.py:190} INFO - [2026-08-03T21:01:34.808+0000] {dag.py:3239} INFO - Sync 1 DAGs
[2026-08-03T21:01:34.833+0000] {logging_mixin.py:190} INFO - [2026-08-03T21:01:34.832+0000] {dag.py:4180} INFO - Setting next_dagrun for pricescope_pipeline to 2026-08-03 06:00:00+00:00, run_after=2026-08-03 18:00:00+00:00
[2026-08-03T21:01:34.851+0000] {processor.py:208} INFO - Processing /opt/airflow/dags/pricescope_pipeline.py took 0.111 seconds
[2026-08-03T21:02:05.062+0000] {processor.py:186} INFO - Started process (PID=3900) to work on /opt/airflow/dags/pricescope_pipeline.py
[2026-08-03T21:02:05.064+0000] {processor.py:914} INFO - Processing file /opt/airflow/dags/pricescope_pipeline.py for tasks to queue
[2026-08-03T21:02:05.066+0000] {logging_mixin.py:190} INFO - [2026-08-03T21:02:05.066+0000] {dagbag.py:588} INFO - Filling up the DagBag from /opt/airflow/dags/pricescope_pipeline.py
[2026-08-03T21:02:05.101+0000] {processor.py:925} INFO - DAG(s) 'pricescope_pipeline' retrieved from /opt/airflow/dags/pricescope_pipeline.py
[2026-08-03T21:02:05.121+0000] {logging_mixin.py:190} INFO - [2026-08-03T21:02:05.121+0000] {dag.py:3239} INFO - Sync 1 DAGs
[2026-08-03T21:02:05.150+0000] {logging_mixin.py:190} INFO - [2026-08-03T21:02:05.150+0000] {dag.py:4180} INFO - Setting next_dagrun for pricescope_pipeline to 2026-08-03 06:00:00+00:00, run_after=2026-08-03 18:00:00+00:00
[2026-08-03T21:02:05.168+0000] {processor.py:208} INFO - Processing /opt/airflow/dags/pricescope_pipeline.py took 0.111 seconds
[2026-08-03T21:02:35.325+0000] {processor.py:186} INFO - Started process (PID=3907) to work on /opt/airflow/dags/pricescope_pipeline.py
[2026-08-03T21:02:35.327+0000] {processor.py:914} INFO - Processing file /opt/airflow/dags/pricescope_pipeline.py for tasks to queue
[2026-08-03T21:02:35.331+0000] {logging_mixin.py:190} INFO - [2026-08-03T21:02:35.331+0000] {dagbag.py:588} INFO - Filling up the DagBag from /opt/airflow/dags/pricescope_pipeline.py
[2026-08-03T21:02:35.353+0000] {processor.py:925} INFO - DAG(s) 'pricescope_pipeline' retrieved from /opt/airflow/dags/pricescope_pipeline.py
[2026-08-03T21:02:35.373+0000] {logging_mixin.py:190} INFO - [2026-08-03T21:02:35.372+0000] {dag.py:3239} INFO - Sync 1 DAGs
[2026-08-03T21:02:35.392+0000] {logging_mixin.py:190} INFO - [2026-08-03T21:02:35.392+0000] {dag.py:4180} INFO - Setting next_dagrun for pricescope_pipeline to 2026-08-03 06:00:00+00:00, run_after=2026-08-03 18:00:00+00:00
[2026-08-03T21:02:35.414+0000] {processor.py:208} INFO - Processing /opt/airflow/dags/pricescope_pipeline.py took 0.095 seconds
[2026-08-03T21:03:05.665+0000] {processor.py:186} INFO - Started process (PID=3914) to work on /opt/airflow/dags/pricescope_pipeline.py
[2026-08-03T21:03:05.666+0000] {processor.py:914} INFO - Processing file /opt/airflow/dags/pricescope_pipeline.py for tasks to queue
[2026-08-03T21:03:05.668+0000] {logging_mixin.py:190} INFO - [2026-08-03T21:03:05.668+0000] {dagbag.py:588} INFO - Filling up the DagBag from /opt/airflow/dags/pricescope_pipeline.py
[2026-08-03T21:03:05.686+0000] {processor.py:925} INFO - DAG(s) 'pricescope_pipeline' retrieved from /opt/airflow/dags/pricescope_pipeline.py
[2026-08-03T21:03:05.702+0000] {logging_mixin.py:190} INFO - [2026-08-03T21:03:05.702+0000] {dag.py:3239} INFO - Sync 1 DAGs
[2026-08-03T21:03:05.718+0000] {logging_mixin.py:190} INFO - [2026-08-03T21:03:05.718+0000] {dag.py:4180} INFO - Setting next_dagrun for pricescope_pipeline to 2026-08-03 06:00:00+00:00, run_after=2026-08-03 18:00:00+00:00
[2026-08-03T21:03:05.732+0000] {processor.py:208} INFO - Processing /opt/airflow/dags/pricescope_pipeline.py took 0.071 seconds
[2026-08-03T21:03:35.917+0000] {processor.py:186} INFO - Started process (PID=3921) to work on /opt/airflow/dags/pricescope_pipeline.py
[2026-08-03T21:03:35.918+0000] {processor.py:914} INFO - Processing file /opt/airflow/dags/pricescope_pipeline.py for tasks to queue
[2026-08-03T21:03:35.921+0000] {logging_mixin.py:190} INFO - [2026-08-03T21:03:35.921+0000] {dagbag.py:588} INFO - Filling up the DagBag from /opt/airflow/dags/pricescope_pipeline.py
[2026-08-03T21:03:35.943+0000] {processor.py:925} INFO - DAG(s) 'pricescope_pipeline' retrieved from /opt/airflow/dags/pricescope_pipeline.py
[2026-08-03T21:03:35.961+0000] {logging_mixin.py:190} INFO - [2026-08-03T21:03:35.961+0000] {dag.py:3239} INFO - Sync 1 DAGs
[2026-08-03T21:03:35.980+0000] {logging_mixin.py:190} INFO - [2026-08-03T21:03:35.980+0000] {dag.py:4180} INFO - Setting next_dagrun for pricescope_pipeline to 2026-08-03 06:00:00+00:00, run_after=2026-08-03 18:00:00+00:00
[2026-08-03T21:03:35.995+0000] {processor.py:208} INFO - Processing /opt/airflow/dags/pricescope_pipeline.py took 0.084 seconds
[2026-08-03T21:04:06.191+0000] {processor.py:186} INFO - Started process (PID=3928) to work on /opt/airflow/dags/pricescope_pipeline.py
[2026-08-03T21:04:06.193+0000] {processor.py:914} INFO - Processing file /opt/airflow/dags/pricescope_pipeline.py for tasks to queue
[2026-08-03T21:04:06.198+0000] {logging_mixin.py:190} INFO - [2026-08-03T21:04:06.197+0000] {dagbag.py:588} INFO - Filling up the DagBag from /opt/airflow/dags/pricescope_pipeline.py
[2026-08-03T21:04:06.228+0000] {processor.py:925} INFO - DAG(s) 'pricescope_pipeline' retrieved from /opt/airflow/dags/pricescope_pipeline.py
[2026-08-03T21:04:06.265+0000] {logging_mixin.py:190} INFO - [2026-08-03T21:04:06.265+0000] {dag.py:3239} INFO - Sync 1 DAGs
[2026-08-03T21:04:06.300+0000] {logging_mixin.py:190} INFO - [2026-08-03T21:04:06.300+0000] {dag.py:4180} INFO - Setting next_dagrun for pricescope_pipeline to 2026-08-03 06:00:00+00:00, run_after=2026-08-03 18:00:00+00:00
[2026-08-03T21:04:06.325+0000] {processor.py:208} INFO - Processing /opt/airflow/dags/pricescope_pipeline.py took 0.147 seconds
[2026-08-03T21:04:36.473+0000] {processor.py:186} INFO - Started process (PID=3935) to work on /opt/airflow/dags/pricescope_pipeline.py
[2026-08-03T21:04:36.476+0000] {processor.py:914} INFO - Processing file /opt/airflow/dags/pricescope_pipeline.py for tasks to queue
[2026-08-03T21:04:36.483+0000] {logging_mixin.py:190} INFO - [2026-08-03T21:04:36.482+0000] {dagbag.py:588} INFO - Filling up the DagBag from /opt/airflow/dags/pricescope_pipeline.py
[2026-08-03T21:04:36.512+0000] {processor.py:925} INFO - DAG(s) 'pricescope_pipeline' retrieved from /opt/airflow/dags/pricescope_pipeline.py
[2026-08-03T21:04:36.545+0000] {logging_mixin.py:190} INFO - [2026-08-03T21:04:36.545+0000] {dag.py:3239} INFO - Sync 1 DAGs
[2026-08-03T21:04:36.580+0000] {logging_mixin.py:190} INFO - [2026-08-03T21:04:36.579+0000] {dag.py:4180} INFO - Setting next_dagrun for pricescope_pipeline to 2026-08-03 06:00:00+00:00, run_after=2026-08-03 18:00:00+00:00
[2026-08-03T21:04:36.613+0000] {processor.py:208} INFO - Processing /opt/airflow/dags/pricescope_pipeline.py took 0.150 seconds
[2026-08-03T21:05:06.825+0000] {processor.py:186} INFO - Started process (PID=3942) to work on /opt/airflow/dags/pricescope_pipeline.py
[2026-08-03T21:05:06.830+0000] {processor.py:914} INFO - Processing file /opt/airflow/dags/pricescope_pipeline.py for tasks to queue
[2026-08-03T21:05:06.841+0000] {logging_mixin.py:190} INFO - [2026-08-03T21:05:06.840+0000] {dagbag.py:588} INFO - Filling up the DagBag from /opt/airflow/dags/pricescope_pipeline.py
[2026-08-03T21:05:06.885+0000] {processor.py:925} INFO - DAG(s) 'pricescope_pipeline' retrieved from /opt/airflow/dags/pricescope_pipeline.py
[2026-08-03T21:05:06.930+0000] {logging_mixin.py:190} INFO - [2026-08-03T21:05:06.929+0000] {dag.py:3239} INFO - Sync 1 DAGs
[2026-08-03T21:05:06.980+0000] {logging_mixin.py:190} INFO - [2026-08-03T21:05:06.980+0000] {dag.py:4180} INFO - Setting next_dagrun for pricescope_pipeline to 2026-08-03 06:00:00+00:00, run_after=2026-08-03 18:00:00+00:00
[2026-08-03T21:05:07.017+0000] {processor.py:208} INFO - Processing /opt/airflow/dags/pricescope_pipeline.py took 0.205 seconds
[2026-08-03T21:05:37.179+0000] {processor.py:186} INFO - Started process (PID=3949) to work on /opt/airflow/dags/pricescope_pipeline.py
[2026-08-03T21:05:37.182+0000] {processor.py:914} INFO - Processing file /opt/airflow/dags/pricescope_pipeline.py for tasks to queue
[2026-08-03T21:05:37.188+0000] {logging_mixin.py:190} INFO - [2026-08-03T21:05:37.187+0000] {dagbag.py:588} INFO - Filling up the DagBag from /opt/airflow/dags/pricescope_pipeline.py
[2026-08-03T21:05:37.228+0000] {processor.py:925} INFO - DAG(s) 'pricescope_pipeline' retrieved from /opt/airflow/dags/pricescope_pipeline.py
[2026-08-03T21:05:37.266+0000] {logging_mixin.py:190} INFO - [2026-08-03T21:05:37.266+0000] {dag.py:3239} INFO - Sync 1 DAGs
[2026-08-03T21:05:37.303+0000] {logging_mixin.py:190} INFO - [2026-08-03T21:05:37.303+0000] {dag.py:4180} INFO - Setting next_dagrun for pricescope_pipeline to 2026-08-03 06:00:00+00:00, run_after=2026-08-03 18:00:00+00:00
[2026-08-03T21:05:37.327+0000] {processor.py:208} INFO - Processing /opt/airflow/dags/pricescope_pipeline.py took 0.162 seconds
[2026-08-03T21:06:07.425+0000] {processor.py:186} INFO - Started process (PID=3956) to work on /opt/airflow/dags/pricescope_pipeline.py
[2026-08-03T21:06:07.427+0000] {processor.py:914} INFO - Processing file /opt/airflow/dags/pricescope_pipeline.py for tasks to queue
[2026-08-03T21:06:07.431+0000] {logging_mixin.py:190} INFO - [2026-08-03T21:06:07.431+0000] {dagbag.py:588} INFO - Filling up the DagBag from /opt/airflow/dags/pricescope_pipeline.py
[2026-08-03T21:06:07.463+0000] {processor.py:925} INFO - DAG(s) 'pricescope_pipeline' retrieved from /opt/airflow/dags/pricescope_pipeline.py
[2026-08-03T21:06:07.485+0000] {logging_mixin.py:190} INFO - [2026-08-03T21:06:07.485+0000] {dag.py:3239} INFO - Sync 1 DAGs
[2026-08-03T21:06:07.511+0000] {logging_mixin.py:190} INFO - [2026-08-03T21:06:07.510+0000] {dag.py:4180} INFO - Setting next_dagrun for pricescope_pipeline to 2026-08-03 06:00:00+00:00, run_after=2026-08-03 18:00:00+00:00
[2026-08-03T21:06:07.531+0000] {processor.py:208} INFO - Processing /opt/airflow/dags/pricescope_pipeline.py took 0.113 seconds
[2026-08-03T21:06:37.676+0000] {processor.py:186} INFO - Started process (PID=3963) to work on /opt/airflow/dags/pricescope_pipeline.py
[2026-08-03T21:06:37.678+0000] {processor.py:914} INFO - Processing file /opt/airflow/dags/pricescope_pipeline.py for tasks to queue
[2026-08-03T21:06:37.682+0000] {logging_mixin.py:190} INFO - [2026-08-03T21:06:37.681+0000] {dagbag.py:588} INFO - Filling up the DagBag from /opt/airflow/dags/pricescope_pipeline.py
[2026-08-03T21:06:37.705+0000] {processor.py:925} INFO - DAG(s) 'pricescope_pipeline' retrieved from /opt/airflow/dags/pricescope_pipeline.py
[2026-08-03T21:06:37.726+0000] {logging_mixin.py:190} INFO - [2026-08-03T21:06:37.726+0000] {dag.py:3239} INFO - Sync 1 DAGs
[2026-08-03T21:06:37.745+0000] {logging_mixin.py:190} INFO - [2026-08-03T21:06:37.745+0000] {dag.py:4180} INFO - Setting next_dagrun for pricescope_pipeline to 2026-08-03 06:00:00+00:00, run_after=2026-08-03 18:00:00+00:00
[2026-08-03T21:06:37.765+0000] {processor.py:208} INFO - Processing /opt/airflow/dags/pricescope_pipeline.py took 0.094 seconds
[2026-08-03T21:07:08.021+0000] {processor.py:186} INFO - Started process (PID=3970) to work on /opt/airflow/dags/pricescope_pipeline.py
[2026-08-03T21:07:08.023+0000] {processor.py:914} INFO - Processing file /opt/airflow/dags/pricescope_pipeline.py for tasks to queue
[2026-08-03T21:07:08.025+0000] {logging_mixin.py:190} INFO - [2026-08-03T21:07:08.025+0000] {dagbag.py:588} INFO - Filling up the DagBag from /opt/airflow/dags/pricescope_pipeline.py
[2026-08-03T21:07:08.042+0000] {processor.py:925} INFO - DAG(s) 'pricescope_pipeline' retrieved from /opt/airflow/dags/pricescope_pipeline.py
[2026-08-03T21:07:08.062+0000] {logging_mixin.py:190} INFO - [2026-08-03T21:07:08.062+0000] {dag.py:3239} INFO - Sync 1 DAGs
[2026-08-03T21:07:08.083+0000] {logging_mixin.py:190} INFO - [2026-08-03T21:07:08.083+0000] {dag.py:4180} INFO - Setting next_dagrun for pricescope_pipeline to 2026-08-03 06:00:00+00:00, run_after=2026-08-03 18:00:00+00:00
[2026-08-03T21:07:08.098+0000] {processor.py:208} INFO - Processing /opt/airflow/dags/pricescope_pipeline.py took 0.081 seconds
[2026-08-03T21:07:38.291+0000] {processor.py:186} INFO - Started process (PID=3977) to work on /opt/airflow/dags/pricescope_pipeline.py
[2026-08-03T21:07:38.293+0000] {processor.py:914} INFO - Processing file /opt/airflow/dags/pricescope_pipeline.py for tasks to queue
[2026-08-03T21:07:38.296+0000] {logging_mixin.py:190} INFO - [2026-08-03T21:07:38.296+0000] {dagbag.py:588} INFO - Filling up the DagBag from /opt/airflow/dags/pricescope_pipeline.py
[2026-08-03T21:07:38.317+0000] {processor.py:925} INFO - DAG(s) 'pricescope_pipeline' retrieved from /opt/airflow/dags/pricescope_pipeline.py
[2026-08-03T21:07:38.338+0000] {logging_mixin.py:190} INFO - [2026-08-03T21:07:38.337+0000] {dag.py:3239} INFO - Sync 1 DAGs
[2026-08-03T21:07:38.367+0000] {logging_mixin.py:190} INFO - [2026-08-03T21:07:38.366+0000] {dag.py:4180} INFO - Setting next_dagrun for pricescope_pipeline to 2026-08-03 06:00:00+00:00, run_after=2026-08-03 18:00:00+00:00
[2026-08-03T21:07:38.387+0000] {processor.py:208} INFO - Processing /opt/airflow/dags/pricescope_pipeline.py took 0.101 seconds
[2026-08-03T21:08:08.781+0000] {processor.py:186} INFO - Started process (PID=3984) to work on /opt/airflow/dags/pricescope_pipeline.py
[2026-08-03T21:08:08.783+0000] {processor.py:914} INFO - Processing file /opt/airflow/dags/pricescope_pipeline.py for tasks to queue
[2026-08-03T21:08:08.788+0000] {logging_mixin.py:190} INFO - [2026-08-03T21:08:08.786+0000] {dagbag.py:588} INFO - Filling up the DagBag from /opt/airflow/dags/pricescope_pipeline.py
[2026-08-03T21:08:08.822+0000] {processor.py:925} INFO - DAG(s) 'pricescope_pipeline' retrieved from /opt/airflow/dags/pricescope_pipeline.py
[2026-08-03T21:08:08.859+0000] {logging_mixin.py:190} INFO - [2026-08-03T21:08:08.858+0000] {dag.py:3239} INFO - Sync 1 DAGs
[2026-08-03T21:08:08.897+0000] {logging_mixin.py:190} INFO - [2026-08-03T21:08:08.897+0000] {dag.py:4180} INFO - Setting next_dagrun for pricescope_pipeline to 2026-08-03 06:00:00+00:00, run_after=2026-08-03 18:00:00+00:00
[2026-08-03T21:08:08.948+0000] {processor.py:208} INFO - Processing /opt/airflow/dags/pricescope_pipeline.py took 0.176 seconds
[2026-08-03T21:08:39.236+0000] {processor.py:186} INFO - Started process (PID=3991) to work on /opt/airflow/dags/pricescope_pipeline.py
[2026-08-03T21:08:39.238+0000] {processor.py:914} INFO - Processing file /opt/airflow/dags/pricescope_pipeline.py for tasks to queue
[2026-08-03T21:08:39.241+0000] {logging_mixin.py:190} INFO - [2026-08-03T21:08:39.241+0000] {dagbag.py:588} INFO - Filling up the DagBag from /opt/airflow/dags/pricescope_pipeline.py
[2026-08-03T21:08:39.259+0000] {processor.py:925} INFO - DAG(s) 'pricescope_pipeline' retrieved from /opt/airflow/dags/pricescope_pipeline.py
[2026-08-03T21:08:39.278+0000] {logging_mixin.py:190} INFO - [2026-08-03T21:08:39.277+0000] {dag.py:3239} INFO - Sync 1 DAGs
[2026-08-03T21:08:39.296+0000] {logging_mixin.py:190} INFO - [2026-08-03T21:08:39.296+0000] {dag.py:4180} INFO - Setting next_dagrun for pricescope_pipeline to 2026-08-03 06:00:00+00:00, run_after=2026-08-03 18:00:00+00:00
[2026-08-03T21:08:39.313+0000] {processor.py:208} INFO - Processing /opt/airflow/dags/pricescope_pipeline.py took 0.082 seconds
[2026-08-03T21:09:09.467+0000] {processor.py:186} INFO - Started process (PID=3998) to work on /opt/airflow/dags/pricescope_pipeline.py
[2026-08-03T21:09:09.469+0000] {processor.py:914} INFO - Processing file /opt/airflow/dags/pricescope_pipeline.py for tasks to queue
[2026-08-03T21:09:09.471+0000] {logging_mixin.py:190} INFO - [2026-08-03T21:09:09.471+0000] {dagbag.py:588} INFO - Filling up the DagBag from /opt/airflow/dags/pricescope_pipeline.py
[2026-08-03T21:09:09.489+0000] {processor.py:925} INFO - DAG(s) 'pricescope_pipeline' retrieved from /opt/airflow/dags/pricescope_pipeline.py
[2026-08-03T21:09:09.507+0000] {logging_mixin.py:190} INFO - [2026-08-03T21:09:09.507+0000] {dag.py:3239} INFO - Sync 1 DAGs
[2026-08-03T21:09:09.524+0000] {logging_mixin.py:190} INFO - [2026-08-03T21:09:09.524+0000] {dag.py:4180} INFO - Setting next_dagrun for pricescope_pipeline to 2026-08-03 06:00:00+00:00, run_after=2026-08-03 18:00:00+00:00
[2026-08-03T21:09:09.544+0000] {processor.py:208} INFO - Processing /opt/airflow/dags/pricescope_pipeline.py took 0.081 seconds
[2026-08-03T21:09:39.799+0000] {processor.py:186} INFO - Started process (PID=4005) to work on /opt/airflow/dags/pricescope_pipeline.py
[2026-08-03T21:09:39.800+0000] {processor.py:914} INFO - Processing file /opt/airflow/dags/pricescope_pipeline.py for tasks to queue
[2026-08-03T21:09:39.803+0000] {logging_mixin.py:190} INFO - [2026-08-03T21:09:39.803+0000] {dagbag.py:588} INFO - Filling up the DagBag from /opt/airflow/dags/pricescope_pipeline.py
[2026-08-03T21:09:39.823+0000] {processor.py:925} INFO - DAG(s) 'pricescope_pipeline' retrieved from /opt/airflow/dags/pricescope_pipeline.py
[2026-08-03T21:09:39.840+0000] {logging_mixin.py:190} INFO - [2026-08-03T21:09:39.840+0000] {dag.py:3239} INFO - Sync 1 DAGs
[2026-08-03T21:09:39.857+0000] {logging_mixin.py:190} INFO - [2026-08-03T21:09:39.857+0000] {dag.py:4180} INFO - Setting next_dagrun for pricescope_pipeline to 2026-08-03 06:00:00+00:00, run_after=2026-08-03 18:00:00+00:00
[2026-08-03T21:09:39.873+0000] {processor.py:208} INFO - Processing /opt/airflow/dags/pricescope_pipeline.py took 0.078 seconds
[2026-08-03T21:10:10.121+0000] {processor.py:186} INFO - Started process (PID=4012) to work on /opt/airflow/dags/pricescope_pipeline.py
[2026-08-03T21:10:10.122+0000] {processor.py:914} INFO - Processing file /opt/airflow/dags/pricescope_pipeline.py for tasks to queue
[2026-08-03T21:10:10.125+0000] {logging_mixin.py:190} INFO - [2026-08-03T21:10:10.125+0000] {dagbag.py:588} INFO - Filling up the DagBag from /opt/airflow/dags/pricescope_pipeline.py
[2026-08-03T21:10:10.146+0000] {processor.py:925} INFO - DAG(s) 'pricescope_pipeline' retrieved from /opt/airflow/dags/pricescope_pipeline.py
[2026-08-03T21:10:10.166+0000] {logging_mixin.py:190} INFO - [2026-08-03T21:10:10.166+0000] {dag.py:3239} INFO - Sync 1 DAGs
[2026-08-03T21:10:10.188+0000] {logging_mixin.py:190} INFO - [2026-08-03T21:10:10.187+0000] {dag.py:4180} INFO - Setting next_dagrun for pricescope_pipeline to 2026-08-03 06:00:00+00:00, run_after=2026-08-03 18:00:00+00:00
[2026-08-03T21:10:10.207+0000] {processor.py:208} INFO - Processing /opt/airflow/dags/pricescope_pipeline.py took 0.091 seconds
[2026-08-03T21:10:40.421+0000] {processor.py:186} INFO - Started process (PID=4019) to work on /opt/airflow/dags/pricescope_pipeline.py
[2026-08-03T21:10:40.423+0000] {processor.py:914} INFO - Processing file /opt/airflow/dags/pricescope_pipeline.py for tasks to queue
[2026-08-03T21:10:40.426+0000] {logging_mixin.py:190} INFO - [2026-08-03T21:10:40.426+0000] {dagbag.py:588} INFO - Filling up the DagBag from /opt/airflow/dags/pricescope_pipeline.py
[2026-08-03T21:10:40.448+0000] {processor.py:925} INFO - DAG(s) 'pricescope_pipeline' retrieved from /opt/airflow/dags/pricescope_pipeline.py
[2026-08-03T21:10:40.468+0000] {logging_mixin.py:190} INFO - [2026-08-03T21:10:40.468+0000] {dag.py:3239} INFO - Sync 1 DAGs
[2026-08-03T21:10:40.487+0000] {logging_mixin.py:190} INFO - [2026-08-03T21:10:40.486+0000] {dag.py:4180} INFO - Setting next_dagrun for pricescope_pipeline to 2026-08-03 06:00:00+00:00, run_after=2026-08-03 18:00:00+00:00
[2026-08-03T21:10:40.504+0000] {processor.py:208} INFO - Processing /opt/airflow/dags/pricescope_pipeline.py took 0.087 seconds
[2026-08-03T21:11:10.729+0000] {processor.py:186} INFO - Started process (PID=4026) to work on /opt/airflow/dags/pricescope_pipeline.py
[2026-08-03T21:11:10.731+0000] {processor.py:914} INFO - Processing file /opt/airflow/dags/pricescope_pipeline.py for tasks to queue
[2026-08-03T21:11:10.736+0000] {logging_mixin.py:190} INFO - [2026-08-03T21:11:10.735+0000] {dagbag.py:588} INFO - Filling up the DagBag from /opt/airflow/dags/pricescope_pipeline.py
[2026-08-03T21:11:10.776+0000] {processor.py:925} INFO - DAG(s) 'pricescope_pipeline' retrieved from /opt/airflow/dags/pricescope_pipeline.py
[2026-08-03T21:11:10.802+0000] {logging_mixin.py:190} INFO - [2026-08-03T21:11:10.802+0000] {dag.py:3239} INFO - Sync 1 DAGs
[2026-08-03T21:11:10.831+0000] {logging_mixin.py:190} INFO - [2026-08-03T21:11:10.830+0000] {dag.py:4180} INFO - Setting next_dagrun for pricescope_pipeline to 2026-08-03 06:00:00+00:00, run_after=2026-08-03 18:00:00+00:00
[2026-08-03T21:11:10.855+0000] {processor.py:208} INFO - Processing /opt/airflow/dags/pricescope_pipeline.py took 0.130 seconds
[2026-08-03T21:11:40.983+0000] {processor.py:186} INFO - Started process (PID=4034) to work on /opt/airflow/dags/pricescope_pipeline.py
[2026-08-03T21:11:40.984+0000] {processor.py:914} INFO - Processing file /opt/airflow/dags/pricescope_pipeline.py for tasks to queue
[2026-08-03T21:11:40.988+0000] {logging_mixin.py:190} INFO - [2026-08-03T21:11:40.987+0000] {dagbag.py:588} INFO - Filling up the DagBag from /opt/airflow/dags/pricescope_pipeline.py
[2026-08-03T21:11:41.008+0000] {processor.py:925} INFO - DAG(s) 'pricescope_pipeline' retrieved from /opt/airflow/dags/pricescope_pipeline.py
[2026-08-03T21:11:41.047+0000] {logging_mixin.py:190} INFO - [2026-08-03T21:11:41.046+0000] {dag.py:3239} INFO - Sync 1 DAGs
[2026-08-03T21:11:41.079+0000] {logging_mixin.py:190} INFO - [2026-08-03T21:11:41.079+0000] {dag.py:4180} INFO - Setting next_dagrun for pricescope_pipeline to 2026-08-03 06:00:00+00:00, run_after=2026-08-03 18:00:00+00:00
[2026-08-03T21:11:41.111+0000] {processor.py:208} INFO - Processing /opt/airflow/dags/pricescope_pipeline.py took 0.134 seconds
[2026-08-03T21:12:11.346+0000] {processor.py:186} INFO - Started process (PID=4041) to work on /opt/airflow/dags/pricescope_pipeline.py
[2026-08-03T21:12:11.349+0000] {processor.py:914} INFO - Processing file /opt/airflow/dags/pricescope_pipeline.py for tasks to queue
[2026-08-03T21:12:11.354+0000] {logging_mixin.py:190} INFO - [2026-08-03T21:12:11.353+0000] {dagbag.py:588} INFO - Filling up the DagBag from /opt/airflow/dags/pricescope_pipeline.py
[2026-08-03T21:12:11.382+0000] {processor.py:925} INFO - DAG(s) 'pricescope_pipeline' retrieved from /opt/airflow/dags/pricescope_pipeline.py
[2026-08-03T21:12:11.425+0000] {logging_mixin.py:190} INFO - [2026-08-03T21:12:11.425+0000] {dag.py:3239} INFO - Sync 1 DAGs
[2026-08-03T21:12:11.467+0000] {logging_mixin.py:190} INFO - [2026-08-03T21:12:11.467+0000] {dag.py:4180} INFO - Setting next_dagrun for pricescope_pipeline to 2026-08-03 06:00:00+00:00, run_after=2026-08-03 18:00:00+00:00
[2026-08-03T21:12:11.502+0000] {processor.py:208} INFO - Processing /opt/airflow/dags/pricescope_pipeline.py took 0.167 seconds
[2026-08-03T21:12:41.585+0000] {processor.py:186} INFO - Started process (PID=4048) to work on /opt/airflow/dags/pricescope_pipeline.py
[2026-08-03T21:12:41.587+0000] {processor.py:914} INFO - Processing file /opt/airflow/dags/pricescope_pipeline.py for tasks to queue
[2026-08-03T21:12:41.591+0000] {logging_mixin.py:190} INFO - [2026-08-03T21:12:41.590+0000] {dagbag.py:588} INFO - Filling up the DagBag from /opt/airflow/dags/pricescope_pipeline.py
[2026-08-03T21:12:41.611+0000] {processor.py:925} INFO - DAG(s) 'pricescope_pipeline' retrieved from /opt/airflow/dags/pricescope_pipeline.py
[2026-08-03T21:12:41.632+0000] {logging_mixin.py:190} INFO - [2026-08-03T21:12:41.631+0000] {dag.py:3239} INFO - Sync 1 DAGs
[2026-08-03T21:12:41.652+0000] {logging_mixin.py:190} INFO - [2026-08-03T21:12:41.652+0000] {dag.py:4180} INFO - Setting next_dagrun for pricescope_pipeline to 2026-08-03 06:00:00+00:00, run_after=2026-08-03 18:00:00+00:00
[2026-08-03T21:12:41.673+0000] {processor.py:208} INFO - Processing /opt/airflow/dags/pricescope_pipeline.py took 0.093 seconds
[2026-08-03T21:13:11.898+0000] {processor.py:186} INFO - Started process (PID=4055) to work on /opt/airflow/dags/pricescope_pipeline.py
[2026-08-03T21:13:11.899+0000] {processor.py:914} INFO - Processing file /opt/airflow/dags/pricescope_pipeline.py for tasks to queue
[2026-08-03T21:13:11.903+0000] {logging_mixin.py:190} INFO - [2026-08-03T21:13:11.903+0000] {dagbag.py:588} INFO - Filling up the DagBag from /opt/airflow/dags/pricescope_pipeline.py
[2026-08-03T21:13:11.927+0000] {processor.py:925} INFO - DAG(s) 'pricescope_pipeline' retrieved from /opt/airflow/dags/pricescope_pipeline.py
[2026-08-03T21:13:11.963+0000] {logging_mixin.py:190} INFO - [2026-08-03T21:13:11.963+0000] {dag.py:3239} INFO - Sync 1 DAGs
[2026-08-03T21:13:11.986+0000] {logging_mixin.py:190} INFO - [2026-08-03T21:13:11.986+0000] {dag.py:4180} INFO - Setting next_dagrun for pricescope_pipeline to 2026-08-03 06:00:00+00:00, run_after=2026-08-03 18:00:00+00:00
[2026-08-03T21:13:12.005+0000] {processor.py:208} INFO - Processing /opt/airflow/dags/pricescope_pipeline.py took 0.112 seconds
[2026-08-03T21:13:42.361+0000] {processor.py:186} INFO - Started process (PID=4062) to work on /opt/airflow/dags/pricescope_pipeline.py
[2026-08-03T21:13:42.365+0000] {processor.py:914} INFO - Processing file /opt/airflow/dags/pricescope_pipeline.py for tasks to queue
[2026-08-03T21:13:42.378+0000] {logging_mixin.py:190} INFO - [2026-08-03T21:13:42.377+0000] {dagbag.py:588} INFO - Filling up the DagBag from /opt/airflow/dags/pricescope_pipeline.py
[2026-08-03T21:13:42.470+0000] {processor.py:925} INFO - DAG(s) 'pricescope_pipeline' retrieved from /opt/airflow/dags/pricescope_pipeline.py
[2026-08-03T21:13:42.525+0000] {logging_mixin.py:190} INFO - [2026-08-03T21:13:42.525+0000] {dag.py:3239} INFO - Sync 1 DAGs
[2026-08-03T21:13:42.592+0000] {logging_mixin.py:190} INFO - [2026-08-03T21:13:42.591+0000] {dag.py:4180} INFO - Setting next_dagrun for pricescope_pipeline to 2026-08-03 06:00:00+00:00, run_after=2026-08-03 18:00:00+00:00
[2026-08-03T21:13:42.634+0000] {processor.py:208} INFO - Processing /opt/airflow/dags/pricescope_pipeline.py took 0.287 seconds
[2026-08-03T21:14:12.787+0000] {processor.py:186} INFO - Started process (PID=4069) to work on /opt/airflow/dags/pricescope_pipeline.py
[2026-08-03T21:14:12.790+0000] {processor.py:914} INFO - Processing file /opt/airflow/dags/pricescope_pipeline.py for tasks to queue
[2026-08-03T21:14:12.797+0000] {logging_mixin.py:190} INFO - [2026-08-03T21:14:12.796+0000] {dagbag.py:588} INFO - Filling up the DagBag from /opt/airflow/dags/pricescope_pipeline.py
[2026-08-03T21:14:12.854+0000] {processor.py:925} INFO - DAG(s) 'pricescope_pipeline' retrieved from /opt/airflow/dags/pricescope_pipeline.py
[2026-08-03T21:14:12.904+0000] {logging_mixin.py:190} INFO - [2026-08-03T21:14:12.904+0000] {dag.py:3239} INFO - Sync 1 DAGs
[2026-08-03T21:14:12.960+0000] {logging_mixin.py:190} INFO - [2026-08-03T21:14:12.960+0000] {dag.py:4180} INFO - Setting next_dagrun for pricescope_pipeline to 2026-08-03 06:00:00+00:00, run_after=2026-08-03 18:00:00+00:00
[2026-08-03T21:14:13.025+0000] {processor.py:208} INFO - Processing /opt/airflow/dags/pricescope_pipeline.py took 0.252 seconds
[2026-08-03T21:14:43.423+0000] {processor.py:186} INFO - Started process (PID=4076) to work on /opt/airflow/dags/pricescope_pipeline.py
[2026-08-03T21:14:43.426+0000] {processor.py:914} INFO - Processing file /opt/airflow/dags/pricescope_pipeline.py for tasks to queue
[2026-08-03T21:14:43.434+0000] {logging_mixin.py:190} INFO - [2026-08-03T21:14:43.434+0000] {dagbag.py:588} INFO - Filling up the DagBag from /opt/airflow/dags/pricescope_pipeline.py
[2026-08-03T21:14:43.495+0000] {processor.py:925} INFO - DAG(s) 'pricescope_pipeline' retrieved from /opt/airflow/dags/pricescope_pipeline.py
[2026-08-03T21:14:43.526+0000] {logging_mixin.py:190} INFO - [2026-08-03T21:14:43.526+0000] {dag.py:3239} INFO - Sync 1 DAGs
[2026-08-03T21:14:43.555+0000] {logging_mixin.py:190} INFO - [2026-08-03T21:14:43.554+0000] {dag.py:4180} INFO - Setting next_dagrun for pricescope_pipeline to 2026-08-03 06:00:00+00:00, run_after=2026-08-03 18:00:00+00:00
[2026-08-03T21:14:43.605+0000] {processor.py:208} INFO - Processing /opt/airflow/dags/pricescope_pipeline.py took 0.192 seconds
[2026-08-03T21:15:13.861+0000] {processor.py:186} INFO - Started process (PID=4083) to work on /opt/airflow/dags/pricescope_pipeline.py
[2026-08-03T21:15:13.863+0000] {processor.py:914} INFO - Processing file /opt/airflow/dags/pricescope_pipeline.py for tasks to queue
[2026-08-03T21:15:13.868+0000] {logging_mixin.py:190} INFO - [2026-08-03T21:15:13.867+0000] {dagbag.py:588} INFO - Filling up the DagBag from /opt/airflow/dags/pricescope_pipeline.py
[2026-08-03T21:15:13.914+0000] {processor.py:925} INFO - DAG(s) 'pricescope_pipeline' retrieved from /opt/airflow/dags/pricescope_pipeline.py
[2026-08-03T21:15:13.947+0000] {logging_mixin.py:190} INFO - [2026-08-03T21:15:13.947+0000] {dag.py:3239} INFO - Sync 1 DAGs
[2026-08-03T21:15:13.972+0000] {logging_mixin.py:190} INFO - [2026-08-03T21:15:13.972+0000] {dag.py:4180} INFO - Setting next_dagrun for pricescope_pipeline to 2026-08-03 06:00:00+00:00, run_after=2026-08-03 18:00:00+00:00
[2026-08-03T21:15:13.995+0000] {processor.py:208} INFO - Processing /opt/airflow/dags/pricescope_pipeline.py took 0.143 seconds
[2026-08-03T21:15:44.406+0000] {processor.py:186} INFO - Started process (PID=4090) to work on /opt/airflow/dags/pricescope_pipeline.py
[2026-08-03T21:15:44.409+0000] {processor.py:914} INFO - Processing file /opt/airflow/dags/pricescope_pipeline.py for tasks to queue
[2026-08-03T21:15:44.413+0000] {logging_mixin.py:190} INFO - [2026-08-03T21:15:44.412+0000] {dagbag.py:588} INFO - Filling up the DagBag from /opt/airflow/dags/pricescope_pipeline.py
[2026-08-03T21:15:44.462+0000] {processor.py:925} INFO - DAG(s) 'pricescope_pipeline' retrieved from /opt/airflow/dags/pricescope_pipeline.py
[2026-08-03T21:15:44.493+0000] {logging_mixin.py:190} INFO - [2026-08-03T21:15:44.493+0000] {dag.py:3239} INFO - Sync 1 DAGs
[2026-08-03T21:15:44.527+0000] {logging_mixin.py:190} INFO - [2026-08-03T21:15:44.526+0000] {dag.py:4180} INFO - Setting next_dagrun for pricescope_pipeline to 2026-08-03 06:00:00+00:00, run_after=2026-08-03 18:00:00+00:00
[2026-08-03T21:15:44.574+0000] {processor.py:208} INFO - Processing /opt/airflow/dags/pricescope_pipeline.py took 0.174 seconds
[2026-08-03T21:16:14.803+0000] {processor.py:186} INFO - Started process (PID=4097) to work on /opt/airflow/dags/pricescope_pipeline.py
[2026-08-03T21:16:14.805+0000] {processor.py:914} INFO - Processing file /opt/airflow/dags/pricescope_pipeline.py for tasks to queue
[2026-08-03T21:16:14.810+0000] {logging_mixin.py:190} INFO - [2026-08-03T21:16:14.809+0000] {dagbag.py:588} INFO - Filling up the DagBag from /opt/airflow/dags/pricescope_pipeline.py
[2026-08-03T21:16:14.850+0000] {processor.py:925} INFO - DAG(s) 'pricescope_pipeline' retrieved from /opt/airflow/dags/pricescope_pipeline.py
[2026-08-03T21:16:14.883+0000] {logging_mixin.py:190} INFO - [2026-08-03T21:16:14.883+0000] {dag.py:3239} INFO - Sync 1 DAGs
[2026-08-03T21:16:14.912+0000] {logging_mixin.py:190} INFO - [2026-08-03T21:16:14.911+0000] {dag.py:4180} INFO - Setting next_dagrun for pricescope_pipeline to 2026-08-03 06:00:00+00:00, run_after=2026-08-03 18:00:00+00:00
[2026-08-03T21:16:14.934+0000] {processor.py:208} INFO - Processing /opt/airflow/dags/pricescope_pipeline.py took 0.138 seconds
[2026-08-03T21:16:45.308+0000] {processor.py:186} INFO - Started process (PID=4104) to work on /opt/airflow/dags/pricescope_pipeline.py
[2026-08-03T21:16:45.311+0000] {processor.py:914} INFO - Processing file /opt/airflow/dags/pricescope_pipeline.py for tasks to queue
[2026-08-03T21:16:45.318+0000] {logging_mixin.py:190} INFO - [2026-08-03T21:16:45.317+0000] {dagbag.py:588} INFO - Filling up the DagBag from /opt/airflow/dags/pricescope_pipeline.py
[2026-08-03T21:16:45.355+0000] {processor.py:925} INFO - DAG(s) 'pricescope_pipeline' retrieved from /opt/airflow/dags/pricescope_pipeline.py
[2026-08-03T21:16:45.383+0000] {logging_mixin.py:190} INFO - [2026-08-03T21:16:45.382+0000] {dag.py:3239} INFO - Sync 1 DAGs
[2026-08-03T21:16:45.412+0000] {logging_mixin.py:190} INFO - [2026-08-03T21:16:45.411+0000] {dag.py:4180} INFO - Setting next_dagrun for pricescope_pipeline to 2026-08-03 06:00:00+00:00, run_after=2026-08-03 18:00:00+00:00
[2026-08-03T21:16:45.459+0000] {processor.py:208} INFO - Processing /opt/airflow/dags/pricescope_pipeline.py took 0.165 seconds
[2026-08-03T21:17:15.691+0000] {processor.py:186} INFO - Started process (PID=4111) to work on /opt/airflow/dags/pricescope_pipeline.py
[2026-08-03T21:17:15.693+0000] {processor.py:914} INFO - Processing file /opt/airflow/dags/pricescope_pipeline.py for tasks to queue
[2026-08-03T21:17:15.700+0000] {logging_mixin.py:190} INFO - [2026-08-03T21:17:15.699+0000] {dagbag.py:588} INFO - Filling up the DagBag from /opt/airflow/dags/pricescope_pipeline.py
[2026-08-03T21:17:15.751+0000] {processor.py:925} INFO - DAG(s) 'pricescope_pipeline' retrieved from /opt/airflow/dags/pricescope_pipeline.py
[2026-08-03T21:17:15.785+0000] {logging_mixin.py:190} INFO - [2026-08-03T21:17:15.785+0000] {dag.py:3239} INFO - Sync 1 DAGs
[2026-08-03T21:17:15.812+0000] {logging_mixin.py:190} INFO - [2026-08-03T21:17:15.812+0000] {dag.py:4180} INFO - Setting next_dagrun for pricescope_pipeline to 2026-08-03 06:00:00+00:00, run_after=2026-08-03 18:00:00+00:00
[2026-08-03T21:17:15.869+0000] {processor.py:208} INFO - Processing /opt/airflow/dags/pricescope_pipeline.py took 0.186 seconds
[2026-08-03T21:17:46.237+0000] {processor.py:186} INFO - Started process (PID=4118) to work on /opt/airflow/dags/pricescope_pipeline.py
[2026-08-03T21:17:46.243+0000] {processor.py:914} INFO - Processing file /opt/airflow/dags/pricescope_pipeline.py for tasks to queue
[2026-08-03T21:17:46.253+0000] {logging_mixin.py:190} INFO - [2026-08-03T21:17:46.252+0000] {dagbag.py:588} INFO - Filling up the DagBag from /opt/airflow/dags/pricescope_pipeline.py
[2026-08-03T21:17:46.318+0000] {processor.py:925} INFO - DAG(s) 'pricescope_pipeline' retrieved from /opt/airflow/dags/pricescope_pipeline.py
[2026-08-03T21:17:46.367+0000] {logging_mixin.py:190} INFO - [2026-08-03T21:17:46.366+0000] {dag.py:3239} INFO - Sync 1 DAGs
[2026-08-03T21:17:46.396+0000] {logging_mixin.py:190} INFO - [2026-08-03T21:17:46.396+0000] {dag.py:4180} INFO - Setting next_dagrun for pricescope_pipeline to 2026-08-03 06:00:00+00:00, run_after=2026-08-03 18:00:00+00:00
[2026-08-03T21:17:46.442+0000] {processor.py:208} INFO - Processing /opt/airflow/dags/pricescope_pipeline.py took 0.220 seconds
[2026-08-03T21:18:16.656+0000] {processor.py:186} INFO - Started process (PID=4125) to work on /opt/airflow/dags/pricescope_pipeline.py
[2026-08-03T21:18:16.658+0000] {processor.py:914} INFO - Processing file /opt/airflow/dags/pricescope_pipeline.py for tasks to queue
[2026-08-03T21:18:16.661+0000] {logging_mixin.py:190} INFO - [2026-08-03T21:18:16.661+0000] {dagbag.py:588} INFO - Filling up the DagBag from /opt/airflow/dags/pricescope_pipeline.py
[2026-08-03T21:18:16.686+0000] {processor.py:925} INFO - DAG(s) 'pricescope_pipeline' retrieved from /opt/airflow/dags/pricescope_pipeline.py
[2026-08-03T21:18:16.718+0000] {logging_mixin.py:190} INFO - [2026-08-03T21:18:16.717+0000] {dag.py:3239} INFO - Sync 1 DAGs
[2026-08-03T21:18:16.739+0000] {logging_mixin.py:190} INFO - [2026-08-03T21:18:16.738+0000] {dag.py:4180} INFO - Setting next_dagrun for pricescope_pipeline to 2026-08-03 06:00:00+00:00, run_after=2026-08-03 18:00:00+00:00
[2026-08-03T21:18:16.757+0000] {processor.py:208} INFO - Processing /opt/airflow/dags/pricescope_pipeline.py took 0.107 seconds
[2026-08-03T21:18:47.045+0000] {processor.py:186} INFO - Started process (PID=4132) to work on /opt/airflow/dags/pricescope_pipeline.py
[2026-08-03T21:18:47.049+0000] {processor.py:914} INFO - Processing file /opt/airflow/dags/pricescope_pipeline.py for tasks to queue
[2026-08-03T21:18:47.055+0000] {logging_mixin.py:190} INFO - [2026-08-03T21:18:47.054+0000] {dagbag.py:588} INFO - Filling up the DagBag from /opt/airflow/dags/pricescope_pipeline.py
[2026-08-03T21:18:47.114+0000] {processor.py:925} INFO - DAG(s) 'pricescope_pipeline' retrieved from /opt/airflow/dags/pricescope_pipeline.py
[2026-08-03T21:18:47.157+0000] {logging_mixin.py:190} INFO - [2026-08-03T21:18:47.156+0000] {dag.py:3239} INFO - Sync 1 DAGs
[2026-08-03T21:18:47.199+0000] {logging_mixin.py:190} INFO - [2026-08-03T21:18:47.199+0000] {dag.py:4180} INFO - Setting next_dagrun for pricescope_pipeline to 2026-08-03 06:00:00+00:00, run_after=2026-08-03 18:00:00+00:00
[2026-08-03T21:18:47.263+0000] {processor.py:208} INFO - Processing /opt/airflow/dags/pricescope_pipeline.py took 0.238 seconds
[2026-08-03T21:19:17.484+0000] {processor.py:186} INFO - Started process (PID=4140) to work on /opt/airflow/dags/pricescope_pipeline.py
[2026-08-03T21:19:17.487+0000] {processor.py:914} INFO - Processing file /opt/airflow/dags/pricescope_pipeline.py for tasks to queue
[2026-08-03T21:19:17.491+0000] {logging_mixin.py:190} INFO - [2026-08-03T21:19:17.491+0000] {dagbag.py:588} INFO - Filling up the DagBag from /opt/airflow/dags/pricescope_pipeline.py
[2026-08-03T21:19:17.525+0000] {processor.py:925} INFO - DAG(s) 'pricescope_pipeline' retrieved from /opt/airflow/dags/pricescope_pipeline.py
[2026-08-03T21:19:17.548+0000] {logging_mixin.py:190} INFO - [2026-08-03T21:19:17.547+0000] {dag.py:3239} INFO - Sync 1 DAGs
[2026-08-03T21:19:17.570+0000] {logging_mixin.py:190} INFO - [2026-08-03T21:19:17.570+0000] {dag.py:4180} INFO - Setting next_dagrun for pricescope_pipeline to 2026-08-03 06:00:00+00:00, run_after=2026-08-03 18:00:00+00:00
[2026-08-03T21:19:17.597+0000] {processor.py:208} INFO - Processing /opt/airflow/dags/pricescope_pipeline.py took 0.121 seconds
[2026-08-03T21:19:48.053+0000] {processor.py:186} INFO - Started process (PID=4147) to work on /opt/airflow/dags/pricescope_pipeline.py
[2026-08-03T21:19:48.063+0000] {processor.py:914} INFO - Processing file /opt/airflow/dags/pricescope_pipeline.py for tasks to queue
[2026-08-03T21:19:48.077+0000] {logging_mixin.py:190} INFO - [2026-08-03T21:19:48.073+0000] {dagbag.py:588} INFO - Filling up the DagBag from /opt/airflow/dags/pricescope_pipeline.py
[2026-08-03T21:19:48.150+0000] {processor.py:925} INFO - DAG(s) 'pricescope_pipeline' retrieved from /opt/airflow/dags/pricescope_pipeline.py
[2026-08-03T21:19:48.218+0000] {logging_mixin.py:190} INFO - [2026-08-03T21:19:48.217+0000] {dag.py:3239} INFO - Sync 1 DAGs
[2026-08-03T21:19:48.325+0000] {logging_mixin.py:190} INFO - [2026-08-03T21:19:48.325+0000] {dag.py:4180} INFO - Setting next_dagrun for pricescope_pipeline to 2026-08-03 06:00:00+00:00, run_after=2026-08-03 18:00:00+00:00
[2026-08-03T21:19:48.385+0000] {processor.py:208} INFO - Processing /opt/airflow/dags/pricescope_pipeline.py took 0.363 seconds
[2026-08-03T21:20:18.779+0000] {processor.py:186} INFO - Started process (PID=4154) to work on /opt/airflow/dags/pricescope_pipeline.py
[2026-08-03T21:20:18.783+0000] {processor.py:914} INFO - Processing file /opt/airflow/dags/pricescope_pipeline.py for tasks to queue
[2026-08-03T21:20:18.790+0000] {logging_mixin.py:190} INFO - [2026-08-03T21:20:18.789+0000] {dagbag.py:588} INFO - Filling up the DagBag from /opt/airflow/dags/pricescope_pipeline.py
[2026-08-03T21:20:18.844+0000] {processor.py:925} INFO - DAG(s) 'pricescope_pipeline' retrieved from /opt/airflow/dags/pricescope_pipeline.py
[2026-08-03T21:20:18.894+0000] {logging_mixin.py:190} INFO - [2026-08-03T21:20:18.894+0000] {dag.py:3239} INFO - Sync 1 DAGs
[2026-08-03T21:20:18.947+0000] {logging_mixin.py:190} INFO - [2026-08-03T21:20:18.947+0000] {dag.py:4180} INFO - Setting next_dagrun for pricescope_pipeline to 2026-08-03 06:00:00+00:00, run_after=2026-08-03 18:00:00+00:00
[2026-08-03T21:20:18.983+0000] {processor.py:208} INFO - Processing /opt/airflow/dags/pricescope_pipeline.py took 0.219 seconds
[2026-08-03T21:20:49.207+0000] {processor.py:186} INFO - Started process (PID=4161) to work on /opt/airflow/dags/pricescope_pipeline.py
[2026-08-03T21:20:49.209+0000] {processor.py:914} INFO - Processing file /opt/airflow/dags/pricescope_pipeline.py for tasks to queue
[2026-08-03T21:20:49.214+0000] {logging_mixin.py:190} INFO - [2026-08-03T21:20:49.214+0000] {dagbag.py:588} INFO - Filling up the DagBag from /opt/airflow/dags/pricescope_pipeline.py
[2026-08-03T21:20:49.262+0000] {processor.py:925} INFO - DAG(s) 'pricescope_pipeline' retrieved from /opt/airflow/dags/pricescope_pipeline.py
[2026-08-03T21:20:49.299+0000] {logging_mixin.py:190} INFO - [2026-08-03T21:20:49.298+0000] {dag.py:3239} INFO - Sync 1 DAGs
[2026-08-03T21:20:49.325+0000] {logging_mixin.py:190} INFO - [2026-08-03T21:20:49.324+0000] {dag.py:4180} INFO - Setting next_dagrun for pricescope_pipeline to 2026-08-03 06:00:00+00:00, run_after=2026-08-03 18:00:00+00:00
[2026-08-03T21:20:49.351+0000] {processor.py:208} INFO - Processing /opt/airflow/dags/pricescope_pipeline.py took 0.153 seconds
[2026-08-03T21:21:19.624+0000] {processor.py:186} INFO - Started process (PID=4169) to work on /opt/airflow/dags/pricescope_pipeline.py
[2026-08-03T21:21:19.627+0000] {processor.py:914} INFO - Processing file /opt/airflow/dags/pricescope_pipeline.py for tasks to queue
[2026-08-03T21:21:19.632+0000] {logging_mixin.py:190} INFO - [2026-08-03T21:21:19.631+0000] {dagbag.py:588} INFO - Filling up the DagBag from /opt/airflow/dags/pricescope_pipeline.py
[2026-08-03T21:21:19.665+0000] {processor.py:925} INFO - DAG(s) 'pricescope_pipeline' retrieved from /opt/airflow/dags/pricescope_pipeline.py
[2026-08-03T21:21:19.695+0000] {logging_mixin.py:190} INFO - [2026-08-03T21:21:19.695+0000] {dag.py:3239} INFO - Sync 1 DAGs
[2026-08-03T21:21:19.723+0000] {logging_mixin.py:190} INFO - [2026-08-03T21:21:19.722+0000] {dag.py:4180} INFO - Setting next_dagrun for pricescope_pipeline to 2026-08-03 06:00:00+00:00, run_after=2026-08-03 18:00:00+00:00
[2026-08-03T21:21:19.775+0000] {processor.py:208} INFO - Processing /opt/airflow/dags/pricescope_pipeline.py took 0.159 seconds
[2026-08-03T21:21:49.985+0000] {processor.py:186} INFO - Started process (PID=4176) to work on /opt/airflow/dags/pricescope_pipeline.py
[2026-08-03T21:21:49.988+0000] {processor.py:914} INFO - Processing file /opt/airflow/dags/pricescope_pipeline.py for tasks to queue
[2026-08-03T21:21:49.993+0000] {logging_mixin.py:190} INFO - [2026-08-03T21:21:49.993+0000] {dagbag.py:588} INFO - Filling up the DagBag from /opt/airflow/dags/pricescope_pipeline.py
[2026-08-03T21:21:50.037+0000] {processor.py:925} INFO - DAG(s) 'pricescope_pipeline' retrieved from /opt/airflow/dags/pricescope_pipeline.py
[2026-08-03T21:21:50.064+0000] {logging_mixin.py:190} INFO - [2026-08-03T21:21:50.064+0000] {dag.py:3239} INFO - Sync 1 DAGs
[2026-08-03T21:21:50.093+0000] {logging_mixin.py:190} INFO - [2026-08-03T21:21:50.093+0000] {dag.py:4180} INFO - Setting next_dagrun for pricescope_pipeline to 2026-08-03 06:00:00+00:00, run_after=2026-08-03 18:00:00+00:00
[2026-08-03T21:21:50.115+0000] {processor.py:208} INFO - Processing /opt/airflow/dags/pricescope_pipeline.py took 0.139 seconds
[2026-08-03T21:22:20.375+0000] {processor.py:186} INFO - Started process (PID=4183) to work on /opt/airflow/dags/pricescope_pipeline.py
[2026-08-03T21:22:20.378+0000] {processor.py:914} INFO - Processing file /opt/airflow/dags/pricescope_pipeline.py for tasks to queue
[2026-08-03T21:22:20.384+0000] {logging_mixin.py:190} INFO - [2026-08-03T21:22:20.383+0000] {dagbag.py:588} INFO - Filling up the DagBag from /opt/airflow/dags/pricescope_pipeline.py
[2026-08-03T21:22:20.424+0000] {processor.py:925} INFO - DAG(s) 'pricescope_pipeline' retrieved from /opt/airflow/dags/pricescope_pipeline.py
[2026-08-03T21:22:20.449+0000] {logging_mixin.py:190} INFO - [2026-08-03T21:22:20.449+0000] {dag.py:3239} INFO - Sync 1 DAGs
[2026-08-03T21:22:20.479+0000] {logging_mixin.py:190} INFO - [2026-08-03T21:22:20.479+0000] {dag.py:4180} INFO - Setting next_dagrun for pricescope_pipeline to 2026-08-03 06:00:00+00:00, run_after=2026-08-03 18:00:00+00:00
[2026-08-03T21:22:20.501+0000] {processor.py:208} INFO - Processing /opt/airflow/dags/pricescope_pipeline.py took 0.135 seconds
[2026-08-03T21:22:50.821+0000] {processor.py:186} INFO - Started process (PID=4190) to work on /opt/airflow/dags/pricescope_pipeline.py
[2026-08-03T21:22:50.824+0000] {processor.py:914} INFO - Processing file /opt/airflow/dags/pricescope_pipeline.py for tasks to queue
[2026-08-03T21:22:50.832+0000] {logging_mixin.py:190} INFO - [2026-08-03T21:22:50.831+0000] {dagbag.py:588} INFO - Filling up the DagBag from /opt/airflow/dags/pricescope_pipeline.py
[2026-08-03T21:22:50.882+0000] {processor.py:925} INFO - DAG(s) 'pricescope_pipeline' retrieved from /opt/airflow/dags/pricescope_pipeline.py
[2026-08-03T21:22:50.934+0000] {logging_mixin.py:190} INFO - [2026-08-03T21:22:50.933+0000] {dag.py:3239} INFO - Sync 1 DAGs
[2026-08-03T21:22:50.997+0000] {logging_mixin.py:190} INFO - [2026-08-03T21:22:50.997+0000] {dag.py:4180} INFO - Setting next_dagrun for pricescope_pipeline to 2026-08-03 06:00:00+00:00, run_after=2026-08-03 18:00:00+00:00
[2026-08-03T21:22:51.048+0000] {processor.py:208} INFO - Processing /opt/airflow/dags/pricescope_pipeline.py took 0.241 seconds
[2026-08-03T21:23:21.270+0000] {processor.py:186} INFO - Started process (PID=4197) to work on /opt/airflow/dags/pricescope_pipeline.py
[2026-08-03T21:23:21.272+0000] {processor.py:914} INFO - Processing file /opt/airflow/dags/pricescope_pipeline.py for tasks to queue
[2026-08-03T21:23:21.276+0000] {logging_mixin.py:190} INFO - [2026-08-03T21:23:21.276+0000] {dagbag.py:588} INFO - Filling up the DagBag from /opt/airflow/dags/pricescope_pipeline.py
[2026-08-03T21:23:21.314+0000] {processor.py:925} INFO - DAG(s) 'pricescope_pipeline' retrieved from /opt/airflow/dags/pricescope_pipeline.py
[2026-08-03T21:23:21.345+0000] {logging_mixin.py:190} INFO - [2026-08-03T21:23:21.344+0000] {dag.py:3239} INFO - Sync 1 DAGs
[2026-08-03T21:23:21.372+0000] {logging_mixin.py:190} INFO - [2026-08-03T21:23:21.372+0000] {dag.py:4180} INFO - Setting next_dagrun for pricescope_pipeline to 2026-08-03 06:00:00+00:00, run_after=2026-08-03 18:00:00+00:00
[2026-08-03T21:23:21.395+0000] {processor.py:208} INFO - Processing /opt/airflow/dags/pricescope_pipeline.py took 0.133 seconds
[2026-08-03T21:23:51.582+0000] {processor.py:186} INFO - Started process (PID=4204) to work on /opt/airflow/dags/pricescope_pipeline.py
[2026-08-03T21:23:51.586+0000] {processor.py:914} INFO - Processing file /opt/airflow/dags/pricescope_pipeline.py for tasks to queue
[2026-08-03T21:23:51.591+0000] {logging_mixin.py:190} INFO - [2026-08-03T21:23:51.591+0000] {dagbag.py:588} INFO - Filling up the DagBag from /opt/airflow/dags/pricescope_pipeline.py
[2026-08-03T21:23:51.632+0000] {processor.py:925} INFO - DAG(s) 'pricescope_pipeline' retrieved from /opt/airflow/dags/pricescope_pipeline.py
[2026-08-03T21:23:51.670+0000] {logging_mixin.py:190} INFO - [2026-08-03T21:23:51.670+0000] {dag.py:3239} INFO - Sync 1 DAGs
[2026-08-03T21:23:51.714+0000] {logging_mixin.py:190} INFO - [2026-08-03T21:23:51.714+0000] {dag.py:4180} INFO - Setting next_dagrun for pricescope_pipeline to 2026-08-03 06:00:00+00:00, run_after=2026-08-03 18:00:00+00:00
[2026-08-03T21:23:51.768+0000] {processor.py:208} INFO - Processing /opt/airflow/dags/pricescope_pipeline.py took 0.198 seconds
[2026-08-03T21:24:22.055+0000] {processor.py:186} INFO - Started process (PID=4211) to work on /opt/airflow/dags/pricescope_pipeline.py
[2026-08-03T21:24:22.059+0000] {processor.py:914} INFO - Processing file /opt/airflow/dags/pricescope_pipeline.py for tasks to queue
[2026-08-03T21:24:22.066+0000] {logging_mixin.py:190} INFO - [2026-08-03T21:24:22.065+0000] {dagbag.py:588} INFO - Filling up the DagBag from /opt/airflow/dags/pricescope_pipeline.py
[2026-08-03T21:24:22.126+0000] {processor.py:925} INFO - DAG(s) 'pricescope_pipeline' retrieved from /opt/airflow/dags/pricescope_pipeline.py
[2026-08-03T21:24:22.184+0000] {logging_mixin.py:190} INFO - [2026-08-03T21:24:22.184+0000] {dag.py:3239} INFO - Sync 1 DAGs
[2026-08-03T21:24:22.261+0000] {logging_mixin.py:190} INFO - [2026-08-03T21:24:22.260+0000] {dag.py:4180} INFO - Setting next_dagrun for pricescope_pipeline to 2026-08-03 06:00:00+00:00, run_after=2026-08-03 18:00:00+00:00
[2026-08-03T21:24:22.412+0000] {processor.py:208} INFO - Processing /opt/airflow/dags/pricescope_pipeline.py took 0.369 seconds
[2026-08-03T21:24:52.780+0000] {processor.py:186} INFO - Started process (PID=4217) to work on /opt/airflow/dags/pricescope_pipeline.py
[2026-08-03T21:24:52.782+0000] {processor.py:914} INFO - Processing file /opt/airflow/dags/pricescope_pipeline.py for tasks to queue
[2026-08-03T21:24:52.789+0000] {logging_mixin.py:190} INFO - [2026-08-03T21:24:52.789+0000] {dagbag.py:588} INFO - Filling up the DagBag from /opt/airflow/dags/pricescope_pipeline.py
[2026-08-03T21:24:52.832+0000] {processor.py:925} INFO - DAG(s) 'pricescope_pipeline' retrieved from /opt/airflow/dags/pricescope_pipeline.py
[2026-08-03T21:24:52.869+0000] {logging_mixin.py:190} INFO - [2026-08-03T21:24:52.869+0000] {dag.py:3239} INFO - Sync 1 DAGs
[2026-08-03T21:24:52.902+0000] {logging_mixin.py:190} INFO - [2026-08-03T21:24:52.902+0000] {dag.py:4180} INFO - Setting next_dagrun for pricescope_pipeline to 2026-08-03 06:00:00+00:00, run_after=2026-08-03 18:00:00+00:00
[2026-08-03T21:24:52.931+0000] {processor.py:208} INFO - Processing /opt/airflow/dags/pricescope_pipeline.py took 0.162 seconds
[2026-08-03T21:25:23.155+0000] {processor.py:186} INFO - Started process (PID=4224) to work on /opt/airflow/dags/pricescope_pipeline.py
[2026-08-03T21:25:23.158+0000] {processor.py:914} INFO - Processing file /opt/airflow/dags/pricescope_pipeline.py for tasks to queue
[2026-08-03T21:25:23.164+0000] {logging_mixin.py:190} INFO - [2026-08-03T21:25:23.163+0000] {dagbag.py:588} INFO - Filling up the DagBag from /opt/airflow/dags/pricescope_pipeline.py
[2026-08-03T21:25:23.205+0000] {processor.py:925} INFO - DAG(s) 'pricescope_pipeline' retrieved from /opt/airflow/dags/pricescope_pipeline.py
[2026-08-03T21:25:23.236+0000] {logging_mixin.py:190} INFO - [2026-08-03T21:25:23.236+0000] {dag.py:3239} INFO - Sync 1 DAGs
[2026-08-03T21:25:23.262+0000] {logging_mixin.py:190} INFO - [2026-08-03T21:25:23.262+0000] {dag.py:4180} INFO - Setting next_dagrun for pricescope_pipeline to 2026-08-03 06:00:00+00:00, run_after=2026-08-03 18:00:00+00:00
[2026-08-03T21:25:23.283+0000] {processor.py:208} INFO - Processing /opt/airflow/dags/pricescope_pipeline.py took 0.139 seconds
[2026-08-03T21:25:53.696+0000] {processor.py:186} INFO - Started process (PID=4231) to work on /opt/airflow/dags/pricescope_pipeline.py
[2026-08-03T21:25:53.698+0000] {processor.py:914} INFO - Processing file /opt/airflow/dags/pricescope_pipeline.py for tasks to queue
[2026-08-03T21:25:53.703+0000] {logging_mixin.py:190} INFO - [2026-08-03T21:25:53.702+0000] {dagbag.py:588} INFO - Filling up the DagBag from /opt/airflow/dags/pricescope_pipeline.py
[2026-08-03T21:25:53.744+0000] {processor.py:925} INFO - DAG(s) 'pricescope_pipeline' retrieved from /opt/airflow/dags/pricescope_pipeline.py
[2026-08-03T21:25:53.778+0000] {logging_mixin.py:190} INFO - [2026-08-03T21:25:53.777+0000] {dag.py:3239} INFO - Sync 1 DAGs
[2026-08-03T21:25:53.805+0000] {logging_mixin.py:190} INFO - [2026-08-03T21:25:53.805+0000] {dag.py:4180} INFO - Setting next_dagrun for pricescope_pipeline to 2026-08-03 06:00:00+00:00, run_after=2026-08-03 18:00:00+00:00
[2026-08-03T21:25:53.860+0000] {processor.py:208} INFO - Processing /opt/airflow/dags/pricescope_pipeline.py took 0.176 seconds
[2026-08-03T21:26:24.060+0000] {processor.py:186} INFO - Started process (PID=4238) to work on /opt/airflow/dags/pricescope_pipeline.py
[2026-08-03T21:26:24.064+0000] {processor.py:914} INFO - Processing file /opt/airflow/dags/pricescope_pipeline.py for tasks to queue
[2026-08-03T21:26:24.069+0000] {logging_mixin.py:190} INFO - [2026-08-03T21:26:24.068+0000] {dagbag.py:588} INFO - Filling up the DagBag from /opt/airflow/dags/pricescope_pipeline.py
[2026-08-03T21:26:24.108+0000] {processor.py:925} INFO - DAG(s) 'pricescope_pipeline' retrieved from /opt/airflow/dags/pricescope_pipeline.py
[2026-08-03T21:26:24.138+0000] {logging_mixin.py:190} INFO - [2026-08-03T21:26:24.138+0000] {dag.py:3239} INFO - Sync 1 DAGs
[2026-08-03T21:26:24.166+0000] {logging_mixin.py:190} INFO - [2026-08-03T21:26:24.166+0000] {dag.py:4180} INFO - Setting next_dagrun for pricescope_pipeline to 2026-08-03 06:00:00+00:00, run_after=2026-08-03 18:00:00+00:00
[2026-08-03T21:26:24.216+0000] {processor.py:208} INFO - Processing /opt/airflow/dags/pricescope_pipeline.py took 0.163 seconds
[2026-08-03T21:26:54.560+0000] {processor.py:186} INFO - Started process (PID=4245) to work on /opt/airflow/dags/pricescope_pipeline.py
[2026-08-03T21:26:54.564+0000] {processor.py:914} INFO - Processing file /opt/airflow/dags/pricescope_pipeline.py for tasks to queue
[2026-08-03T21:26:54.569+0000] {logging_mixin.py:190} INFO - [2026-08-03T21:26:54.568+0000] {dagbag.py:588} INFO - Filling up the DagBag from /opt/airflow/dags/pricescope_pipeline.py
[2026-08-03T21:26:54.610+0000] {processor.py:925} INFO - DAG(s) 'pricescope_pipeline' retrieved from /opt/airflow/dags/pricescope_pipeline.py
[2026-08-03T21:26:54.642+0000] {logging_mixin.py:190} INFO - [2026-08-03T21:26:54.641+0000] {dag.py:3239} INFO - Sync 1 DAGs
[2026-08-03T21:26:54.675+0000] {logging_mixin.py:190} INFO - [2026-08-03T21:26:54.674+0000] {dag.py:4180} INFO - Setting next_dagrun for pricescope_pipeline to 2026-08-03 06:00:00+00:00, run_after=2026-08-03 18:00:00+00:00
[2026-08-03T21:26:54.706+0000] {processor.py:208} INFO - Processing /opt/airflow/dags/pricescope_pipeline.py took 0.155 seconds
[2026-08-03T21:27:24.892+0000] {processor.py:186} INFO - Started process (PID=4252) to work on /opt/airflow/dags/pricescope_pipeline.py
[2026-08-03T21:27:24.895+0000] {processor.py:914} INFO - Processing file /opt/airflow/dags/pricescope_pipeline.py for tasks to queue
[2026-08-03T21:27:24.902+0000] {logging_mixin.py:190} INFO - [2026-08-03T21:27:24.901+0000] {dagbag.py:588} INFO - Filling up the DagBag from /opt/airflow/dags/pricescope_pipeline.py
[2026-08-03T21:27:24.952+0000] {processor.py:925} INFO - DAG(s) 'pricescope_pipeline' retrieved from /opt/airflow/dags/pricescope_pipeline.py
[2026-08-03T21:27:25.005+0000] {logging_mixin.py:190} INFO - [2026-08-03T21:27:25.005+0000] {dag.py:3239} INFO - Sync 1 DAGs
[2026-08-03T21:27:25.074+0000] {logging_mixin.py:190} INFO - [2026-08-03T21:27:25.073+0000] {dag.py:4180} INFO - Setting next_dagrun for pricescope_pipeline to 2026-08-03 06:00:00+00:00, run_after=2026-08-03 18:00:00+00:00
[2026-08-03T21:27:25.121+0000] {processor.py:208} INFO - Processing /opt/airflow/dags/pricescope_pipeline.py took 0.240 seconds
[2026-08-03T21:27:55.396+0000] {processor.py:186} INFO - Started process (PID=4259) to work on /opt/airflow/dags/pricescope_pipeline.py
[2026-08-03T21:27:55.400+0000] {processor.py:914} INFO - Processing file /opt/airflow/dags/pricescope_pipeline.py for tasks to queue
[2026-08-03T21:27:55.404+0000] {logging_mixin.py:190} INFO - [2026-08-03T21:27:55.404+0000] {dagbag.py:588} INFO - Filling up the DagBag from /opt/airflow/dags/pricescope_pipeline.py
[2026-08-03T21:27:55.436+0000] {processor.py:925} INFO - DAG(s) 'pricescope_pipeline' retrieved from /opt/airflow/dags/pricescope_pipeline.py
[2026-08-03T21:27:55.469+0000] {logging_mixin.py:190} INFO - [2026-08-03T21:27:55.469+0000] {dag.py:3239} INFO - Sync 1 DAGs
[2026-08-03T21:27:55.494+0000] {logging_mixin.py:190} INFO - [2026-08-03T21:27:55.494+0000] {dag.py:4180} INFO - Setting next_dagrun for pricescope_pipeline to 2026-08-03 06:00:00+00:00, run_after=2026-08-03 18:00:00+00:00
[2026-08-03T21:27:55.549+0000] {processor.py:208} INFO - Processing /opt/airflow/dags/pricescope_pipeline.py took 0.164 seconds
[2026-08-03T21:28:25.765+0000] {processor.py:186} INFO - Started process (PID=4266) to work on /opt/airflow/dags/pricescope_pipeline.py
[2026-08-03T21:28:25.768+0000] {processor.py:914} INFO - Processing file /opt/airflow/dags/pricescope_pipeline.py for tasks to queue
[2026-08-03T21:28:25.776+0000] {logging_mixin.py:190} INFO - [2026-08-03T21:28:25.775+0000] {dagbag.py:588} INFO - Filling up the DagBag from /opt/airflow/dags/pricescope_pipeline.py
[2026-08-03T21:28:25.828+0000] {processor.py:925} INFO - DAG(s) 'pricescope_pipeline' retrieved from /opt/airflow/dags/pricescope_pipeline.py
[2026-08-03T21:28:25.862+0000] {logging_mixin.py:190} INFO - [2026-08-03T21:28:25.862+0000] {dag.py:3239} INFO - Sync 1 DAGs
[2026-08-03T21:28:25.899+0000] {logging_mixin.py:190} INFO - [2026-08-03T21:28:25.898+0000] {dag.py:4180} INFO - Setting next_dagrun for pricescope_pipeline to 2026-08-03 06:00:00+00:00, run_after=2026-08-03 18:00:00+00:00
[2026-08-03T21:28:25.924+0000] {processor.py:208} INFO - Processing /opt/airflow/dags/pricescope_pipeline.py took 0.170 seconds
[2026-08-03T21:28:56.146+0000] {processor.py:186} INFO - Started process (PID=4274) to work on /opt/airflow/dags/pricescope_pipeline.py
[2026-08-03T21:28:56.148+0000] {processor.py:914} INFO - Processing file /opt/airflow/dags/pricescope_pipeline.py for tasks to queue
[2026-08-03T21:28:56.153+0000] {logging_mixin.py:190} INFO - [2026-08-03T21:28:56.152+0000] {dagbag.py:588} INFO - Filling up the DagBag from /opt/airflow/dags/pricescope_pipeline.py
[2026-08-03T21:28:56.185+0000] {processor.py:925} INFO - DAG(s) 'pricescope_pipeline' retrieved from /opt/airflow/dags/pricescope_pipeline.py
[2026-08-03T21:28:56.221+0000] {logging_mixin.py:190} INFO - [2026-08-03T21:28:56.220+0000] {dag.py:3239} INFO - Sync 1 DAGs
[2026-08-03T21:28:56.255+0000] {logging_mixin.py:190} INFO - [2026-08-03T21:28:56.255+0000] {dag.py:4180} INFO - Setting next_dagrun for pricescope_pipeline to 2026-08-03 06:00:00+00:00, run_after=2026-08-03 18:00:00+00:00
[2026-08-03T21:28:56.302+0000] {processor.py:208} INFO - Processing /opt/airflow/dags/pricescope_pipeline.py took 0.163 seconds
[2026-08-03T21:29:26.609+0000] {processor.py:186} INFO - Started process (PID=4281) to work on /opt/airflow/dags/pricescope_pipeline.py
[2026-08-03T21:29:26.612+0000] {processor.py:914} INFO - Processing file /opt/airflow/dags/pricescope_pipeline.py for tasks to queue
[2026-08-03T21:29:26.622+0000] {logging_mixin.py:190} INFO - [2026-08-03T21:29:26.620+0000] {dagbag.py:588} INFO - Filling up the DagBag from /opt/airflow/dags/pricescope_pipeline.py
[2026-08-03T21:29:26.698+0000] {processor.py:925} INFO - DAG(s) 'pricescope_pipeline' retrieved from /opt/airflow/dags/pricescope_pipeline.py
[2026-08-03T21:29:26.781+0000] {logging_mixin.py:190} INFO - [2026-08-03T21:29:26.780+0000] {dag.py:3239} INFO - Sync 1 DAGs
[2026-08-03T21:29:26.870+0000] {logging_mixin.py:190} INFO - [2026-08-03T21:29:26.870+0000] {dag.py:4180} INFO - Setting next_dagrun for pricescope_pipeline to 2026-08-03 06:00:00+00:00, run_after=2026-08-03 18:00:00+00:00
[2026-08-03T21:29:26.925+0000] {processor.py:208} INFO - Processing /opt/airflow/dags/pricescope_pipeline.py took 0.336 seconds
[2026-08-03T21:29:57.302+0000] {processor.py:186} INFO - Started process (PID=4288) to work on /opt/airflow/dags/pricescope_pipeline.py
[2026-08-03T21:29:57.305+0000] {processor.py:914} INFO - Processing file /opt/airflow/dags/pricescope_pipeline.py for tasks to queue
[2026-08-03T21:29:57.310+0000] {logging_mixin.py:190} INFO - [2026-08-03T21:29:57.310+0000] {dagbag.py:588} INFO - Filling up the DagBag from /opt/airflow/dags/pricescope_pipeline.py
[2026-08-03T21:29:57.353+0000] {processor.py:925} INFO - DAG(s) 'pricescope_pipeline' retrieved from /opt/airflow/dags/pricescope_pipeline.py
[2026-08-03T21:29:57.399+0000] {logging_mixin.py:190} INFO - [2026-08-03T21:29:57.398+0000] {dag.py:3239} INFO - Sync 1 DAGs
[2026-08-03T21:29:57.450+0000] {logging_mixin.py:190} INFO - [2026-08-03T21:29:57.450+0000] {dag.py:4180} INFO - Setting next_dagrun for pricescope_pipeline to 2026-08-03 06:00:00+00:00, run_after=2026-08-03 18:00:00+00:00
[2026-08-03T21:29:57.506+0000] {processor.py:208} INFO - Processing /opt/airflow/dags/pricescope_pipeline.py took 0.217 seconds
[2026-08-03T21:30:27.640+0000] {processor.py:186} INFO - Started process (PID=4295) to work on /opt/airflow/dags/pricescope_pipeline.py
[2026-08-03T21:30:27.644+0000] {processor.py:914} INFO - Processing file /opt/airflow/dags/pricescope_pipeline.py for tasks to queue
[2026-08-03T21:30:27.654+0000] {logging_mixin.py:190} INFO - [2026-08-03T21:30:27.653+0000] {dagbag.py:588} INFO - Filling up the DagBag from /opt/airflow/dags/pricescope_pipeline.py
[2026-08-03T21:30:27.719+0000] {processor.py:925} INFO - DAG(s) 'pricescope_pipeline' retrieved from /opt/airflow/dags/pricescope_pipeline.py
[2026-08-03T21:30:27.779+0000] {logging_mixin.py:190} INFO - [2026-08-03T21:30:27.779+0000] {dag.py:3239} INFO - Sync 1 DAGs
[2026-08-03T21:30:27.841+0000] {logging_mixin.py:190} INFO - [2026-08-03T21:30:27.840+0000] {dag.py:4180} INFO - Setting next_dagrun for pricescope_pipeline to 2026-08-03 06:00:00+00:00, run_after=2026-08-03 18:00:00+00:00
[2026-08-03T21:30:27.904+0000] {processor.py:208} INFO - Processing /opt/airflow/dags/pricescope_pipeline.py took 0.280 seconds
[2026-08-03T21:30:58.097+0000] {processor.py:186} INFO - Started process (PID=4302) to work on /opt/airflow/dags/pricescope_pipeline.py
[2026-08-03T21:30:58.099+0000] {processor.py:914} INFO - Processing file /opt/airflow/dags/pricescope_pipeline.py for tasks to queue
[2026-08-03T21:30:58.103+0000] {logging_mixin.py:190} INFO - [2026-08-03T21:30:58.103+0000] {dagbag.py:588} INFO - Filling up the DagBag from /opt/airflow/dags/pricescope_pipeline.py
[2026-08-03T21:30:58.132+0000] {processor.py:925} INFO - DAG(s) 'pricescope_pipeline' retrieved from /opt/airflow/dags/pricescope_pipeline.py
[2026-08-03T21:30:58.162+0000] {logging_mixin.py:190} INFO - [2026-08-03T21:30:58.162+0000] {dag.py:3239} INFO - Sync 1 DAGs
[2026-08-03T21:30:58.190+0000] {logging_mixin.py:190} INFO - [2026-08-03T21:30:58.190+0000] {dag.py:4180} INFO - Setting next_dagrun for pricescope_pipeline to 2026-08-03 06:00:00+00:00, run_after=2026-08-03 18:00:00+00:00
[2026-08-03T21:30:58.216+0000] {processor.py:208} INFO - Processing /opt/airflow/dags/pricescope_pipeline.py took 0.128 seconds
[2026-08-03T21:31:28.518+0000] {processor.py:186} INFO - Started process (PID=4309) to work on /opt/airflow/dags/pricescope_pipeline.py
[2026-08-03T21:31:28.520+0000] {processor.py:914} INFO - Processing file /opt/airflow/dags/pricescope_pipeline.py for tasks to queue
[2026-08-03T21:31:28.525+0000] {logging_mixin.py:190} INFO - [2026-08-03T21:31:28.523+0000] {dagbag.py:588} INFO - Filling up the DagBag from /opt/airflow/dags/pricescope_pipeline.py
[2026-08-03T21:31:28.562+0000] {processor.py:925} INFO - DAG(s) 'pricescope_pipeline' retrieved from /opt/airflow/dags/pricescope_pipeline.py
[2026-08-03T21:31:28.594+0000] {logging_mixin.py:190} INFO - [2026-08-03T21:31:28.594+0000] {dag.py:3239} INFO - Sync 1 DAGs
[2026-08-03T21:31:28.620+0000] {logging_mixin.py:190} INFO - [2026-08-03T21:31:28.620+0000] {dag.py:4180} INFO - Setting next_dagrun for pricescope_pipeline to 2026-08-03 06:00:00+00:00, run_after=2026-08-03 18:00:00+00:00
[2026-08-03T21:31:28.644+0000] {processor.py:208} INFO - Processing /opt/airflow/dags/pricescope_pipeline.py took 0.134 seconds
[2026-08-03T21:31:58.830+0000] {processor.py:186} INFO - Started process (PID=4316) to work on /opt/airflow/dags/pricescope_pipeline.py
[2026-08-03T21:31:58.832+0000] {processor.py:914} INFO - Processing file /opt/airflow/dags/pricescope_pipeline.py for tasks to queue
[2026-08-03T21:31:58.836+0000] {logging_mixin.py:190} INFO - [2026-08-03T21:31:58.835+0000] {dagbag.py:588} INFO - Filling up the DagBag from /opt/airflow/dags/pricescope_pipeline.py
[2026-08-03T21:31:58.872+0000] {processor.py:925} INFO - DAG(s) 'pricescope_pipeline' retrieved from /opt/airflow/dags/pricescope_pipeline.py
[2026-08-03T21:31:58.905+0000] {logging_mixin.py:190} INFO - [2026-08-03T21:31:58.904+0000] {dag.py:3239} INFO - Sync 1 DAGs
[2026-08-03T21:31:58.934+0000] {logging_mixin.py:190} INFO - [2026-08-03T21:31:58.934+0000] {dag.py:4180} INFO - Setting next_dagrun for pricescope_pipeline to 2026-08-03 06:00:00+00:00, run_after=2026-08-03 18:00:00+00:00
[2026-08-03T21:31:58.966+0000] {processor.py:208} INFO - Processing /opt/airflow/dags/pricescope_pipeline.py took 0.143 seconds
[2026-08-03T21:32:29.236+0000] {processor.py:186} INFO - Started process (PID=4323) to work on /opt/airflow/dags/pricescope_pipeline.py
[2026-08-03T21:32:29.238+0000] {processor.py:914} INFO - Processing file /opt/airflow/dags/pricescope_pipeline.py for tasks to queue
[2026-08-03T21:32:29.243+0000] {logging_mixin.py:190} INFO - [2026-08-03T21:32:29.242+0000] {dagbag.py:588} INFO - Filling up the DagBag from /opt/airflow/dags/pricescope_pipeline.py
[2026-08-03T21:32:29.275+0000] {processor.py:925} INFO - DAG(s) 'pricescope_pipeline' retrieved from /opt/airflow/dags/pricescope_pipeline.py
[2026-08-03T21:32:29.305+0000] {logging_mixin.py:190} INFO - [2026-08-03T21:32:29.304+0000] {dag.py:3239} INFO - Sync 1 DAGs
[2026-08-03T21:32:29.339+0000] {logging_mixin.py:190} INFO - [2026-08-03T21:32:29.338+0000] {dag.py:4180} INFO - Setting next_dagrun for pricescope_pipeline to 2026-08-03 06:00:00+00:00, run_after=2026-08-03 18:00:00+00:00
[2026-08-03T21:32:29.385+0000] {processor.py:208} INFO - Processing /opt/airflow/dags/pricescope_pipeline.py took 0.159 seconds
[2026-08-03T21:32:59.567+0000] {processor.py:186} INFO - Started process (PID=4330) to work on /opt/airflow/dags/pricescope_pipeline.py
[2026-08-03T21:32:59.570+0000] {processor.py:914} INFO - Processing file /opt/airflow/dags/pricescope_pipeline.py for tasks to queue
[2026-08-03T21:32:59.574+0000] {logging_mixin.py:190} INFO - [2026-08-03T21:32:59.574+0000] {dagbag.py:588} INFO - Filling up the DagBag from /opt/airflow/dags/pricescope_pipeline.py
[2026-08-03T21:32:59.612+0000] {processor.py:925} INFO - DAG(s) 'pricescope_pipeline' retrieved from /opt/airflow/dags/pricescope_pipeline.py
[2026-08-03T21:32:59.646+0000] {logging_mixin.py:190} INFO - [2026-08-03T21:32:59.645+0000] {dag.py:3239} INFO - Sync 1 DAGs
[2026-08-03T21:32:59.675+0000] {logging_mixin.py:190} INFO - [2026-08-03T21:32:59.675+0000] {dag.py:4180} INFO - Setting next_dagrun for pricescope_pipeline to 2026-08-03 06:00:00+00:00, run_after=2026-08-03 18:00:00+00:00
[2026-08-03T21:32:59.725+0000] {processor.py:208} INFO - Processing /opt/airflow/dags/pricescope_pipeline.py took 0.166 seconds
[2026-08-03T21:33:29.983+0000] {processor.py:186} INFO - Started process (PID=4337) to work on /opt/airflow/dags/pricescope_pipeline.py
[2026-08-03T21:33:29.985+0000] {processor.py:914} INFO - Processing file /opt/airflow/dags/pricescope_pipeline.py for tasks to queue
[2026-08-03T21:33:29.993+0000] {logging_mixin.py:190} INFO - [2026-08-03T21:33:29.993+0000] {dagbag.py:588} INFO - Filling up the DagBag from /opt/airflow/dags/pricescope_pipeline.py
[2026-08-03T21:33:30.030+0000] {processor.py:925} INFO - DAG(s) 'pricescope_pipeline' retrieved from /opt/airflow/dags/pricescope_pipeline.py
[2026-08-03T21:33:30.067+0000] {logging_mixin.py:190} INFO - [2026-08-03T21:33:30.067+0000] {dag.py:3239} INFO - Sync 1 DAGs
[2026-08-03T21:33:30.097+0000] {logging_mixin.py:190} INFO - [2026-08-03T21:33:30.097+0000] {dag.py:4180} INFO - Setting next_dagrun for pricescope_pipeline to 2026-08-03 06:00:00+00:00, run_after=2026-08-03 18:00:00+00:00
[2026-08-03T21:33:30.123+0000] {processor.py:208} INFO - Processing /opt/airflow/dags/pricescope_pipeline.py took 0.149 seconds
[2026-08-03T21:34:00.326+0000] {processor.py:186} INFO - Started process (PID=4344) to work on /opt/airflow/dags/pricescope_pipeline.py
[2026-08-03T21:34:00.329+0000] {processor.py:914} INFO - Processing file /opt/airflow/dags/pricescope_pipeline.py for tasks to queue
[2026-08-03T21:34:00.335+0000] {logging_mixin.py:190} INFO - [2026-08-03T21:34:00.334+0000] {dagbag.py:588} INFO - Filling up the DagBag from /opt/airflow/dags/pricescope_pipeline.py
[2026-08-03T21:34:00.380+0000] {processor.py:925} INFO - DAG(s) 'pricescope_pipeline' retrieved from /opt/airflow/dags/pricescope_pipeline.py
[2026-08-03T21:34:00.433+0000] {logging_mixin.py:190} INFO - [2026-08-03T21:34:00.432+0000] {dag.py:3239} INFO - Sync 1 DAGs
[2026-08-03T21:34:00.480+0000] {logging_mixin.py:190} INFO - [2026-08-03T21:34:00.479+0000] {dag.py:4180} INFO - Setting next_dagrun for pricescope_pipeline to 2026-08-03 06:00:00+00:00, run_after=2026-08-03 18:00:00+00:00
[2026-08-03T21:34:00.521+0000] {processor.py:208} INFO - Processing /opt/airflow/dags/pricescope_pipeline.py took 0.214 seconds
[2026-08-03T21:34:30.759+0000] {processor.py:186} INFO - Started process (PID=4351) to work on /opt/airflow/dags/pricescope_pipeline.py
[2026-08-03T21:34:30.761+0000] {processor.py:914} INFO - Processing file /opt/airflow/dags/pricescope_pipeline.py for tasks to queue
[2026-08-03T21:34:30.765+0000] {logging_mixin.py:190} INFO - [2026-08-03T21:34:30.765+0000] {dagbag.py:588} INFO - Filling up the DagBag from /opt/airflow/dags/pricescope_pipeline.py
[2026-08-03T21:34:30.802+0000] {processor.py:925} INFO - DAG(s) 'pricescope_pipeline' retrieved from /opt/airflow/dags/pricescope_pipeline.py
[2026-08-03T21:34:30.840+0000] {logging_mixin.py:190} INFO - [2026-08-03T21:34:30.839+0000] {dag.py:3239} INFO - Sync 1 DAGs
[2026-08-03T21:34:30.876+0000] {logging_mixin.py:190} INFO - [2026-08-03T21:34:30.875+0000] {dag.py:4180} INFO - Setting next_dagrun for pricescope_pipeline to 2026-08-03 06:00:00+00:00, run_after=2026-08-03 18:00:00+00:00
[2026-08-03T21:34:30.906+0000] {processor.py:208} INFO - Processing /opt/airflow/dags/pricescope_pipeline.py took 0.155 seconds
[2026-08-03T21:35:01.153+0000] {processor.py:186} INFO - Started process (PID=4358) to work on /opt/airflow/dags/pricescope_pipeline.py
[2026-08-03T21:35:01.155+0000] {processor.py:914} INFO - Processing file /opt/airflow/dags/pricescope_pipeline.py for tasks to queue
[2026-08-03T21:35:01.160+0000] {logging_mixin.py:190} INFO - [2026-08-03T21:35:01.159+0000] {dagbag.py:588} INFO - Filling up the DagBag from /opt/airflow/dags/pricescope_pipeline.py
[2026-08-03T21:35:01.200+0000] {processor.py:925} INFO - DAG(s) 'pricescope_pipeline' retrieved from /opt/airflow/dags/pricescope_pipeline.py
[2026-08-03T21:35:01.244+0000] {logging_mixin.py:190} INFO - [2026-08-03T21:35:01.244+0000] {dag.py:3239} INFO - Sync 1 DAGs
[2026-08-03T21:35:01.283+0000] {logging_mixin.py:190} INFO - [2026-08-03T21:35:01.282+0000] {dag.py:4180} INFO - Setting next_dagrun for pricescope_pipeline to 2026-08-03 06:00:00+00:00, run_after=2026-08-03 18:00:00+00:00
[2026-08-03T21:35:01.313+0000] {processor.py:208} INFO - Processing /opt/airflow/dags/pricescope_pipeline.py took 0.172 seconds
[2026-08-03T21:35:31.572+0000] {processor.py:186} INFO - Started process (PID=4365) to work on /opt/airflow/dags/pricescope_pipeline.py
[2026-08-03T21:35:31.574+0000] {processor.py:914} INFO - Processing file /opt/airflow/dags/pricescope_pipeline.py for tasks to queue
[2026-08-03T21:35:31.577+0000] {logging_mixin.py:190} INFO - [2026-08-03T21:35:31.577+0000] {dagbag.py:588} INFO - Filling up the DagBag from /opt/airflow/dags/pricescope_pipeline.py
[2026-08-03T21:35:31.603+0000] {processor.py:925} INFO - DAG(s) 'pricescope_pipeline' retrieved from /opt/airflow/dags/pricescope_pipeline.py
[2026-08-03T21:35:31.628+0000] {logging_mixin.py:190} INFO - [2026-08-03T21:35:31.627+0000] {dag.py:3239} INFO - Sync 1 DAGs
[2026-08-03T21:35:31.648+0000] {logging_mixin.py:190} INFO - [2026-08-03T21:35:31.648+0000] {dag.py:4180} INFO - Setting next_dagrun for pricescope_pipeline to 2026-08-03 06:00:00+00:00, run_after=2026-08-03 18:00:00+00:00
[2026-08-03T21:35:31.670+0000] {processor.py:208} INFO - Processing /opt/airflow/dags/pricescope_pipeline.py took 0.103 seconds
[2026-08-03T21:36:02.133+0000] {processor.py:186} INFO - Started process (PID=4372) to work on /opt/airflow/dags/pricescope_pipeline.py
[2026-08-03T21:36:02.136+0000] {processor.py:914} INFO - Processing file /opt/airflow/dags/pricescope_pipeline.py for tasks to queue
[2026-08-03T21:36:02.141+0000] {logging_mixin.py:190} INFO - [2026-08-03T21:36:02.140+0000] {dagbag.py:588} INFO - Filling up the DagBag from /opt/airflow/dags/pricescope_pipeline.py
[2026-08-03T21:36:02.196+0000] {processor.py:925} INFO - DAG(s) 'pricescope_pipeline' retrieved from /opt/airflow/dags/pricescope_pipeline.py
[2026-08-03T21:36:02.244+0000] {logging_mixin.py:190} INFO - [2026-08-03T21:36:02.243+0000] {dag.py:3239} INFO - Sync 1 DAGs
[2026-08-03T21:36:02.296+0000] {logging_mixin.py:190} INFO - [2026-08-03T21:36:02.296+0000] {dag.py:4180} INFO - Setting next_dagrun for pricescope_pipeline to 2026-08-03 06:00:00+00:00, run_after=2026-08-03 18:00:00+00:00
[2026-08-03T21:36:02.369+0000] {processor.py:208} INFO - Processing /opt/airflow/dags/pricescope_pipeline.py took 0.245 seconds
[2026-08-03T21:36:32.561+0000] {processor.py:186} INFO - Started process (PID=4379) to work on /opt/airflow/dags/pricescope_pipeline.py
[2026-08-03T21:36:32.565+0000] {processor.py:914} INFO - Processing file /opt/airflow/dags/pricescope_pipeline.py for tasks to queue
[2026-08-03T21:36:32.573+0000] {logging_mixin.py:190} INFO - [2026-08-03T21:36:32.572+0000] {dagbag.py:588} INFO - Filling up the DagBag from /opt/airflow/dags/pricescope_pipeline.py
[2026-08-03T21:36:32.641+0000] {processor.py:925} INFO - DAG(s) 'pricescope_pipeline' retrieved from /opt/airflow/dags/pricescope_pipeline.py
[2026-08-03T21:36:32.671+0000] {logging_mixin.py:190} INFO - [2026-08-03T21:36:32.670+0000] {dag.py:3239} INFO - Sync 1 DAGs
[2026-08-03T21:36:32.698+0000] {logging_mixin.py:190} INFO - [2026-08-03T21:36:32.698+0000] {dag.py:4180} INFO - Setting next_dagrun for pricescope_pipeline to 2026-08-03 06:00:00+00:00, run_after=2026-08-03 18:00:00+00:00
[2026-08-03T21:36:32.753+0000] {processor.py:208} INFO - Processing /opt/airflow/dags/pricescope_pipeline.py took 0.204 seconds
[2026-08-03T21:37:03.151+0000] {processor.py:186} INFO - Started process (PID=4386) to work on /opt/airflow/dags/pricescope_pipeline.py
[2026-08-03T21:37:03.154+0000] {processor.py:914} INFO - Processing file /opt/airflow/dags/pricescope_pipeline.py for tasks to queue
[2026-08-03T21:37:03.163+0000] {logging_mixin.py:190} INFO - [2026-08-03T21:37:03.162+0000] {dagbag.py:588} INFO - Filling up the DagBag from /opt/airflow/dags/pricescope_pipeline.py
[2026-08-03T21:37:03.206+0000] {processor.py:925} INFO - DAG(s) 'pricescope_pipeline' retrieved from /opt/airflow/dags/pricescope_pipeline.py
[2026-08-03T21:37:03.243+0000] {logging_mixin.py:190} INFO - [2026-08-03T21:37:03.242+0000] {dag.py:3239} INFO - Sync 1 DAGs
[2026-08-03T21:37:03.297+0000] {logging_mixin.py:190} INFO - [2026-08-03T21:37:03.297+0000] {dag.py:4180} INFO - Setting next_dagrun for pricescope_pipeline to 2026-08-03 06:00:00+00:00, run_after=2026-08-03 18:00:00+00:00
[2026-08-03T21:37:03.359+0000] {processor.py:208} INFO - Processing /opt/airflow/dags/pricescope_pipeline.py took 0.222 seconds
[2026-08-03T21:37:33.455+0000] {processor.py:186} INFO - Started process (PID=4393) to work on /opt/airflow/dags/pricescope_pipeline.py
[2026-08-03T21:37:33.458+0000] {processor.py:914} INFO - Processing file /opt/airflow/dags/pricescope_pipeline.py for tasks to queue
[2026-08-03T21:37:33.463+0000] {logging_mixin.py:190} INFO - [2026-08-03T21:37:33.463+0000] {dagbag.py:588} INFO - Filling up the DagBag from /opt/airflow/dags/pricescope_pipeline.py
[2026-08-03T21:37:33.503+0000] {processor.py:925} INFO - DAG(s) 'pricescope_pipeline' retrieved from /opt/airflow/dags/pricescope_pipeline.py
[2026-08-03T21:37:33.542+0000] {logging_mixin.py:190} INFO - [2026-08-03T21:37:33.542+0000] {dag.py:3239} INFO - Sync 1 DAGs
[2026-08-03T21:37:33.589+0000] {logging_mixin.py:190} INFO - [2026-08-03T21:37:33.589+0000] {dag.py:4180} INFO - Setting next_dagrun for pricescope_pipeline to 2026-08-03 06:00:00+00:00, run_after=2026-08-03 18:00:00+00:00
[2026-08-03T21:37:33.622+0000] {processor.py:208} INFO - Processing /opt/airflow/dags/pricescope_pipeline.py took 0.175 seconds
[2026-08-03T21:38:03.742+0000] {processor.py:186} INFO - Started process (PID=4400) to work on /opt/airflow/dags/pricescope_pipeline.py
[2026-08-03T21:38:03.744+0000] {processor.py:914} INFO - Processing file /opt/airflow/dags/pricescope_pipeline.py for tasks to queue
[2026-08-03T21:38:03.747+0000] {logging_mixin.py:190} INFO - [2026-08-03T21:38:03.747+0000] {dagbag.py:588} INFO - Filling up the DagBag from /opt/airflow/dags/pricescope_pipeline.py
[2026-08-03T21:38:03.783+0000] {processor.py:925} INFO - DAG(s) 'pricescope_pipeline' retrieved from /opt/airflow/dags/pricescope_pipeline.py
[2026-08-03T21:38:03.809+0000] {logging_mixin.py:190} INFO - [2026-08-03T21:38:03.809+0000] {dag.py:3239} INFO - Sync 1 DAGs
[2026-08-03T21:38:03.836+0000] {logging_mixin.py:190} INFO - [2026-08-03T21:38:03.836+0000] {dag.py:4180} INFO - Setting next_dagrun for pricescope_pipeline to 2026-08-03 06:00:00+00:00, run_after=2026-08-03 18:00:00+00:00
[2026-08-03T21:38:03.888+0000] {processor.py:208} INFO - Processing /opt/airflow/dags/pricescope_pipeline.py took 0.154 seconds
[2026-08-03T21:38:34.309+0000] {processor.py:186} INFO - Started process (PID=4408) to work on /opt/airflow/dags/pricescope_pipeline.py
[2026-08-03T21:38:34.315+0000] {processor.py:914} INFO - Processing file /opt/airflow/dags/pricescope_pipeline.py for tasks to queue
[2026-08-03T21:38:34.321+0000] {logging_mixin.py:190} INFO - [2026-08-03T21:38:34.320+0000] {dagbag.py:588} INFO - Filling up the DagBag from /opt/airflow/dags/pricescope_pipeline.py
[2026-08-03T21:38:34.374+0000] {processor.py:925} INFO - DAG(s) 'pricescope_pipeline' retrieved from /opt/airflow/dags/pricescope_pipeline.py
[2026-08-03T21:38:34.420+0000] {logging_mixin.py:190} INFO - [2026-08-03T21:38:34.419+0000] {dag.py:3239} INFO - Sync 1 DAGs
[2026-08-03T21:38:34.468+0000] {logging_mixin.py:190} INFO - [2026-08-03T21:38:34.468+0000] {dag.py:4180} INFO - Setting next_dagrun for pricescope_pipeline to 2026-08-03 06:00:00+00:00, run_after=2026-08-03 18:00:00+00:00
[2026-08-03T21:38:34.506+0000] {processor.py:208} INFO - Processing /opt/airflow/dags/pricescope_pipeline.py took 0.209 seconds
[2026-08-03T21:39:04.664+0000] {processor.py:186} INFO - Started process (PID=4415) to work on /opt/airflow/dags/pricescope_pipeline.py
[2026-08-03T21:39:04.667+0000] {processor.py:914} INFO - Processing file /opt/airflow/dags/pricescope_pipeline.py for tasks to queue
[2026-08-03T21:39:04.673+0000] {logging_mixin.py:190} INFO - [2026-08-03T21:39:04.673+0000] {dagbag.py:588} INFO - Filling up the DagBag from /opt/airflow/dags/pricescope_pipeline.py
[2026-08-03T21:39:04.724+0000] {processor.py:925} INFO - DAG(s) 'pricescope_pipeline' retrieved from /opt/airflow/dags/pricescope_pipeline.py
[2026-08-03T21:39:04.785+0000] {logging_mixin.py:190} INFO - [2026-08-03T21:39:04.785+0000] {dag.py:3239} INFO - Sync 1 DAGs
[2026-08-03T21:39:04.818+0000] {logging_mixin.py:190} INFO - [2026-08-03T21:39:04.817+0000] {dag.py:4180} INFO - Setting next_dagrun for pricescope_pipeline to 2026-08-03 06:00:00+00:00, run_after=2026-08-03 18:00:00+00:00
[2026-08-03T21:39:04.846+0000] {processor.py:208} INFO - Processing /opt/airflow/dags/pricescope_pipeline.py took 0.195 seconds
[2026-08-03T21:39:35.122+0000] {processor.py:186} INFO - Started process (PID=4422) to work on /opt/airflow/dags/pricescope_pipeline.py
[2026-08-03T21:39:35.125+0000] {processor.py:914} INFO - Processing file /opt/airflow/dags/pricescope_pipeline.py for tasks to queue
[2026-08-03T21:39:35.131+0000] {logging_mixin.py:190} INFO - [2026-08-03T21:39:35.130+0000] {dagbag.py:588} INFO - Filling up the DagBag from /opt/airflow/dags/pricescope_pipeline.py
[2026-08-03T21:39:35.172+0000] {processor.py:925} INFO - DAG(s) 'pricescope_pipeline' retrieved from /opt/airflow/dags/pricescope_pipeline.py
[2026-08-03T21:39:35.215+0000] {logging_mixin.py:190} INFO - [2026-08-03T21:39:35.215+0000] {dag.py:3239} INFO - Sync 1 DAGs
[2026-08-03T21:39:35.262+0000] {logging_mixin.py:190} INFO - [2026-08-03T21:39:35.262+0000] {dag.py:4180} INFO - Setting next_dagrun for pricescope_pipeline to 2026-08-03 06:00:00+00:00, run_after=2026-08-03 18:00:00+00:00
[2026-08-03T21:39:35.307+0000] {processor.py:208} INFO - Processing /opt/airflow/dags/pricescope_pipeline.py took 0.198 seconds
[2026-08-03T21:40:05.475+0000] {processor.py:186} INFO - Started process (PID=4429) to work on /opt/airflow/dags/pricescope_pipeline.py
[2026-08-03T21:40:05.477+0000] {processor.py:914} INFO - Processing file /opt/airflow/dags/pricescope_pipeline.py for tasks to queue
[2026-08-03T21:40:05.482+0000] {logging_mixin.py:190} INFO - [2026-08-03T21:40:05.482+0000] {dagbag.py:588} INFO - Filling up the DagBag from /opt/airflow/dags/pricescope_pipeline.py
[2026-08-03T21:40:05.522+0000] {processor.py:925} INFO - DAG(s) 'pricescope_pipeline' retrieved from /opt/airflow/dags/pricescope_pipeline.py
[2026-08-03T21:40:05.562+0000] {logging_mixin.py:190} INFO - [2026-08-03T21:40:05.561+0000] {dag.py:3239} INFO - Sync 1 DAGs
[2026-08-03T21:40:05.592+0000] {logging_mixin.py:190} INFO - [2026-08-03T21:40:05.591+0000] {dag.py:4180} INFO - Setting next_dagrun for pricescope_pipeline to 2026-08-03 06:00:00+00:00, run_after=2026-08-03 18:00:00+00:00
[2026-08-03T21:40:05.624+0000] {processor.py:208} INFO - Processing /opt/airflow/dags/pricescope_pipeline.py took 0.156 seconds
[2026-08-03T21:40:25.876+0000] {processor.py:186} INFO - Started process (PID=4436) to work on /opt/airflow/dags/pricescope_pipeline.py
[2026-08-03T21:40:25.878+0000] {processor.py:914} INFO - Processing file /opt/airflow/dags/pricescope_pipeline.py for tasks to queue
[2026-08-03T21:40:25.885+0000] {logging_mixin.py:190} INFO - [2026-08-03T21:40:25.885+0000] {dagbag.py:588} INFO - Filling up the DagBag from /opt/airflow/dags/pricescope_pipeline.py
[2026-08-03T21:40:25.951+0000] {processor.py:925} INFO - DAG(s) 'pricescope_pipeline' retrieved from /opt/airflow/dags/pricescope_pipeline.py
[2026-08-03T21:40:26.743+0000] {logging_mixin.py:190} INFO - [2026-08-03T21:40:26.742+0000] {dag.py:3239} INFO - Sync 1 DAGs
[2026-08-03T21:40:26.769+0000] {logging_mixin.py:190} INFO - [2026-08-03T21:40:26.769+0000] {dag.py:4180} INFO - Setting next_dagrun for pricescope_pipeline to 2026-08-03 06:00:00+00:00, run_after=2026-08-03 18:00:00+00:00
[2026-08-03T21:40:26.807+0000] {processor.py:208} INFO - Processing /opt/airflow/dags/pricescope_pipeline.py took 0.939 seconds
[2026-08-03T21:40:57.233+0000] {processor.py:186} INFO - Started process (PID=4443) to work on /opt/airflow/dags/pricescope_pipeline.py
[2026-08-03T21:40:57.240+0000] {processor.py:914} INFO - Processing file /opt/airflow/dags/pricescope_pipeline.py for tasks to queue
[2026-08-03T21:40:57.246+0000] {logging_mixin.py:190} INFO - [2026-08-03T21:40:57.245+0000] {dagbag.py:588} INFO - Filling up the DagBag from /opt/airflow/dags/pricescope_pipeline.py
[2026-08-03T21:40:57.283+0000] {processor.py:925} INFO - DAG(s) 'pricescope_pipeline' retrieved from /opt/airflow/dags/pricescope_pipeline.py
[2026-08-03T21:40:57.315+0000] {logging_mixin.py:190} INFO - [2026-08-03T21:40:57.315+0000] {dag.py:3239} INFO - Sync 1 DAGs
[2026-08-03T21:40:57.348+0000] {logging_mixin.py:190} INFO - [2026-08-03T21:40:57.348+0000] {dag.py:4180} INFO - Setting next_dagrun for pricescope_pipeline to 2026-08-03 06:00:00+00:00, run_after=2026-08-03 18:00:00+00:00
[2026-08-03T21:40:57.373+0000] {processor.py:208} INFO - Processing /opt/airflow/dags/pricescope_pipeline.py took 0.149 seconds
[2026-08-03T21:41:27.596+0000] {processor.py:186} INFO - Started process (PID=4450) to work on /opt/airflow/dags/pricescope_pipeline.py
[2026-08-03T21:41:27.599+0000] {processor.py:914} INFO - Processing file /opt/airflow/dags/pricescope_pipeline.py for tasks to queue
[2026-08-03T21:41:27.604+0000] {logging_mixin.py:190} INFO - [2026-08-03T21:41:27.603+0000] {dagbag.py:588} INFO - Filling up the DagBag from /opt/airflow/dags/pricescope_pipeline.py
[2026-08-03T21:41:27.644+0000] {processor.py:925} INFO - DAG(s) 'pricescope_pipeline' retrieved from /opt/airflow/dags/pricescope_pipeline.py
[2026-08-03T21:41:27.673+0000] {logging_mixin.py:190} INFO - [2026-08-03T21:41:27.673+0000] {dag.py:3239} INFO - Sync 1 DAGs
[2026-08-03T21:41:27.703+0000] {logging_mixin.py:190} INFO - [2026-08-03T21:41:27.702+0000] {dag.py:4180} INFO - Setting next_dagrun for pricescope_pipeline to 2026-08-03 06:00:00+00:00, run_after=2026-08-03 18:00:00+00:00
[2026-08-03T21:41:27.755+0000] {processor.py:208} INFO - Processing /opt/airflow/dags/pricescope_pipeline.py took 0.168 seconds
[2026-08-03T21:41:38.902+0000] {processor.py:186} INFO - Started process (PID=4451) to work on /opt/airflow/dags/pricescope_pipeline.py
[2026-08-03T21:41:38.905+0000] {processor.py:914} INFO - Processing file /opt/airflow/dags/pricescope_pipeline.py for tasks to queue
[2026-08-03T21:41:38.911+0000] {logging_mixin.py:190} INFO - [2026-08-03T21:41:38.910+0000] {dagbag.py:588} INFO - Filling up the DagBag from /opt/airflow/dags/pricescope_pipeline.py
[2026-08-03T21:41:38.959+0000] {processor.py:925} INFO - DAG(s) 'pricescope_pipeline' retrieved from /opt/airflow/dags/pricescope_pipeline.py
[2026-08-03T21:41:39.105+0000] {logging_mixin.py:190} INFO - [2026-08-03T21:41:39.105+0000] {dag.py:3239} INFO - Sync 1 DAGs
[2026-08-03T21:41:39.139+0000] {logging_mixin.py:190} INFO - [2026-08-03T21:41:39.139+0000] {dag.py:4180} INFO - Setting next_dagrun for pricescope_pipeline to 2026-08-03 06:00:00+00:00, run_after=2026-08-03 18:00:00+00:00
[2026-08-03T21:41:39.170+0000] {processor.py:208} INFO - Processing /opt/airflow/dags/pricescope_pipeline.py took 0.276 seconds
[2026-08-03T21:42:09.487+0000] {processor.py:186} INFO - Started process (PID=4458) to work on /opt/airflow/dags/pricescope_pipeline.py
[2026-08-03T21:42:09.489+0000] {processor.py:914} INFO - Processing file /opt/airflow/dags/pricescope_pipeline.py for tasks to queue
[2026-08-03T21:42:09.493+0000] {logging_mixin.py:190} INFO - [2026-08-03T21:42:09.492+0000] {dagbag.py:588} INFO - Filling up the DagBag from /opt/airflow/dags/pricescope_pipeline.py
[2026-08-03T21:42:09.527+0000] {processor.py:925} INFO - DAG(s) 'pricescope_pipeline' retrieved from /opt/airflow/dags/pricescope_pipeline.py
[2026-08-03T21:42:09.555+0000] {logging_mixin.py:190} INFO - [2026-08-03T21:42:09.555+0000] {dag.py:3239} INFO - Sync 1 DAGs
[2026-08-03T21:42:09.586+0000] {logging_mixin.py:190} INFO - [2026-08-03T21:42:09.586+0000] {dag.py:4180} INFO - Setting next_dagrun for pricescope_pipeline to 2026-08-03 06:00:00+00:00, run_after=2026-08-03 18:00:00+00:00
[2026-08-03T21:42:09.615+0000] {processor.py:208} INFO - Processing /opt/airflow/dags/pricescope_pipeline.py took 0.135 seconds
[2026-08-03T21:42:39.794+0000] {processor.py:186} INFO - Started process (PID=4465) to work on /opt/airflow/dags/pricescope_pipeline.py
[2026-08-03T21:42:39.797+0000] {processor.py:914} INFO - Processing file /opt/airflow/dags/pricescope_pipeline.py for tasks to queue
[2026-08-03T21:42:39.803+0000] {logging_mixin.py:190} INFO - [2026-08-03T21:42:39.802+0000] {dagbag.py:588} INFO - Filling up the DagBag from /opt/airflow/dags/pricescope_pipeline.py
[2026-08-03T21:42:39.851+0000] {processor.py:925} INFO - DAG(s) 'pricescope_pipeline' retrieved from /opt/airflow/dags/pricescope_pipeline.py
[2026-08-03T21:42:39.885+0000] {logging_mixin.py:190} INFO - [2026-08-03T21:42:39.885+0000] {dag.py:3239} INFO - Sync 1 DAGs
[2026-08-03T21:42:39.916+0000] {logging_mixin.py:190} INFO - [2026-08-03T21:42:39.916+0000] {dag.py:4180} INFO - Setting next_dagrun for pricescope_pipeline to 2026-08-03 06:00:00+00:00, run_after=2026-08-03 18:00:00+00:00
[2026-08-03T21:42:39.968+0000] {processor.py:208} INFO - Processing /opt/airflow/dags/pricescope_pipeline.py took 0.182 seconds
[2026-08-03T21:43:10.246+0000] {processor.py:186} INFO - Started process (PID=4472) to work on /opt/airflow/dags/pricescope_pipeline.py
[2026-08-03T21:43:10.249+0000] {processor.py:914} INFO - Processing file /opt/airflow/dags/pricescope_pipeline.py for tasks to queue
[2026-08-03T21:43:10.256+0000] {logging_mixin.py:190} INFO - [2026-08-03T21:43:10.255+0000] {dagbag.py:588} INFO - Filling up the DagBag from /opt/airflow/dags/pricescope_pipeline.py
[2026-08-03T21:43:10.301+0000] {processor.py:925} INFO - DAG(s) 'pricescope_pipeline' retrieved from /opt/airflow/dags/pricescope_pipeline.py
[2026-08-03T21:43:10.336+0000] {logging_mixin.py:190} INFO - [2026-08-03T21:43:10.336+0000] {dag.py:3239} INFO - Sync 1 DAGs
[2026-08-03T21:43:10.369+0000] {logging_mixin.py:190} INFO - [2026-08-03T21:43:10.369+0000] {dag.py:4180} INFO - Setting next_dagrun for pricescope_pipeline to 2026-08-03 06:00:00+00:00, run_after=2026-08-03 18:00:00+00:00
[2026-08-03T21:43:10.420+0000] {processor.py:208} INFO - Processing /opt/airflow/dags/pricescope_pipeline.py took 0.184 seconds
[2026-08-03T21:43:16.528+0000] {processor.py:186} INFO - Started process (PID=4480) to work on /opt/airflow/dags/pricescope_pipeline.py
[2026-08-03T21:43:16.530+0000] {processor.py:914} INFO - Processing file /opt/airflow/dags/pricescope_pipeline.py for tasks to queue
[2026-08-03T21:43:16.534+0000] {logging_mixin.py:190} INFO - [2026-08-03T21:43:16.534+0000] {dagbag.py:588} INFO - Filling up the DagBag from /opt/airflow/dags/pricescope_pipeline.py
[2026-08-03T21:43:16.567+0000] {logging_mixin.py:190} INFO - [2026-08-03T21:43:16.561+0000] {dagbag.py:387} ERROR - Failed to import: /opt/airflow/dags/pricescope_pipeline.py
Traceback (most recent call last):
  File "/home/airflow/.local/lib/python3.12/site-packages/airflow/models/dagbag.py", line 383, in parse
    loader.exec_module(new_module)
  File "<frozen importlib._bootstrap_external>", line 991, in exec_module
  File "<frozen importlib._bootstrap_external>", line 1129, in get_code
  File "<frozen importlib._bootstrap_external>", line 1059, in source_to_code
  File "<frozen importlib._bootstrap>", line 488, in _call_with_frames_removed
  File "/opt/airflow/dags/pricescope_pipeline.py", line 41
    '--run_hour': '{{ dag_run.conf.get(\'run_hour\', data_interval_end.strftime(\'%H\')) }}'
                ^
SyntaxError: invalid syntax
[2026-08-03T21:43:16.569+0000] {processor.py:927} WARNING - No viable dags retrieved from /opt/airflow/dags/pricescope_pipeline.py
[2026-08-03T21:43:16.612+0000] {processor.py:208} INFO - Processing /opt/airflow/dags/pricescope_pipeline.py took 0.094 seconds
[2026-08-03T21:43:46.825+0000] {processor.py:186} INFO - Started process (PID=4487) to work on /opt/airflow/dags/pricescope_pipeline.py
[2026-08-03T21:43:46.827+0000] {processor.py:914} INFO - Processing file /opt/airflow/dags/pricescope_pipeline.py for tasks to queue
[2026-08-03T21:43:46.832+0000] {logging_mixin.py:190} INFO - [2026-08-03T21:43:46.831+0000] {dagbag.py:588} INFO - Filling up the DagBag from /opt/airflow/dags/pricescope_pipeline.py
[2026-08-03T21:43:46.860+0000] {logging_mixin.py:190} INFO - [2026-08-03T21:43:46.858+0000] {dagbag.py:387} ERROR - Failed to import: /opt/airflow/dags/pricescope_pipeline.py
Traceback (most recent call last):
  File "/home/airflow/.local/lib/python3.12/site-packages/airflow/models/dagbag.py", line 383, in parse
    loader.exec_module(new_module)
  File "<frozen importlib._bootstrap_external>", line 991, in exec_module
  File "<frozen importlib._bootstrap_external>", line 1129, in get_code
  File "<frozen importlib._bootstrap_external>", line 1059, in source_to_code
  File "<frozen importlib._bootstrap>", line 488, in _call_with_frames_removed
  File "/opt/airflow/dags/pricescope_pipeline.py", line 41
    '--run_hour': '{{ dag_run.conf.get(\'run_hour\', data_interval_end.strftime(\'%H\')) }}'
                ^
SyntaxError: invalid syntax
[2026-08-03T21:43:46.862+0000] {processor.py:927} WARNING - No viable dags retrieved from /opt/airflow/dags/pricescope_pipeline.py
[2026-08-03T21:43:46.887+0000] {processor.py:208} INFO - Processing /opt/airflow/dags/pricescope_pipeline.py took 0.073 seconds
[2026-08-03T21:44:17.200+0000] {processor.py:186} INFO - Started process (PID=4494) to work on /opt/airflow/dags/pricescope_pipeline.py
[2026-08-03T21:44:17.202+0000] {processor.py:914} INFO - Processing file /opt/airflow/dags/pricescope_pipeline.py for tasks to queue
[2026-08-03T21:44:17.206+0000] {logging_mixin.py:190} INFO - [2026-08-03T21:44:17.206+0000] {dagbag.py:588} INFO - Filling up the DagBag from /opt/airflow/dags/pricescope_pipeline.py
[2026-08-03T21:44:17.263+0000] {logging_mixin.py:190} INFO - [2026-08-03T21:44:17.261+0000] {dagbag.py:387} ERROR - Failed to import: /opt/airflow/dags/pricescope_pipeline.py
Traceback (most recent call last):
  File "/home/airflow/.local/lib/python3.12/site-packages/airflow/models/dagbag.py", line 383, in parse
    loader.exec_module(new_module)
  File "<frozen importlib._bootstrap_external>", line 991, in exec_module
  File "<frozen importlib._bootstrap_external>", line 1129, in get_code
  File "<frozen importlib._bootstrap_external>", line 1059, in source_to_code
  File "<frozen importlib._bootstrap>", line 488, in _call_with_frames_removed
  File "/opt/airflow/dags/pricescope_pipeline.py", line 41
    '--run_hour': '{{ dag_run.conf.get(\'run_hour\', data_interval_end.strftime(\'%H\')) }}'
                ^
SyntaxError: invalid syntax
[2026-08-03T21:44:17.266+0000] {processor.py:927} WARNING - No viable dags retrieved from /opt/airflow/dags/pricescope_pipeline.py
[2026-08-03T21:44:17.294+0000] {processor.py:208} INFO - Processing /opt/airflow/dags/pricescope_pipeline.py took 0.102 seconds
[2026-08-03T21:44:47.554+0000] {processor.py:186} INFO - Started process (PID=4501) to work on /opt/airflow/dags/pricescope_pipeline.py
[2026-08-03T21:44:47.559+0000] {processor.py:914} INFO - Processing file /opt/airflow/dags/pricescope_pipeline.py for tasks to queue
[2026-08-03T21:44:47.563+0000] {logging_mixin.py:190} INFO - [2026-08-03T21:44:47.562+0000] {dagbag.py:588} INFO - Filling up the DagBag from /opt/airflow/dags/pricescope_pipeline.py
[2026-08-03T21:44:47.607+0000] {logging_mixin.py:190} INFO - [2026-08-03T21:44:47.605+0000] {dagbag.py:387} ERROR - Failed to import: /opt/airflow/dags/pricescope_pipeline.py
Traceback (most recent call last):
  File "/home/airflow/.local/lib/python3.12/site-packages/airflow/models/dagbag.py", line 383, in parse
    loader.exec_module(new_module)
  File "<frozen importlib._bootstrap_external>", line 991, in exec_module
  File "<frozen importlib._bootstrap_external>", line 1129, in get_code
  File "<frozen importlib._bootstrap_external>", line 1059, in source_to_code
  File "<frozen importlib._bootstrap>", line 488, in _call_with_frames_removed
  File "/opt/airflow/dags/pricescope_pipeline.py", line 41
    '--run_hour': '{{ dag_run.conf.get(\'run_hour\', data_interval_end.strftime(\'%H\')) }}'
                ^
SyntaxError: invalid syntax
[2026-08-03T21:44:47.609+0000] {processor.py:927} WARNING - No viable dags retrieved from /opt/airflow/dags/pricescope_pipeline.py
[2026-08-03T21:44:47.632+0000] {processor.py:208} INFO - Processing /opt/airflow/dags/pricescope_pipeline.py took 0.087 seconds
[2026-08-03T21:45:17.897+0000] {processor.py:186} INFO - Started process (PID=4508) to work on /opt/airflow/dags/pricescope_pipeline.py
[2026-08-03T21:45:17.899+0000] {processor.py:914} INFO - Processing file /opt/airflow/dags/pricescope_pipeline.py for tasks to queue
[2026-08-03T21:45:17.903+0000] {logging_mixin.py:190} INFO - [2026-08-03T21:45:17.901+0000] {dagbag.py:588} INFO - Filling up the DagBag from /opt/airflow/dags/pricescope_pipeline.py
[2026-08-03T21:45:17.933+0000] {logging_mixin.py:190} INFO - [2026-08-03T21:45:17.931+0000] {dagbag.py:387} ERROR - Failed to import: /opt/airflow/dags/pricescope_pipeline.py
Traceback (most recent call last):
  File "/home/airflow/.local/lib/python3.12/site-packages/airflow/models/dagbag.py", line 383, in parse
    loader.exec_module(new_module)
  File "<frozen importlib._bootstrap_external>", line 991, in exec_module
  File "<frozen importlib._bootstrap_external>", line 1129, in get_code
  File "<frozen importlib._bootstrap_external>", line 1059, in source_to_code
  File "<frozen importlib._bootstrap>", line 488, in _call_with_frames_removed
  File "/opt/airflow/dags/pricescope_pipeline.py", line 41
    '--run_hour': '{{ dag_run.conf.get(\'run_hour\', data_interval_end.strftime(\'%H\')) }}'
                ^
SyntaxError: invalid syntax
[2026-08-03T21:45:17.935+0000] {processor.py:927} WARNING - No viable dags retrieved from /opt/airflow/dags/pricescope_pipeline.py
[2026-08-03T21:45:17.955+0000] {processor.py:208} INFO - Processing /opt/airflow/dags/pricescope_pipeline.py took 0.065 seconds
[2026-08-03T21:45:34.126+0000] {processor.py:186} INFO - Started process (PID=4509) to work on /opt/airflow/dags/pricescope_pipeline.py
[2026-08-03T21:45:34.129+0000] {processor.py:914} INFO - Processing file /opt/airflow/dags/pricescope_pipeline.py for tasks to queue
[2026-08-03T21:45:34.131+0000] {logging_mixin.py:190} INFO - [2026-08-03T21:45:34.131+0000] {dagbag.py:588} INFO - Filling up the DagBag from /opt/airflow/dags/pricescope_pipeline.py
[2026-08-03T21:45:34.184+0000] {processor.py:925} INFO - DAG(s) 'pricescope_pipeline' retrieved from /opt/airflow/dags/pricescope_pipeline.py
[2026-08-03T21:45:34.317+0000] {logging_mixin.py:190} INFO - [2026-08-03T21:45:34.316+0000] {dag.py:3239} INFO - Sync 1 DAGs
[2026-08-03T21:45:34.344+0000] {logging_mixin.py:190} INFO - [2026-08-03T21:45:34.344+0000] {dag.py:4180} INFO - Setting next_dagrun for pricescope_pipeline to 2026-08-03 06:00:00+00:00, run_after=2026-08-03 18:00:00+00:00
[2026-08-03T21:45:34.400+0000] {processor.py:208} INFO - Processing /opt/airflow/dags/pricescope_pipeline.py took 0.280 seconds
[2026-08-03T21:46:04.714+0000] {processor.py:186} INFO - Started process (PID=4516) to work on /opt/airflow/dags/pricescope_pipeline.py
[2026-08-03T21:46:04.716+0000] {processor.py:914} INFO - Processing file /opt/airflow/dags/pricescope_pipeline.py for tasks to queue
[2026-08-03T21:46:04.719+0000] {logging_mixin.py:190} INFO - [2026-08-03T21:46:04.719+0000] {dagbag.py:588} INFO - Filling up the DagBag from /opt/airflow/dags/pricescope_pipeline.py
[2026-08-03T21:46:04.753+0000] {processor.py:925} INFO - DAG(s) 'pricescope_pipeline' retrieved from /opt/airflow/dags/pricescope_pipeline.py
[2026-08-03T21:46:04.776+0000] {logging_mixin.py:190} INFO - [2026-08-03T21:46:04.776+0000] {dag.py:3239} INFO - Sync 1 DAGs
[2026-08-03T21:46:04.799+0000] {logging_mixin.py:190} INFO - [2026-08-03T21:46:04.799+0000] {dag.py:4180} INFO - Setting next_dagrun for pricescope_pipeline to 2026-08-03 06:00:00+00:00, run_after=2026-08-03 18:00:00+00:00
[2026-08-03T21:46:04.823+0000] {processor.py:208} INFO - Processing /opt/airflow/dags/pricescope_pipeline.py took 0.115 seconds
[2026-08-03T21:46:35.023+0000] {processor.py:186} INFO - Started process (PID=4522) to work on /opt/airflow/dags/pricescope_pipeline.py
[2026-08-03T21:46:35.025+0000] {processor.py:914} INFO - Processing file /opt/airflow/dags/pricescope_pipeline.py for tasks to queue
[2026-08-03T21:46:35.031+0000] {logging_mixin.py:190} INFO - [2026-08-03T21:46:35.030+0000] {dagbag.py:588} INFO - Filling up the DagBag from /opt/airflow/dags/pricescope_pipeline.py
[2026-08-03T21:46:35.092+0000] {processor.py:925} INFO - DAG(s) 'pricescope_pipeline' retrieved from /opt/airflow/dags/pricescope_pipeline.py
[2026-08-03T21:46:35.119+0000] {logging_mixin.py:190} INFO - [2026-08-03T21:46:35.119+0000] {dag.py:3239} INFO - Sync 1 DAGs
[2026-08-03T21:46:35.150+0000] {logging_mixin.py:190} INFO - [2026-08-03T21:46:35.150+0000] {dag.py:4180} INFO - Setting next_dagrun for pricescope_pipeline to 2026-08-03 06:00:00+00:00, run_after=2026-08-03 18:00:00+00:00
[2026-08-03T21:46:35.174+0000] {processor.py:208} INFO - Processing /opt/airflow/dags/pricescope_pipeline.py took 0.164 seconds
[2026-08-03T21:47:05.436+0000] {processor.py:186} INFO - Started process (PID=4530) to work on /opt/airflow/dags/pricescope_pipeline.py
[2026-08-03T21:47:05.444+0000] {processor.py:914} INFO - Processing file /opt/airflow/dags/pricescope_pipeline.py for tasks to queue
[2026-08-03T21:47:05.447+0000] {logging_mixin.py:190} INFO - [2026-08-03T21:47:05.447+0000] {dagbag.py:588} INFO - Filling up the DagBag from /opt/airflow/dags/pricescope_pipeline.py
[2026-08-03T21:47:05.504+0000] {processor.py:925} INFO - DAG(s) 'pricescope_pipeline' retrieved from /opt/airflow/dags/pricescope_pipeline.py
[2026-08-03T21:47:05.538+0000] {logging_mixin.py:190} INFO - [2026-08-03T21:47:05.538+0000] {dag.py:3239} INFO - Sync 1 DAGs
[2026-08-03T21:47:05.574+0000] {logging_mixin.py:190} INFO - [2026-08-03T21:47:05.574+0000] {dag.py:4180} INFO - Setting next_dagrun for pricescope_pipeline to 2026-08-03 06:00:00+00:00, run_after=2026-08-03 18:00:00+00:00
[2026-08-03T21:47:05.628+0000] {processor.py:208} INFO - Processing /opt/airflow/dags/pricescope_pipeline.py took 0.203 seconds
[2026-08-03T21:47:35.797+0000] {processor.py:186} INFO - Started process (PID=4537) to work on /opt/airflow/dags/pricescope_pipeline.py
[2026-08-03T21:47:35.800+0000] {processor.py:914} INFO - Processing file /opt/airflow/dags/pricescope_pipeline.py for tasks to queue
[2026-08-03T21:47:35.803+0000] {logging_mixin.py:190} INFO - [2026-08-03T21:47:35.802+0000] {dagbag.py:588} INFO - Filling up the DagBag from /opt/airflow/dags/pricescope_pipeline.py
[2026-08-03T21:47:35.841+0000] {processor.py:925} INFO - DAG(s) 'pricescope_pipeline' retrieved from /opt/airflow/dags/pricescope_pipeline.py
[2026-08-03T21:47:35.874+0000] {logging_mixin.py:190} INFO - [2026-08-03T21:47:35.874+0000] {dag.py:3239} INFO - Sync 1 DAGs
[2026-08-03T21:47:35.910+0000] {logging_mixin.py:190} INFO - [2026-08-03T21:47:35.910+0000] {dag.py:4180} INFO - Setting next_dagrun for pricescope_pipeline to 2026-08-03 06:00:00+00:00, run_after=2026-08-03 18:00:00+00:00
[2026-08-03T21:47:35.946+0000] {processor.py:208} INFO - Processing /opt/airflow/dags/pricescope_pipeline.py took 0.159 seconds
[2026-08-03T21:48:06.235+0000] {processor.py:186} INFO - Started process (PID=4544) to work on /opt/airflow/dags/pricescope_pipeline.py
[2026-08-03T21:48:06.237+0000] {processor.py:914} INFO - Processing file /opt/airflow/dags/pricescope_pipeline.py for tasks to queue
[2026-08-03T21:48:06.240+0000] {logging_mixin.py:190} INFO - [2026-08-03T21:48:06.239+0000] {dagbag.py:588} INFO - Filling up the DagBag from /opt/airflow/dags/pricescope_pipeline.py
[2026-08-03T21:48:06.273+0000] {processor.py:925} INFO - DAG(s) 'pricescope_pipeline' retrieved from /opt/airflow/dags/pricescope_pipeline.py
[2026-08-03T21:48:06.307+0000] {logging_mixin.py:190} INFO - [2026-08-03T21:48:06.307+0000] {dag.py:3239} INFO - Sync 1 DAGs
[2026-08-03T21:48:06.336+0000] {logging_mixin.py:190} INFO - [2026-08-03T21:48:06.336+0000] {dag.py:4180} INFO - Setting next_dagrun for pricescope_pipeline to 2026-08-03 06:00:00+00:00, run_after=2026-08-03 18:00:00+00:00
[2026-08-03T21:48:06.384+0000] {processor.py:208} INFO - Processing /opt/airflow/dags/pricescope_pipeline.py took 0.156 seconds
[2026-08-03T21:48:36.945+0000] {processor.py:186} INFO - Started process (PID=4551) to work on /opt/airflow/dags/pricescope_pipeline.py
[2026-08-03T21:48:36.947+0000] {processor.py:914} INFO - Processing file /opt/airflow/dags/pricescope_pipeline.py for tasks to queue
[2026-08-03T21:48:36.950+0000] {logging_mixin.py:190} INFO - [2026-08-03T21:48:36.949+0000] {dagbag.py:588} INFO - Filling up the DagBag from /opt/airflow/dags/pricescope_pipeline.py
[2026-08-03T21:48:36.992+0000] {processor.py:925} INFO - DAG(s) 'pricescope_pipeline' retrieved from /opt/airflow/dags/pricescope_pipeline.py
[2026-08-03T21:48:37.024+0000] {logging_mixin.py:190} INFO - [2026-08-03T21:48:37.023+0000] {dag.py:3239} INFO - Sync 1 DAGs
[2026-08-03T21:48:37.060+0000] {logging_mixin.py:190} INFO - [2026-08-03T21:48:37.060+0000] {dag.py:4180} INFO - Setting next_dagrun for pricescope_pipeline to 2026-08-03 06:00:00+00:00, run_after=2026-08-03 18:00:00+00:00
[2026-08-03T21:48:37.112+0000] {processor.py:208} INFO - Processing /opt/airflow/dags/pricescope_pipeline.py took 0.174 seconds
[2026-08-03T21:49:07.242+0000] {processor.py:186} INFO - Started process (PID=4558) to work on /opt/airflow/dags/pricescope_pipeline.py
[2026-08-03T21:49:07.244+0000] {processor.py:914} INFO - Processing file /opt/airflow/dags/pricescope_pipeline.py for tasks to queue
[2026-08-03T21:49:07.247+0000] {logging_mixin.py:190} INFO - [2026-08-03T21:49:07.246+0000] {dagbag.py:588} INFO - Filling up the DagBag from /opt/airflow/dags/pricescope_pipeline.py
[2026-08-03T21:49:07.292+0000] {processor.py:925} INFO - DAG(s) 'pricescope_pipeline' retrieved from /opt/airflow/dags/pricescope_pipeline.py
[2026-08-03T21:49:07.325+0000] {logging_mixin.py:190} INFO - [2026-08-03T21:49:07.324+0000] {dag.py:3239} INFO - Sync 1 DAGs
[2026-08-03T21:49:07.375+0000] {logging_mixin.py:190} INFO - [2026-08-03T21:49:07.374+0000] {dag.py:4180} INFO - Setting next_dagrun for pricescope_pipeline to 2026-08-03 06:00:00+00:00, run_after=2026-08-03 18:00:00+00:00
[2026-08-03T21:49:07.408+0000] {processor.py:208} INFO - Processing /opt/airflow/dags/pricescope_pipeline.py took 0.174 seconds
[2026-08-03T21:49:37.726+0000] {processor.py:186} INFO - Started process (PID=4565) to work on /opt/airflow/dags/pricescope_pipeline.py
[2026-08-03T21:49:37.728+0000] {processor.py:914} INFO - Processing file /opt/airflow/dags/pricescope_pipeline.py for tasks to queue
[2026-08-03T21:49:37.730+0000] {logging_mixin.py:190} INFO - [2026-08-03T21:49:37.730+0000] {dagbag.py:588} INFO - Filling up the DagBag from /opt/airflow/dags/pricescope_pipeline.py
[2026-08-03T21:49:37.758+0000] {processor.py:925} INFO - DAG(s) 'pricescope_pipeline' retrieved from /opt/airflow/dags/pricescope_pipeline.py
[2026-08-03T21:49:37.784+0000] {logging_mixin.py:190} INFO - [2026-08-03T21:49:37.783+0000] {dag.py:3239} INFO - Sync 1 DAGs
[2026-08-03T21:49:37.815+0000] {logging_mixin.py:190} INFO - [2026-08-03T21:49:37.815+0000] {dag.py:4180} INFO - Setting next_dagrun for pricescope_pipeline to 2026-08-03 06:00:00+00:00, run_after=2026-08-03 18:00:00+00:00
[2026-08-03T21:49:37.866+0000] {processor.py:208} INFO - Processing /opt/airflow/dags/pricescope_pipeline.py took 0.148 seconds
[2026-08-03T21:50:08.028+0000] {processor.py:186} INFO - Started process (PID=4572) to work on /opt/airflow/dags/pricescope_pipeline.py
[2026-08-03T21:50:08.030+0000] {processor.py:914} INFO - Processing file /opt/airflow/dags/pricescope_pipeline.py for tasks to queue
[2026-08-03T21:50:08.034+0000] {logging_mixin.py:190} INFO - [2026-08-03T21:50:08.034+0000] {dagbag.py:588} INFO - Filling up the DagBag from /opt/airflow/dags/pricescope_pipeline.py
[2026-08-03T21:50:08.067+0000] {processor.py:925} INFO - DAG(s) 'pricescope_pipeline' retrieved from /opt/airflow/dags/pricescope_pipeline.py
[2026-08-03T21:50:08.088+0000] {logging_mixin.py:190} INFO - [2026-08-03T21:50:08.088+0000] {dag.py:3239} INFO - Sync 1 DAGs
[2026-08-03T21:50:08.112+0000] {logging_mixin.py:190} INFO - [2026-08-03T21:50:08.111+0000] {dag.py:4180} INFO - Setting next_dagrun for pricescope_pipeline to 2026-08-03 06:00:00+00:00, run_after=2026-08-03 18:00:00+00:00
[2026-08-03T21:50:08.136+0000] {processor.py:208} INFO - Processing /opt/airflow/dags/pricescope_pipeline.py took 0.116 seconds
[2026-08-03T21:50:38.759+0000] {processor.py:186} INFO - Started process (PID=4579) to work on /opt/airflow/dags/pricescope_pipeline.py
[2026-08-03T21:50:38.762+0000] {processor.py:914} INFO - Processing file /opt/airflow/dags/pricescope_pipeline.py for tasks to queue
[2026-08-03T21:50:38.766+0000] {logging_mixin.py:190} INFO - [2026-08-03T21:50:38.766+0000] {dagbag.py:588} INFO - Filling up the DagBag from /opt/airflow/dags/pricescope_pipeline.py
[2026-08-03T21:50:38.821+0000] {processor.py:925} INFO - DAG(s) 'pricescope_pipeline' retrieved from /opt/airflow/dags/pricescope_pipeline.py
[2026-08-03T21:50:38.872+0000] {logging_mixin.py:190} INFO - [2026-08-03T21:50:38.871+0000] {dag.py:3239} INFO - Sync 1 DAGs
[2026-08-03T21:50:38.926+0000] {logging_mixin.py:190} INFO - [2026-08-03T21:50:38.925+0000] {dag.py:4180} INFO - Setting next_dagrun for pricescope_pipeline to 2026-08-03 06:00:00+00:00, run_after=2026-08-03 18:00:00+00:00
[2026-08-03T21:50:38.969+0000] {processor.py:208} INFO - Processing /opt/airflow/dags/pricescope_pipeline.py took 0.222 seconds
[2026-08-03T21:51:09.403+0000] {processor.py:186} INFO - Started process (PID=4586) to work on /opt/airflow/dags/pricescope_pipeline.py
[2026-08-03T21:51:09.406+0000] {processor.py:914} INFO - Processing file /opt/airflow/dags/pricescope_pipeline.py for tasks to queue
[2026-08-03T21:51:09.409+0000] {logging_mixin.py:190} INFO - [2026-08-03T21:51:09.408+0000] {dagbag.py:588} INFO - Filling up the DagBag from /opt/airflow/dags/pricescope_pipeline.py
[2026-08-03T21:51:09.459+0000] {processor.py:925} INFO - DAG(s) 'pricescope_pipeline' retrieved from /opt/airflow/dags/pricescope_pipeline.py
[2026-08-03T21:51:09.496+0000] {logging_mixin.py:190} INFO - [2026-08-03T21:51:09.496+0000] {dag.py:3239} INFO - Sync 1 DAGs
[2026-08-03T21:51:09.533+0000] {logging_mixin.py:190} INFO - [2026-08-03T21:51:09.533+0000] {dag.py:4180} INFO - Setting next_dagrun for pricescope_pipeline to 2026-08-03 06:00:00+00:00, run_after=2026-08-03 18:00:00+00:00
[2026-08-03T21:51:09.586+0000] {processor.py:208} INFO - Processing /opt/airflow/dags/pricescope_pipeline.py took 0.194 seconds
[2026-08-03T21:51:39.797+0000] {processor.py:186} INFO - Started process (PID=4594) to work on /opt/airflow/dags/pricescope_pipeline.py
[2026-08-03T21:51:39.803+0000] {processor.py:914} INFO - Processing file /opt/airflow/dags/pricescope_pipeline.py for tasks to queue
[2026-08-03T21:51:39.806+0000] {logging_mixin.py:190} INFO - [2026-08-03T21:51:39.806+0000] {dagbag.py:588} INFO - Filling up the DagBag from /opt/airflow/dags/pricescope_pipeline.py
[2026-08-03T21:51:39.841+0000] {processor.py:925} INFO - DAG(s) 'pricescope_pipeline' retrieved from /opt/airflow/dags/pricescope_pipeline.py
[2026-08-03T21:51:39.875+0000] {logging_mixin.py:190} INFO - [2026-08-03T21:51:39.875+0000] {dag.py:3239} INFO - Sync 1 DAGs
[2026-08-03T21:51:39.901+0000] {logging_mixin.py:190} INFO - [2026-08-03T21:51:39.901+0000] {dag.py:4180} INFO - Setting next_dagrun for pricescope_pipeline to 2026-08-03 06:00:00+00:00, run_after=2026-08-03 18:00:00+00:00
[2026-08-03T21:51:39.921+0000] {processor.py:208} INFO - Processing /opt/airflow/dags/pricescope_pipeline.py took 0.139 seconds
[2026-08-03T21:52:10.227+0000] {processor.py:186} INFO - Started process (PID=4601) to work on /opt/airflow/dags/pricescope_pipeline.py
[2026-08-03T21:52:10.232+0000] {processor.py:914} INFO - Processing file /opt/airflow/dags/pricescope_pipeline.py for tasks to queue
[2026-08-03T21:52:10.243+0000] {logging_mixin.py:190} INFO - [2026-08-03T21:52:10.242+0000] {dagbag.py:588} INFO - Filling up the DagBag from /opt/airflow/dags/pricescope_pipeline.py
[2026-08-03T21:52:10.321+0000] {processor.py:925} INFO - DAG(s) 'pricescope_pipeline' retrieved from /opt/airflow/dags/pricescope_pipeline.py
[2026-08-03T21:52:10.375+0000] {logging_mixin.py:190} INFO - [2026-08-03T21:52:10.374+0000] {dag.py:3239} INFO - Sync 1 DAGs
[2026-08-03T21:52:10.437+0000] {logging_mixin.py:190} INFO - [2026-08-03T21:52:10.436+0000] {dag.py:4180} INFO - Setting next_dagrun for pricescope_pipeline to 2026-08-03 06:00:00+00:00, run_after=2026-08-03 18:00:00+00:00
[2026-08-03T21:52:10.482+0000] {processor.py:208} INFO - Processing /opt/airflow/dags/pricescope_pipeline.py took 0.274 seconds
[2026-08-03T21:52:40.680+0000] {processor.py:186} INFO - Started process (PID=4608) to work on /opt/airflow/dags/pricescope_pipeline.py
[2026-08-03T21:52:40.684+0000] {processor.py:914} INFO - Processing file /opt/airflow/dags/pricescope_pipeline.py for tasks to queue
[2026-08-03T21:52:40.689+0000] {logging_mixin.py:190} INFO - [2026-08-03T21:52:40.688+0000] {dagbag.py:588} INFO - Filling up the DagBag from /opt/airflow/dags/pricescope_pipeline.py
[2026-08-03T21:52:40.766+0000] {processor.py:925} INFO - DAG(s) 'pricescope_pipeline' retrieved from /opt/airflow/dags/pricescope_pipeline.py
[2026-08-03T21:52:40.814+0000] {logging_mixin.py:190} INFO - [2026-08-03T21:52:40.814+0000] {dag.py:3239} INFO - Sync 1 DAGs
[2026-08-03T21:52:40.862+0000] {logging_mixin.py:190} INFO - [2026-08-03T21:52:40.862+0000] {dag.py:4180} INFO - Setting next_dagrun for pricescope_pipeline to 2026-08-03 06:00:00+00:00, run_after=2026-08-03 18:00:00+00:00
[2026-08-03T21:52:40.932+0000] {processor.py:208} INFO - Processing /opt/airflow/dags/pricescope_pipeline.py took 0.265 seconds
[2026-08-03T21:53:11.283+0000] {processor.py:186} INFO - Started process (PID=4615) to work on /opt/airflow/dags/pricescope_pipeline.py
[2026-08-03T21:53:11.287+0000] {processor.py:914} INFO - Processing file /opt/airflow/dags/pricescope_pipeline.py for tasks to queue
[2026-08-03T21:53:11.293+0000] {logging_mixin.py:190} INFO - [2026-08-03T21:53:11.292+0000] {dagbag.py:588} INFO - Filling up the DagBag from /opt/airflow/dags/pricescope_pipeline.py
[2026-08-03T21:53:11.366+0000] {processor.py:925} INFO - DAG(s) 'pricescope_pipeline' retrieved from /opt/airflow/dags/pricescope_pipeline.py
[2026-08-03T21:53:11.418+0000] {logging_mixin.py:190} INFO - [2026-08-03T21:53:11.417+0000] {dag.py:3239} INFO - Sync 1 DAGs
[2026-08-03T21:53:11.471+0000] {logging_mixin.py:190} INFO - [2026-08-03T21:53:11.470+0000] {dag.py:4180} INFO - Setting next_dagrun for pricescope_pipeline to 2026-08-03 06:00:00+00:00, run_after=2026-08-03 18:00:00+00:00
[2026-08-03T21:53:11.534+0000] {processor.py:208} INFO - Processing /opt/airflow/dags/pricescope_pipeline.py took 0.269 seconds
[2026-08-03T21:53:41.696+0000] {processor.py:186} INFO - Started process (PID=4622) to work on /opt/airflow/dags/pricescope_pipeline.py
[2026-08-03T21:53:41.700+0000] {processor.py:914} INFO - Processing file /opt/airflow/dags/pricescope_pipeline.py for tasks to queue
[2026-08-03T21:53:41.704+0000] {logging_mixin.py:190} INFO - [2026-08-03T21:53:41.703+0000] {dagbag.py:588} INFO - Filling up the DagBag from /opt/airflow/dags/pricescope_pipeline.py
[2026-08-03T21:53:41.747+0000] {processor.py:925} INFO - DAG(s) 'pricescope_pipeline' retrieved from /opt/airflow/dags/pricescope_pipeline.py
[2026-08-03T21:53:41.776+0000] {logging_mixin.py:190} INFO - [2026-08-03T21:53:41.776+0000] {dag.py:3239} INFO - Sync 1 DAGs
[2026-08-03T21:53:41.806+0000] {logging_mixin.py:190} INFO - [2026-08-03T21:53:41.806+0000] {dag.py:4180} INFO - Setting next_dagrun for pricescope_pipeline to 2026-08-03 06:00:00+00:00, run_after=2026-08-03 18:00:00+00:00
[2026-08-03T21:53:41.837+0000] {processor.py:208} INFO - Processing /opt/airflow/dags/pricescope_pipeline.py took 0.155 seconds
[2026-08-03T21:54:12.094+0000] {processor.py:186} INFO - Started process (PID=4629) to work on /opt/airflow/dags/pricescope_pipeline.py
[2026-08-03T21:54:12.097+0000] {processor.py:914} INFO - Processing file /opt/airflow/dags/pricescope_pipeline.py for tasks to queue
[2026-08-03T21:54:12.100+0000] {logging_mixin.py:190} INFO - [2026-08-03T21:54:12.099+0000] {dagbag.py:588} INFO - Filling up the DagBag from /opt/airflow/dags/pricescope_pipeline.py
[2026-08-03T21:54:12.146+0000] {processor.py:925} INFO - DAG(s) 'pricescope_pipeline' retrieved from /opt/airflow/dags/pricescope_pipeline.py
[2026-08-03T21:54:12.181+0000] {logging_mixin.py:190} INFO - [2026-08-03T21:54:12.181+0000] {dag.py:3239} INFO - Sync 1 DAGs
[2026-08-03T21:54:12.217+0000] {logging_mixin.py:190} INFO - [2026-08-03T21:54:12.217+0000] {dag.py:4180} INFO - Setting next_dagrun for pricescope_pipeline to 2026-08-03 06:00:00+00:00, run_after=2026-08-03 18:00:00+00:00
[2026-08-03T21:54:12.245+0000] {processor.py:208} INFO - Processing /opt/airflow/dags/pricescope_pipeline.py took 0.158 seconds
[2026-08-03T21:54:42.632+0000] {processor.py:186} INFO - Started process (PID=4636) to work on /opt/airflow/dags/pricescope_pipeline.py
[2026-08-03T21:54:42.635+0000] {processor.py:914} INFO - Processing file /opt/airflow/dags/pricescope_pipeline.py for tasks to queue
[2026-08-03T21:54:42.640+0000] {logging_mixin.py:190} INFO - [2026-08-03T21:54:42.639+0000] {dagbag.py:588} INFO - Filling up the DagBag from /opt/airflow/dags/pricescope_pipeline.py
[2026-08-03T21:54:42.696+0000] {processor.py:925} INFO - DAG(s) 'pricescope_pipeline' retrieved from /opt/airflow/dags/pricescope_pipeline.py
[2026-08-03T21:54:42.726+0000] {logging_mixin.py:190} INFO - [2026-08-03T21:54:42.726+0000] {dag.py:3239} INFO - Sync 1 DAGs
[2026-08-03T21:54:42.756+0000] {logging_mixin.py:190} INFO - [2026-08-03T21:54:42.756+0000] {dag.py:4180} INFO - Setting next_dagrun for pricescope_pipeline to 2026-08-03 06:00:00+00:00, run_after=2026-08-03 18:00:00+00:00
[2026-08-03T21:54:42.784+0000] {processor.py:208} INFO - Processing /opt/airflow/dags/pricescope_pipeline.py took 0.163 seconds
[2026-08-03T21:55:13.037+0000] {processor.py:186} INFO - Started process (PID=4643) to work on /opt/airflow/dags/pricescope_pipeline.py
[2026-08-03T21:55:13.040+0000] {processor.py:914} INFO - Processing file /opt/airflow/dags/pricescope_pipeline.py for tasks to queue
[2026-08-03T21:55:13.046+0000] {logging_mixin.py:190} INFO - [2026-08-03T21:55:13.045+0000] {dagbag.py:588} INFO - Filling up the DagBag from /opt/airflow/dags/pricescope_pipeline.py
[2026-08-03T21:55:13.108+0000] {processor.py:925} INFO - DAG(s) 'pricescope_pipeline' retrieved from /opt/airflow/dags/pricescope_pipeline.py
[2026-08-03T21:55:13.141+0000] {logging_mixin.py:190} INFO - [2026-08-03T21:55:13.140+0000] {dag.py:3239} INFO - Sync 1 DAGs
[2026-08-03T21:55:13.170+0000] {logging_mixin.py:190} INFO - [2026-08-03T21:55:13.170+0000] {dag.py:4180} INFO - Setting next_dagrun for pricescope_pipeline to 2026-08-03 06:00:00+00:00, run_after=2026-08-03 18:00:00+00:00
[2026-08-03T21:55:13.194+0000] {processor.py:208} INFO - Processing /opt/airflow/dags/pricescope_pipeline.py took 0.168 seconds
[2026-08-03T21:55:43.647+0000] {processor.py:186} INFO - Started process (PID=4650) to work on /opt/airflow/dags/pricescope_pipeline.py
[2026-08-03T21:55:43.649+0000] {processor.py:914} INFO - Processing file /opt/airflow/dags/pricescope_pipeline.py for tasks to queue
[2026-08-03T21:55:43.654+0000] {logging_mixin.py:190} INFO - [2026-08-03T21:55:43.654+0000] {dagbag.py:588} INFO - Filling up the DagBag from /opt/airflow/dags/pricescope_pipeline.py
[2026-08-03T21:55:43.694+0000] {processor.py:925} INFO - DAG(s) 'pricescope_pipeline' retrieved from /opt/airflow/dags/pricescope_pipeline.py
[2026-08-03T21:55:43.735+0000] {logging_mixin.py:190} INFO - [2026-08-03T21:55:43.734+0000] {dag.py:3239} INFO - Sync 1 DAGs
[2026-08-03T21:55:43.773+0000] {logging_mixin.py:190} INFO - [2026-08-03T21:55:43.772+0000] {dag.py:4180} INFO - Setting next_dagrun for pricescope_pipeline to 2026-08-03 06:00:00+00:00, run_after=2026-08-03 18:00:00+00:00
[2026-08-03T21:55:43.797+0000] {processor.py:208} INFO - Processing /opt/airflow/dags/pricescope_pipeline.py took 0.156 seconds
[2026-08-03T21:56:14.050+0000] {processor.py:186} INFO - Started process (PID=4663) to work on /opt/airflow/dags/pricescope_pipeline.py
[2026-08-03T21:56:14.052+0000] {processor.py:914} INFO - Processing file /opt/airflow/dags/pricescope_pipeline.py for tasks to queue
[2026-08-03T21:56:14.055+0000] {logging_mixin.py:190} INFO - [2026-08-03T21:56:14.054+0000] {dagbag.py:588} INFO - Filling up the DagBag from /opt/airflow/dags/pricescope_pipeline.py
[2026-08-03T21:56:14.101+0000] {processor.py:925} INFO - DAG(s) 'pricescope_pipeline' retrieved from /opt/airflow/dags/pricescope_pipeline.py
[2026-08-03T21:56:14.138+0000] {logging_mixin.py:190} INFO - [2026-08-03T21:56:14.137+0000] {dag.py:3239} INFO - Sync 1 DAGs
[2026-08-03T21:56:14.162+0000] {logging_mixin.py:190} INFO - [2026-08-03T21:56:14.162+0000] {dag.py:4180} INFO - Setting next_dagrun for pricescope_pipeline to 2026-08-03 06:00:00+00:00, run_after=2026-08-03 18:00:00+00:00
[2026-08-03T21:56:14.202+0000] {processor.py:208} INFO - Processing /opt/airflow/dags/pricescope_pipeline.py took 0.162 seconds
[2026-08-03T21:56:44.623+0000] {processor.py:186} INFO - Started process (PID=4670) to work on /opt/airflow/dags/pricescope_pipeline.py
[2026-08-03T21:56:44.627+0000] {processor.py:914} INFO - Processing file /opt/airflow/dags/pricescope_pipeline.py for tasks to queue
[2026-08-03T21:56:44.631+0000] {logging_mixin.py:190} INFO - [2026-08-03T21:56:44.630+0000] {dagbag.py:588} INFO - Filling up the DagBag from /opt/airflow/dags/pricescope_pipeline.py
[2026-08-03T21:56:44.697+0000] {processor.py:925} INFO - DAG(s) 'pricescope_pipeline' retrieved from /opt/airflow/dags/pricescope_pipeline.py
[2026-08-03T21:56:44.747+0000] {logging_mixin.py:190} INFO - [2026-08-03T21:56:44.746+0000] {dag.py:3239} INFO - Sync 1 DAGs
[2026-08-03T21:56:44.790+0000] {logging_mixin.py:190} INFO - [2026-08-03T21:56:44.789+0000] {dag.py:4180} INFO - Setting next_dagrun for pricescope_pipeline to 2026-08-03 06:00:00+00:00, run_after=2026-08-03 18:00:00+00:00
[2026-08-03T21:56:44.810+0000] {processor.py:208} INFO - Processing /opt/airflow/dags/pricescope_pipeline.py took 0.200 seconds
[2026-08-03T21:57:14.996+0000] {processor.py:186} INFO - Started process (PID=4677) to work on /opt/airflow/dags/pricescope_pipeline.py
[2026-08-03T21:57:14.999+0000] {processor.py:914} INFO - Processing file /opt/airflow/dags/pricescope_pipeline.py for tasks to queue
[2026-08-03T21:57:15.003+0000] {logging_mixin.py:190} INFO - [2026-08-03T21:57:15.002+0000] {dagbag.py:588} INFO - Filling up the DagBag from /opt/airflow/dags/pricescope_pipeline.py
[2026-08-03T21:57:15.049+0000] {processor.py:925} INFO - DAG(s) 'pricescope_pipeline' retrieved from /opt/airflow/dags/pricescope_pipeline.py
[2026-08-03T21:57:15.083+0000] {logging_mixin.py:190} INFO - [2026-08-03T21:57:15.082+0000] {dag.py:3239} INFO - Sync 1 DAGs
[2026-08-03T21:57:15.112+0000] {logging_mixin.py:190} INFO - [2026-08-03T21:57:15.112+0000] {dag.py:4180} INFO - Setting next_dagrun for pricescope_pipeline to 2026-08-03 06:00:00+00:00, run_after=2026-08-03 18:00:00+00:00
[2026-08-03T21:57:15.138+0000] {processor.py:208} INFO - Processing /opt/airflow/dags/pricescope_pipeline.py took 0.153 seconds
[2026-08-03T21:57:45.539+0000] {processor.py:186} INFO - Started process (PID=4684) to work on /opt/airflow/dags/pricescope_pipeline.py
[2026-08-03T21:57:45.541+0000] {processor.py:914} INFO - Processing file /opt/airflow/dags/pricescope_pipeline.py for tasks to queue
[2026-08-03T21:57:45.545+0000] {logging_mixin.py:190} INFO - [2026-08-03T21:57:45.544+0000] {dagbag.py:588} INFO - Filling up the DagBag from /opt/airflow/dags/pricescope_pipeline.py
[2026-08-03T21:57:45.576+0000] {processor.py:925} INFO - DAG(s) 'pricescope_pipeline' retrieved from /opt/airflow/dags/pricescope_pipeline.py
[2026-08-03T21:57:45.601+0000] {logging_mixin.py:190} INFO - [2026-08-03T21:57:45.601+0000] {dag.py:3239} INFO - Sync 1 DAGs
[2026-08-03T21:57:45.625+0000] {logging_mixin.py:190} INFO - [2026-08-03T21:57:45.625+0000] {dag.py:4180} INFO - Setting next_dagrun for pricescope_pipeline to 2026-08-03 06:00:00+00:00, run_after=2026-08-03 18:00:00+00:00
[2026-08-03T21:57:45.661+0000] {processor.py:208} INFO - Processing /opt/airflow/dags/pricescope_pipeline.py took 0.130 seconds
[2026-08-03T21:58:16.176+0000] {processor.py:186} INFO - Started process (PID=4691) to work on /opt/airflow/dags/pricescope_pipeline.py
[2026-08-03T21:58:16.180+0000] {processor.py:914} INFO - Processing file /opt/airflow/dags/pricescope_pipeline.py for tasks to queue
[2026-08-03T21:58:16.185+0000] {logging_mixin.py:190} INFO - [2026-08-03T21:58:16.183+0000] {dagbag.py:588} INFO - Filling up the DagBag from /opt/airflow/dags/pricescope_pipeline.py
[2026-08-03T21:58:16.254+0000] {processor.py:925} INFO - DAG(s) 'pricescope_pipeline' retrieved from /opt/airflow/dags/pricescope_pipeline.py
[2026-08-03T21:58:16.282+0000] {logging_mixin.py:190} INFO - [2026-08-03T21:58:16.282+0000] {dag.py:3239} INFO - Sync 1 DAGs
[2026-08-03T21:58:16.325+0000] {logging_mixin.py:190} INFO - [2026-08-03T21:58:16.324+0000] {dag.py:4180} INFO - Setting next_dagrun for pricescope_pipeline to 2026-08-03 06:00:00+00:00, run_after=2026-08-03 18:00:00+00:00
[2026-08-03T21:58:16.347+0000] {processor.py:208} INFO - Processing /opt/airflow/dags/pricescope_pipeline.py took 0.184 seconds
[2026-08-03T21:58:46.735+0000] {processor.py:186} INFO - Started process (PID=4698) to work on /opt/airflow/dags/pricescope_pipeline.py
[2026-08-03T21:58:46.737+0000] {processor.py:914} INFO - Processing file /opt/airflow/dags/pricescope_pipeline.py for tasks to queue
[2026-08-03T21:58:46.740+0000] {logging_mixin.py:190} INFO - [2026-08-03T21:58:46.740+0000] {dagbag.py:588} INFO - Filling up the DagBag from /opt/airflow/dags/pricescope_pipeline.py
[2026-08-03T21:58:46.769+0000] {processor.py:925} INFO - DAG(s) 'pricescope_pipeline' retrieved from /opt/airflow/dags/pricescope_pipeline.py
[2026-08-03T21:58:46.795+0000] {logging_mixin.py:190} INFO - [2026-08-03T21:58:46.795+0000] {dag.py:3239} INFO - Sync 1 DAGs
[2026-08-03T21:58:46.817+0000] {logging_mixin.py:190} INFO - [2026-08-03T21:58:46.817+0000] {dag.py:4180} INFO - Setting next_dagrun for pricescope_pipeline to 2026-08-03 06:00:00+00:00, run_after=2026-08-03 18:00:00+00:00
[2026-08-03T21:58:46.841+0000] {processor.py:208} INFO - Processing /opt/airflow/dags/pricescope_pipeline.py took 0.112 seconds
[2026-08-03T21:59:17.155+0000] {processor.py:186} INFO - Started process (PID=4705) to work on /opt/airflow/dags/pricescope_pipeline.py
[2026-08-03T21:59:17.158+0000] {processor.py:914} INFO - Processing file /opt/airflow/dags/pricescope_pipeline.py for tasks to queue
[2026-08-03T21:59:17.163+0000] {logging_mixin.py:190} INFO - [2026-08-03T21:59:17.162+0000] {dagbag.py:588} INFO - Filling up the DagBag from /opt/airflow/dags/pricescope_pipeline.py
[2026-08-03T21:59:17.240+0000] {processor.py:925} INFO - DAG(s) 'pricescope_pipeline' retrieved from /opt/airflow/dags/pricescope_pipeline.py
[2026-08-03T21:59:17.285+0000] {logging_mixin.py:190} INFO - [2026-08-03T21:59:17.285+0000] {dag.py:3239} INFO - Sync 1 DAGs
[2026-08-03T21:59:17.307+0000] {logging_mixin.py:190} INFO - [2026-08-03T21:59:17.307+0000] {dag.py:4180} INFO - Setting next_dagrun for pricescope_pipeline to 2026-08-03 06:00:00+00:00, run_after=2026-08-03 18:00:00+00:00
[2026-08-03T21:59:17.357+0000] {processor.py:208} INFO - Processing /opt/airflow/dags/pricescope_pipeline.py took 0.219 seconds
[2026-08-03T21:59:47.610+0000] {processor.py:186} INFO - Started process (PID=4713) to work on /opt/airflow/dags/pricescope_pipeline.py
[2026-08-03T21:59:47.613+0000] {processor.py:914} INFO - Processing file /opt/airflow/dags/pricescope_pipeline.py for tasks to queue
[2026-08-03T21:59:47.618+0000] {logging_mixin.py:190} INFO - [2026-08-03T21:59:47.617+0000] {dagbag.py:588} INFO - Filling up the DagBag from /opt/airflow/dags/pricescope_pipeline.py
[2026-08-03T21:59:47.686+0000] {processor.py:925} INFO - DAG(s) 'pricescope_pipeline' retrieved from /opt/airflow/dags/pricescope_pipeline.py
[2026-08-03T21:59:47.745+0000] {logging_mixin.py:190} INFO - [2026-08-03T21:59:47.744+0000] {dag.py:3239} INFO - Sync 1 DAGs
[2026-08-03T21:59:47.805+0000] {logging_mixin.py:190} INFO - [2026-08-03T21:59:47.805+0000] {dag.py:4180} INFO - Setting next_dagrun for pricescope_pipeline to 2026-08-03 06:00:00+00:00, run_after=2026-08-03 18:00:00+00:00
[2026-08-03T21:59:47.850+0000] {processor.py:208} INFO - Processing /opt/airflow/dags/pricescope_pipeline.py took 0.255 seconds
[2026-08-03T22:00:18.089+0000] {processor.py:186} INFO - Started process (PID=4720) to work on /opt/airflow/dags/pricescope_pipeline.py
[2026-08-03T22:00:18.092+0000] {processor.py:914} INFO - Processing file /opt/airflow/dags/pricescope_pipeline.py for tasks to queue
[2026-08-03T22:00:18.094+0000] {logging_mixin.py:190} INFO - [2026-08-03T22:00:18.094+0000] {dagbag.py:588} INFO - Filling up the DagBag from /opt/airflow/dags/pricescope_pipeline.py
[2026-08-03T22:00:18.137+0000] {processor.py:925} INFO - DAG(s) 'pricescope_pipeline' retrieved from /opt/airflow/dags/pricescope_pipeline.py
[2026-08-03T22:00:18.171+0000] {logging_mixin.py:190} INFO - [2026-08-03T22:00:18.170+0000] {dag.py:3239} INFO - Sync 1 DAGs
[2026-08-03T22:00:18.200+0000] {logging_mixin.py:190} INFO - [2026-08-03T22:00:18.200+0000] {dag.py:4180} INFO - Setting next_dagrun for pricescope_pipeline to 2026-08-03 06:00:00+00:00, run_after=2026-08-03 18:00:00+00:00
[2026-08-03T22:00:18.226+0000] {processor.py:208} INFO - Processing /opt/airflow/dags/pricescope_pipeline.py took 0.151 seconds
[2026-08-03T22:00:48.491+0000] {processor.py:186} INFO - Started process (PID=4727) to work on /opt/airflow/dags/pricescope_pipeline.py
[2026-08-03T22:00:48.494+0000] {processor.py:914} INFO - Processing file /opt/airflow/dags/pricescope_pipeline.py for tasks to queue
[2026-08-03T22:00:48.497+0000] {logging_mixin.py:190} INFO - [2026-08-03T22:00:48.497+0000] {dagbag.py:588} INFO - Filling up the DagBag from /opt/airflow/dags/pricescope_pipeline.py
[2026-08-03T22:00:48.528+0000] {processor.py:925} INFO - DAG(s) 'pricescope_pipeline' retrieved from /opt/airflow/dags/pricescope_pipeline.py
[2026-08-03T22:00:48.556+0000] {logging_mixin.py:190} INFO - [2026-08-03T22:00:48.555+0000] {dag.py:3239} INFO - Sync 1 DAGs
[2026-08-03T22:00:48.586+0000] {logging_mixin.py:190} INFO - [2026-08-03T22:00:48.586+0000] {dag.py:4180} INFO - Setting next_dagrun for pricescope_pipeline to 2026-08-03 06:00:00+00:00, run_after=2026-08-03 18:00:00+00:00
[2026-08-03T22:00:48.609+0000] {processor.py:208} INFO - Processing /opt/airflow/dags/pricescope_pipeline.py took 0.126 seconds
[2026-08-03T22:01:18.804+0000] {processor.py:186} INFO - Started process (PID=4734) to work on /opt/airflow/dags/pricescope_pipeline.py
[2026-08-03T22:01:18.806+0000] {processor.py:914} INFO - Processing file /opt/airflow/dags/pricescope_pipeline.py for tasks to queue
[2026-08-03T22:01:18.808+0000] {logging_mixin.py:190} INFO - [2026-08-03T22:01:18.808+0000] {dagbag.py:588} INFO - Filling up the DagBag from /opt/airflow/dags/pricescope_pipeline.py
[2026-08-03T22:01:18.841+0000] {processor.py:925} INFO - DAG(s) 'pricescope_pipeline' retrieved from /opt/airflow/dags/pricescope_pipeline.py
[2026-08-03T22:01:18.870+0000] {logging_mixin.py:190} INFO - [2026-08-03T22:01:18.870+0000] {dag.py:3239} INFO - Sync 1 DAGs
[2026-08-03T22:01:18.898+0000] {logging_mixin.py:190} INFO - [2026-08-03T22:01:18.898+0000] {dag.py:4180} INFO - Setting next_dagrun for pricescope_pipeline to 2026-08-03 06:00:00+00:00, run_after=2026-08-03 18:00:00+00:00
[2026-08-03T22:01:18.945+0000] {processor.py:208} INFO - Processing /opt/airflow/dags/pricescope_pipeline.py took 0.150 seconds
[2026-08-03T22:01:49.293+0000] {processor.py:186} INFO - Started process (PID=4741) to work on /opt/airflow/dags/pricescope_pipeline.py
[2026-08-03T22:01:49.297+0000] {processor.py:914} INFO - Processing file /opt/airflow/dags/pricescope_pipeline.py for tasks to queue
[2026-08-03T22:01:49.303+0000] {logging_mixin.py:190} INFO - [2026-08-03T22:01:49.301+0000] {dagbag.py:588} INFO - Filling up the DagBag from /opt/airflow/dags/pricescope_pipeline.py
[2026-08-03T22:01:49.355+0000] {processor.py:925} INFO - DAG(s) 'pricescope_pipeline' retrieved from /opt/airflow/dags/pricescope_pipeline.py
[2026-08-03T22:01:49.402+0000] {logging_mixin.py:190} INFO - [2026-08-03T22:01:49.401+0000] {dag.py:3239} INFO - Sync 1 DAGs
[2026-08-03T22:01:49.455+0000] {logging_mixin.py:190} INFO - [2026-08-03T22:01:49.454+0000] {dag.py:4180} INFO - Setting next_dagrun for pricescope_pipeline to 2026-08-03 06:00:00+00:00, run_after=2026-08-03 18:00:00+00:00
[2026-08-03T22:01:49.500+0000] {processor.py:208} INFO - Processing /opt/airflow/dags/pricescope_pipeline.py took 0.222 seconds
[2026-08-03T22:02:19.936+0000] {processor.py:186} INFO - Started process (PID=4748) to work on /opt/airflow/dags/pricescope_pipeline.py
[2026-08-03T22:02:19.954+0000] {processor.py:914} INFO - Processing file /opt/airflow/dags/pricescope_pipeline.py for tasks to queue
[2026-08-03T22:02:19.974+0000] {logging_mixin.py:190} INFO - [2026-08-03T22:02:19.973+0000] {dagbag.py:588} INFO - Filling up the DagBag from /opt/airflow/dags/pricescope_pipeline.py
[2026-08-03T22:02:20.607+0000] {processor.py:925} INFO - DAG(s) 'pricescope_pipeline' retrieved from /opt/airflow/dags/pricescope_pipeline.py
[2026-08-03T22:02:20.689+0000] {logging_mixin.py:190} INFO - [2026-08-03T22:02:20.688+0000] {dag.py:3239} INFO - Sync 1 DAGs
[2026-08-03T22:02:20.766+0000] {logging_mixin.py:190} INFO - [2026-08-03T22:02:20.766+0000] {dag.py:4180} INFO - Setting next_dagrun for pricescope_pipeline to 2026-08-03 06:00:00+00:00, run_after=2026-08-03 18:00:00+00:00
[2026-08-03T22:02:20.815+0000] {processor.py:208} INFO - Processing /opt/airflow/dags/pricescope_pipeline.py took 0.896 seconds
[2026-08-03T22:02:51.560+0000] {processor.py:186} INFO - Started process (PID=4755) to work on /opt/airflow/dags/pricescope_pipeline.py
[2026-08-03T22:02:51.563+0000] {processor.py:914} INFO - Processing file /opt/airflow/dags/pricescope_pipeline.py for tasks to queue
[2026-08-03T22:02:51.566+0000] {logging_mixin.py:190} INFO - [2026-08-03T22:02:51.566+0000] {dagbag.py:588} INFO - Filling up the DagBag from /opt/airflow/dags/pricescope_pipeline.py
[2026-08-03T22:02:51.629+0000] {processor.py:925} INFO - DAG(s) 'pricescope_pipeline' retrieved from /opt/airflow/dags/pricescope_pipeline.py
[2026-08-03T22:02:51.665+0000] {logging_mixin.py:190} INFO - [2026-08-03T22:02:51.664+0000] {dag.py:3239} INFO - Sync 1 DAGs
[2026-08-03T22:02:51.694+0000] {logging_mixin.py:190} INFO - [2026-08-03T22:02:51.694+0000] {dag.py:4180} INFO - Setting next_dagrun for pricescope_pipeline to 2026-08-03 06:00:00+00:00, run_after=2026-08-03 18:00:00+00:00
[2026-08-03T22:02:51.753+0000] {processor.py:208} INFO - Processing /opt/airflow/dags/pricescope_pipeline.py took 0.199 seconds
[2026-08-03T22:03:21.983+0000] {processor.py:186} INFO - Started process (PID=4762) to work on /opt/airflow/dags/pricescope_pipeline.py
[2026-08-03T22:03:21.986+0000] {processor.py:914} INFO - Processing file /opt/airflow/dags/pricescope_pipeline.py for tasks to queue
[2026-08-03T22:03:21.990+0000] {logging_mixin.py:190} INFO - [2026-08-03T22:03:21.990+0000] {dagbag.py:588} INFO - Filling up the DagBag from /opt/airflow/dags/pricescope_pipeline.py
[2026-08-03T22:03:22.048+0000] {processor.py:925} INFO - DAG(s) 'pricescope_pipeline' retrieved from /opt/airflow/dags/pricescope_pipeline.py
[2026-08-03T22:03:22.076+0000] {logging_mixin.py:190} INFO - [2026-08-03T22:03:22.075+0000] {dag.py:3239} INFO - Sync 1 DAGs
[2026-08-03T22:03:22.101+0000] {logging_mixin.py:190} INFO - [2026-08-03T22:03:22.101+0000] {dag.py:4180} INFO - Setting next_dagrun for pricescope_pipeline to 2026-08-03 06:00:00+00:00, run_after=2026-08-03 18:00:00+00:00
[2026-08-03T22:03:22.146+0000] {processor.py:208} INFO - Processing /opt/airflow/dags/pricescope_pipeline.py took 0.171 seconds
[2026-08-03T22:03:28.200+0000] {processor.py:186} INFO - Started process (PID=4763) to work on /opt/airflow/dags/pricescope_pipeline.py
[2026-08-03T22:03:28.204+0000] {processor.py:914} INFO - Processing file /opt/airflow/dags/pricescope_pipeline.py for tasks to queue
[2026-08-03T22:03:28.209+0000] {logging_mixin.py:190} INFO - [2026-08-03T22:03:28.208+0000] {dagbag.py:588} INFO - Filling up the DagBag from /opt/airflow/dags/pricescope_pipeline.py
[2026-08-03T22:03:28.287+0000] {processor.py:925} INFO - DAG(s) 'pricescope_pipeline' retrieved from /opt/airflow/dags/pricescope_pipeline.py
[2026-08-03T22:03:28.316+0000] {logging_mixin.py:190} INFO - [2026-08-03T22:03:28.316+0000] {dag.py:3239} INFO - Sync 1 DAGs
[2026-08-03T22:03:28.344+0000] {logging_mixin.py:190} INFO - [2026-08-03T22:03:28.344+0000] {dag.py:4180} INFO - Setting next_dagrun for pricescope_pipeline to 2026-08-03 06:00:00+00:00, run_after=2026-08-03 18:00:00+00:00
[2026-08-03T22:03:28.371+0000] {processor.py:208} INFO - Processing /opt/airflow/dags/pricescope_pipeline.py took 0.186 seconds
[2026-08-03T22:03:58.625+0000] {processor.py:186} INFO - Started process (PID=4770) to work on /opt/airflow/dags/pricescope_pipeline.py
[2026-08-03T22:03:58.628+0000] {processor.py:914} INFO - Processing file /opt/airflow/dags/pricescope_pipeline.py for tasks to queue
[2026-08-03T22:03:58.631+0000] {logging_mixin.py:190} INFO - [2026-08-03T22:03:58.631+0000] {dagbag.py:588} INFO - Filling up the DagBag from /opt/airflow/dags/pricescope_pipeline.py
[2026-08-03T22:03:58.675+0000] {processor.py:925} INFO - DAG(s) 'pricescope_pipeline' retrieved from /opt/airflow/dags/pricescope_pipeline.py
[2026-08-03T22:03:58.717+0000] {logging_mixin.py:190} INFO - [2026-08-03T22:03:58.717+0000] {dag.py:3239} INFO - Sync 1 DAGs
[2026-08-03T22:03:58.765+0000] {logging_mixin.py:190} INFO - [2026-08-03T22:03:58.765+0000] {dag.py:4180} INFO - Setting next_dagrun for pricescope_pipeline to 2026-08-03 06:00:00+00:00, run_after=2026-08-03 18:00:00+00:00
[2026-08-03T22:03:58.805+0000] {processor.py:208} INFO - Processing /opt/airflow/dags/pricescope_pipeline.py took 0.188 seconds
[2026-08-03T22:04:29.107+0000] {processor.py:186} INFO - Started process (PID=4777) to work on /opt/airflow/dags/pricescope_pipeline.py
[2026-08-03T22:04:29.109+0000] {processor.py:914} INFO - Processing file /opt/airflow/dags/pricescope_pipeline.py for tasks to queue
[2026-08-03T22:04:29.113+0000] {logging_mixin.py:190} INFO - [2026-08-03T22:04:29.112+0000] {dagbag.py:588} INFO - Filling up the DagBag from /opt/airflow/dags/pricescope_pipeline.py
[2026-08-03T22:04:29.155+0000] {processor.py:925} INFO - DAG(s) 'pricescope_pipeline' retrieved from /opt/airflow/dags/pricescope_pipeline.py
[2026-08-03T22:04:29.189+0000] {logging_mixin.py:190} INFO - [2026-08-03T22:04:29.189+0000] {dag.py:3239} INFO - Sync 1 DAGs
[2026-08-03T22:04:29.220+0000] {logging_mixin.py:190} INFO - [2026-08-03T22:04:29.220+0000] {dag.py:4180} INFO - Setting next_dagrun for pricescope_pipeline to 2026-08-03 06:00:00+00:00, run_after=2026-08-03 18:00:00+00:00
[2026-08-03T22:04:29.255+0000] {processor.py:208} INFO - Processing /opt/airflow/dags/pricescope_pipeline.py took 0.156 seconds
[2026-08-03T22:04:59.445+0000] {processor.py:186} INFO - Started process (PID=4784) to work on /opt/airflow/dags/pricescope_pipeline.py
[2026-08-03T22:04:59.449+0000] {processor.py:914} INFO - Processing file /opt/airflow/dags/pricescope_pipeline.py for tasks to queue
[2026-08-03T22:04:59.452+0000] {logging_mixin.py:190} INFO - [2026-08-03T22:04:59.452+0000] {dagbag.py:588} INFO - Filling up the DagBag from /opt/airflow/dags/pricescope_pipeline.py
[2026-08-03T22:04:59.491+0000] {processor.py:925} INFO - DAG(s) 'pricescope_pipeline' retrieved from /opt/airflow/dags/pricescope_pipeline.py
[2026-08-03T22:04:59.526+0000] {logging_mixin.py:190} INFO - [2026-08-03T22:04:59.525+0000] {dag.py:3239} INFO - Sync 1 DAGs
[2026-08-03T22:04:59.558+0000] {logging_mixin.py:190} INFO - [2026-08-03T22:04:59.557+0000] {dag.py:4180} INFO - Setting next_dagrun for pricescope_pipeline to 2026-08-03 06:00:00+00:00, run_after=2026-08-03 18:00:00+00:00
[2026-08-03T22:04:59.606+0000] {processor.py:208} INFO - Processing /opt/airflow/dags/pricescope_pipeline.py took 0.170 seconds
[2026-08-03T22:05:29.931+0000] {processor.py:186} INFO - Started process (PID=4815) to work on /opt/airflow/dags/pricescope_pipeline.py
[2026-08-03T22:05:29.934+0000] {processor.py:914} INFO - Processing file /opt/airflow/dags/pricescope_pipeline.py for tasks to queue
[2026-08-03T22:05:29.937+0000] {logging_mixin.py:190} INFO - [2026-08-03T22:05:29.936+0000] {dagbag.py:588} INFO - Filling up the DagBag from /opt/airflow/dags/pricescope_pipeline.py
[2026-08-03T22:05:29.975+0000] {processor.py:925} INFO - DAG(s) 'pricescope_pipeline' retrieved from /opt/airflow/dags/pricescope_pipeline.py
[2026-08-03T22:05:30.008+0000] {logging_mixin.py:190} INFO - [2026-08-03T22:05:30.008+0000] {dag.py:3239} INFO - Sync 1 DAGs
[2026-08-03T22:05:30.048+0000] {logging_mixin.py:190} INFO - [2026-08-03T22:05:30.048+0000] {dag.py:4180} INFO - Setting next_dagrun for pricescope_pipeline to 2026-08-03 06:00:00+00:00, run_after=2026-08-03 18:00:00+00:00
[2026-08-03T22:05:30.082+0000] {processor.py:208} INFO - Processing /opt/airflow/dags/pricescope_pipeline.py took 0.159 seconds
[2026-08-03T22:06:00.330+0000] {processor.py:186} INFO - Started process (PID=4823) to work on /opt/airflow/dags/pricescope_pipeline.py
[2026-08-03T22:06:00.334+0000] {processor.py:914} INFO - Processing file /opt/airflow/dags/pricescope_pipeline.py for tasks to queue
[2026-08-03T22:06:00.337+0000] {logging_mixin.py:190} INFO - [2026-08-03T22:06:00.337+0000] {dagbag.py:588} INFO - Filling up the DagBag from /opt/airflow/dags/pricescope_pipeline.py
[2026-08-03T22:06:00.389+0000] {processor.py:925} INFO - DAG(s) 'pricescope_pipeline' retrieved from /opt/airflow/dags/pricescope_pipeline.py
[2026-08-03T22:06:00.427+0000] {logging_mixin.py:190} INFO - [2026-08-03T22:06:00.426+0000] {dag.py:3239} INFO - Sync 1 DAGs
[2026-08-03T22:06:00.465+0000] {logging_mixin.py:190} INFO - [2026-08-03T22:06:00.465+0000] {dag.py:4180} INFO - Setting next_dagrun for pricescope_pipeline to 2026-08-03 06:00:00+00:00, run_after=2026-08-03 18:00:00+00:00
[2026-08-03T22:06:00.495+0000] {processor.py:208} INFO - Processing /opt/airflow/dags/pricescope_pipeline.py took 0.172 seconds
[2026-08-03T22:06:30.735+0000] {processor.py:186} INFO - Started process (PID=4830) to work on /opt/airflow/dags/pricescope_pipeline.py
[2026-08-03T22:06:30.737+0000] {processor.py:914} INFO - Processing file /opt/airflow/dags/pricescope_pipeline.py for tasks to queue
[2026-08-03T22:06:30.740+0000] {logging_mixin.py:190} INFO - [2026-08-03T22:06:30.739+0000] {dagbag.py:588} INFO - Filling up the DagBag from /opt/airflow/dags/pricescope_pipeline.py
[2026-08-03T22:06:30.769+0000] {processor.py:925} INFO - DAG(s) 'pricescope_pipeline' retrieved from /opt/airflow/dags/pricescope_pipeline.py
[2026-08-03T22:06:30.795+0000] {logging_mixin.py:190} INFO - [2026-08-03T22:06:30.795+0000] {dag.py:3239} INFO - Sync 1 DAGs
[2026-08-03T22:06:30.826+0000] {logging_mixin.py:190} INFO - [2026-08-03T22:06:30.826+0000] {dag.py:4180} INFO - Setting next_dagrun for pricescope_pipeline to 2026-08-03 06:00:00+00:00, run_after=2026-08-03 18:00:00+00:00
[2026-08-03T22:06:30.848+0000] {processor.py:208} INFO - Processing /opt/airflow/dags/pricescope_pipeline.py took 0.120 seconds
[2026-08-03T22:07:01.113+0000] {processor.py:186} INFO - Started process (PID=4846) to work on /opt/airflow/dags/pricescope_pipeline.py
[2026-08-03T22:07:01.117+0000] {processor.py:914} INFO - Processing file /opt/airflow/dags/pricescope_pipeline.py for tasks to queue
[2026-08-03T22:07:01.121+0000] {logging_mixin.py:190} INFO - [2026-08-03T22:07:01.121+0000] {dagbag.py:588} INFO - Filling up the DagBag from /opt/airflow/dags/pricescope_pipeline.py
[2026-08-03T22:07:01.170+0000] {processor.py:925} INFO - DAG(s) 'pricescope_pipeline' retrieved from /opt/airflow/dags/pricescope_pipeline.py
[2026-08-03T22:07:01.209+0000] {logging_mixin.py:190} INFO - [2026-08-03T22:07:01.209+0000] {dag.py:3239} INFO - Sync 1 DAGs
[2026-08-03T22:07:01.245+0000] {logging_mixin.py:190} INFO - [2026-08-03T22:07:01.244+0000] {dag.py:4180} INFO - Setting next_dagrun for pricescope_pipeline to 2026-08-03 18:00:00+00:00, run_after=2026-08-04 06:00:00+00:00
[2026-08-03T22:07:01.271+0000] {processor.py:208} INFO - Processing /opt/airflow/dags/pricescope_pipeline.py took 0.169 seconds
[2026-08-03T22:07:31.479+0000] {processor.py:186} INFO - Started process (PID=4853) to work on /opt/airflow/dags/pricescope_pipeline.py
[2026-08-03T22:07:31.481+0000] {processor.py:914} INFO - Processing file /opt/airflow/dags/pricescope_pipeline.py for tasks to queue
[2026-08-03T22:07:31.484+0000] {logging_mixin.py:190} INFO - [2026-08-03T22:07:31.483+0000] {dagbag.py:588} INFO - Filling up the DagBag from /opt/airflow/dags/pricescope_pipeline.py
[2026-08-03T22:07:31.515+0000] {processor.py:925} INFO - DAG(s) 'pricescope_pipeline' retrieved from /opt/airflow/dags/pricescope_pipeline.py
[2026-08-03T22:07:31.551+0000] {logging_mixin.py:190} INFO - [2026-08-03T22:07:31.551+0000] {dag.py:3239} INFO - Sync 1 DAGs
[2026-08-03T22:07:31.609+0000] {logging_mixin.py:190} INFO - [2026-08-03T22:07:31.608+0000] {dag.py:4180} INFO - Setting next_dagrun for pricescope_pipeline to 2026-08-03 18:00:00+00:00, run_after=2026-08-04 06:00:00+00:00
[2026-08-03T22:07:31.662+0000] {processor.py:208} INFO - Processing /opt/airflow/dags/pricescope_pipeline.py took 0.198 seconds
[2026-08-03T22:08:01.903+0000] {processor.py:186} INFO - Started process (PID=4860) to work on /opt/airflow/dags/pricescope_pipeline.py
[2026-08-03T22:08:01.906+0000] {processor.py:914} INFO - Processing file /opt/airflow/dags/pricescope_pipeline.py for tasks to queue
[2026-08-03T22:08:01.909+0000] {logging_mixin.py:190} INFO - [2026-08-03T22:08:01.908+0000] {dagbag.py:588} INFO - Filling up the DagBag from /opt/airflow/dags/pricescope_pipeline.py
[2026-08-03T22:08:01.946+0000] {processor.py:925} INFO - DAG(s) 'pricescope_pipeline' retrieved from /opt/airflow/dags/pricescope_pipeline.py
[2026-08-03T22:08:01.975+0000] {logging_mixin.py:190} INFO - [2026-08-03T22:08:01.975+0000] {dag.py:3239} INFO - Sync 1 DAGs
[2026-08-03T22:08:02.001+0000] {logging_mixin.py:190} INFO - [2026-08-03T22:08:02.001+0000] {dag.py:4180} INFO - Setting next_dagrun for pricescope_pipeline to 2026-08-03 18:00:00+00:00, run_after=2026-08-04 06:00:00+00:00
[2026-08-03T22:08:02.022+0000] {processor.py:208} INFO - Processing /opt/airflow/dags/pricescope_pipeline.py took 0.126 seconds
[2026-08-03T22:08:32.547+0000] {processor.py:186} INFO - Started process (PID=4867) to work on /opt/airflow/dags/pricescope_pipeline.py
[2026-08-03T22:08:32.553+0000] {processor.py:914} INFO - Processing file /opt/airflow/dags/pricescope_pipeline.py for tasks to queue
[2026-08-03T22:08:32.559+0000] {logging_mixin.py:190} INFO - [2026-08-03T22:08:32.558+0000] {dagbag.py:588} INFO - Filling up the DagBag from /opt/airflow/dags/pricescope_pipeline.py
[2026-08-03T22:08:32.595+0000] {processor.py:925} INFO - DAG(s) 'pricescope_pipeline' retrieved from /opt/airflow/dags/pricescope_pipeline.py
[2026-08-03T22:08:32.624+0000] {logging_mixin.py:190} INFO - [2026-08-03T22:08:32.623+0000] {dag.py:3239} INFO - Sync 1 DAGs
[2026-08-03T22:08:32.652+0000] {logging_mixin.py:190} INFO - [2026-08-03T22:08:32.651+0000] {dag.py:4180} INFO - Setting next_dagrun for pricescope_pipeline to 2026-08-03 18:00:00+00:00, run_after=2026-08-04 06:00:00+00:00
[2026-08-03T22:08:32.675+0000] {processor.py:208} INFO - Processing /opt/airflow/dags/pricescope_pipeline.py took 0.136 seconds
[2026-08-03T22:09:02.868+0000] {processor.py:186} INFO - Started process (PID=4875) to work on /opt/airflow/dags/pricescope_pipeline.py
[2026-08-03T22:09:02.873+0000] {processor.py:914} INFO - Processing file /opt/airflow/dags/pricescope_pipeline.py for tasks to queue
[2026-08-03T22:09:02.876+0000] {logging_mixin.py:190} INFO - [2026-08-03T22:09:02.875+0000] {dagbag.py:588} INFO - Filling up the DagBag from /opt/airflow/dags/pricescope_pipeline.py
[2026-08-03T22:09:02.919+0000] {processor.py:925} INFO - DAG(s) 'pricescope_pipeline' retrieved from /opt/airflow/dags/pricescope_pipeline.py
[2026-08-03T22:09:02.952+0000] {logging_mixin.py:190} INFO - [2026-08-03T22:09:02.952+0000] {dag.py:3239} INFO - Sync 1 DAGs
[2026-08-03T22:09:02.980+0000] {logging_mixin.py:190} INFO - [2026-08-03T22:09:02.980+0000] {dag.py:4180} INFO - Setting next_dagrun for pricescope_pipeline to 2026-08-03 18:00:00+00:00, run_after=2026-08-04 06:00:00+00:00
[2026-08-03T22:09:03.003+0000] {processor.py:208} INFO - Processing /opt/airflow/dags/pricescope_pipeline.py took 0.151 seconds
[2026-08-03T22:09:33.295+0000] {processor.py:186} INFO - Started process (PID=4882) to work on /opt/airflow/dags/pricescope_pipeline.py
[2026-08-03T22:09:33.298+0000] {processor.py:914} INFO - Processing file /opt/airflow/dags/pricescope_pipeline.py for tasks to queue
[2026-08-03T22:09:33.300+0000] {logging_mixin.py:190} INFO - [2026-08-03T22:09:33.300+0000] {dagbag.py:588} INFO - Filling up the DagBag from /opt/airflow/dags/pricescope_pipeline.py
[2026-08-03T22:09:33.339+0000] {processor.py:925} INFO - DAG(s) 'pricescope_pipeline' retrieved from /opt/airflow/dags/pricescope_pipeline.py
[2026-08-03T22:09:33.366+0000] {logging_mixin.py:190} INFO - [2026-08-03T22:09:33.366+0000] {dag.py:3239} INFO - Sync 1 DAGs
[2026-08-03T22:09:33.394+0000] {logging_mixin.py:190} INFO - [2026-08-03T22:09:33.394+0000] {dag.py:4180} INFO - Setting next_dagrun for pricescope_pipeline to 2026-08-03 18:00:00+00:00, run_after=2026-08-04 06:00:00+00:00
[2026-08-03T22:09:33.414+0000] {processor.py:208} INFO - Processing /opt/airflow/dags/pricescope_pipeline.py took 0.128 seconds
[2026-08-03T22:10:03.636+0000] {processor.py:186} INFO - Started process (PID=4889) to work on /opt/airflow/dags/pricescope_pipeline.py
[2026-08-03T22:10:03.640+0000] {processor.py:914} INFO - Processing file /opt/airflow/dags/pricescope_pipeline.py for tasks to queue
[2026-08-03T22:10:03.644+0000] {logging_mixin.py:190} INFO - [2026-08-03T22:10:03.643+0000] {dagbag.py:588} INFO - Filling up the DagBag from /opt/airflow/dags/pricescope_pipeline.py
[2026-08-03T22:10:03.692+0000] {processor.py:925} INFO - DAG(s) 'pricescope_pipeline' retrieved from /opt/airflow/dags/pricescope_pipeline.py
[2026-08-03T22:10:03.732+0000] {logging_mixin.py:190} INFO - [2026-08-03T22:10:03.731+0000] {dag.py:3239} INFO - Sync 1 DAGs
[2026-08-03T22:10:03.767+0000] {logging_mixin.py:190} INFO - [2026-08-03T22:10:03.766+0000] {dag.py:4180} INFO - Setting next_dagrun for pricescope_pipeline to 2026-08-03 18:00:00+00:00, run_after=2026-08-04 06:00:00+00:00
[2026-08-03T22:10:03.793+0000] {processor.py:208} INFO - Processing /opt/airflow/dags/pricescope_pipeline.py took 0.167 seconds
[2026-08-03T22:10:34.106+0000] {processor.py:186} INFO - Started process (PID=4896) to work on /opt/airflow/dags/pricescope_pipeline.py
[2026-08-03T22:10:34.108+0000] {processor.py:914} INFO - Processing file /opt/airflow/dags/pricescope_pipeline.py for tasks to queue
[2026-08-03T22:10:34.111+0000] {logging_mixin.py:190} INFO - [2026-08-03T22:10:34.110+0000] {dagbag.py:588} INFO - Filling up the DagBag from /opt/airflow/dags/pricescope_pipeline.py
[2026-08-03T22:10:34.143+0000] {processor.py:925} INFO - DAG(s) 'pricescope_pipeline' retrieved from /opt/airflow/dags/pricescope_pipeline.py
[2026-08-03T22:10:34.173+0000] {logging_mixin.py:190} INFO - [2026-08-03T22:10:34.172+0000] {dag.py:3239} INFO - Sync 1 DAGs
[2026-08-03T22:10:34.220+0000] {logging_mixin.py:190} INFO - [2026-08-03T22:10:34.220+0000] {dag.py:4180} INFO - Setting next_dagrun for pricescope_pipeline to 2026-08-03 18:00:00+00:00, run_after=2026-08-04 06:00:00+00:00
[2026-08-03T22:10:34.259+0000] {processor.py:208} INFO - Processing /opt/airflow/dags/pricescope_pipeline.py took 0.160 seconds
[2026-08-03T22:11:04.435+0000] {processor.py:186} INFO - Started process (PID=4903) to work on /opt/airflow/dags/pricescope_pipeline.py
[2026-08-03T22:11:04.438+0000] {processor.py:914} INFO - Processing file /opt/airflow/dags/pricescope_pipeline.py for tasks to queue
[2026-08-03T22:11:04.441+0000] {logging_mixin.py:190} INFO - [2026-08-03T22:11:04.441+0000] {dagbag.py:588} INFO - Filling up the DagBag from /opt/airflow/dags/pricescope_pipeline.py
[2026-08-03T22:11:04.498+0000] {processor.py:925} INFO - DAG(s) 'pricescope_pipeline' retrieved from /opt/airflow/dags/pricescope_pipeline.py
[2026-08-03T22:11:04.549+0000] {logging_mixin.py:190} INFO - [2026-08-03T22:11:04.549+0000] {dag.py:3239} INFO - Sync 1 DAGs
[2026-08-03T22:11:04.593+0000] {logging_mixin.py:190} INFO - [2026-08-03T22:11:04.593+0000] {dag.py:4180} INFO - Setting next_dagrun for pricescope_pipeline to 2026-08-03 18:00:00+00:00, run_after=2026-08-04 06:00:00+00:00
[2026-08-03T22:11:04.627+0000] {processor.py:208} INFO - Processing /opt/airflow/dags/pricescope_pipeline.py took 0.200 seconds
[2026-08-03T22:11:34.927+0000] {processor.py:186} INFO - Started process (PID=4910) to work on /opt/airflow/dags/pricescope_pipeline.py
[2026-08-03T22:11:34.928+0000] {processor.py:914} INFO - Processing file /opt/airflow/dags/pricescope_pipeline.py for tasks to queue
[2026-08-03T22:11:34.930+0000] {logging_mixin.py:190} INFO - [2026-08-03T22:11:34.930+0000] {dagbag.py:588} INFO - Filling up the DagBag from /opt/airflow/dags/pricescope_pipeline.py
[2026-08-03T22:11:34.981+0000] {processor.py:925} INFO - DAG(s) 'pricescope_pipeline' retrieved from /opt/airflow/dags/pricescope_pipeline.py
[2026-08-03T22:11:35.009+0000] {logging_mixin.py:190} INFO - [2026-08-03T22:11:35.008+0000] {dag.py:3239} INFO - Sync 1 DAGs
[2026-08-03T22:11:35.034+0000] {logging_mixin.py:190} INFO - [2026-08-03T22:11:35.034+0000] {dag.py:4180} INFO - Setting next_dagrun for pricescope_pipeline to 2026-08-03 18:00:00+00:00, run_after=2026-08-04 06:00:00+00:00
[2026-08-03T22:11:35.061+0000] {processor.py:208} INFO - Processing /opt/airflow/dags/pricescope_pipeline.py took 0.139 seconds
[2026-08-03T22:11:39.065+0000] {processor.py:186} INFO - Started process (PID=4911) to work on /opt/airflow/dags/pricescope_pipeline.py
[2026-08-03T22:11:39.067+0000] {processor.py:914} INFO - Processing file /opt/airflow/dags/pricescope_pipeline.py for tasks to queue
[2026-08-03T22:11:39.071+0000] {logging_mixin.py:190} INFO - [2026-08-03T22:11:39.070+0000] {dagbag.py:588} INFO - Filling up the DagBag from /opt/airflow/dags/pricescope_pipeline.py
[2026-08-03T22:11:39.129+0000] {processor.py:925} INFO - DAG(s) 'pricescope_pipeline' retrieved from /opt/airflow/dags/pricescope_pipeline.py
[2026-08-03T22:11:39.372+0000] {logging_mixin.py:190} INFO - [2026-08-03T22:11:39.372+0000] {dag.py:3239} INFO - Sync 1 DAGs
[2026-08-03T22:11:39.402+0000] {logging_mixin.py:190} INFO - [2026-08-03T22:11:39.401+0000] {dag.py:4180} INFO - Setting next_dagrun for pricescope_pipeline to 2026-08-03 18:00:00+00:00, run_after=2026-08-04 06:00:00+00:00
[2026-08-03T22:11:39.449+0000] {processor.py:208} INFO - Processing /opt/airflow/dags/pricescope_pipeline.py took 0.396 seconds
[2026-08-03T22:12:00.700+0000] {processor.py:186} INFO - Started process (PID=4922) to work on /opt/airflow/dags/pricescope_pipeline.py
[2026-08-03T22:12:00.702+0000] {processor.py:914} INFO - Processing file /opt/airflow/dags/pricescope_pipeline.py for tasks to queue
[2026-08-03T22:12:00.705+0000] {logging_mixin.py:190} INFO - [2026-08-03T22:12:00.705+0000] {dagbag.py:588} INFO - Filling up the DagBag from /opt/airflow/dags/pricescope_pipeline.py
[2026-08-03T22:12:00.764+0000] {processor.py:925} INFO - DAG(s) 'pricescope_pipeline' retrieved from /opt/airflow/dags/pricescope_pipeline.py
[2026-08-03T22:12:00.782+0000] {logging_mixin.py:190} INFO - [2026-08-03T22:12:00.782+0000] {dag.py:3239} INFO - Sync 1 DAGs
[2026-08-03T22:12:00.813+0000] {logging_mixin.py:190} INFO - [2026-08-03T22:12:00.813+0000] {dag.py:4180} INFO - Setting next_dagrun for pricescope_pipeline to 2026-08-03 18:00:00+00:00, run_after=2026-08-04 06:00:00+00:00
[2026-08-03T22:12:00.847+0000] {processor.py:208} INFO - Processing /opt/airflow/dags/pricescope_pipeline.py took 0.154 seconds
[2026-08-03T22:12:07.785+0000] {processor.py:186} INFO - Started process (PID=4923) to work on /opt/airflow/dags/pricescope_pipeline.py
[2026-08-03T22:12:07.787+0000] {processor.py:914} INFO - Processing file /opt/airflow/dags/pricescope_pipeline.py for tasks to queue
[2026-08-03T22:12:07.790+0000] {logging_mixin.py:190} INFO - [2026-08-03T22:12:07.790+0000] {dagbag.py:588} INFO - Filling up the DagBag from /opt/airflow/dags/pricescope_pipeline.py
[2026-08-03T22:12:07.859+0000] {processor.py:925} INFO - DAG(s) 'pricescope_pipeline' retrieved from /opt/airflow/dags/pricescope_pipeline.py
[2026-08-03T22:12:07.878+0000] {logging_mixin.py:190} INFO - [2026-08-03T22:12:07.878+0000] {dag.py:3239} INFO - Sync 1 DAGs
[2026-08-03T22:12:07.917+0000] {logging_mixin.py:190} INFO - [2026-08-03T22:12:07.917+0000] {dag.py:4180} INFO - Setting next_dagrun for pricescope_pipeline to 2026-08-03 18:00:00+00:00, run_after=2026-08-04 06:00:00+00:00
[2026-08-03T22:12:07.953+0000] {processor.py:208} INFO - Processing /opt/airflow/dags/pricescope_pipeline.py took 0.178 seconds
[2026-08-03T22:12:38.281+0000] {processor.py:186} INFO - Started process (PID=4930) to work on /opt/airflow/dags/pricescope_pipeline.py
[2026-08-03T22:12:38.283+0000] {processor.py:914} INFO - Processing file /opt/airflow/dags/pricescope_pipeline.py for tasks to queue
[2026-08-03T22:12:38.285+0000] {logging_mixin.py:190} INFO - [2026-08-03T22:12:38.285+0000] {dagbag.py:588} INFO - Filling up the DagBag from /opt/airflow/dags/pricescope_pipeline.py
[2026-08-03T22:12:38.311+0000] {processor.py:925} INFO - DAG(s) 'pricescope_pipeline' retrieved from /opt/airflow/dags/pricescope_pipeline.py
[2026-08-03T22:12:38.412+0000] {logging_mixin.py:190} INFO - [2026-08-03T22:12:38.411+0000] {dag.py:3239} INFO - Sync 1 DAGs
[2026-08-03T22:12:38.433+0000] {logging_mixin.py:190} INFO - [2026-08-03T22:12:38.432+0000] {dag.py:4180} INFO - Setting next_dagrun for pricescope_pipeline to 2026-08-03 18:00:00+00:00, run_after=2026-08-04 06:00:00+00:00
[2026-08-03T22:12:38.456+0000] {processor.py:208} INFO - Processing /opt/airflow/dags/pricescope_pipeline.py took 0.179 seconds
[2026-08-03T22:13:08.676+0000] {processor.py:186} INFO - Started process (PID=4937) to work on /opt/airflow/dags/pricescope_pipeline.py
[2026-08-03T22:13:08.679+0000] {processor.py:914} INFO - Processing file /opt/airflow/dags/pricescope_pipeline.py for tasks to queue
[2026-08-03T22:13:08.684+0000] {logging_mixin.py:190} INFO - [2026-08-03T22:13:08.683+0000] {dagbag.py:588} INFO - Filling up the DagBag from /opt/airflow/dags/pricescope_pipeline.py
[2026-08-03T22:13:08.751+0000] {processor.py:925} INFO - DAG(s) 'pricescope_pipeline' retrieved from /opt/airflow/dags/pricescope_pipeline.py
[2026-08-03T22:13:08.786+0000] {logging_mixin.py:190} INFO - [2026-08-03T22:13:08.786+0000] {dag.py:3239} INFO - Sync 1 DAGs
[2026-08-03T22:13:08.822+0000] {logging_mixin.py:190} INFO - [2026-08-03T22:13:08.822+0000] {dag.py:4180} INFO - Setting next_dagrun for pricescope_pipeline to 2026-08-03 18:00:00+00:00, run_after=2026-08-04 06:00:00+00:00
[2026-08-03T22:13:08.853+0000] {processor.py:208} INFO - Processing /opt/airflow/dags/pricescope_pipeline.py took 0.190 seconds
[2026-08-03T22:13:39.171+0000] {processor.py:186} INFO - Started process (PID=4944) to work on /opt/airflow/dags/pricescope_pipeline.py
[2026-08-03T22:13:39.173+0000] {processor.py:914} INFO - Processing file /opt/airflow/dags/pricescope_pipeline.py for tasks to queue
[2026-08-03T22:13:39.175+0000] {logging_mixin.py:190} INFO - [2026-08-03T22:13:39.175+0000] {dagbag.py:588} INFO - Filling up the DagBag from /opt/airflow/dags/pricescope_pipeline.py
[2026-08-03T22:13:39.223+0000] {processor.py:925} INFO - DAG(s) 'pricescope_pipeline' retrieved from /opt/airflow/dags/pricescope_pipeline.py
[2026-08-03T22:13:39.245+0000] {logging_mixin.py:190} INFO - [2026-08-03T22:13:39.245+0000] {dag.py:3239} INFO - Sync 1 DAGs
[2026-08-03T22:13:39.276+0000] {logging_mixin.py:190} INFO - [2026-08-03T22:13:39.275+0000] {dag.py:4180} INFO - Setting next_dagrun for pricescope_pipeline to 2026-08-03 18:00:00+00:00, run_after=2026-08-04 06:00:00+00:00
[2026-08-03T22:13:39.304+0000] {processor.py:208} INFO - Processing /opt/airflow/dags/pricescope_pipeline.py took 0.145 seconds
[2026-08-03T22:14:09.557+0000] {processor.py:186} INFO - Started process (PID=4968) to work on /opt/airflow/dags/pricescope_pipeline.py
[2026-08-03T22:14:09.560+0000] {processor.py:914} INFO - Processing file /opt/airflow/dags/pricescope_pipeline.py for tasks to queue
[2026-08-03T22:14:09.562+0000] {logging_mixin.py:190} INFO - [2026-08-03T22:14:09.561+0000] {dagbag.py:588} INFO - Filling up the DagBag from /opt/airflow/dags/pricescope_pipeline.py
[2026-08-03T22:14:09.600+0000] {processor.py:925} INFO - DAG(s) 'pricescope_pipeline' retrieved from /opt/airflow/dags/pricescope_pipeline.py
[2026-08-03T22:14:09.633+0000] {logging_mixin.py:190} INFO - [2026-08-03T22:14:09.632+0000] {dag.py:3239} INFO - Sync 1 DAGs
[2026-08-03T22:14:09.659+0000] {logging_mixin.py:190} INFO - [2026-08-03T22:14:09.659+0000] {dag.py:4180} INFO - Setting next_dagrun for pricescope_pipeline to 2026-08-03 18:00:00+00:00, run_after=2026-08-04 06:00:00+00:00
[2026-08-03T22:14:09.680+0000] {processor.py:208} INFO - Processing /opt/airflow/dags/pricescope_pipeline.py took 0.131 seconds
[2026-08-03T22:14:40.047+0000] {processor.py:186} INFO - Started process (PID=4974) to work on /opt/airflow/dags/pricescope_pipeline.py
[2026-08-03T22:14:40.051+0000] {processor.py:914} INFO - Processing file /opt/airflow/dags/pricescope_pipeline.py for tasks to queue
[2026-08-03T22:14:40.054+0000] {logging_mixin.py:190} INFO - [2026-08-03T22:14:40.054+0000] {dagbag.py:588} INFO - Filling up the DagBag from /opt/airflow/dags/pricescope_pipeline.py
[2026-08-03T22:14:40.099+0000] {processor.py:925} INFO - DAG(s) 'pricescope_pipeline' retrieved from /opt/airflow/dags/pricescope_pipeline.py
[2026-08-03T22:14:40.120+0000] {logging_mixin.py:190} INFO - [2026-08-03T22:14:40.120+0000] {dag.py:3239} INFO - Sync 1 DAGs
[2026-08-03T22:14:40.139+0000] {logging_mixin.py:190} INFO - [2026-08-03T22:14:40.138+0000] {dag.py:4180} INFO - Setting next_dagrun for pricescope_pipeline to 2026-08-03 18:00:00+00:00, run_after=2026-08-04 06:00:00+00:00
[2026-08-03T22:14:40.172+0000] {processor.py:208} INFO - Processing /opt/airflow/dags/pricescope_pipeline.py took 0.137 seconds
[2026-08-03T22:15:10.450+0000] {processor.py:186} INFO - Started process (PID=4981) to work on /opt/airflow/dags/pricescope_pipeline.py
[2026-08-03T22:15:10.452+0000] {processor.py:914} INFO - Processing file /opt/airflow/dags/pricescope_pipeline.py for tasks to queue
[2026-08-03T22:15:10.455+0000] {logging_mixin.py:190} INFO - [2026-08-03T22:15:10.455+0000] {dagbag.py:588} INFO - Filling up the DagBag from /opt/airflow/dags/pricescope_pipeline.py
[2026-08-03T22:15:10.507+0000] {processor.py:925} INFO - DAG(s) 'pricescope_pipeline' retrieved from /opt/airflow/dags/pricescope_pipeline.py
[2026-08-03T22:15:10.542+0000] {logging_mixin.py:190} INFO - [2026-08-03T22:15:10.541+0000] {dag.py:3239} INFO - Sync 1 DAGs
[2026-08-03T22:15:10.569+0000] {logging_mixin.py:190} INFO - [2026-08-03T22:15:10.569+0000] {dag.py:4180} INFO - Setting next_dagrun for pricescope_pipeline to 2026-08-03 18:00:00+00:00, run_after=2026-08-04 06:00:00+00:00
[2026-08-03T22:15:10.586+0000] {processor.py:208} INFO - Processing /opt/airflow/dags/pricescope_pipeline.py took 0.148 seconds
[2026-08-03T22:15:41.043+0000] {processor.py:186} INFO - Started process (PID=4988) to work on /opt/airflow/dags/pricescope_pipeline.py
[2026-08-03T22:15:41.047+0000] {processor.py:914} INFO - Processing file /opt/airflow/dags/pricescope_pipeline.py for tasks to queue
[2026-08-03T22:15:41.050+0000] {logging_mixin.py:190} INFO - [2026-08-03T22:15:41.050+0000] {dagbag.py:588} INFO - Filling up the DagBag from /opt/airflow/dags/pricescope_pipeline.py
[2026-08-03T22:15:41.096+0000] {processor.py:925} INFO - DAG(s) 'pricescope_pipeline' retrieved from /opt/airflow/dags/pricescope_pipeline.py
[2026-08-03T22:15:41.136+0000] {logging_mixin.py:190} INFO - [2026-08-03T22:15:41.135+0000] {dag.py:3239} INFO - Sync 1 DAGs
[2026-08-03T22:15:41.163+0000] {logging_mixin.py:190} INFO - [2026-08-03T22:15:41.163+0000] {dag.py:4180} INFO - Setting next_dagrun for pricescope_pipeline to 2026-08-03 18:00:00+00:00, run_after=2026-08-04 06:00:00+00:00
[2026-08-03T22:15:41.220+0000] {processor.py:208} INFO - Processing /opt/airflow/dags/pricescope_pipeline.py took 0.185 seconds
[2026-08-03T22:16:11.435+0000] {processor.py:186} INFO - Started process (PID=4995) to work on /opt/airflow/dags/pricescope_pipeline.py
[2026-08-03T22:16:11.437+0000] {processor.py:914} INFO - Processing file /opt/airflow/dags/pricescope_pipeline.py for tasks to queue
[2026-08-03T22:16:11.439+0000] {logging_mixin.py:190} INFO - [2026-08-03T22:16:11.439+0000] {dagbag.py:588} INFO - Filling up the DagBag from /opt/airflow/dags/pricescope_pipeline.py
[2026-08-03T22:16:11.478+0000] {processor.py:925} INFO - DAG(s) 'pricescope_pipeline' retrieved from /opt/airflow/dags/pricescope_pipeline.py
[2026-08-03T22:16:11.500+0000] {logging_mixin.py:190} INFO - [2026-08-03T22:16:11.499+0000] {dag.py:3239} INFO - Sync 1 DAGs
[2026-08-03T22:16:11.520+0000] {logging_mixin.py:190} INFO - [2026-08-03T22:16:11.520+0000] {dag.py:4180} INFO - Setting next_dagrun for pricescope_pipeline to 2026-08-03 18:00:00+00:00, run_after=2026-08-04 06:00:00+00:00
[2026-08-03T22:16:11.564+0000] {processor.py:208} INFO - Processing /opt/airflow/dags/pricescope_pipeline.py took 0.134 seconds
[2026-08-03T22:16:41.796+0000] {processor.py:186} INFO - Started process (PID=5002) to work on /opt/airflow/dags/pricescope_pipeline.py
[2026-08-03T22:16:41.799+0000] {processor.py:914} INFO - Processing file /opt/airflow/dags/pricescope_pipeline.py for tasks to queue
[2026-08-03T22:16:41.802+0000] {logging_mixin.py:190} INFO - [2026-08-03T22:16:41.801+0000] {dagbag.py:588} INFO - Filling up the DagBag from /opt/airflow/dags/pricescope_pipeline.py
[2026-08-03T22:16:41.850+0000] {processor.py:925} INFO - DAG(s) 'pricescope_pipeline' retrieved from /opt/airflow/dags/pricescope_pipeline.py
[2026-08-03T22:16:41.884+0000] {logging_mixin.py:190} INFO - [2026-08-03T22:16:41.884+0000] {dag.py:3239} INFO - Sync 1 DAGs
[2026-08-03T22:16:41.911+0000] {logging_mixin.py:190} INFO - [2026-08-03T22:16:41.911+0000] {dag.py:4180} INFO - Setting next_dagrun for pricescope_pipeline to 2026-08-03 18:00:00+00:00, run_after=2026-08-04 06:00:00+00:00
[2026-08-03T22:16:41.964+0000] {processor.py:208} INFO - Processing /opt/airflow/dags/pricescope_pipeline.py took 0.175 seconds
[2026-08-03T22:17:12.255+0000] {processor.py:186} INFO - Started process (PID=5009) to work on /opt/airflow/dags/pricescope_pipeline.py
[2026-08-03T22:17:12.258+0000] {processor.py:914} INFO - Processing file /opt/airflow/dags/pricescope_pipeline.py for tasks to queue
[2026-08-03T22:17:12.261+0000] {logging_mixin.py:190} INFO - [2026-08-03T22:17:12.261+0000] {dagbag.py:588} INFO - Filling up the DagBag from /opt/airflow/dags/pricescope_pipeline.py
[2026-08-03T22:17:12.311+0000] {processor.py:925} INFO - DAG(s) 'pricescope_pipeline' retrieved from /opt/airflow/dags/pricescope_pipeline.py
[2026-08-03T22:17:12.355+0000] {logging_mixin.py:190} INFO - [2026-08-03T22:17:12.355+0000] {dag.py:3239} INFO - Sync 1 DAGs
[2026-08-03T22:17:12.386+0000] {logging_mixin.py:190} INFO - [2026-08-03T22:17:12.385+0000] {dag.py:4180} INFO - Setting next_dagrun for pricescope_pipeline to 2026-08-03 18:00:00+00:00, run_after=2026-08-04 06:00:00+00:00
[2026-08-03T22:17:12.423+0000] {processor.py:208} INFO - Processing /opt/airflow/dags/pricescope_pipeline.py took 0.178 seconds
[2026-08-03T22:17:42.670+0000] {processor.py:186} INFO - Started process (PID=5016) to work on /opt/airflow/dags/pricescope_pipeline.py
[2026-08-03T22:17:42.672+0000] {processor.py:914} INFO - Processing file /opt/airflow/dags/pricescope_pipeline.py for tasks to queue
[2026-08-03T22:17:42.676+0000] {logging_mixin.py:190} INFO - [2026-08-03T22:17:42.675+0000] {dagbag.py:588} INFO - Filling up the DagBag from /opt/airflow/dags/pricescope_pipeline.py
[2026-08-03T22:17:42.729+0000] {processor.py:925} INFO - DAG(s) 'pricescope_pipeline' retrieved from /opt/airflow/dags/pricescope_pipeline.py
[2026-08-03T22:17:42.755+0000] {logging_mixin.py:190} INFO - [2026-08-03T22:17:42.755+0000] {dag.py:3239} INFO - Sync 1 DAGs
[2026-08-03T22:17:42.783+0000] {logging_mixin.py:190} INFO - [2026-08-03T22:17:42.782+0000] {dag.py:4180} INFO - Setting next_dagrun for pricescope_pipeline to 2026-08-03 18:00:00+00:00, run_after=2026-08-04 06:00:00+00:00
[2026-08-03T22:17:42.835+0000] {processor.py:208} INFO - Processing /opt/airflow/dags/pricescope_pipeline.py took 0.173 seconds
[2026-08-03T22:18:13.208+0000] {processor.py:186} INFO - Started process (PID=5023) to work on /opt/airflow/dags/pricescope_pipeline.py
[2026-08-03T22:18:13.209+0000] {processor.py:914} INFO - Processing file /opt/airflow/dags/pricescope_pipeline.py for tasks to queue
[2026-08-03T22:18:13.211+0000] {logging_mixin.py:190} INFO - [2026-08-03T22:18:13.211+0000] {dagbag.py:588} INFO - Filling up the DagBag from /opt/airflow/dags/pricescope_pipeline.py
[2026-08-03T22:18:13.238+0000] {processor.py:925} INFO - DAG(s) 'pricescope_pipeline' retrieved from /opt/airflow/dags/pricescope_pipeline.py
[2026-08-03T22:18:13.261+0000] {logging_mixin.py:190} INFO - [2026-08-03T22:18:13.261+0000] {dag.py:3239} INFO - Sync 1 DAGs
[2026-08-03T22:18:13.288+0000] {logging_mixin.py:190} INFO - [2026-08-03T22:18:13.288+0000] {dag.py:4180} INFO - Setting next_dagrun for pricescope_pipeline to 2026-08-03 18:00:00+00:00, run_after=2026-08-04 06:00:00+00:00
[2026-08-03T22:18:13.308+0000] {processor.py:208} INFO - Processing /opt/airflow/dags/pricescope_pipeline.py took 0.108 seconds
[2026-08-03T22:18:43.695+0000] {processor.py:186} INFO - Started process (PID=5029) to work on /opt/airflow/dags/pricescope_pipeline.py
[2026-08-03T22:18:43.698+0000] {processor.py:914} INFO - Processing file /opt/airflow/dags/pricescope_pipeline.py for tasks to queue
[2026-08-03T22:18:43.700+0000] {logging_mixin.py:190} INFO - [2026-08-03T22:18:43.700+0000] {dagbag.py:588} INFO - Filling up the DagBag from /opt/airflow/dags/pricescope_pipeline.py
[2026-08-03T22:18:43.741+0000] {processor.py:925} INFO - DAG(s) 'pricescope_pipeline' retrieved from /opt/airflow/dags/pricescope_pipeline.py
[2026-08-03T22:18:43.765+0000] {logging_mixin.py:190} INFO - [2026-08-03T22:18:43.765+0000] {dag.py:3239} INFO - Sync 1 DAGs
[2026-08-03T22:18:43.789+0000] {logging_mixin.py:190} INFO - [2026-08-03T22:18:43.789+0000] {dag.py:4180} INFO - Setting next_dagrun for pricescope_pipeline to 2026-08-03 18:00:00+00:00, run_after=2026-08-04 06:00:00+00:00
[2026-08-03T22:18:43.811+0000] {processor.py:208} INFO - Processing /opt/airflow/dags/pricescope_pipeline.py took 0.126 seconds
[2026-08-03T22:19:14.117+0000] {processor.py:186} INFO - Started process (PID=5036) to work on /opt/airflow/dags/pricescope_pipeline.py
[2026-08-03T22:19:14.120+0000] {processor.py:914} INFO - Processing file /opt/airflow/dags/pricescope_pipeline.py for tasks to queue
[2026-08-03T22:19:14.124+0000] {logging_mixin.py:190} INFO - [2026-08-03T22:19:14.124+0000] {dagbag.py:588} INFO - Filling up the DagBag from /opt/airflow/dags/pricescope_pipeline.py
[2026-08-03T22:19:14.178+0000] {processor.py:925} INFO - DAG(s) 'pricescope_pipeline' retrieved from /opt/airflow/dags/pricescope_pipeline.py
[2026-08-03T22:19:14.212+0000] {logging_mixin.py:190} INFO - [2026-08-03T22:19:14.211+0000] {dag.py:3239} INFO - Sync 1 DAGs
[2026-08-03T22:19:14.245+0000] {logging_mixin.py:190} INFO - [2026-08-03T22:19:14.244+0000] {dag.py:4180} INFO - Setting next_dagrun for pricescope_pipeline to 2026-08-03 18:00:00+00:00, run_after=2026-08-04 06:00:00+00:00
[2026-08-03T22:19:14.268+0000] {processor.py:208} INFO - Processing /opt/airflow/dags/pricescope_pipeline.py took 0.159 seconds
[2026-08-03T22:19:36.404+0000] {processor.py:186} INFO - Started process (PID=5044) to work on /opt/airflow/dags/pricescope_pipeline.py
[2026-08-03T22:19:36.407+0000] {processor.py:914} INFO - Processing file /opt/airflow/dags/pricescope_pipeline.py for tasks to queue
[2026-08-03T22:19:36.412+0000] {logging_mixin.py:190} INFO - [2026-08-03T22:19:36.411+0000] {dagbag.py:588} INFO - Filling up the DagBag from /opt/airflow/dags/pricescope_pipeline.py
[2026-08-03T22:19:36.487+0000] {processor.py:925} INFO - DAG(s) 'pricescope_pipeline' retrieved from /opt/airflow/dags/pricescope_pipeline.py
[2026-08-03T22:19:36.642+0000] {logging_mixin.py:190} INFO - [2026-08-03T22:19:36.642+0000] {dag.py:3239} INFO - Sync 1 DAGs
[2026-08-03T22:19:36.671+0000] {logging_mixin.py:190} INFO - [2026-08-03T22:19:36.671+0000] {dag.py:4180} INFO - Setting next_dagrun for pricescope_pipeline to 2026-08-03 18:00:00+00:00, run_after=2026-08-04 06:00:00+00:00
[2026-08-03T22:19:36.710+0000] {processor.py:208} INFO - Processing /opt/airflow/dags/pricescope_pipeline.py took 0.315 seconds
[2026-08-03T22:20:06.846+0000] {processor.py:186} INFO - Started process (PID=5051) to work on /opt/airflow/dags/pricescope_pipeline.py
[2026-08-03T22:20:06.856+0000] {processor.py:914} INFO - Processing file /opt/airflow/dags/pricescope_pipeline.py for tasks to queue
[2026-08-03T22:20:06.861+0000] {logging_mixin.py:190} INFO - [2026-08-03T22:20:06.861+0000] {dagbag.py:588} INFO - Filling up the DagBag from /opt/airflow/dags/pricescope_pipeline.py
[2026-08-03T22:20:06.896+0000] {processor.py:925} INFO - DAG(s) 'pricescope_pipeline' retrieved from /opt/airflow/dags/pricescope_pipeline.py
[2026-08-03T22:20:06.924+0000] {logging_mixin.py:190} INFO - [2026-08-03T22:20:06.924+0000] {dag.py:3239} INFO - Sync 1 DAGs
[2026-08-03T22:20:06.948+0000] {logging_mixin.py:190} INFO - [2026-08-03T22:20:06.947+0000] {dag.py:4180} INFO - Setting next_dagrun for pricescope_pipeline to 2026-08-03 18:00:00+00:00, run_after=2026-08-04 06:00:00+00:00
[2026-08-03T22:20:06.969+0000] {processor.py:208} INFO - Processing /opt/airflow/dags/pricescope_pipeline.py took 0.130 seconds
[2026-08-03T22:20:37.357+0000] {processor.py:186} INFO - Started process (PID=5059) to work on /opt/airflow/dags/pricescope_pipeline.py
[2026-08-03T22:20:37.361+0000] {processor.py:914} INFO - Processing file /opt/airflow/dags/pricescope_pipeline.py for tasks to queue
[2026-08-03T22:20:37.365+0000] {logging_mixin.py:190} INFO - [2026-08-03T22:20:37.365+0000] {dagbag.py:588} INFO - Filling up the DagBag from /opt/airflow/dags/pricescope_pipeline.py
[2026-08-03T22:20:37.438+0000] {processor.py:925} INFO - DAG(s) 'pricescope_pipeline' retrieved from /opt/airflow/dags/pricescope_pipeline.py
[2026-08-03T22:20:37.472+0000] {logging_mixin.py:190} INFO - [2026-08-03T22:20:37.472+0000] {dag.py:3239} INFO - Sync 1 DAGs
[2026-08-03T22:20:37.504+0000] {logging_mixin.py:190} INFO - [2026-08-03T22:20:37.503+0000] {dag.py:4180} INFO - Setting next_dagrun for pricescope_pipeline to 2026-08-03 18:00:00+00:00, run_after=2026-08-04 06:00:00+00:00
[2026-08-03T22:20:37.638+0000] {processor.py:208} INFO - Processing /opt/airflow/dags/pricescope_pipeline.py took 0.296 seconds
[2026-08-03T22:21:08.015+0000] {processor.py:186} INFO - Started process (PID=5083) to work on /opt/airflow/dags/pricescope_pipeline.py
[2026-08-03T22:21:08.020+0000] {processor.py:914} INFO - Processing file /opt/airflow/dags/pricescope_pipeline.py for tasks to queue
[2026-08-03T22:21:08.025+0000] {logging_mixin.py:190} INFO - [2026-08-03T22:21:08.025+0000] {dagbag.py:588} INFO - Filling up the DagBag from /opt/airflow/dags/pricescope_pipeline.py
[2026-08-03T22:21:08.072+0000] {processor.py:925} INFO - DAG(s) 'pricescope_pipeline' retrieved from /opt/airflow/dags/pricescope_pipeline.py
[2026-08-03T22:21:08.112+0000] {logging_mixin.py:190} INFO - [2026-08-03T22:21:08.111+0000] {dag.py:3239} INFO - Sync 1 DAGs
[2026-08-03T22:21:08.153+0000] {logging_mixin.py:190} INFO - [2026-08-03T22:21:08.152+0000] {dag.py:4180} INFO - Setting next_dagrun for pricescope_pipeline to 2026-08-03 18:00:00+00:00, run_after=2026-08-04 06:00:00+00:00
[2026-08-03T22:21:08.187+0000] {processor.py:208} INFO - Processing /opt/airflow/dags/pricescope_pipeline.py took 0.189 seconds
[2026-08-03T22:21:38.279+0000] {processor.py:186} INFO - Started process (PID=5090) to work on /opt/airflow/dags/pricescope_pipeline.py
[2026-08-03T22:21:38.282+0000] {processor.py:914} INFO - Processing file /opt/airflow/dags/pricescope_pipeline.py for tasks to queue
[2026-08-03T22:21:38.284+0000] {logging_mixin.py:190} INFO - [2026-08-03T22:21:38.284+0000] {dagbag.py:588} INFO - Filling up the DagBag from /opt/airflow/dags/pricescope_pipeline.py
[2026-08-03T22:21:38.318+0000] {processor.py:925} INFO - DAG(s) 'pricescope_pipeline' retrieved from /opt/airflow/dags/pricescope_pipeline.py
[2026-08-03T22:21:38.343+0000] {logging_mixin.py:190} INFO - [2026-08-03T22:21:38.343+0000] {dag.py:3239} INFO - Sync 1 DAGs
[2026-08-03T22:21:38.368+0000] {logging_mixin.py:190} INFO - [2026-08-03T22:21:38.368+0000] {dag.py:4180} INFO - Setting next_dagrun for pricescope_pipeline to 2026-08-03 18:00:00+00:00, run_after=2026-08-04 06:00:00+00:00
[2026-08-03T22:21:38.391+0000] {processor.py:208} INFO - Processing /opt/airflow/dags/pricescope_pipeline.py took 0.119 seconds
[2026-08-03T22:22:08.622+0000] {processor.py:186} INFO - Started process (PID=5096) to work on /opt/airflow/dags/pricescope_pipeline.py
[2026-08-03T22:22:08.624+0000] {processor.py:914} INFO - Processing file /opt/airflow/dags/pricescope_pipeline.py for tasks to queue
[2026-08-03T22:22:08.627+0000] {logging_mixin.py:190} INFO - [2026-08-03T22:22:08.626+0000] {dagbag.py:588} INFO - Filling up the DagBag from /opt/airflow/dags/pricescope_pipeline.py
[2026-08-03T22:22:08.673+0000] {processor.py:925} INFO - DAG(s) 'pricescope_pipeline' retrieved from /opt/airflow/dags/pricescope_pipeline.py
[2026-08-03T22:22:08.707+0000] {logging_mixin.py:190} INFO - [2026-08-03T22:22:08.706+0000] {dag.py:3239} INFO - Sync 1 DAGs
[2026-08-03T22:22:08.737+0000] {logging_mixin.py:190} INFO - [2026-08-03T22:22:08.735+0000] {dag.py:4180} INFO - Setting next_dagrun for pricescope_pipeline to 2026-08-03 18:00:00+00:00, run_after=2026-08-04 06:00:00+00:00
[2026-08-03T22:22:08.766+0000] {processor.py:208} INFO - Processing /opt/airflow/dags/pricescope_pipeline.py took 0.154 seconds
[2026-08-03T22:22:39.054+0000] {processor.py:186} INFO - Started process (PID=5103) to work on /opt/airflow/dags/pricescope_pipeline.py
[2026-08-03T22:22:39.057+0000] {processor.py:914} INFO - Processing file /opt/airflow/dags/pricescope_pipeline.py for tasks to queue
[2026-08-03T22:22:39.061+0000] {logging_mixin.py:190} INFO - [2026-08-03T22:22:39.060+0000] {dagbag.py:588} INFO - Filling up the DagBag from /opt/airflow/dags/pricescope_pipeline.py
[2026-08-03T22:22:39.119+0000] {processor.py:925} INFO - DAG(s) 'pricescope_pipeline' retrieved from /opt/airflow/dags/pricescope_pipeline.py
[2026-08-03T22:22:39.166+0000] {logging_mixin.py:190} INFO - [2026-08-03T22:22:39.165+0000] {dag.py:3239} INFO - Sync 1 DAGs
[2026-08-03T22:22:39.205+0000] {logging_mixin.py:190} INFO - [2026-08-03T22:22:39.205+0000] {dag.py:4180} INFO - Setting next_dagrun for pricescope_pipeline to 2026-08-03 18:00:00+00:00, run_after=2026-08-04 06:00:00+00:00
[2026-08-03T22:22:39.238+0000] {processor.py:208} INFO - Processing /opt/airflow/dags/pricescope_pipeline.py took 0.208 seconds
[2026-08-03T22:23:09.370+0000] {processor.py:186} INFO - Started process (PID=5110) to work on /opt/airflow/dags/pricescope_pipeline.py
[2026-08-03T22:23:09.373+0000] {processor.py:914} INFO - Processing file /opt/airflow/dags/pricescope_pipeline.py for tasks to queue
[2026-08-03T22:23:09.378+0000] {logging_mixin.py:190} INFO - [2026-08-03T22:23:09.376+0000] {dagbag.py:588} INFO - Filling up the DagBag from /opt/airflow/dags/pricescope_pipeline.py
[2026-08-03T22:23:09.413+0000] {processor.py:925} INFO - DAG(s) 'pricescope_pipeline' retrieved from /opt/airflow/dags/pricescope_pipeline.py
[2026-08-03T22:23:09.473+0000] {logging_mixin.py:190} INFO - [2026-08-03T22:23:09.473+0000] {dag.py:3239} INFO - Sync 1 DAGs
[2026-08-03T22:23:09.509+0000] {logging_mixin.py:190} INFO - [2026-08-03T22:23:09.509+0000] {dag.py:4180} INFO - Setting next_dagrun for pricescope_pipeline to 2026-08-03 18:00:00+00:00, run_after=2026-08-04 06:00:00+00:00
[2026-08-03T22:23:09.533+0000] {processor.py:208} INFO - Processing /opt/airflow/dags/pricescope_pipeline.py took 0.172 seconds
[2026-08-03T22:23:39.840+0000] {processor.py:186} INFO - Started process (PID=5117) to work on /opt/airflow/dags/pricescope_pipeline.py
[2026-08-03T22:23:39.842+0000] {processor.py:914} INFO - Processing file /opt/airflow/dags/pricescope_pipeline.py for tasks to queue
[2026-08-03T22:23:39.845+0000] {logging_mixin.py:190} INFO - [2026-08-03T22:23:39.845+0000] {dagbag.py:588} INFO - Filling up the DagBag from /opt/airflow/dags/pricescope_pipeline.py
[2026-08-03T22:23:39.889+0000] {processor.py:925} INFO - DAG(s) 'pricescope_pipeline' retrieved from /opt/airflow/dags/pricescope_pipeline.py
[2026-08-03T22:23:39.927+0000] {logging_mixin.py:190} INFO - [2026-08-03T22:23:39.927+0000] {dag.py:3239} INFO - Sync 1 DAGs
[2026-08-03T22:23:39.962+0000] {logging_mixin.py:190} INFO - [2026-08-03T22:23:39.961+0000] {dag.py:4180} INFO - Setting next_dagrun for pricescope_pipeline to 2026-08-03 18:00:00+00:00, run_after=2026-08-04 06:00:00+00:00
[2026-08-03T22:23:39.990+0000] {processor.py:208} INFO - Processing /opt/airflow/dags/pricescope_pipeline.py took 0.159 seconds
[2026-08-03T22:24:10.235+0000] {processor.py:186} INFO - Started process (PID=5124) to work on /opt/airflow/dags/pricescope_pipeline.py
[2026-08-03T22:24:10.238+0000] {processor.py:914} INFO - Processing file /opt/airflow/dags/pricescope_pipeline.py for tasks to queue
[2026-08-03T22:24:10.241+0000] {logging_mixin.py:190} INFO - [2026-08-03T22:24:10.240+0000] {dagbag.py:588} INFO - Filling up the DagBag from /opt/airflow/dags/pricescope_pipeline.py
[2026-08-03T22:24:10.284+0000] {processor.py:925} INFO - DAG(s) 'pricescope_pipeline' retrieved from /opt/airflow/dags/pricescope_pipeline.py
[2026-08-03T22:24:10.321+0000] {logging_mixin.py:190} INFO - [2026-08-03T22:24:10.320+0000] {dag.py:3239} INFO - Sync 1 DAGs
[2026-08-03T22:24:10.362+0000] {logging_mixin.py:190} INFO - [2026-08-03T22:24:10.362+0000] {dag.py:4180} INFO - Setting next_dagrun for pricescope_pipeline to 2026-08-03 18:00:00+00:00, run_after=2026-08-04 06:00:00+00:00
[2026-08-03T22:24:10.397+0000] {processor.py:208} INFO - Processing /opt/airflow/dags/pricescope_pipeline.py took 0.170 seconds
[2026-08-03T22:24:40.612+0000] {processor.py:186} INFO - Started process (PID=5131) to work on /opt/airflow/dags/pricescope_pipeline.py
[2026-08-03T22:24:40.615+0000] {processor.py:914} INFO - Processing file /opt/airflow/dags/pricescope_pipeline.py for tasks to queue
[2026-08-03T22:24:40.617+0000] {logging_mixin.py:190} INFO - [2026-08-03T22:24:40.617+0000] {dagbag.py:588} INFO - Filling up the DagBag from /opt/airflow/dags/pricescope_pipeline.py
[2026-08-03T22:24:40.652+0000] {processor.py:925} INFO - DAG(s) 'pricescope_pipeline' retrieved from /opt/airflow/dags/pricescope_pipeline.py
[2026-08-03T22:24:40.684+0000] {logging_mixin.py:190} INFO - [2026-08-03T22:24:40.684+0000] {dag.py:3239} INFO - Sync 1 DAGs
[2026-08-03T22:24:40.718+0000] {logging_mixin.py:190} INFO - [2026-08-03T22:24:40.717+0000] {dag.py:4180} INFO - Setting next_dagrun for pricescope_pipeline to 2026-08-03 18:00:00+00:00, run_after=2026-08-04 06:00:00+00:00
[2026-08-03T22:24:40.743+0000] {processor.py:208} INFO - Processing /opt/airflow/dags/pricescope_pipeline.py took 0.144 seconds
[2026-08-03T22:25:11.023+0000] {processor.py:186} INFO - Started process (PID=5138) to work on /opt/airflow/dags/pricescope_pipeline.py
[2026-08-03T22:25:11.025+0000] {processor.py:914} INFO - Processing file /opt/airflow/dags/pricescope_pipeline.py for tasks to queue
[2026-08-03T22:25:11.027+0000] {logging_mixin.py:190} INFO - [2026-08-03T22:25:11.027+0000] {dagbag.py:588} INFO - Filling up the DagBag from /opt/airflow/dags/pricescope_pipeline.py
[2026-08-03T22:25:11.064+0000] {processor.py:925} INFO - DAG(s) 'pricescope_pipeline' retrieved from /opt/airflow/dags/pricescope_pipeline.py
[2026-08-03T22:25:11.097+0000] {logging_mixin.py:190} INFO - [2026-08-03T22:25:11.097+0000] {dag.py:3239} INFO - Sync 1 DAGs
[2026-08-03T22:25:11.141+0000] {logging_mixin.py:190} INFO - [2026-08-03T22:25:11.141+0000] {dag.py:4180} INFO - Setting next_dagrun for pricescope_pipeline to 2026-08-03 18:00:00+00:00, run_after=2026-08-04 06:00:00+00:00
[2026-08-03T22:25:11.173+0000] {processor.py:208} INFO - Processing /opt/airflow/dags/pricescope_pipeline.py took 0.157 seconds
[2026-08-03T22:25:41.429+0000] {processor.py:186} INFO - Started process (PID=5145) to work on /opt/airflow/dags/pricescope_pipeline.py
[2026-08-03T22:25:41.433+0000] {processor.py:914} INFO - Processing file /opt/airflow/dags/pricescope_pipeline.py for tasks to queue
[2026-08-03T22:25:41.436+0000] {logging_mixin.py:190} INFO - [2026-08-03T22:25:41.435+0000] {dagbag.py:588} INFO - Filling up the DagBag from /opt/airflow/dags/pricescope_pipeline.py
[2026-08-03T22:25:41.471+0000] {processor.py:925} INFO - DAG(s) 'pricescope_pipeline' retrieved from /opt/airflow/dags/pricescope_pipeline.py
[2026-08-03T22:25:41.506+0000] {logging_mixin.py:190} INFO - [2026-08-03T22:25:41.506+0000] {dag.py:3239} INFO - Sync 1 DAGs
[2026-08-03T22:25:41.543+0000] {logging_mixin.py:190} INFO - [2026-08-03T22:25:41.542+0000] {dag.py:4180} INFO - Setting next_dagrun for pricescope_pipeline to 2026-08-03 18:00:00+00:00, run_after=2026-08-04 06:00:00+00:00
[2026-08-03T22:25:41.573+0000] {processor.py:208} INFO - Processing /opt/airflow/dags/pricescope_pipeline.py took 0.157 seconds
[2026-08-03T22:26:11.846+0000] {processor.py:186} INFO - Started process (PID=5152) to work on /opt/airflow/dags/pricescope_pipeline.py
[2026-08-03T22:26:11.848+0000] {processor.py:914} INFO - Processing file /opt/airflow/dags/pricescope_pipeline.py for tasks to queue
[2026-08-03T22:26:11.852+0000] {logging_mixin.py:190} INFO - [2026-08-03T22:26:11.851+0000] {dagbag.py:588} INFO - Filling up the DagBag from /opt/airflow/dags/pricescope_pipeline.py
[2026-08-03T22:26:11.910+0000] {processor.py:925} INFO - DAG(s) 'pricescope_pipeline' retrieved from /opt/airflow/dags/pricescope_pipeline.py
[2026-08-03T22:26:11.942+0000] {logging_mixin.py:190} INFO - [2026-08-03T22:26:11.941+0000] {dag.py:3239} INFO - Sync 1 DAGs
[2026-08-03T22:26:11.972+0000] {logging_mixin.py:190} INFO - [2026-08-03T22:26:11.972+0000] {dag.py:4180} INFO - Setting next_dagrun for pricescope_pipeline to 2026-08-03 18:00:00+00:00, run_after=2026-08-04 06:00:00+00:00
[2026-08-03T22:26:12.007+0000] {processor.py:208} INFO - Processing /opt/airflow/dags/pricescope_pipeline.py took 0.170 seconds
[2026-08-03T22:26:42.197+0000] {processor.py:186} INFO - Started process (PID=5159) to work on /opt/airflow/dags/pricescope_pipeline.py
[2026-08-03T22:26:42.203+0000] {processor.py:914} INFO - Processing file /opt/airflow/dags/pricescope_pipeline.py for tasks to queue
[2026-08-03T22:26:42.205+0000] {logging_mixin.py:190} INFO - [2026-08-03T22:26:42.205+0000] {dagbag.py:588} INFO - Filling up the DagBag from /opt/airflow/dags/pricescope_pipeline.py
[2026-08-03T22:26:42.252+0000] {processor.py:925} INFO - DAG(s) 'pricescope_pipeline' retrieved from /opt/airflow/dags/pricescope_pipeline.py
[2026-08-03T22:26:42.283+0000] {logging_mixin.py:190} INFO - [2026-08-03T22:26:42.283+0000] {dag.py:3239} INFO - Sync 1 DAGs
[2026-08-03T22:26:42.313+0000] {logging_mixin.py:190} INFO - [2026-08-03T22:26:42.312+0000] {dag.py:4180} INFO - Setting next_dagrun for pricescope_pipeline to 2026-08-03 18:00:00+00:00, run_after=2026-08-04 06:00:00+00:00
[2026-08-03T22:26:42.340+0000] {processor.py:208} INFO - Processing /opt/airflow/dags/pricescope_pipeline.py took 0.152 seconds
[2026-08-03T22:27:12.640+0000] {processor.py:186} INFO - Started process (PID=5166) to work on /opt/airflow/dags/pricescope_pipeline.py
[2026-08-03T22:27:12.642+0000] {processor.py:914} INFO - Processing file /opt/airflow/dags/pricescope_pipeline.py for tasks to queue
[2026-08-03T22:27:12.645+0000] {logging_mixin.py:190} INFO - [2026-08-03T22:27:12.644+0000] {dagbag.py:588} INFO - Filling up the DagBag from /opt/airflow/dags/pricescope_pipeline.py
[2026-08-03T22:27:12.689+0000] {processor.py:925} INFO - DAG(s) 'pricescope_pipeline' retrieved from /opt/airflow/dags/pricescope_pipeline.py
[2026-08-03T22:27:12.724+0000] {logging_mixin.py:190} INFO - [2026-08-03T22:27:12.723+0000] {dag.py:3239} INFO - Sync 1 DAGs
[2026-08-03T22:27:12.755+0000] {logging_mixin.py:190} INFO - [2026-08-03T22:27:12.755+0000] {dag.py:4180} INFO - Setting next_dagrun for pricescope_pipeline to 2026-08-03 18:00:00+00:00, run_after=2026-08-04 06:00:00+00:00
[2026-08-03T22:27:12.801+0000] {processor.py:208} INFO - Processing /opt/airflow/dags/pricescope_pipeline.py took 0.169 seconds
[2026-08-03T22:27:42.956+0000] {processor.py:186} INFO - Started process (PID=5173) to work on /opt/airflow/dags/pricescope_pipeline.py
[2026-08-03T22:27:42.958+0000] {processor.py:914} INFO - Processing file /opt/airflow/dags/pricescope_pipeline.py for tasks to queue
[2026-08-03T22:27:42.961+0000] {logging_mixin.py:190} INFO - [2026-08-03T22:27:42.960+0000] {dagbag.py:588} INFO - Filling up the DagBag from /opt/airflow/dags/pricescope_pipeline.py
[2026-08-03T22:27:42.998+0000] {processor.py:925} INFO - DAG(s) 'pricescope_pipeline' retrieved from /opt/airflow/dags/pricescope_pipeline.py
[2026-08-03T22:27:43.034+0000] {logging_mixin.py:190} INFO - [2026-08-03T22:27:43.034+0000] {dag.py:3239} INFO - Sync 1 DAGs
[2026-08-03T22:27:43.068+0000] {logging_mixin.py:190} INFO - [2026-08-03T22:27:43.068+0000] {dag.py:4180} INFO - Setting next_dagrun for pricescope_pipeline to 2026-08-03 18:00:00+00:00, run_after=2026-08-04 06:00:00+00:00
[2026-08-03T22:27:43.121+0000] {processor.py:208} INFO - Processing /opt/airflow/dags/pricescope_pipeline.py took 0.174 seconds
[2026-08-03T22:28:13.638+0000] {processor.py:186} INFO - Started process (PID=5180) to work on /opt/airflow/dags/pricescope_pipeline.py
[2026-08-03T22:28:13.640+0000] {processor.py:914} INFO - Processing file /opt/airflow/dags/pricescope_pipeline.py for tasks to queue
[2026-08-03T22:28:13.643+0000] {logging_mixin.py:190} INFO - [2026-08-03T22:28:13.642+0000] {dagbag.py:588} INFO - Filling up the DagBag from /opt/airflow/dags/pricescope_pipeline.py
[2026-08-03T22:28:13.677+0000] {processor.py:925} INFO - DAG(s) 'pricescope_pipeline' retrieved from /opt/airflow/dags/pricescope_pipeline.py
[2026-08-03T22:28:13.708+0000] {logging_mixin.py:190} INFO - [2026-08-03T22:28:13.708+0000] {dag.py:3239} INFO - Sync 1 DAGs
[2026-08-03T22:28:13.739+0000] {logging_mixin.py:190} INFO - [2026-08-03T22:28:13.738+0000] {dag.py:4180} INFO - Setting next_dagrun for pricescope_pipeline to 2026-08-03 18:00:00+00:00, run_after=2026-08-04 06:00:00+00:00
[2026-08-03T22:28:13.769+0000] {processor.py:208} INFO - Processing /opt/airflow/dags/pricescope_pipeline.py took 0.137 seconds
[2026-08-03T22:28:44.080+0000] {processor.py:186} INFO - Started process (PID=5187) to work on /opt/airflow/dags/pricescope_pipeline.py
[2026-08-03T22:28:44.084+0000] {processor.py:914} INFO - Processing file /opt/airflow/dags/pricescope_pipeline.py for tasks to queue
[2026-08-03T22:28:44.087+0000] {logging_mixin.py:190} INFO - [2026-08-03T22:28:44.087+0000] {dagbag.py:588} INFO - Filling up the DagBag from /opt/airflow/dags/pricescope_pipeline.py
[2026-08-03T22:28:44.118+0000] {processor.py:925} INFO - DAG(s) 'pricescope_pipeline' retrieved from /opt/airflow/dags/pricescope_pipeline.py
[2026-08-03T22:28:44.147+0000] {logging_mixin.py:190} INFO - [2026-08-03T22:28:44.147+0000] {dag.py:3239} INFO - Sync 1 DAGs
[2026-08-03T22:28:44.184+0000] {logging_mixin.py:190} INFO - [2026-08-03T22:28:44.183+0000] {dag.py:4180} INFO - Setting next_dagrun for pricescope_pipeline to 2026-08-03 18:00:00+00:00, run_after=2026-08-04 06:00:00+00:00
[2026-08-03T22:28:44.212+0000] {processor.py:208} INFO - Processing /opt/airflow/dags/pricescope_pipeline.py took 0.138 seconds
[2026-08-03T22:29:14.420+0000] {processor.py:186} INFO - Started process (PID=5194) to work on /opt/airflow/dags/pricescope_pipeline.py
[2026-08-03T22:29:14.423+0000] {processor.py:914} INFO - Processing file /opt/airflow/dags/pricescope_pipeline.py for tasks to queue
[2026-08-03T22:29:14.427+0000] {logging_mixin.py:190} INFO - [2026-08-03T22:29:14.426+0000] {dagbag.py:588} INFO - Filling up the DagBag from /opt/airflow/dags/pricescope_pipeline.py
[2026-08-03T22:29:14.475+0000] {processor.py:925} INFO - DAG(s) 'pricescope_pipeline' retrieved from /opt/airflow/dags/pricescope_pipeline.py
[2026-08-03T22:29:14.515+0000] {logging_mixin.py:190} INFO - [2026-08-03T22:29:14.515+0000] {dag.py:3239} INFO - Sync 1 DAGs
[2026-08-03T22:29:14.551+0000] {logging_mixin.py:190} INFO - [2026-08-03T22:29:14.551+0000] {dag.py:4180} INFO - Setting next_dagrun for pricescope_pipeline to 2026-08-03 18:00:00+00:00, run_after=2026-08-04 06:00:00+00:00
[2026-08-03T22:29:14.580+0000] {processor.py:208} INFO - Processing /opt/airflow/dags/pricescope_pipeline.py took 0.173 seconds
[2026-08-03T22:29:44.811+0000] {processor.py:186} INFO - Started process (PID=5201) to work on /opt/airflow/dags/pricescope_pipeline.py
[2026-08-03T22:29:44.814+0000] {processor.py:914} INFO - Processing file /opt/airflow/dags/pricescope_pipeline.py for tasks to queue
[2026-08-03T22:29:44.819+0000] {logging_mixin.py:190} INFO - [2026-08-03T22:29:44.819+0000] {dagbag.py:588} INFO - Filling up the DagBag from /opt/airflow/dags/pricescope_pipeline.py
[2026-08-03T22:29:44.859+0000] {processor.py:925} INFO - DAG(s) 'pricescope_pipeline' retrieved from /opt/airflow/dags/pricescope_pipeline.py
[2026-08-03T22:29:44.893+0000] {logging_mixin.py:190} INFO - [2026-08-03T22:29:44.893+0000] {dag.py:3239} INFO - Sync 1 DAGs
[2026-08-03T22:29:44.917+0000] {logging_mixin.py:190} INFO - [2026-08-03T22:29:44.917+0000] {dag.py:4180} INFO - Setting next_dagrun for pricescope_pipeline to 2026-08-03 18:00:00+00:00, run_after=2026-08-04 06:00:00+00:00
[2026-08-03T22:29:44.942+0000] {processor.py:208} INFO - Processing /opt/airflow/dags/pricescope_pipeline.py took 0.140 seconds
[2026-08-03T22:30:15.185+0000] {processor.py:186} INFO - Started process (PID=5207) to work on /opt/airflow/dags/pricescope_pipeline.py
[2026-08-03T22:30:15.190+0000] {processor.py:914} INFO - Processing file /opt/airflow/dags/pricescope_pipeline.py for tasks to queue
[2026-08-03T22:30:15.194+0000] {logging_mixin.py:190} INFO - [2026-08-03T22:30:15.193+0000] {dagbag.py:588} INFO - Filling up the DagBag from /opt/airflow/dags/pricescope_pipeline.py
[2026-08-03T22:30:15.240+0000] {processor.py:925} INFO - DAG(s) 'pricescope_pipeline' retrieved from /opt/airflow/dags/pricescope_pipeline.py
[2026-08-03T22:30:15.281+0000] {logging_mixin.py:190} INFO - [2026-08-03T22:30:15.281+0000] {dag.py:3239} INFO - Sync 1 DAGs
[2026-08-03T22:30:15.318+0000] {logging_mixin.py:190} INFO - [2026-08-03T22:30:15.318+0000] {dag.py:4180} INFO - Setting next_dagrun for pricescope_pipeline to 2026-08-03 18:00:00+00:00, run_after=2026-08-04 06:00:00+00:00
[2026-08-03T22:30:15.373+0000] {processor.py:208} INFO - Processing /opt/airflow/dags/pricescope_pipeline.py took 0.199 seconds
[2026-08-03T22:30:45.620+0000] {processor.py:186} INFO - Started process (PID=5214) to work on /opt/airflow/dags/pricescope_pipeline.py
[2026-08-03T22:30:45.623+0000] {processor.py:914} INFO - Processing file /opt/airflow/dags/pricescope_pipeline.py for tasks to queue
[2026-08-03T22:30:45.625+0000] {logging_mixin.py:190} INFO - [2026-08-03T22:30:45.625+0000] {dagbag.py:588} INFO - Filling up the DagBag from /opt/airflow/dags/pricescope_pipeline.py
[2026-08-03T22:30:45.665+0000] {processor.py:925} INFO - DAG(s) 'pricescope_pipeline' retrieved from /opt/airflow/dags/pricescope_pipeline.py
[2026-08-03T22:30:45.700+0000] {logging_mixin.py:190} INFO - [2026-08-03T22:30:45.700+0000] {dag.py:3239} INFO - Sync 1 DAGs
[2026-08-03T22:30:45.732+0000] {logging_mixin.py:190} INFO - [2026-08-03T22:30:45.731+0000] {dag.py:4180} INFO - Setting next_dagrun for pricescope_pipeline to 2026-08-03 18:00:00+00:00, run_after=2026-08-04 06:00:00+00:00
[2026-08-03T22:30:45.756+0000] {processor.py:208} INFO - Processing /opt/airflow/dags/pricescope_pipeline.py took 0.153 seconds
[2026-08-03T22:31:15.995+0000] {processor.py:186} INFO - Started process (PID=5221) to work on /opt/airflow/dags/pricescope_pipeline.py
[2026-08-03T22:31:15.998+0000] {processor.py:914} INFO - Processing file /opt/airflow/dags/pricescope_pipeline.py for tasks to queue
[2026-08-03T22:31:16.004+0000] {logging_mixin.py:190} INFO - [2026-08-03T22:31:16.002+0000] {dagbag.py:588} INFO - Filling up the DagBag from /opt/airflow/dags/pricescope_pipeline.py
[2026-08-03T22:31:16.043+0000] {processor.py:925} INFO - DAG(s) 'pricescope_pipeline' retrieved from /opt/airflow/dags/pricescope_pipeline.py
[2026-08-03T22:31:16.077+0000] {logging_mixin.py:190} INFO - [2026-08-03T22:31:16.076+0000] {dag.py:3239} INFO - Sync 1 DAGs
[2026-08-03T22:31:16.109+0000] {logging_mixin.py:190} INFO - [2026-08-03T22:31:16.109+0000] {dag.py:4180} INFO - Setting next_dagrun for pricescope_pipeline to 2026-08-03 18:00:00+00:00, run_after=2026-08-04 06:00:00+00:00
[2026-08-03T22:31:16.160+0000] {processor.py:208} INFO - Processing /opt/airflow/dags/pricescope_pipeline.py took 0.172 seconds
[2026-08-03T22:31:46.337+0000] {processor.py:186} INFO - Started process (PID=5228) to work on /opt/airflow/dags/pricescope_pipeline.py
[2026-08-03T22:31:46.339+0000] {processor.py:914} INFO - Processing file /opt/airflow/dags/pricescope_pipeline.py for tasks to queue
[2026-08-03T22:31:46.342+0000] {logging_mixin.py:190} INFO - [2026-08-03T22:31:46.341+0000] {dagbag.py:588} INFO - Filling up the DagBag from /opt/airflow/dags/pricescope_pipeline.py
[2026-08-03T22:31:46.377+0000] {processor.py:925} INFO - DAG(s) 'pricescope_pipeline' retrieved from /opt/airflow/dags/pricescope_pipeline.py
[2026-08-03T22:31:46.407+0000] {logging_mixin.py:190} INFO - [2026-08-03T22:31:46.407+0000] {dag.py:3239} INFO - Sync 1 DAGs
[2026-08-03T22:31:46.437+0000] {logging_mixin.py:190} INFO - [2026-08-03T22:31:46.437+0000] {dag.py:4180} INFO - Setting next_dagrun for pricescope_pipeline to 2026-08-03 18:00:00+00:00, run_after=2026-08-04 06:00:00+00:00
[2026-08-03T22:31:46.460+0000] {processor.py:208} INFO - Processing /opt/airflow/dags/pricescope_pipeline.py took 0.131 seconds
[2026-08-03T22:32:16.749+0000] {processor.py:186} INFO - Started process (PID=5235) to work on /opt/airflow/dags/pricescope_pipeline.py
[2026-08-03T22:32:16.753+0000] {processor.py:914} INFO - Processing file /opt/airflow/dags/pricescope_pipeline.py for tasks to queue
[2026-08-03T22:32:16.758+0000] {logging_mixin.py:190} INFO - [2026-08-03T22:32:16.757+0000] {dagbag.py:588} INFO - Filling up the DagBag from /opt/airflow/dags/pricescope_pipeline.py
[2026-08-03T22:32:16.811+0000] {processor.py:925} INFO - DAG(s) 'pricescope_pipeline' retrieved from /opt/airflow/dags/pricescope_pipeline.py
[2026-08-03T22:32:16.860+0000] {logging_mixin.py:190} INFO - [2026-08-03T22:32:16.860+0000] {dag.py:3239} INFO - Sync 1 DAGs
[2026-08-03T22:32:16.899+0000] {logging_mixin.py:190} INFO - [2026-08-03T22:32:16.898+0000] {dag.py:4180} INFO - Setting next_dagrun for pricescope_pipeline to 2026-08-03 18:00:00+00:00, run_after=2026-08-04 06:00:00+00:00
[2026-08-03T22:32:16.937+0000] {processor.py:208} INFO - Processing /opt/airflow/dags/pricescope_pipeline.py took 0.200 seconds
[2026-08-03T22:32:47.110+0000] {processor.py:186} INFO - Started process (PID=5242) to work on /opt/airflow/dags/pricescope_pipeline.py
[2026-08-03T22:32:47.112+0000] {processor.py:914} INFO - Processing file /opt/airflow/dags/pricescope_pipeline.py for tasks to queue
[2026-08-03T22:32:47.115+0000] {logging_mixin.py:190} INFO - [2026-08-03T22:32:47.115+0000] {dagbag.py:588} INFO - Filling up the DagBag from /opt/airflow/dags/pricescope_pipeline.py
[2026-08-03T22:32:47.168+0000] {processor.py:925} INFO - DAG(s) 'pricescope_pipeline' retrieved from /opt/airflow/dags/pricescope_pipeline.py
[2026-08-03T22:32:47.204+0000] {logging_mixin.py:190} INFO - [2026-08-03T22:32:47.204+0000] {dag.py:3239} INFO - Sync 1 DAGs
[2026-08-03T22:32:47.239+0000] {logging_mixin.py:190} INFO - [2026-08-03T22:32:47.239+0000] {dag.py:4180} INFO - Setting next_dagrun for pricescope_pipeline to 2026-08-03 18:00:00+00:00, run_after=2026-08-04 06:00:00+00:00
[2026-08-03T22:32:47.264+0000] {processor.py:208} INFO - Processing /opt/airflow/dags/pricescope_pipeline.py took 0.161 seconds
[2026-08-03T22:33:17.571+0000] {processor.py:186} INFO - Started process (PID=5248) to work on /opt/airflow/dags/pricescope_pipeline.py
[2026-08-03T22:33:17.573+0000] {processor.py:914} INFO - Processing file /opt/airflow/dags/pricescope_pipeline.py for tasks to queue
[2026-08-03T22:33:17.575+0000] {logging_mixin.py:190} INFO - [2026-08-03T22:33:17.575+0000] {dagbag.py:588} INFO - Filling up the DagBag from /opt/airflow/dags/pricescope_pipeline.py
[2026-08-03T22:33:17.606+0000] {processor.py:925} INFO - DAG(s) 'pricescope_pipeline' retrieved from /opt/airflow/dags/pricescope_pipeline.py
[2026-08-03T22:33:17.639+0000] {logging_mixin.py:190} INFO - [2026-08-03T22:33:17.638+0000] {dag.py:3239} INFO - Sync 1 DAGs
[2026-08-03T22:33:17.699+0000] {logging_mixin.py:190} INFO - [2026-08-03T22:33:17.699+0000] {dag.py:4180} INFO - Setting next_dagrun for pricescope_pipeline to 2026-08-03 18:00:00+00:00, run_after=2026-08-04 06:00:00+00:00
[2026-08-03T22:33:17.732+0000] {processor.py:208} INFO - Processing /opt/airflow/dags/pricescope_pipeline.py took 0.168 seconds
[2026-08-03T22:33:47.906+0000] {processor.py:186} INFO - Started process (PID=5255) to work on /opt/airflow/dags/pricescope_pipeline.py
[2026-08-03T22:33:47.908+0000] {processor.py:914} INFO - Processing file /opt/airflow/dags/pricescope_pipeline.py for tasks to queue
[2026-08-03T22:33:47.912+0000] {logging_mixin.py:190} INFO - [2026-08-03T22:33:47.912+0000] {dagbag.py:588} INFO - Filling up the DagBag from /opt/airflow/dags/pricescope_pipeline.py
[2026-08-03T22:33:47.947+0000] {processor.py:925} INFO - DAG(s) 'pricescope_pipeline' retrieved from /opt/airflow/dags/pricescope_pipeline.py
[2026-08-03T22:33:47.977+0000] {logging_mixin.py:190} INFO - [2026-08-03T22:33:47.977+0000] {dag.py:3239} INFO - Sync 1 DAGs
[2026-08-03T22:33:48.006+0000] {logging_mixin.py:190} INFO - [2026-08-03T22:33:48.006+0000] {dag.py:4180} INFO - Setting next_dagrun for pricescope_pipeline to 2026-08-03 18:00:00+00:00, run_after=2026-08-04 06:00:00+00:00
[2026-08-03T22:33:48.052+0000] {processor.py:208} INFO - Processing /opt/airflow/dags/pricescope_pipeline.py took 0.156 seconds
[2026-08-03T22:34:18.331+0000] {processor.py:186} INFO - Started process (PID=5262) to work on /opt/airflow/dags/pricescope_pipeline.py
[2026-08-03T22:34:18.336+0000] {processor.py:914} INFO - Processing file /opt/airflow/dags/pricescope_pipeline.py for tasks to queue
[2026-08-03T22:34:18.339+0000] {logging_mixin.py:190} INFO - [2026-08-03T22:34:18.339+0000] {dagbag.py:588} INFO - Filling up the DagBag from /opt/airflow/dags/pricescope_pipeline.py
[2026-08-03T22:34:18.379+0000] {processor.py:925} INFO - DAG(s) 'pricescope_pipeline' retrieved from /opt/airflow/dags/pricescope_pipeline.py
[2026-08-03T22:34:18.409+0000] {logging_mixin.py:190} INFO - [2026-08-03T22:34:18.408+0000] {dag.py:3239} INFO - Sync 1 DAGs
[2026-08-03T22:34:18.441+0000] {logging_mixin.py:190} INFO - [2026-08-03T22:34:18.440+0000] {dag.py:4180} INFO - Setting next_dagrun for pricescope_pipeline to 2026-08-03 18:00:00+00:00, run_after=2026-08-04 06:00:00+00:00
[2026-08-03T22:34:18.468+0000] {processor.py:208} INFO - Processing /opt/airflow/dags/pricescope_pipeline.py took 0.146 seconds
[2026-08-03T22:34:48.648+0000] {processor.py:186} INFO - Started process (PID=5268) to work on /opt/airflow/dags/pricescope_pipeline.py
[2026-08-03T22:34:48.650+0000] {processor.py:914} INFO - Processing file /opt/airflow/dags/pricescope_pipeline.py for tasks to queue
[2026-08-03T22:34:48.652+0000] {logging_mixin.py:190} INFO - [2026-08-03T22:34:48.651+0000] {dagbag.py:588} INFO - Filling up the DagBag from /opt/airflow/dags/pricescope_pipeline.py
[2026-08-03T22:34:48.692+0000] {processor.py:925} INFO - DAG(s) 'pricescope_pipeline' retrieved from /opt/airflow/dags/pricescope_pipeline.py
[2026-08-03T22:34:48.744+0000] {logging_mixin.py:190} INFO - [2026-08-03T22:34:48.743+0000] {dag.py:3239} INFO - Sync 1 DAGs
[2026-08-03T22:34:48.788+0000] {logging_mixin.py:190} INFO - [2026-08-03T22:34:48.788+0000] {dag.py:4180} INFO - Setting next_dagrun for pricescope_pipeline to 2026-08-03 18:00:00+00:00, run_after=2026-08-04 06:00:00+00:00
[2026-08-03T22:34:48.821+0000] {processor.py:208} INFO - Processing /opt/airflow/dags/pricescope_pipeline.py took 0.182 seconds
[2026-08-03T22:35:19.079+0000] {processor.py:186} INFO - Started process (PID=5275) to work on /opt/airflow/dags/pricescope_pipeline.py
[2026-08-03T22:35:19.082+0000] {processor.py:914} INFO - Processing file /opt/airflow/dags/pricescope_pipeline.py for tasks to queue
[2026-08-03T22:35:19.085+0000] {logging_mixin.py:190} INFO - [2026-08-03T22:35:19.084+0000] {dagbag.py:588} INFO - Filling up the DagBag from /opt/airflow/dags/pricescope_pipeline.py
[2026-08-03T22:35:19.118+0000] {processor.py:925} INFO - DAG(s) 'pricescope_pipeline' retrieved from /opt/airflow/dags/pricescope_pipeline.py
[2026-08-03T22:35:19.153+0000] {logging_mixin.py:190} INFO - [2026-08-03T22:35:19.153+0000] {dag.py:3239} INFO - Sync 1 DAGs
[2026-08-03T22:35:19.194+0000] {logging_mixin.py:190} INFO - [2026-08-03T22:35:19.194+0000] {dag.py:4180} INFO - Setting next_dagrun for pricescope_pipeline to 2026-08-03 18:00:00+00:00, run_after=2026-08-04 06:00:00+00:00
[2026-08-03T22:35:19.226+0000] {processor.py:208} INFO - Processing /opt/airflow/dags/pricescope_pipeline.py took 0.156 seconds
[2026-08-03T22:35:49.491+0000] {processor.py:186} INFO - Started process (PID=5282) to work on /opt/airflow/dags/pricescope_pipeline.py
[2026-08-03T22:35:49.494+0000] {processor.py:914} INFO - Processing file /opt/airflow/dags/pricescope_pipeline.py for tasks to queue
[2026-08-03T22:35:49.497+0000] {logging_mixin.py:190} INFO - [2026-08-03T22:35:49.496+0000] {dagbag.py:588} INFO - Filling up the DagBag from /opt/airflow/dags/pricescope_pipeline.py
[2026-08-03T22:35:49.527+0000] {processor.py:925} INFO - DAG(s) 'pricescope_pipeline' retrieved from /opt/airflow/dags/pricescope_pipeline.py
[2026-08-03T22:35:49.552+0000] {logging_mixin.py:190} INFO - [2026-08-03T22:35:49.551+0000] {dag.py:3239} INFO - Sync 1 DAGs
[2026-08-03T22:35:49.584+0000] {logging_mixin.py:190} INFO - [2026-08-03T22:35:49.584+0000] {dag.py:4180} INFO - Setting next_dagrun for pricescope_pipeline to 2026-08-03 18:00:00+00:00, run_after=2026-08-04 06:00:00+00:00
[2026-08-03T22:35:49.613+0000] {processor.py:208} INFO - Processing /opt/airflow/dags/pricescope_pipeline.py took 0.128 seconds
[2026-08-03T22:36:19.827+0000] {processor.py:186} INFO - Started process (PID=5288) to work on /opt/airflow/dags/pricescope_pipeline.py
[2026-08-03T22:36:19.829+0000] {processor.py:914} INFO - Processing file /opt/airflow/dags/pricescope_pipeline.py for tasks to queue
[2026-08-03T22:36:19.831+0000] {logging_mixin.py:190} INFO - [2026-08-03T22:36:19.831+0000] {dagbag.py:588} INFO - Filling up the DagBag from /opt/airflow/dags/pricescope_pipeline.py
[2026-08-03T22:36:19.856+0000] {processor.py:925} INFO - DAG(s) 'pricescope_pipeline' retrieved from /opt/airflow/dags/pricescope_pipeline.py
[2026-08-03T22:36:19.879+0000] {logging_mixin.py:190} INFO - [2026-08-03T22:36:19.879+0000] {dag.py:3239} INFO - Sync 1 DAGs
[2026-08-03T22:36:19.906+0000] {logging_mixin.py:190} INFO - [2026-08-03T22:36:19.906+0000] {dag.py:4180} INFO - Setting next_dagrun for pricescope_pipeline to 2026-08-03 18:00:00+00:00, run_after=2026-08-04 06:00:00+00:00
[2026-08-03T22:36:19.930+0000] {processor.py:208} INFO - Processing /opt/airflow/dags/pricescope_pipeline.py took 0.109 seconds
[2026-08-03T22:36:50.222+0000] {processor.py:186} INFO - Started process (PID=5295) to work on /opt/airflow/dags/pricescope_pipeline.py
[2026-08-03T22:36:50.224+0000] {processor.py:914} INFO - Processing file /opt/airflow/dags/pricescope_pipeline.py for tasks to queue
[2026-08-03T22:36:50.227+0000] {logging_mixin.py:190} INFO - [2026-08-03T22:36:50.226+0000] {dagbag.py:588} INFO - Filling up the DagBag from /opt/airflow/dags/pricescope_pipeline.py
[2026-08-03T22:36:50.265+0000] {processor.py:925} INFO - DAG(s) 'pricescope_pipeline' retrieved from /opt/airflow/dags/pricescope_pipeline.py
[2026-08-03T22:36:50.292+0000] {logging_mixin.py:190} INFO - [2026-08-03T22:36:50.292+0000] {dag.py:3239} INFO - Sync 1 DAGs
[2026-08-03T22:36:50.322+0000] {logging_mixin.py:190} INFO - [2026-08-03T22:36:50.322+0000] {dag.py:4180} INFO - Setting next_dagrun for pricescope_pipeline to 2026-08-03 18:00:00+00:00, run_after=2026-08-04 06:00:00+00:00
[2026-08-03T22:36:50.343+0000] {processor.py:208} INFO - Processing /opt/airflow/dags/pricescope_pipeline.py took 0.128 seconds
[2026-08-03T22:37:20.537+0000] {processor.py:186} INFO - Started process (PID=5302) to work on /opt/airflow/dags/pricescope_pipeline.py
[2026-08-03T22:37:20.539+0000] {processor.py:914} INFO - Processing file /opt/airflow/dags/pricescope_pipeline.py for tasks to queue
[2026-08-03T22:37:20.542+0000] {logging_mixin.py:190} INFO - [2026-08-03T22:37:20.541+0000] {dagbag.py:588} INFO - Filling up the DagBag from /opt/airflow/dags/pricescope_pipeline.py
[2026-08-03T22:37:20.581+0000] {processor.py:925} INFO - DAG(s) 'pricescope_pipeline' retrieved from /opt/airflow/dags/pricescope_pipeline.py
[2026-08-03T22:37:20.616+0000] {logging_mixin.py:190} INFO - [2026-08-03T22:37:20.615+0000] {dag.py:3239} INFO - Sync 1 DAGs
[2026-08-03T22:37:20.648+0000] {logging_mixin.py:190} INFO - [2026-08-03T22:37:20.648+0000] {dag.py:4180} INFO - Setting next_dagrun for pricescope_pipeline to 2026-08-03 18:00:00+00:00, run_after=2026-08-04 06:00:00+00:00
[2026-08-03T22:37:20.672+0000] {processor.py:208} INFO - Processing /opt/airflow/dags/pricescope_pipeline.py took 0.145 seconds
[2026-08-03T22:37:51.003+0000] {processor.py:186} INFO - Started process (PID=5309) to work on /opt/airflow/dags/pricescope_pipeline.py
[2026-08-03T22:37:51.005+0000] {processor.py:914} INFO - Processing file /opt/airflow/dags/pricescope_pipeline.py for tasks to queue
[2026-08-03T22:37:51.009+0000] {logging_mixin.py:190} INFO - [2026-08-03T22:37:51.009+0000] {dagbag.py:588} INFO - Filling up the DagBag from /opt/airflow/dags/pricescope_pipeline.py
[2026-08-03T22:37:51.047+0000] {processor.py:925} INFO - DAG(s) 'pricescope_pipeline' retrieved from /opt/airflow/dags/pricescope_pipeline.py
[2026-08-03T22:37:51.078+0000] {logging_mixin.py:190} INFO - [2026-08-03T22:37:51.077+0000] {dag.py:3239} INFO - Sync 1 DAGs
[2026-08-03T22:37:51.108+0000] {logging_mixin.py:190} INFO - [2026-08-03T22:37:51.108+0000] {dag.py:4180} INFO - Setting next_dagrun for pricescope_pipeline to 2026-08-03 18:00:00+00:00, run_after=2026-08-04 06:00:00+00:00
[2026-08-03T22:37:51.167+0000] {processor.py:208} INFO - Processing /opt/airflow/dags/pricescope_pipeline.py took 0.171 seconds
[2026-08-03T22:38:21.291+0000] {processor.py:186} INFO - Started process (PID=5316) to work on /opt/airflow/dags/pricescope_pipeline.py
[2026-08-03T22:38:21.293+0000] {processor.py:914} INFO - Processing file /opt/airflow/dags/pricescope_pipeline.py for tasks to queue
[2026-08-03T22:38:21.295+0000] {logging_mixin.py:190} INFO - [2026-08-03T22:38:21.295+0000] {dagbag.py:588} INFO - Filling up the DagBag from /opt/airflow/dags/pricescope_pipeline.py
[2026-08-03T22:38:21.325+0000] {processor.py:925} INFO - DAG(s) 'pricescope_pipeline' retrieved from /opt/airflow/dags/pricescope_pipeline.py
[2026-08-03T22:38:21.356+0000] {logging_mixin.py:190} INFO - [2026-08-03T22:38:21.355+0000] {dag.py:3239} INFO - Sync 1 DAGs
[2026-08-03T22:38:21.386+0000] {logging_mixin.py:190} INFO - [2026-08-03T22:38:21.386+0000] {dag.py:4180} INFO - Setting next_dagrun for pricescope_pipeline to 2026-08-03 18:00:00+00:00, run_after=2026-08-04 06:00:00+00:00
[2026-08-03T22:38:21.424+0000] {processor.py:208} INFO - Processing /opt/airflow/dags/pricescope_pipeline.py took 0.141 seconds
[2026-08-03T22:38:51.612+0000] {processor.py:186} INFO - Started process (PID=5328) to work on /opt/airflow/dags/pricescope_pipeline.py
[2026-08-03T22:38:51.616+0000] {processor.py:914} INFO - Processing file /opt/airflow/dags/pricescope_pipeline.py for tasks to queue
[2026-08-03T22:38:51.620+0000] {logging_mixin.py:190} INFO - [2026-08-03T22:38:51.619+0000] {dagbag.py:588} INFO - Filling up the DagBag from /opt/airflow/dags/pricescope_pipeline.py
[2026-08-03T22:38:51.660+0000] {processor.py:925} INFO - DAG(s) 'pricescope_pipeline' retrieved from /opt/airflow/dags/pricescope_pipeline.py
[2026-08-03T22:38:51.693+0000] {logging_mixin.py:190} INFO - [2026-08-03T22:38:51.692+0000] {dag.py:3239} INFO - Sync 1 DAGs
[2026-08-03T22:38:51.723+0000] {logging_mixin.py:190} INFO - [2026-08-03T22:38:51.723+0000] {dag.py:4180} INFO - Setting next_dagrun for pricescope_pipeline to 2026-08-03 18:00:00+00:00, run_after=2026-08-04 06:00:00+00:00
[2026-08-03T22:38:51.748+0000] {processor.py:208} INFO - Processing /opt/airflow/dags/pricescope_pipeline.py took 0.145 seconds
[2026-08-03T22:39:22.015+0000] {processor.py:186} INFO - Started process (PID=5335) to work on /opt/airflow/dags/pricescope_pipeline.py
[2026-08-03T22:39:22.017+0000] {processor.py:914} INFO - Processing file /opt/airflow/dags/pricescope_pipeline.py for tasks to queue
[2026-08-03T22:39:22.021+0000] {logging_mixin.py:190} INFO - [2026-08-03T22:39:22.020+0000] {dagbag.py:588} INFO - Filling up the DagBag from /opt/airflow/dags/pricescope_pipeline.py
[2026-08-03T22:39:22.061+0000] {processor.py:925} INFO - DAG(s) 'pricescope_pipeline' retrieved from /opt/airflow/dags/pricescope_pipeline.py
[2026-08-03T22:39:22.089+0000] {logging_mixin.py:190} INFO - [2026-08-03T22:39:22.089+0000] {dag.py:3239} INFO - Sync 1 DAGs
[2026-08-03T22:39:22.118+0000] {logging_mixin.py:190} INFO - [2026-08-03T22:39:22.118+0000] {dag.py:4180} INFO - Setting next_dagrun for pricescope_pipeline to 2026-08-03 18:00:00+00:00, run_after=2026-08-04 06:00:00+00:00
[2026-08-03T22:39:22.165+0000] {processor.py:208} INFO - Processing /opt/airflow/dags/pricescope_pipeline.py took 0.158 seconds
[2026-08-03T22:39:52.403+0000] {processor.py:186} INFO - Started process (PID=5342) to work on /opt/airflow/dags/pricescope_pipeline.py
[2026-08-03T22:39:52.406+0000] {processor.py:914} INFO - Processing file /opt/airflow/dags/pricescope_pipeline.py for tasks to queue
[2026-08-03T22:39:52.410+0000] {logging_mixin.py:190} INFO - [2026-08-03T22:39:52.410+0000] {dagbag.py:588} INFO - Filling up the DagBag from /opt/airflow/dags/pricescope_pipeline.py
[2026-08-03T22:39:52.465+0000] {processor.py:925} INFO - DAG(s) 'pricescope_pipeline' retrieved from /opt/airflow/dags/pricescope_pipeline.py
[2026-08-03T22:39:52.499+0000] {logging_mixin.py:190} INFO - [2026-08-03T22:39:52.499+0000] {dag.py:3239} INFO - Sync 1 DAGs
[2026-08-03T22:39:52.526+0000] {logging_mixin.py:190} INFO - [2026-08-03T22:39:52.526+0000] {dag.py:4180} INFO - Setting next_dagrun for pricescope_pipeline to 2026-08-03 18:00:00+00:00, run_after=2026-08-04 06:00:00+00:00
[2026-08-03T22:39:52.574+0000] {processor.py:208} INFO - Processing /opt/airflow/dags/pricescope_pipeline.py took 0.182 seconds
[2026-08-03T22:40:22.792+0000] {processor.py:186} INFO - Started process (PID=5349) to work on /opt/airflow/dags/pricescope_pipeline.py
[2026-08-03T22:40:22.795+0000] {processor.py:914} INFO - Processing file /opt/airflow/dags/pricescope_pipeline.py for tasks to queue
[2026-08-03T22:40:22.797+0000] {logging_mixin.py:190} INFO - [2026-08-03T22:40:22.797+0000] {dagbag.py:588} INFO - Filling up the DagBag from /opt/airflow/dags/pricescope_pipeline.py
[2026-08-03T22:40:22.857+0000] {processor.py:925} INFO - DAG(s) 'pricescope_pipeline' retrieved from /opt/airflow/dags/pricescope_pipeline.py
[2026-08-03T22:40:22.890+0000] {logging_mixin.py:190} INFO - [2026-08-03T22:40:22.889+0000] {dag.py:3239} INFO - Sync 1 DAGs
[2026-08-03T22:40:22.921+0000] {logging_mixin.py:190} INFO - [2026-08-03T22:40:22.920+0000] {dag.py:4180} INFO - Setting next_dagrun for pricescope_pipeline to 2026-08-03 18:00:00+00:00, run_after=2026-08-04 06:00:00+00:00
[2026-08-03T22:40:22.967+0000] {processor.py:208} INFO - Processing /opt/airflow/dags/pricescope_pipeline.py took 0.184 seconds
[2026-08-03T22:40:53.266+0000] {processor.py:186} INFO - Started process (PID=5356) to work on /opt/airflow/dags/pricescope_pipeline.py
[2026-08-03T22:40:53.269+0000] {processor.py:914} INFO - Processing file /opt/airflow/dags/pricescope_pipeline.py for tasks to queue
[2026-08-03T22:40:53.272+0000] {logging_mixin.py:190} INFO - [2026-08-03T22:40:53.271+0000] {dagbag.py:588} INFO - Filling up the DagBag from /opt/airflow/dags/pricescope_pipeline.py
[2026-08-03T22:40:53.306+0000] {processor.py:925} INFO - DAG(s) 'pricescope_pipeline' retrieved from /opt/airflow/dags/pricescope_pipeline.py
[2026-08-03T22:40:53.342+0000] {logging_mixin.py:190} INFO - [2026-08-03T22:40:53.341+0000] {dag.py:3239} INFO - Sync 1 DAGs
[2026-08-03T22:40:53.375+0000] {logging_mixin.py:190} INFO - [2026-08-03T22:40:53.375+0000] {dag.py:4180} INFO - Setting next_dagrun for pricescope_pipeline to 2026-08-03 18:00:00+00:00, run_after=2026-08-04 06:00:00+00:00
[2026-08-03T22:40:53.426+0000] {processor.py:208} INFO - Processing /opt/airflow/dags/pricescope_pipeline.py took 0.169 seconds
[2026-08-03T22:41:23.599+0000] {processor.py:186} INFO - Started process (PID=5363) to work on /opt/airflow/dags/pricescope_pipeline.py
[2026-08-03T22:41:23.601+0000] {processor.py:914} INFO - Processing file /opt/airflow/dags/pricescope_pipeline.py for tasks to queue
[2026-08-03T22:41:23.604+0000] {logging_mixin.py:190} INFO - [2026-08-03T22:41:23.604+0000] {dagbag.py:588} INFO - Filling up the DagBag from /opt/airflow/dags/pricescope_pipeline.py
[2026-08-03T22:41:23.635+0000] {processor.py:925} INFO - DAG(s) 'pricescope_pipeline' retrieved from /opt/airflow/dags/pricescope_pipeline.py
[2026-08-03T22:41:23.666+0000] {logging_mixin.py:190} INFO - [2026-08-03T22:41:23.665+0000] {dag.py:3239} INFO - Sync 1 DAGs
[2026-08-03T22:41:23.692+0000] {logging_mixin.py:190} INFO - [2026-08-03T22:41:23.692+0000] {dag.py:4180} INFO - Setting next_dagrun for pricescope_pipeline to 2026-08-03 18:00:00+00:00, run_after=2026-08-04 06:00:00+00:00
[2026-08-03T22:41:23.716+0000] {processor.py:208} INFO - Processing /opt/airflow/dags/pricescope_pipeline.py took 0.126 seconds
[2026-08-03T22:41:54.151+0000] {processor.py:186} INFO - Started process (PID=5370) to work on /opt/airflow/dags/pricescope_pipeline.py
[2026-08-03T22:41:54.161+0000] {processor.py:914} INFO - Processing file /opt/airflow/dags/pricescope_pipeline.py for tasks to queue
[2026-08-03T22:41:54.170+0000] {logging_mixin.py:190} INFO - [2026-08-03T22:41:54.169+0000] {dagbag.py:588} INFO - Filling up the DagBag from /opt/airflow/dags/pricescope_pipeline.py
[2026-08-03T22:41:54.267+0000] {processor.py:925} INFO - DAG(s) 'pricescope_pipeline' retrieved from /opt/airflow/dags/pricescope_pipeline.py
[2026-08-03T22:41:54.319+0000] {logging_mixin.py:190} INFO - [2026-08-03T22:41:54.318+0000] {dag.py:3239} INFO - Sync 1 DAGs
[2026-08-03T22:41:54.372+0000] {logging_mixin.py:190} INFO - [2026-08-03T22:41:54.371+0000] {dag.py:4180} INFO - Setting next_dagrun for pricescope_pipeline to 2026-08-03 18:00:00+00:00, run_after=2026-08-04 06:00:00+00:00
[2026-08-03T22:41:54.416+0000] {processor.py:208} INFO - Processing /opt/airflow/dags/pricescope_pipeline.py took 0.281 seconds
[2026-08-03T22:42:24.846+0000] {processor.py:186} INFO - Started process (PID=5377) to work on /opt/airflow/dags/pricescope_pipeline.py
[2026-08-03T22:42:24.849+0000] {processor.py:914} INFO - Processing file /opt/airflow/dags/pricescope_pipeline.py for tasks to queue
[2026-08-03T22:42:24.853+0000] {logging_mixin.py:190} INFO - [2026-08-03T22:42:24.853+0000] {dagbag.py:588} INFO - Filling up the DagBag from /opt/airflow/dags/pricescope_pipeline.py
[2026-08-03T22:42:24.900+0000] {processor.py:925} INFO - DAG(s) 'pricescope_pipeline' retrieved from /opt/airflow/dags/pricescope_pipeline.py
[2026-08-03T22:42:24.930+0000] {logging_mixin.py:190} INFO - [2026-08-03T22:42:24.930+0000] {dag.py:3239} INFO - Sync 1 DAGs
[2026-08-03T22:42:24.959+0000] {logging_mixin.py:190} INFO - [2026-08-03T22:42:24.958+0000] {dag.py:4180} INFO - Setting next_dagrun for pricescope_pipeline to 2026-08-03 18:00:00+00:00, run_after=2026-08-04 06:00:00+00:00
[2026-08-03T22:42:25.010+0000] {processor.py:208} INFO - Processing /opt/airflow/dags/pricescope_pipeline.py took 0.173 seconds
[2026-08-03T22:42:55.222+0000] {processor.py:186} INFO - Started process (PID=5384) to work on /opt/airflow/dags/pricescope_pipeline.py
[2026-08-03T22:42:55.225+0000] {processor.py:914} INFO - Processing file /opt/airflow/dags/pricescope_pipeline.py for tasks to queue
[2026-08-03T22:42:55.228+0000] {logging_mixin.py:190} INFO - [2026-08-03T22:42:55.228+0000] {dagbag.py:588} INFO - Filling up the DagBag from /opt/airflow/dags/pricescope_pipeline.py
[2026-08-03T22:42:55.267+0000] {processor.py:925} INFO - DAG(s) 'pricescope_pipeline' retrieved from /opt/airflow/dags/pricescope_pipeline.py
[2026-08-03T22:42:55.299+0000] {logging_mixin.py:190} INFO - [2026-08-03T22:42:55.298+0000] {dag.py:3239} INFO - Sync 1 DAGs
[2026-08-03T22:42:55.328+0000] {logging_mixin.py:190} INFO - [2026-08-03T22:42:55.328+0000] {dag.py:4180} INFO - Setting next_dagrun for pricescope_pipeline to 2026-08-03 18:00:00+00:00, run_after=2026-08-04 06:00:00+00:00
[2026-08-03T22:42:55.384+0000] {processor.py:208} INFO - Processing /opt/airflow/dags/pricescope_pipeline.py took 0.176 seconds
[2026-08-03T22:43:25.753+0000] {processor.py:186} INFO - Started process (PID=5391) to work on /opt/airflow/dags/pricescope_pipeline.py
[2026-08-03T22:43:25.756+0000] {processor.py:914} INFO - Processing file /opt/airflow/dags/pricescope_pipeline.py for tasks to queue
[2026-08-03T22:43:25.759+0000] {logging_mixin.py:190} INFO - [2026-08-03T22:43:25.758+0000] {dagbag.py:588} INFO - Filling up the DagBag from /opt/airflow/dags/pricescope_pipeline.py
[2026-08-03T22:43:25.813+0000] {processor.py:925} INFO - DAG(s) 'pricescope_pipeline' retrieved from /opt/airflow/dags/pricescope_pipeline.py
[2026-08-03T22:43:25.850+0000] {logging_mixin.py:190} INFO - [2026-08-03T22:43:25.849+0000] {dag.py:3239} INFO - Sync 1 DAGs
[2026-08-03T22:43:25.894+0000] {logging_mixin.py:190} INFO - [2026-08-03T22:43:25.894+0000] {dag.py:4180} INFO - Setting next_dagrun for pricescope_pipeline to 2026-08-03 18:00:00+00:00, run_after=2026-08-04 06:00:00+00:00
[2026-08-03T22:43:25.928+0000] {processor.py:208} INFO - Processing /opt/airflow/dags/pricescope_pipeline.py took 0.186 seconds
[2026-08-03T22:43:56.120+0000] {processor.py:186} INFO - Started process (PID=5398) to work on /opt/airflow/dags/pricescope_pipeline.py
[2026-08-03T22:43:56.124+0000] {processor.py:914} INFO - Processing file /opt/airflow/dags/pricescope_pipeline.py for tasks to queue
[2026-08-03T22:43:56.127+0000] {logging_mixin.py:190} INFO - [2026-08-03T22:43:56.126+0000] {dagbag.py:588} INFO - Filling up the DagBag from /opt/airflow/dags/pricescope_pipeline.py
[2026-08-03T22:43:56.172+0000] {processor.py:925} INFO - DAG(s) 'pricescope_pipeline' retrieved from /opt/airflow/dags/pricescope_pipeline.py
[2026-08-03T22:43:56.210+0000] {logging_mixin.py:190} INFO - [2026-08-03T22:43:56.209+0000] {dag.py:3239} INFO - Sync 1 DAGs
[2026-08-03T22:43:56.242+0000] {logging_mixin.py:190} INFO - [2026-08-03T22:43:56.242+0000] {dag.py:4180} INFO - Setting next_dagrun for pricescope_pipeline to 2026-08-03 18:00:00+00:00, run_after=2026-08-04 06:00:00+00:00
[2026-08-03T22:43:56.267+0000] {processor.py:208} INFO - Processing /opt/airflow/dags/pricescope_pipeline.py took 0.157 seconds
[2026-08-03T22:44:26.613+0000] {processor.py:186} INFO - Started process (PID=5405) to work on /opt/airflow/dags/pricescope_pipeline.py
[2026-08-03T22:44:26.615+0000] {processor.py:914} INFO - Processing file /opt/airflow/dags/pricescope_pipeline.py for tasks to queue
[2026-08-03T22:44:26.617+0000] {logging_mixin.py:190} INFO - [2026-08-03T22:44:26.617+0000] {dagbag.py:588} INFO - Filling up the DagBag from /opt/airflow/dags/pricescope_pipeline.py
[2026-08-03T22:44:26.651+0000] {processor.py:925} INFO - DAG(s) 'pricescope_pipeline' retrieved from /opt/airflow/dags/pricescope_pipeline.py
[2026-08-03T22:44:26.678+0000] {logging_mixin.py:190} INFO - [2026-08-03T22:44:26.678+0000] {dag.py:3239} INFO - Sync 1 DAGs
[2026-08-03T22:44:26.707+0000] {logging_mixin.py:190} INFO - [2026-08-03T22:44:26.706+0000] {dag.py:4180} INFO - Setting next_dagrun for pricescope_pipeline to 2026-08-03 18:00:00+00:00, run_after=2026-08-04 06:00:00+00:00
[2026-08-03T22:44:26.729+0000] {processor.py:208} INFO - Processing /opt/airflow/dags/pricescope_pipeline.py took 0.121 seconds
[2026-08-03T22:44:57.051+0000] {processor.py:186} INFO - Started process (PID=5412) to work on /opt/airflow/dags/pricescope_pipeline.py
[2026-08-03T22:44:57.054+0000] {processor.py:914} INFO - Processing file /opt/airflow/dags/pricescope_pipeline.py for tasks to queue
[2026-08-03T22:44:57.059+0000] {logging_mixin.py:190} INFO - [2026-08-03T22:44:57.058+0000] {dagbag.py:588} INFO - Filling up the DagBag from /opt/airflow/dags/pricescope_pipeline.py
[2026-08-03T22:44:57.137+0000] {processor.py:925} INFO - DAG(s) 'pricescope_pipeline' retrieved from /opt/airflow/dags/pricescope_pipeline.py
[2026-08-03T22:44:57.180+0000] {logging_mixin.py:190} INFO - [2026-08-03T22:44:57.179+0000] {dag.py:3239} INFO - Sync 1 DAGs
[2026-08-03T22:44:57.201+0000] {logging_mixin.py:190} INFO - [2026-08-03T22:44:57.201+0000] {dag.py:4180} INFO - Setting next_dagrun for pricescope_pipeline to 2026-08-03 18:00:00+00:00, run_after=2026-08-04 06:00:00+00:00
[2026-08-03T22:44:57.229+0000] {processor.py:208} INFO - Processing /opt/airflow/dags/pricescope_pipeline.py took 0.189 seconds
[2026-08-03T22:45:27.492+0000] {processor.py:186} INFO - Started process (PID=5419) to work on /opt/airflow/dags/pricescope_pipeline.py
[2026-08-03T22:45:27.495+0000] {processor.py:914} INFO - Processing file /opt/airflow/dags/pricescope_pipeline.py for tasks to queue
[2026-08-03T22:45:27.499+0000] {logging_mixin.py:190} INFO - [2026-08-03T22:45:27.498+0000] {dagbag.py:588} INFO - Filling up the DagBag from /opt/airflow/dags/pricescope_pipeline.py
[2026-08-03T22:45:27.561+0000] {processor.py:925} INFO - DAG(s) 'pricescope_pipeline' retrieved from /opt/airflow/dags/pricescope_pipeline.py
[2026-08-03T22:45:27.599+0000] {logging_mixin.py:190} INFO - [2026-08-03T22:45:27.599+0000] {dag.py:3239} INFO - Sync 1 DAGs
[2026-08-03T22:45:27.635+0000] {logging_mixin.py:190} INFO - [2026-08-03T22:45:27.634+0000] {dag.py:4180} INFO - Setting next_dagrun for pricescope_pipeline to 2026-08-03 18:00:00+00:00, run_after=2026-08-04 06:00:00+00:00
[2026-08-03T22:45:27.668+0000] {processor.py:208} INFO - Processing /opt/airflow/dags/pricescope_pipeline.py took 0.190 seconds
[2026-08-03T22:45:58.058+0000] {processor.py:186} INFO - Started process (PID=5426) to work on /opt/airflow/dags/pricescope_pipeline.py
[2026-08-03T22:45:58.062+0000] {processor.py:914} INFO - Processing file /opt/airflow/dags/pricescope_pipeline.py for tasks to queue
[2026-08-03T22:45:58.065+0000] {logging_mixin.py:190} INFO - [2026-08-03T22:45:58.064+0000] {dagbag.py:588} INFO - Filling up the DagBag from /opt/airflow/dags/pricescope_pipeline.py
[2026-08-03T22:45:58.113+0000] {processor.py:925} INFO - DAG(s) 'pricescope_pipeline' retrieved from /opt/airflow/dags/pricescope_pipeline.py
[2026-08-03T22:45:58.145+0000] {logging_mixin.py:190} INFO - [2026-08-03T22:45:58.144+0000] {dag.py:3239} INFO - Sync 1 DAGs
[2026-08-03T22:45:58.167+0000] {logging_mixin.py:190} INFO - [2026-08-03T22:45:58.167+0000] {dag.py:4180} INFO - Setting next_dagrun for pricescope_pipeline to 2026-08-03 18:00:00+00:00, run_after=2026-08-04 06:00:00+00:00
[2026-08-03T22:45:58.221+0000] {processor.py:208} INFO - Processing /opt/airflow/dags/pricescope_pipeline.py took 0.169 seconds
[2026-08-03T22:46:28.446+0000] {processor.py:186} INFO - Started process (PID=5433) to work on /opt/airflow/dags/pricescope_pipeline.py
[2026-08-03T22:46:28.448+0000] {processor.py:914} INFO - Processing file /opt/airflow/dags/pricescope_pipeline.py for tasks to queue
[2026-08-03T22:46:28.451+0000] {logging_mixin.py:190} INFO - [2026-08-03T22:46:28.450+0000] {dagbag.py:588} INFO - Filling up the DagBag from /opt/airflow/dags/pricescope_pipeline.py
[2026-08-03T22:46:28.492+0000] {processor.py:925} INFO - DAG(s) 'pricescope_pipeline' retrieved from /opt/airflow/dags/pricescope_pipeline.py
[2026-08-03T22:46:28.521+0000] {logging_mixin.py:190} INFO - [2026-08-03T22:46:28.521+0000] {dag.py:3239} INFO - Sync 1 DAGs
[2026-08-03T22:46:28.549+0000] {logging_mixin.py:190} INFO - [2026-08-03T22:46:28.548+0000] {dag.py:4180} INFO - Setting next_dagrun for pricescope_pipeline to 2026-08-03 18:00:00+00:00, run_after=2026-08-04 06:00:00+00:00
[2026-08-03T22:46:28.571+0000] {processor.py:208} INFO - Processing /opt/airflow/dags/pricescope_pipeline.py took 0.134 seconds
[2026-08-03T22:46:58.957+0000] {processor.py:186} INFO - Started process (PID=5440) to work on /opt/airflow/dags/pricescope_pipeline.py
[2026-08-03T22:46:58.961+0000] {processor.py:914} INFO - Processing file /opt/airflow/dags/pricescope_pipeline.py for tasks to queue
[2026-08-03T22:46:58.964+0000] {logging_mixin.py:190} INFO - [2026-08-03T22:46:58.964+0000] {dagbag.py:588} INFO - Filling up the DagBag from /opt/airflow/dags/pricescope_pipeline.py
[2026-08-03T22:46:59.017+0000] {processor.py:925} INFO - DAG(s) 'pricescope_pipeline' retrieved from /opt/airflow/dags/pricescope_pipeline.py
[2026-08-03T22:46:59.053+0000] {logging_mixin.py:190} INFO - [2026-08-03T22:46:59.053+0000] {dag.py:3239} INFO - Sync 1 DAGs
[2026-08-03T22:46:59.106+0000] {logging_mixin.py:190} INFO - [2026-08-03T22:46:59.105+0000] {dag.py:4180} INFO - Setting next_dagrun for pricescope_pipeline to 2026-08-03 18:00:00+00:00, run_after=2026-08-04 06:00:00+00:00
[2026-08-03T22:46:59.142+0000] {processor.py:208} INFO - Processing /opt/airflow/dags/pricescope_pipeline.py took 0.196 seconds
[2026-08-03T22:47:29.344+0000] {processor.py:186} INFO - Started process (PID=5447) to work on /opt/airflow/dags/pricescope_pipeline.py
[2026-08-03T22:47:29.347+0000] {processor.py:914} INFO - Processing file /opt/airflow/dags/pricescope_pipeline.py for tasks to queue
[2026-08-03T22:47:29.350+0000] {logging_mixin.py:190} INFO - [2026-08-03T22:47:29.349+0000] {dagbag.py:588} INFO - Filling up the DagBag from /opt/airflow/dags/pricescope_pipeline.py
[2026-08-03T22:47:29.408+0000] {processor.py:925} INFO - DAG(s) 'pricescope_pipeline' retrieved from /opt/airflow/dags/pricescope_pipeline.py
[2026-08-03T22:47:29.451+0000] {logging_mixin.py:190} INFO - [2026-08-03T22:47:29.450+0000] {dag.py:3239} INFO - Sync 1 DAGs
[2026-08-03T22:47:29.477+0000] {logging_mixin.py:190} INFO - [2026-08-03T22:47:29.477+0000] {dag.py:4180} INFO - Setting next_dagrun for pricescope_pipeline to 2026-08-03 18:00:00+00:00, run_after=2026-08-04 06:00:00+00:00
[2026-08-03T22:47:29.501+0000] {processor.py:208} INFO - Processing /opt/airflow/dags/pricescope_pipeline.py took 0.164 seconds
[2026-08-03T22:47:59.904+0000] {processor.py:186} INFO - Started process (PID=5454) to work on /opt/airflow/dags/pricescope_pipeline.py
[2026-08-03T22:47:59.906+0000] {processor.py:914} INFO - Processing file /opt/airflow/dags/pricescope_pipeline.py for tasks to queue
[2026-08-03T22:47:59.909+0000] {logging_mixin.py:190} INFO - [2026-08-03T22:47:59.908+0000] {dagbag.py:588} INFO - Filling up the DagBag from /opt/airflow/dags/pricescope_pipeline.py
[2026-08-03T22:47:59.942+0000] {processor.py:925} INFO - DAG(s) 'pricescope_pipeline' retrieved from /opt/airflow/dags/pricescope_pipeline.py
[2026-08-03T22:47:59.966+0000] {logging_mixin.py:190} INFO - [2026-08-03T22:47:59.966+0000] {dag.py:3239} INFO - Sync 1 DAGs
[2026-08-03T22:47:59.991+0000] {logging_mixin.py:190} INFO - [2026-08-03T22:47:59.990+0000] {dag.py:4180} INFO - Setting next_dagrun for pricescope_pipeline to 2026-08-03 18:00:00+00:00, run_after=2026-08-04 06:00:00+00:00
[2026-08-03T22:48:00.015+0000] {processor.py:208} INFO - Processing /opt/airflow/dags/pricescope_pipeline.py took 0.117 seconds
[2026-08-03T22:48:30.363+0000] {processor.py:186} INFO - Started process (PID=5461) to work on /opt/airflow/dags/pricescope_pipeline.py
[2026-08-03T22:48:30.367+0000] {processor.py:914} INFO - Processing file /opt/airflow/dags/pricescope_pipeline.py for tasks to queue
[2026-08-03T22:48:30.370+0000] {logging_mixin.py:190} INFO - [2026-08-03T22:48:30.370+0000] {dagbag.py:588} INFO - Filling up the DagBag from /opt/airflow/dags/pricescope_pipeline.py
[2026-08-03T22:48:30.426+0000] {processor.py:925} INFO - DAG(s) 'pricescope_pipeline' retrieved from /opt/airflow/dags/pricescope_pipeline.py
[2026-08-03T22:48:30.462+0000] {logging_mixin.py:190} INFO - [2026-08-03T22:48:30.462+0000] {dag.py:3239} INFO - Sync 1 DAGs
[2026-08-03T22:48:30.486+0000] {logging_mixin.py:190} INFO - [2026-08-03T22:48:30.486+0000] {dag.py:4180} INFO - Setting next_dagrun for pricescope_pipeline to 2026-08-03 18:00:00+00:00, run_after=2026-08-04 06:00:00+00:00
[2026-08-03T22:48:30.519+0000] {processor.py:208} INFO - Processing /opt/airflow/dags/pricescope_pipeline.py took 0.167 seconds
[2026-08-03T22:49:00.839+0000] {processor.py:186} INFO - Started process (PID=5468) to work on /opt/airflow/dags/pricescope_pipeline.py
[2026-08-03T22:49:00.843+0000] {processor.py:914} INFO - Processing file /opt/airflow/dags/pricescope_pipeline.py for tasks to queue
[2026-08-03T22:49:00.848+0000] {logging_mixin.py:190} INFO - [2026-08-03T22:49:00.848+0000] {dagbag.py:588} INFO - Filling up the DagBag from /opt/airflow/dags/pricescope_pipeline.py
[2026-08-03T22:49:00.914+0000] {processor.py:925} INFO - DAG(s) 'pricescope_pipeline' retrieved from /opt/airflow/dags/pricescope_pipeline.py
[2026-08-03T22:49:00.967+0000] {logging_mixin.py:190} INFO - [2026-08-03T22:49:00.966+0000] {dag.py:3239} INFO - Sync 1 DAGs
[2026-08-03T22:49:01.024+0000] {logging_mixin.py:190} INFO - [2026-08-03T22:49:01.023+0000] {dag.py:4180} INFO - Setting next_dagrun for pricescope_pipeline to 2026-08-03 18:00:00+00:00, run_after=2026-08-04 06:00:00+00:00
[2026-08-03T22:49:01.064+0000] {processor.py:208} INFO - Processing /opt/airflow/dags/pricescope_pipeline.py took 0.240 seconds
[2026-08-03T22:49:31.333+0000] {processor.py:186} INFO - Started process (PID=5475) to work on /opt/airflow/dags/pricescope_pipeline.py
[2026-08-03T22:49:31.335+0000] {processor.py:914} INFO - Processing file /opt/airflow/dags/pricescope_pipeline.py for tasks to queue
[2026-08-03T22:49:31.338+0000] {logging_mixin.py:190} INFO - [2026-08-03T22:49:31.337+0000] {dagbag.py:588} INFO - Filling up the DagBag from /opt/airflow/dags/pricescope_pipeline.py
[2026-08-03T22:49:31.382+0000] {processor.py:925} INFO - DAG(s) 'pricescope_pipeline' retrieved from /opt/airflow/dags/pricescope_pipeline.py
[2026-08-03T22:49:31.413+0000] {logging_mixin.py:190} INFO - [2026-08-03T22:49:31.413+0000] {dag.py:3239} INFO - Sync 1 DAGs
[2026-08-03T22:49:31.444+0000] {logging_mixin.py:190} INFO - [2026-08-03T22:49:31.444+0000] {dag.py:4180} INFO - Setting next_dagrun for pricescope_pipeline to 2026-08-03 18:00:00+00:00, run_after=2026-08-04 06:00:00+00:00
[2026-08-03T22:49:31.471+0000] {processor.py:208} INFO - Processing /opt/airflow/dags/pricescope_pipeline.py took 0.144 seconds
[2026-08-03T22:50:01.727+0000] {processor.py:186} INFO - Started process (PID=5482) to work on /opt/airflow/dags/pricescope_pipeline.py
[2026-08-03T22:50:01.731+0000] {processor.py:914} INFO - Processing file /opt/airflow/dags/pricescope_pipeline.py for tasks to queue
[2026-08-03T22:50:01.736+0000] {logging_mixin.py:190} INFO - [2026-08-03T22:50:01.735+0000] {dagbag.py:588} INFO - Filling up the DagBag from /opt/airflow/dags/pricescope_pipeline.py
[2026-08-03T22:50:01.770+0000] {processor.py:925} INFO - DAG(s) 'pricescope_pipeline' retrieved from /opt/airflow/dags/pricescope_pipeline.py
[2026-08-03T22:50:01.800+0000] {logging_mixin.py:190} INFO - [2026-08-03T22:50:01.800+0000] {dag.py:3239} INFO - Sync 1 DAGs
[2026-08-03T22:50:01.830+0000] {logging_mixin.py:190} INFO - [2026-08-03T22:50:01.829+0000] {dag.py:4180} INFO - Setting next_dagrun for pricescope_pipeline to 2026-08-03 18:00:00+00:00, run_after=2026-08-04 06:00:00+00:00
[2026-08-03T22:50:01.864+0000] {processor.py:208} INFO - Processing /opt/airflow/dags/pricescope_pipeline.py took 0.146 seconds
[2026-08-03T22:50:32.163+0000] {processor.py:186} INFO - Started process (PID=5489) to work on /opt/airflow/dags/pricescope_pipeline.py
[2026-08-03T22:50:32.167+0000] {processor.py:914} INFO - Processing file /opt/airflow/dags/pricescope_pipeline.py for tasks to queue
[2026-08-03T22:50:32.171+0000] {logging_mixin.py:190} INFO - [2026-08-03T22:50:32.170+0000] {dagbag.py:588} INFO - Filling up the DagBag from /opt/airflow/dags/pricescope_pipeline.py
[2026-08-03T22:50:32.212+0000] {processor.py:925} INFO - DAG(s) 'pricescope_pipeline' retrieved from /opt/airflow/dags/pricescope_pipeline.py
[2026-08-03T22:50:32.242+0000] {logging_mixin.py:190} INFO - [2026-08-03T22:50:32.241+0000] {dag.py:3239} INFO - Sync 1 DAGs
[2026-08-03T22:50:32.267+0000] {logging_mixin.py:190} INFO - [2026-08-03T22:50:32.267+0000] {dag.py:4180} INFO - Setting next_dagrun for pricescope_pipeline to 2026-08-03 18:00:00+00:00, run_after=2026-08-04 06:00:00+00:00
[2026-08-03T22:50:32.284+0000] {processor.py:208} INFO - Processing /opt/airflow/dags/pricescope_pipeline.py took 0.135 seconds
[2026-08-03T22:51:02.612+0000] {processor.py:186} INFO - Started process (PID=5496) to work on /opt/airflow/dags/pricescope_pipeline.py
[2026-08-03T22:51:02.615+0000] {processor.py:914} INFO - Processing file /opt/airflow/dags/pricescope_pipeline.py for tasks to queue
[2026-08-03T22:51:02.618+0000] {logging_mixin.py:190} INFO - [2026-08-03T22:51:02.617+0000] {dagbag.py:588} INFO - Filling up the DagBag from /opt/airflow/dags/pricescope_pipeline.py
[2026-08-03T22:51:02.655+0000] {processor.py:925} INFO - DAG(s) 'pricescope_pipeline' retrieved from /opt/airflow/dags/pricescope_pipeline.py
[2026-08-03T22:51:02.677+0000] {logging_mixin.py:190} INFO - [2026-08-03T22:51:02.677+0000] {dag.py:3239} INFO - Sync 1 DAGs
[2026-08-03T22:51:02.705+0000] {logging_mixin.py:190} INFO - [2026-08-03T22:51:02.705+0000] {dag.py:4180} INFO - Setting next_dagrun for pricescope_pipeline to 2026-08-03 18:00:00+00:00, run_after=2026-08-04 06:00:00+00:00
[2026-08-03T22:51:02.726+0000] {processor.py:208} INFO - Processing /opt/airflow/dags/pricescope_pipeline.py took 0.119 seconds
[2026-08-03T22:51:33.023+0000] {processor.py:186} INFO - Started process (PID=5503) to work on /opt/airflow/dags/pricescope_pipeline.py
[2026-08-03T22:51:33.026+0000] {processor.py:914} INFO - Processing file /opt/airflow/dags/pricescope_pipeline.py for tasks to queue
[2026-08-03T22:51:33.030+0000] {logging_mixin.py:190} INFO - [2026-08-03T22:51:33.030+0000] {dagbag.py:588} INFO - Filling up the DagBag from /opt/airflow/dags/pricescope_pipeline.py
[2026-08-03T22:51:33.099+0000] {processor.py:925} INFO - DAG(s) 'pricescope_pipeline' retrieved from /opt/airflow/dags/pricescope_pipeline.py
[2026-08-03T22:51:33.142+0000] {logging_mixin.py:190} INFO - [2026-08-03T22:51:33.141+0000] {dag.py:3239} INFO - Sync 1 DAGs
[2026-08-03T22:51:33.170+0000] {logging_mixin.py:190} INFO - [2026-08-03T22:51:33.169+0000] {dag.py:4180} INFO - Setting next_dagrun for pricescope_pipeline to 2026-08-03 18:00:00+00:00, run_after=2026-08-04 06:00:00+00:00
[2026-08-03T22:51:33.187+0000] {processor.py:208} INFO - Processing /opt/airflow/dags/pricescope_pipeline.py took 0.179 seconds
[2026-08-03T22:52:03.518+0000] {processor.py:186} INFO - Started process (PID=5510) to work on /opt/airflow/dags/pricescope_pipeline.py
[2026-08-03T22:52:03.520+0000] {processor.py:914} INFO - Processing file /opt/airflow/dags/pricescope_pipeline.py for tasks to queue
[2026-08-03T22:52:03.523+0000] {logging_mixin.py:190} INFO - [2026-08-03T22:52:03.522+0000] {dagbag.py:588} INFO - Filling up the DagBag from /opt/airflow/dags/pricescope_pipeline.py
[2026-08-03T22:52:03.583+0000] {processor.py:925} INFO - DAG(s) 'pricescope_pipeline' retrieved from /opt/airflow/dags/pricescope_pipeline.py
[2026-08-03T22:52:03.618+0000] {logging_mixin.py:190} INFO - [2026-08-03T22:52:03.617+0000] {dag.py:3239} INFO - Sync 1 DAGs
[2026-08-03T22:52:03.651+0000] {logging_mixin.py:190} INFO - [2026-08-03T22:52:03.651+0000] {dag.py:4180} INFO - Setting next_dagrun for pricescope_pipeline to 2026-08-03 18:00:00+00:00, run_after=2026-08-04 06:00:00+00:00
[2026-08-03T22:52:03.680+0000] {processor.py:208} INFO - Processing /opt/airflow/dags/pricescope_pipeline.py took 0.169 seconds
[2026-08-03T22:52:33.920+0000] {processor.py:186} INFO - Started process (PID=5517) to work on /opt/airflow/dags/pricescope_pipeline.py
[2026-08-03T22:52:33.922+0000] {processor.py:914} INFO - Processing file /opt/airflow/dags/pricescope_pipeline.py for tasks to queue
[2026-08-03T22:52:33.925+0000] {logging_mixin.py:190} INFO - [2026-08-03T22:52:33.925+0000] {dagbag.py:588} INFO - Filling up the DagBag from /opt/airflow/dags/pricescope_pipeline.py
[2026-08-03T22:52:33.980+0000] {processor.py:925} INFO - DAG(s) 'pricescope_pipeline' retrieved from /opt/airflow/dags/pricescope_pipeline.py
[2026-08-03T22:52:34.016+0000] {logging_mixin.py:190} INFO - [2026-08-03T22:52:34.016+0000] {dag.py:3239} INFO - Sync 1 DAGs
[2026-08-03T22:52:34.053+0000] {logging_mixin.py:190} INFO - [2026-08-03T22:52:34.053+0000] {dag.py:4180} INFO - Setting next_dagrun for pricescope_pipeline to 2026-08-03 18:00:00+00:00, run_after=2026-08-04 06:00:00+00:00
[2026-08-03T22:52:34.084+0000] {processor.py:208} INFO - Processing /opt/airflow/dags/pricescope_pipeline.py took 0.171 seconds
[2026-08-03T22:53:04.424+0000] {processor.py:186} INFO - Started process (PID=5524) to work on /opt/airflow/dags/pricescope_pipeline.py
[2026-08-03T22:53:04.426+0000] {processor.py:914} INFO - Processing file /opt/airflow/dags/pricescope_pipeline.py for tasks to queue
[2026-08-03T22:53:04.427+0000] {logging_mixin.py:190} INFO - [2026-08-03T22:53:04.427+0000] {dagbag.py:588} INFO - Filling up the DagBag from /opt/airflow/dags/pricescope_pipeline.py
[2026-08-03T22:53:04.453+0000] {processor.py:925} INFO - DAG(s) 'pricescope_pipeline' retrieved from /opt/airflow/dags/pricescope_pipeline.py
[2026-08-03T22:53:04.477+0000] {logging_mixin.py:190} INFO - [2026-08-03T22:53:04.477+0000] {dag.py:3239} INFO - Sync 1 DAGs
[2026-08-03T22:53:04.518+0000] {logging_mixin.py:190} INFO - [2026-08-03T22:53:04.518+0000] {dag.py:4180} INFO - Setting next_dagrun for pricescope_pipeline to 2026-08-03 18:00:00+00:00, run_after=2026-08-04 06:00:00+00:00
[2026-08-03T22:53:04.548+0000] {processor.py:208} INFO - Processing /opt/airflow/dags/pricescope_pipeline.py took 0.130 seconds
[2026-08-03T22:53:34.761+0000] {processor.py:186} INFO - Started process (PID=5530) to work on /opt/airflow/dags/pricescope_pipeline.py
[2026-08-03T22:53:34.765+0000] {processor.py:914} INFO - Processing file /opt/airflow/dags/pricescope_pipeline.py for tasks to queue
[2026-08-03T22:53:34.768+0000] {logging_mixin.py:190} INFO - [2026-08-03T22:53:34.767+0000] {dagbag.py:588} INFO - Filling up the DagBag from /opt/airflow/dags/pricescope_pipeline.py
[2026-08-03T22:53:34.806+0000] {processor.py:925} INFO - DAG(s) 'pricescope_pipeline' retrieved from /opt/airflow/dags/pricescope_pipeline.py
[2026-08-03T22:53:34.836+0000] {logging_mixin.py:190} INFO - [2026-08-03T22:53:34.836+0000] {dag.py:3239} INFO - Sync 1 DAGs
[2026-08-03T22:53:34.862+0000] {logging_mixin.py:190} INFO - [2026-08-03T22:53:34.862+0000] {dag.py:4180} INFO - Setting next_dagrun for pricescope_pipeline to 2026-08-03 18:00:00+00:00, run_after=2026-08-04 06:00:00+00:00
[2026-08-03T22:53:34.883+0000] {processor.py:208} INFO - Processing /opt/airflow/dags/pricescope_pipeline.py took 0.133 seconds
[2026-08-03T22:54:05.159+0000] {processor.py:186} INFO - Started process (PID=5537) to work on /opt/airflow/dags/pricescope_pipeline.py
[2026-08-03T22:54:05.161+0000] {processor.py:914} INFO - Processing file /opt/airflow/dags/pricescope_pipeline.py for tasks to queue
[2026-08-03T22:54:05.167+0000] {logging_mixin.py:190} INFO - [2026-08-03T22:54:05.166+0000] {dagbag.py:588} INFO - Filling up the DagBag from /opt/airflow/dags/pricescope_pipeline.py
[2026-08-03T22:54:05.207+0000] {processor.py:925} INFO - DAG(s) 'pricescope_pipeline' retrieved from /opt/airflow/dags/pricescope_pipeline.py
[2026-08-03T22:54:05.234+0000] {logging_mixin.py:190} INFO - [2026-08-03T22:54:05.234+0000] {dag.py:3239} INFO - Sync 1 DAGs
[2026-08-03T22:54:05.258+0000] {logging_mixin.py:190} INFO - [2026-08-03T22:54:05.258+0000] {dag.py:4180} INFO - Setting next_dagrun for pricescope_pipeline to 2026-08-03 18:00:00+00:00, run_after=2026-08-04 06:00:00+00:00
[2026-08-03T22:54:05.304+0000] {processor.py:208} INFO - Processing /opt/airflow/dags/pricescope_pipeline.py took 0.153 seconds
[2026-08-03T22:54:35.476+0000] {processor.py:186} INFO - Started process (PID=5544) to work on /opt/airflow/dags/pricescope_pipeline.py
[2026-08-03T22:54:35.479+0000] {processor.py:914} INFO - Processing file /opt/airflow/dags/pricescope_pipeline.py for tasks to queue
[2026-08-03T22:54:35.482+0000] {logging_mixin.py:190} INFO - [2026-08-03T22:54:35.482+0000] {dagbag.py:588} INFO - Filling up the DagBag from /opt/airflow/dags/pricescope_pipeline.py
[2026-08-03T22:54:35.519+0000] {processor.py:925} INFO - DAG(s) 'pricescope_pipeline' retrieved from /opt/airflow/dags/pricescope_pipeline.py
[2026-08-03T22:54:35.548+0000] {logging_mixin.py:190} INFO - [2026-08-03T22:54:35.547+0000] {dag.py:3239} INFO - Sync 1 DAGs
[2026-08-03T22:54:35.576+0000] {logging_mixin.py:190} INFO - [2026-08-03T22:54:35.576+0000] {dag.py:4180} INFO - Setting next_dagrun for pricescope_pipeline to 2026-08-03 18:00:00+00:00, run_after=2026-08-04 06:00:00+00:00
[2026-08-03T22:54:35.605+0000] {processor.py:208} INFO - Processing /opt/airflow/dags/pricescope_pipeline.py took 0.138 seconds
[2026-08-03T22:55:05.914+0000] {processor.py:186} INFO - Started process (PID=5551) to work on /opt/airflow/dags/pricescope_pipeline.py
[2026-08-03T22:55:05.917+0000] {processor.py:914} INFO - Processing file /opt/airflow/dags/pricescope_pipeline.py for tasks to queue
[2026-08-03T22:55:05.920+0000] {logging_mixin.py:190} INFO - [2026-08-03T22:55:05.919+0000] {dagbag.py:588} INFO - Filling up the DagBag from /opt/airflow/dags/pricescope_pipeline.py
[2026-08-03T22:55:05.962+0000] {processor.py:925} INFO - DAG(s) 'pricescope_pipeline' retrieved from /opt/airflow/dags/pricescope_pipeline.py
[2026-08-03T22:55:05.995+0000] {logging_mixin.py:190} INFO - [2026-08-03T22:55:05.994+0000] {dag.py:3239} INFO - Sync 1 DAGs
[2026-08-03T22:55:06.026+0000] {logging_mixin.py:190} INFO - [2026-08-03T22:55:06.026+0000] {dag.py:4180} INFO - Setting next_dagrun for pricescope_pipeline to 2026-08-03 18:00:00+00:00, run_after=2026-08-04 06:00:00+00:00
[2026-08-03T22:55:06.052+0000] {processor.py:208} INFO - Processing /opt/airflow/dags/pricescope_pipeline.py took 0.149 seconds
[2026-08-03T22:55:36.211+0000] {processor.py:186} INFO - Started process (PID=5558) to work on /opt/airflow/dags/pricescope_pipeline.py
[2026-08-03T22:55:36.213+0000] {processor.py:914} INFO - Processing file /opt/airflow/dags/pricescope_pipeline.py for tasks to queue
[2026-08-03T22:55:36.218+0000] {logging_mixin.py:190} INFO - [2026-08-03T22:55:36.217+0000] {dagbag.py:588} INFO - Filling up the DagBag from /opt/airflow/dags/pricescope_pipeline.py
[2026-08-03T22:55:36.261+0000] {processor.py:925} INFO - DAG(s) 'pricescope_pipeline' retrieved from /opt/airflow/dags/pricescope_pipeline.py
[2026-08-03T22:55:36.301+0000] {logging_mixin.py:190} INFO - [2026-08-03T22:55:36.300+0000] {dag.py:3239} INFO - Sync 1 DAGs
[2026-08-03T22:55:36.343+0000] {logging_mixin.py:190} INFO - [2026-08-03T22:55:36.342+0000] {dag.py:4180} INFO - Setting next_dagrun for pricescope_pipeline to 2026-08-03 18:00:00+00:00, run_after=2026-08-04 06:00:00+00:00
[2026-08-03T22:55:36.382+0000] {processor.py:208} INFO - Processing /opt/airflow/dags/pricescope_pipeline.py took 0.179 seconds
[2026-08-03T22:56:06.522+0000] {processor.py:186} INFO - Started process (PID=5565) to work on /opt/airflow/dags/pricescope_pipeline.py
[2026-08-03T22:56:06.525+0000] {processor.py:914} INFO - Processing file /opt/airflow/dags/pricescope_pipeline.py for tasks to queue
[2026-08-03T22:56:06.529+0000] {logging_mixin.py:190} INFO - [2026-08-03T22:56:06.528+0000] {dagbag.py:588} INFO - Filling up the DagBag from /opt/airflow/dags/pricescope_pipeline.py
[2026-08-03T22:56:06.582+0000] {processor.py:925} INFO - DAG(s) 'pricescope_pipeline' retrieved from /opt/airflow/dags/pricescope_pipeline.py
[2026-08-03T22:56:06.623+0000] {logging_mixin.py:190} INFO - [2026-08-03T22:56:06.622+0000] {dag.py:3239} INFO - Sync 1 DAGs
[2026-08-03T22:56:06.653+0000] {logging_mixin.py:190} INFO - [2026-08-03T22:56:06.652+0000] {dag.py:4180} INFO - Setting next_dagrun for pricescope_pipeline to 2026-08-03 18:00:00+00:00, run_after=2026-08-04 06:00:00+00:00
[2026-08-03T22:56:06.678+0000] {processor.py:208} INFO - Processing /opt/airflow/dags/pricescope_pipeline.py took 0.165 seconds
[2026-08-03T22:56:37.051+0000] {processor.py:186} INFO - Started process (PID=5572) to work on /opt/airflow/dags/pricescope_pipeline.py
[2026-08-03T22:56:37.053+0000] {processor.py:914} INFO - Processing file /opt/airflow/dags/pricescope_pipeline.py for tasks to queue
[2026-08-03T22:56:37.056+0000] {logging_mixin.py:190} INFO - [2026-08-03T22:56:37.055+0000] {dagbag.py:588} INFO - Filling up the DagBag from /opt/airflow/dags/pricescope_pipeline.py
[2026-08-03T22:56:37.112+0000] {processor.py:925} INFO - DAG(s) 'pricescope_pipeline' retrieved from /opt/airflow/dags/pricescope_pipeline.py
[2026-08-03T22:56:37.135+0000] {logging_mixin.py:190} INFO - [2026-08-03T22:56:37.134+0000] {dag.py:3239} INFO - Sync 1 DAGs
[2026-08-03T22:56:37.156+0000] {logging_mixin.py:190} INFO - [2026-08-03T22:56:37.156+0000] {dag.py:4180} INFO - Setting next_dagrun for pricescope_pipeline to 2026-08-03 18:00:00+00:00, run_after=2026-08-04 06:00:00+00:00
[2026-08-03T22:56:37.174+0000] {processor.py:208} INFO - Processing /opt/airflow/dags/pricescope_pipeline.py took 0.128 seconds
[2026-08-03T22:57:07.347+0000] {processor.py:186} INFO - Started process (PID=5579) to work on /opt/airflow/dags/pricescope_pipeline.py
[2026-08-03T22:57:07.350+0000] {processor.py:914} INFO - Processing file /opt/airflow/dags/pricescope_pipeline.py for tasks to queue
[2026-08-03T22:57:07.353+0000] {logging_mixin.py:190} INFO - [2026-08-03T22:57:07.352+0000] {dagbag.py:588} INFO - Filling up the DagBag from /opt/airflow/dags/pricescope_pipeline.py
[2026-08-03T22:57:07.388+0000] {processor.py:925} INFO - DAG(s) 'pricescope_pipeline' retrieved from /opt/airflow/dags/pricescope_pipeline.py
[2026-08-03T22:57:07.421+0000] {logging_mixin.py:190} INFO - [2026-08-03T22:57:07.421+0000] {dag.py:3239} INFO - Sync 1 DAGs
[2026-08-03T22:57:07.463+0000] {logging_mixin.py:190} INFO - [2026-08-03T22:57:07.463+0000] {dag.py:4180} INFO - Setting next_dagrun for pricescope_pipeline to 2026-08-03 18:00:00+00:00, run_after=2026-08-04 06:00:00+00:00
[2026-08-03T22:57:07.490+0000] {processor.py:208} INFO - Processing /opt/airflow/dags/pricescope_pipeline.py took 0.149 seconds
[2026-08-03T22:57:37.824+0000] {processor.py:186} INFO - Started process (PID=5585) to work on /opt/airflow/dags/pricescope_pipeline.py
[2026-08-03T22:57:37.827+0000] {processor.py:914} INFO - Processing file /opt/airflow/dags/pricescope_pipeline.py for tasks to queue
[2026-08-03T22:57:37.830+0000] {logging_mixin.py:190} INFO - [2026-08-03T22:57:37.830+0000] {dagbag.py:588} INFO - Filling up the DagBag from /opt/airflow/dags/pricescope_pipeline.py
[2026-08-03T22:57:37.870+0000] {processor.py:925} INFO - DAG(s) 'pricescope_pipeline' retrieved from /opt/airflow/dags/pricescope_pipeline.py
[2026-08-03T22:57:37.896+0000] {logging_mixin.py:190} INFO - [2026-08-03T22:57:37.896+0000] {dag.py:3239} INFO - Sync 1 DAGs
[2026-08-03T22:57:37.925+0000] {logging_mixin.py:190} INFO - [2026-08-03T22:57:37.925+0000] {dag.py:4180} INFO - Setting next_dagrun for pricescope_pipeline to 2026-08-03 18:00:00+00:00, run_after=2026-08-04 06:00:00+00:00
[2026-08-03T22:57:37.950+0000] {processor.py:208} INFO - Processing /opt/airflow/dags/pricescope_pipeline.py took 0.132 seconds
[2026-08-03T22:58:08.142+0000] {processor.py:186} INFO - Started process (PID=5592) to work on /opt/airflow/dags/pricescope_pipeline.py
[2026-08-03T22:58:08.144+0000] {processor.py:914} INFO - Processing file /opt/airflow/dags/pricescope_pipeline.py for tasks to queue
[2026-08-03T22:58:08.148+0000] {logging_mixin.py:190} INFO - [2026-08-03T22:58:08.148+0000] {dagbag.py:588} INFO - Filling up the DagBag from /opt/airflow/dags/pricescope_pipeline.py
[2026-08-03T22:58:08.202+0000] {processor.py:925} INFO - DAG(s) 'pricescope_pipeline' retrieved from /opt/airflow/dags/pricescope_pipeline.py
[2026-08-03T22:58:08.278+0000] {logging_mixin.py:190} INFO - [2026-08-03T22:58:08.277+0000] {dag.py:3239} INFO - Sync 1 DAGs
[2026-08-03T22:58:08.344+0000] {logging_mixin.py:190} INFO - [2026-08-03T22:58:08.343+0000] {dag.py:4180} INFO - Setting next_dagrun for pricescope_pipeline to 2026-08-03 18:00:00+00:00, run_after=2026-08-04 06:00:00+00:00
[2026-08-03T22:58:08.392+0000] {processor.py:208} INFO - Processing /opt/airflow/dags/pricescope_pipeline.py took 0.260 seconds
[2026-08-03T22:58:38.480+0000] {processor.py:186} INFO - Started process (PID=5599) to work on /opt/airflow/dags/pricescope_pipeline.py
[2026-08-03T22:58:38.517+0000] {processor.py:914} INFO - Processing file /opt/airflow/dags/pricescope_pipeline.py for tasks to queue
[2026-08-03T22:58:38.519+0000] {logging_mixin.py:190} INFO - [2026-08-03T22:58:38.519+0000] {dagbag.py:588} INFO - Filling up the DagBag from /opt/airflow/dags/pricescope_pipeline.py
[2026-08-03T22:58:38.550+0000] {processor.py:925} INFO - DAG(s) 'pricescope_pipeline' retrieved from /opt/airflow/dags/pricescope_pipeline.py
[2026-08-03T22:58:38.575+0000] {logging_mixin.py:190} INFO - [2026-08-03T22:58:38.575+0000] {dag.py:3239} INFO - Sync 1 DAGs
[2026-08-03T22:58:38.602+0000] {logging_mixin.py:190} INFO - [2026-08-03T22:58:38.602+0000] {dag.py:4180} INFO - Setting next_dagrun for pricescope_pipeline to 2026-08-03 18:00:00+00:00, run_after=2026-08-04 06:00:00+00:00
[2026-08-03T22:58:38.623+0000] {processor.py:208} INFO - Processing /opt/airflow/dags/pricescope_pipeline.py took 0.150 seconds
[2026-08-03T22:59:08.740+0000] {processor.py:186} INFO - Started process (PID=5606) to work on /opt/airflow/dags/pricescope_pipeline.py
[2026-08-03T22:59:08.742+0000] {processor.py:914} INFO - Processing file /opt/airflow/dags/pricescope_pipeline.py for tasks to queue
[2026-08-03T22:59:08.744+0000] {logging_mixin.py:190} INFO - [2026-08-03T22:59:08.744+0000] {dagbag.py:588} INFO - Filling up the DagBag from /opt/airflow/dags/pricescope_pipeline.py
[2026-08-03T22:59:08.780+0000] {processor.py:925} INFO - DAG(s) 'pricescope_pipeline' retrieved from /opt/airflow/dags/pricescope_pipeline.py
[2026-08-03T22:59:08.805+0000] {logging_mixin.py:190} INFO - [2026-08-03T22:59:08.804+0000] {dag.py:3239} INFO - Sync 1 DAGs
[2026-08-03T22:59:08.829+0000] {logging_mixin.py:190} INFO - [2026-08-03T22:59:08.828+0000] {dag.py:4180} INFO - Setting next_dagrun for pricescope_pipeline to 2026-08-03 18:00:00+00:00, run_after=2026-08-04 06:00:00+00:00
[2026-08-03T22:59:08.859+0000] {processor.py:208} INFO - Processing /opt/airflow/dags/pricescope_pipeline.py took 0.126 seconds
[2026-08-03T22:59:39.137+0000] {processor.py:186} INFO - Started process (PID=5613) to work on /opt/airflow/dags/pricescope_pipeline.py
[2026-08-03T22:59:39.139+0000] {processor.py:914} INFO - Processing file /opt/airflow/dags/pricescope_pipeline.py for tasks to queue
[2026-08-03T22:59:39.142+0000] {logging_mixin.py:190} INFO - [2026-08-03T22:59:39.141+0000] {dagbag.py:588} INFO - Filling up the DagBag from /opt/airflow/dags/pricescope_pipeline.py
[2026-08-03T22:59:39.181+0000] {processor.py:925} INFO - DAG(s) 'pricescope_pipeline' retrieved from /opt/airflow/dags/pricescope_pipeline.py
[2026-08-03T22:59:39.208+0000] {logging_mixin.py:190} INFO - [2026-08-03T22:59:39.207+0000] {dag.py:3239} INFO - Sync 1 DAGs
[2026-08-03T22:59:39.233+0000] {logging_mixin.py:190} INFO - [2026-08-03T22:59:39.233+0000] {dag.py:4180} INFO - Setting next_dagrun for pricescope_pipeline to 2026-08-03 18:00:00+00:00, run_after=2026-08-04 06:00:00+00:00
[2026-08-03T22:59:39.255+0000] {processor.py:208} INFO - Processing /opt/airflow/dags/pricescope_pipeline.py took 0.124 seconds
[2026-08-03T23:00:09.422+0000] {processor.py:186} INFO - Started process (PID=5620) to work on /opt/airflow/dags/pricescope_pipeline.py
[2026-08-03T23:00:09.424+0000] {processor.py:914} INFO - Processing file /opt/airflow/dags/pricescope_pipeline.py for tasks to queue
[2026-08-03T23:00:09.427+0000] {logging_mixin.py:190} INFO - [2026-08-03T23:00:09.427+0000] {dagbag.py:588} INFO - Filling up the DagBag from /opt/airflow/dags/pricescope_pipeline.py
[2026-08-03T23:00:09.472+0000] {processor.py:925} INFO - DAG(s) 'pricescope_pipeline' retrieved from /opt/airflow/dags/pricescope_pipeline.py
[2026-08-03T23:00:09.501+0000] {logging_mixin.py:190} INFO - [2026-08-03T23:00:09.501+0000] {dag.py:3239} INFO - Sync 1 DAGs
[2026-08-03T23:00:09.530+0000] {logging_mixin.py:190} INFO - [2026-08-03T23:00:09.530+0000] {dag.py:4180} INFO - Setting next_dagrun for pricescope_pipeline to 2026-08-03 18:00:00+00:00, run_after=2026-08-04 06:00:00+00:00
[2026-08-03T23:00:09.556+0000] {processor.py:208} INFO - Processing /opt/airflow/dags/pricescope_pipeline.py took 0.142 seconds
[2026-08-03T23:00:39.833+0000] {processor.py:186} INFO - Started process (PID=5628) to work on /opt/airflow/dags/pricescope_pipeline.py
[2026-08-03T23:00:39.839+0000] {processor.py:914} INFO - Processing file /opt/airflow/dags/pricescope_pipeline.py for tasks to queue
[2026-08-03T23:00:39.842+0000] {logging_mixin.py:190} INFO - [2026-08-03T23:00:39.842+0000] {dagbag.py:588} INFO - Filling up the DagBag from /opt/airflow/dags/pricescope_pipeline.py
[2026-08-03T23:00:39.880+0000] {processor.py:925} INFO - DAG(s) 'pricescope_pipeline' retrieved from /opt/airflow/dags/pricescope_pipeline.py
[2026-08-03T23:00:39.912+0000] {logging_mixin.py:190} INFO - [2026-08-03T23:00:39.911+0000] {dag.py:3239} INFO - Sync 1 DAGs
[2026-08-03T23:00:39.945+0000] {logging_mixin.py:190} INFO - [2026-08-03T23:00:39.944+0000] {dag.py:4180} INFO - Setting next_dagrun for pricescope_pipeline to 2026-08-03 18:00:00+00:00, run_after=2026-08-04 06:00:00+00:00
[2026-08-03T23:00:39.974+0000] {processor.py:208} INFO - Processing /opt/airflow/dags/pricescope_pipeline.py took 0.147 seconds
[2026-08-03T23:01:10.162+0000] {processor.py:186} INFO - Started process (PID=5635) to work on /opt/airflow/dags/pricescope_pipeline.py
[2026-08-03T23:01:10.165+0000] {processor.py:914} INFO - Processing file /opt/airflow/dags/pricescope_pipeline.py for tasks to queue
[2026-08-03T23:01:10.168+0000] {logging_mixin.py:190} INFO - [2026-08-03T23:01:10.168+0000] {dagbag.py:588} INFO - Filling up the DagBag from /opt/airflow/dags/pricescope_pipeline.py
[2026-08-03T23:01:10.217+0000] {processor.py:925} INFO - DAG(s) 'pricescope_pipeline' retrieved from /opt/airflow/dags/pricescope_pipeline.py
[2026-08-03T23:01:10.249+0000] {logging_mixin.py:190} INFO - [2026-08-03T23:01:10.248+0000] {dag.py:3239} INFO - Sync 1 DAGs
[2026-08-03T23:01:10.277+0000] {logging_mixin.py:190} INFO - [2026-08-03T23:01:10.276+0000] {dag.py:4180} INFO - Setting next_dagrun for pricescope_pipeline to 2026-08-03 18:00:00+00:00, run_after=2026-08-04 06:00:00+00:00
[2026-08-03T23:01:10.305+0000] {processor.py:208} INFO - Processing /opt/airflow/dags/pricescope_pipeline.py took 0.153 seconds
[2026-08-03T23:01:39.570+0000] {processor.py:186} INFO - Started process (PID=5642) to work on /opt/airflow/dags/pricescope_pipeline.py
[2026-08-03T23:01:39.572+0000] {processor.py:914} INFO - Processing file /opt/airflow/dags/pricescope_pipeline.py for tasks to queue
[2026-08-03T23:01:39.575+0000] {logging_mixin.py:190} INFO - [2026-08-03T23:01:39.574+0000] {dagbag.py:588} INFO - Filling up the DagBag from /opt/airflow/dags/pricescope_pipeline.py
[2026-08-03T23:01:39.644+0000] {processor.py:925} INFO - DAG(s) 'pricescope_pipeline' retrieved from /opt/airflow/dags/pricescope_pipeline.py
[2026-08-03T23:01:39.672+0000] {logging_mixin.py:190} INFO - [2026-08-03T23:01:39.672+0000] {dag.py:3239} INFO - Sync 1 DAGs
[2026-08-03T23:01:39.700+0000] {logging_mixin.py:190} INFO - [2026-08-03T23:01:39.699+0000] {dag.py:4180} INFO - Setting next_dagrun for pricescope_pipeline to 2026-08-03 18:00:00+00:00, run_after=2026-08-04 06:00:00+00:00
[2026-08-03T23:01:39.733+0000] {processor.py:208} INFO - Processing /opt/airflow/dags/pricescope_pipeline.py took 0.171 seconds
[2026-08-03T23:02:09.862+0000] {processor.py:186} INFO - Started process (PID=5649) to work on /opt/airflow/dags/pricescope_pipeline.py
[2026-08-03T23:02:09.864+0000] {processor.py:914} INFO - Processing file /opt/airflow/dags/pricescope_pipeline.py for tasks to queue
[2026-08-03T23:02:09.868+0000] {logging_mixin.py:190} INFO - [2026-08-03T23:02:09.867+0000] {dagbag.py:588} INFO - Filling up the DagBag from /opt/airflow/dags/pricescope_pipeline.py
[2026-08-03T23:02:09.901+0000] {processor.py:925} INFO - DAG(s) 'pricescope_pipeline' retrieved from /opt/airflow/dags/pricescope_pipeline.py
[2026-08-03T23:02:09.929+0000] {logging_mixin.py:190} INFO - [2026-08-03T23:02:09.929+0000] {dag.py:3239} INFO - Sync 1 DAGs
[2026-08-03T23:02:09.957+0000] {logging_mixin.py:190} INFO - [2026-08-03T23:02:09.957+0000] {dag.py:4180} INFO - Setting next_dagrun for pricescope_pipeline to 2026-08-03 18:00:00+00:00, run_after=2026-08-04 06:00:00+00:00
[2026-08-03T23:02:09.990+0000] {processor.py:208} INFO - Processing /opt/airflow/dags/pricescope_pipeline.py took 0.136 seconds
[2026-08-03T23:02:40.260+0000] {processor.py:186} INFO - Started process (PID=5657) to work on /opt/airflow/dags/pricescope_pipeline.py
[2026-08-03T23:02:40.262+0000] {processor.py:914} INFO - Processing file /opt/airflow/dags/pricescope_pipeline.py for tasks to queue
[2026-08-03T23:02:40.265+0000] {logging_mixin.py:190} INFO - [2026-08-03T23:02:40.265+0000] {dagbag.py:588} INFO - Filling up the DagBag from /opt/airflow/dags/pricescope_pipeline.py
[2026-08-03T23:02:40.305+0000] {processor.py:925} INFO - DAG(s) 'pricescope_pipeline' retrieved from /opt/airflow/dags/pricescope_pipeline.py
[2026-08-03T23:02:40.334+0000] {logging_mixin.py:190} INFO - [2026-08-03T23:02:40.334+0000] {dag.py:3239} INFO - Sync 1 DAGs
[2026-08-03T23:02:40.363+0000] {logging_mixin.py:190} INFO - [2026-08-03T23:02:40.363+0000] {dag.py:4180} INFO - Setting next_dagrun for pricescope_pipeline to 2026-08-03 18:00:00+00:00, run_after=2026-08-04 06:00:00+00:00
[2026-08-03T23:02:40.386+0000] {processor.py:208} INFO - Processing /opt/airflow/dags/pricescope_pipeline.py took 0.134 seconds
[2026-08-03T23:03:10.539+0000] {processor.py:186} INFO - Started process (PID=5664) to work on /opt/airflow/dags/pricescope_pipeline.py
[2026-08-03T23:03:10.542+0000] {processor.py:914} INFO - Processing file /opt/airflow/dags/pricescope_pipeline.py for tasks to queue
[2026-08-03T23:03:10.545+0000] {logging_mixin.py:190} INFO - [2026-08-03T23:03:10.544+0000] {dagbag.py:588} INFO - Filling up the DagBag from /opt/airflow/dags/pricescope_pipeline.py
[2026-08-03T23:03:10.582+0000] {processor.py:925} INFO - DAG(s) 'pricescope_pipeline' retrieved from /opt/airflow/dags/pricescope_pipeline.py
[2026-08-03T23:03:10.616+0000] {logging_mixin.py:190} INFO - [2026-08-03T23:03:10.616+0000] {dag.py:3239} INFO - Sync 1 DAGs
[2026-08-03T23:03:10.653+0000] {logging_mixin.py:190} INFO - [2026-08-03T23:03:10.653+0000] {dag.py:4180} INFO - Setting next_dagrun for pricescope_pipeline to 2026-08-03 18:00:00+00:00, run_after=2026-08-04 06:00:00+00:00
[2026-08-03T23:03:10.687+0000] {processor.py:208} INFO - Processing /opt/airflow/dags/pricescope_pipeline.py took 0.161 seconds
[2026-08-03T23:03:40.932+0000] {processor.py:186} INFO - Started process (PID=5671) to work on /opt/airflow/dags/pricescope_pipeline.py
[2026-08-03T23:03:40.935+0000] {processor.py:914} INFO - Processing file /opt/airflow/dags/pricescope_pipeline.py for tasks to queue
[2026-08-03T23:03:40.938+0000] {logging_mixin.py:190} INFO - [2026-08-03T23:03:40.938+0000] {dagbag.py:588} INFO - Filling up the DagBag from /opt/airflow/dags/pricescope_pipeline.py
[2026-08-03T23:03:40.986+0000] {processor.py:925} INFO - DAG(s) 'pricescope_pipeline' retrieved from /opt/airflow/dags/pricescope_pipeline.py
[2026-08-03T23:03:41.023+0000] {logging_mixin.py:190} INFO - [2026-08-03T23:03:41.022+0000] {dag.py:3239} INFO - Sync 1 DAGs
[2026-08-03T23:03:41.059+0000] {logging_mixin.py:190} INFO - [2026-08-03T23:03:41.059+0000] {dag.py:4180} INFO - Setting next_dagrun for pricescope_pipeline to 2026-08-03 18:00:00+00:00, run_after=2026-08-04 06:00:00+00:00
[2026-08-03T23:03:41.089+0000] {processor.py:208} INFO - Processing /opt/airflow/dags/pricescope_pipeline.py took 0.165 seconds
[2026-08-03T23:04:11.273+0000] {processor.py:186} INFO - Started process (PID=5678) to work on /opt/airflow/dags/pricescope_pipeline.py
[2026-08-03T23:04:11.276+0000] {processor.py:914} INFO - Processing file /opt/airflow/dags/pricescope_pipeline.py for tasks to queue
[2026-08-03T23:04:11.279+0000] {logging_mixin.py:190} INFO - [2026-08-03T23:04:11.279+0000] {dagbag.py:588} INFO - Filling up the DagBag from /opt/airflow/dags/pricescope_pipeline.py
[2026-08-03T23:04:11.322+0000] {processor.py:925} INFO - DAG(s) 'pricescope_pipeline' retrieved from /opt/airflow/dags/pricescope_pipeline.py
[2026-08-03T23:04:11.357+0000] {logging_mixin.py:190} INFO - [2026-08-03T23:04:11.357+0000] {dag.py:3239} INFO - Sync 1 DAGs
[2026-08-03T23:04:11.388+0000] {logging_mixin.py:190} INFO - [2026-08-03T23:04:11.387+0000] {dag.py:4180} INFO - Setting next_dagrun for pricescope_pipeline to 2026-08-03 18:00:00+00:00, run_after=2026-08-04 06:00:00+00:00
[2026-08-03T23:04:11.415+0000] {processor.py:208} INFO - Processing /opt/airflow/dags/pricescope_pipeline.py took 0.149 seconds
[2026-08-03T23:04:41.613+0000] {processor.py:186} INFO - Started process (PID=5685) to work on /opt/airflow/dags/pricescope_pipeline.py
[2026-08-03T23:04:41.615+0000] {processor.py:914} INFO - Processing file /opt/airflow/dags/pricescope_pipeline.py for tasks to queue
[2026-08-03T23:04:41.617+0000] {logging_mixin.py:190} INFO - [2026-08-03T23:04:41.617+0000] {dagbag.py:588} INFO - Filling up the DagBag from /opt/airflow/dags/pricescope_pipeline.py
[2026-08-03T23:04:41.656+0000] {processor.py:925} INFO - DAG(s) 'pricescope_pipeline' retrieved from /opt/airflow/dags/pricescope_pipeline.py
[2026-08-03T23:04:41.680+0000] {logging_mixin.py:190} INFO - [2026-08-03T23:04:41.680+0000] {dag.py:3239} INFO - Sync 1 DAGs
[2026-08-03T23:04:41.709+0000] {logging_mixin.py:190} INFO - [2026-08-03T23:04:41.708+0000] {dag.py:4180} INFO - Setting next_dagrun for pricescope_pipeline to 2026-08-03 18:00:00+00:00, run_after=2026-08-04 06:00:00+00:00
[2026-08-03T23:04:41.729+0000] {processor.py:208} INFO - Processing /opt/airflow/dags/pricescope_pipeline.py took 0.122 seconds
