[2026-08-01T11:28:10.944+0000] {processor.py:186} INFO - Started process (PID=1048) to work on /opt/airflow/dags/pricescope_pipeline.py
[2026-08-01T11:28:10.946+0000] {processor.py:914} INFO - Processing file /opt/airflow/dags/pricescope_pipeline.py for tasks to queue
[2026-08-01T11:28:10.965+0000] {logging_mixin.py:190} INFO - [2026-08-01T11:28:10.963+0000] {dagbag.py:588} INFO - Filling up the DagBag from /opt/airflow/dags/pricescope_pipeline.py
[2026-08-01T11:28:11.053+0000] {logging_mixin.py:190} INFO - [2026-08-01T11:28:11.042+0000] {dagbag.py:387} ERROR - Failed to import: /opt/airflow/dags/pricescope_pipeline.py
Traceback (most recent call last):
  File "/home/airflow/.local/lib/python3.12/site-packages/airflow/models/dagbag.py", line 383, in parse
    loader.exec_module(new_module)
  File "<frozen importlib._bootstrap_external>", line 995, in exec_module
  File "<frozen importlib._bootstrap>", line 488, in _call_with_frames_removed
  File "/opt/airflow/dags/pricescope_pipeline.py", line 41, in <module>
    dbt_run
NameError: name 'dbt_run' is not defined
[2026-08-01T11:28:11.059+0000] {processor.py:927} WARNING - No viable dags retrieved from /opt/airflow/dags/pricescope_pipeline.py
[2026-08-01T11:28:11.103+0000] {processor.py:208} INFO - Processing /opt/airflow/dags/pricescope_pipeline.py took 0.187 seconds
[2026-08-01T11:28:41.181+0000] {processor.py:186} INFO - Started process (PID=1055) to work on /opt/airflow/dags/pricescope_pipeline.py
[2026-08-01T11:28:41.183+0000] {processor.py:914} INFO - Processing file /opt/airflow/dags/pricescope_pipeline.py for tasks to queue
[2026-08-01T11:28:41.193+0000] {logging_mixin.py:190} INFO - [2026-08-01T11:28:41.193+0000] {dagbag.py:588} INFO - Filling up the DagBag from /opt/airflow/dags/pricescope_pipeline.py
[2026-08-01T11:28:41.217+0000] {logging_mixin.py:190} INFO - [2026-08-01T11:28:41.212+0000] {dagbag.py:387} ERROR - Failed to import: /opt/airflow/dags/pricescope_pipeline.py
Traceback (most recent call last):
  File "/home/airflow/.local/lib/python3.12/site-packages/airflow/models/dagbag.py", line 383, in parse
    loader.exec_module(new_module)
  File "<frozen importlib._bootstrap_external>", line 995, in exec_module
  File "<frozen importlib._bootstrap>", line 488, in _call_with_frames_removed
  File "/opt/airflow/dags/pricescope_pipeline.py", line 41, in <module>
    dbt_run
NameError: name 'dbt_run' is not defined
[2026-08-01T11:28:41.220+0000] {processor.py:927} WARNING - No viable dags retrieved from /opt/airflow/dags/pricescope_pipeline.py
[2026-08-01T11:28:41.239+0000] {processor.py:208} INFO - Processing /opt/airflow/dags/pricescope_pipeline.py took 0.064 seconds
[2026-08-01T11:30:54.494+0000] {processor.py:186} INFO - Started process (PID=83) to work on /opt/airflow/dags/pricescope_pipeline.py
[2026-08-01T11:30:54.501+0000] {processor.py:914} INFO - Processing file /opt/airflow/dags/pricescope_pipeline.py for tasks to queue
[2026-08-01T11:30:54.511+0000] {logging_mixin.py:190} INFO - [2026-08-01T11:30:54.509+0000] {dagbag.py:588} INFO - Filling up the DagBag from /opt/airflow/dags/pricescope_pipeline.py
[2026-08-01T11:30:54.609+0000] {logging_mixin.py:190} INFO - [2026-08-01T11:30:54.588+0000] {dagbag.py:387} ERROR - Failed to import: /opt/airflow/dags/pricescope_pipeline.py
Traceback (most recent call last):
  File "/home/airflow/.local/lib/python3.12/site-packages/airflow/models/dagbag.py", line 383, in parse
    loader.exec_module(new_module)
  File "<frozen importlib._bootstrap_external>", line 995, in exec_module
  File "<frozen importlib._bootstrap>", line 488, in _call_with_frames_removed
  File "/opt/airflow/dags/pricescope_pipeline.py", line 41, in <module>
    dbt_run
NameError: name 'dbt_run' is not defined
[2026-08-01T11:30:54.620+0000] {processor.py:927} WARNING - No viable dags retrieved from /opt/airflow/dags/pricescope_pipeline.py
[2026-08-01T11:30:54.705+0000] {processor.py:208} INFO - Processing /opt/airflow/dags/pricescope_pipeline.py took 0.237 seconds
[2026-08-01T11:31:25.340+0000] {processor.py:186} INFO - Started process (PID=90) to work on /opt/airflow/dags/pricescope_pipeline.py
[2026-08-01T11:31:25.343+0000] {processor.py:914} INFO - Processing file /opt/airflow/dags/pricescope_pipeline.py for tasks to queue
[2026-08-01T11:31:25.345+0000] {logging_mixin.py:190} INFO - [2026-08-01T11:31:25.345+0000] {dagbag.py:588} INFO - Filling up the DagBag from /opt/airflow/dags/pricescope_pipeline.py
[2026-08-01T11:31:25.371+0000] {logging_mixin.py:190} INFO - [2026-08-01T11:31:25.365+0000] {dagbag.py:387} ERROR - Failed to import: /opt/airflow/dags/pricescope_pipeline.py
Traceback (most recent call last):
  File "/home/airflow/.local/lib/python3.12/site-packages/airflow/models/dagbag.py", line 383, in parse
    loader.exec_module(new_module)
  File "<frozen importlib._bootstrap_external>", line 995, in exec_module
  File "<frozen importlib._bootstrap>", line 488, in _call_with_frames_removed
  File "/opt/airflow/dags/pricescope_pipeline.py", line 41, in <module>
    dbt_run
NameError: name 'dbt_run' is not defined
[2026-08-01T11:31:25.375+0000] {processor.py:927} WARNING - No viable dags retrieved from /opt/airflow/dags/pricescope_pipeline.py
[2026-08-01T11:31:25.401+0000] {processor.py:208} INFO - Processing /opt/airflow/dags/pricescope_pipeline.py took 0.066 seconds
[2026-08-01T11:31:55.602+0000] {processor.py:186} INFO - Started process (PID=97) to work on /opt/airflow/dags/pricescope_pipeline.py
[2026-08-01T11:31:55.604+0000] {processor.py:914} INFO - Processing file /opt/airflow/dags/pricescope_pipeline.py for tasks to queue
[2026-08-01T11:31:55.608+0000] {logging_mixin.py:190} INFO - [2026-08-01T11:31:55.608+0000] {dagbag.py:588} INFO - Filling up the DagBag from /opt/airflow/dags/pricescope_pipeline.py
[2026-08-01T11:31:55.631+0000] {logging_mixin.py:190} INFO - [2026-08-01T11:31:55.625+0000] {dagbag.py:387} ERROR - Failed to import: /opt/airflow/dags/pricescope_pipeline.py
Traceback (most recent call last):
  File "/home/airflow/.local/lib/python3.12/site-packages/airflow/models/dagbag.py", line 383, in parse
    loader.exec_module(new_module)
  File "<frozen importlib._bootstrap_external>", line 995, in exec_module
  File "<frozen importlib._bootstrap>", line 488, in _call_with_frames_removed
  File "/opt/airflow/dags/pricescope_pipeline.py", line 41, in <module>
    dbt_run
NameError: name 'dbt_run' is not defined
[2026-08-01T11:31:55.635+0000] {processor.py:927} WARNING - No viable dags retrieved from /opt/airflow/dags/pricescope_pipeline.py
[2026-08-01T11:31:55.655+0000] {processor.py:208} INFO - Processing /opt/airflow/dags/pricescope_pipeline.py took 0.063 seconds
[2026-08-01T11:32:25.925+0000] {processor.py:186} INFO - Started process (PID=104) to work on /opt/airflow/dags/pricescope_pipeline.py
[2026-08-01T11:32:25.926+0000] {processor.py:914} INFO - Processing file /opt/airflow/dags/pricescope_pipeline.py for tasks to queue
[2026-08-01T11:32:25.931+0000] {logging_mixin.py:190} INFO - [2026-08-01T11:32:25.930+0000] {dagbag.py:588} INFO - Filling up the DagBag from /opt/airflow/dags/pricescope_pipeline.py
[2026-08-01T11:32:25.959+0000] {logging_mixin.py:190} INFO - [2026-08-01T11:32:25.953+0000] {dagbag.py:387} ERROR - Failed to import: /opt/airflow/dags/pricescope_pipeline.py
Traceback (most recent call last):
  File "/home/airflow/.local/lib/python3.12/site-packages/airflow/models/dagbag.py", line 383, in parse
    loader.exec_module(new_module)
  File "<frozen importlib._bootstrap_external>", line 995, in exec_module
  File "<frozen importlib._bootstrap>", line 488, in _call_with_frames_removed
  File "/opt/airflow/dags/pricescope_pipeline.py", line 41, in <module>
    dbt_run
NameError: name 'dbt_run' is not defined
[2026-08-01T11:32:25.962+0000] {processor.py:927} WARNING - No viable dags retrieved from /opt/airflow/dags/pricescope_pipeline.py
[2026-08-01T11:32:25.981+0000] {processor.py:208} INFO - Processing /opt/airflow/dags/pricescope_pipeline.py took 0.064 seconds
[2026-08-01T11:32:50.143+0000] {processor.py:186} INFO - Started process (PID=105) to work on /opt/airflow/dags/pricescope_pipeline.py
[2026-08-01T11:32:50.145+0000] {processor.py:914} INFO - Processing file /opt/airflow/dags/pricescope_pipeline.py for tasks to queue
[2026-08-01T11:32:50.148+0000] {logging_mixin.py:190} INFO - [2026-08-01T11:32:50.148+0000] {dagbag.py:588} INFO - Filling up the DagBag from /opt/airflow/dags/pricescope_pipeline.py
[2026-08-01T11:32:50.185+0000] {logging_mixin.py:190} INFO - [2026-08-01T11:32:50.181+0000] {dagbag.py:484} ERROR - Failed to bag_dag: /opt/airflow/dags/pricescope_pipeline.py
Traceback (most recent call last):
  File "/home/airflow/.local/lib/python3.12/site-packages/croniter/croniter.py", line 284, in _alphaconv
    return cls.ALPHACONV[index][key]
           ~~~~~~~~~~~~~~~~~~~~^^^^^
KeyError: ''

During handling of the above exception, another exception occurred:

Traceback (most recent call last):
  File "/home/airflow/.local/lib/python3.12/site-packages/airflow/timetables/_cron.py", line 102, in validate
    croniter(self._expression)
  File "/home/airflow/.local/lib/python3.12/site-packages/croniter/croniter.py", line 271, in __init__
    self.expanded, self.nth_weekday_of_month = self.expand(
                                               ^^^^^^^^^^^^
  File "/home/airflow/.local/lib/python3.12/site-packages/croniter/croniter.py", line 1032, in expand
    return cls._expand(expr_format, hash_id=hash_id,
           ^^^^^^^^^^^^^^^^^^^^^^^^^^^^^^^^^^^^^^^^^
  File "/home/airflow/.local/lib/python3.12/site-packages/croniter/croniter.py", line 973, in _expand
    t = cls._alphaconv(i, t, expressions)
        ^^^^^^^^^^^^^^^^^^^^^^^^^^^^^^^^^
  File "/home/airflow/.local/lib/python3.12/site-packages/croniter/croniter.py", line 286, in _alphaconv
    raise CroniterNotAlphaError(
croniter.croniter.CroniterNotAlphaError: [0 6, 18 * * *] is not acceptable

During handling of the above exception, another exception occurred:

Traceback (most recent call last):
  File "/home/airflow/.local/lib/python3.12/site-packages/airflow/models/dagbag.py", line 479, in _process_modules
    dag.validate()
  File "/home/airflow/.local/lib/python3.12/site-packages/airflow/models/dag.py", line 845, in validate
    self.timetable.validate()
  File "/home/airflow/.local/lib/python3.12/site-packages/airflow/timetables/_cron.py", line 104, in validate
    raise AirflowTimetableInvalid(str(e))
airflow.exceptions.AirflowTimetableInvalid: [0 6, 18 * * *] is not acceptable
[2026-08-01T11:32:50.186+0000] {processor.py:927} WARNING - No viable dags retrieved from /opt/airflow/dags/pricescope_pipeline.py
[2026-08-01T11:32:50.202+0000] {processor.py:208} INFO - Processing /opt/airflow/dags/pricescope_pipeline.py took 0.065 seconds
[2026-08-01T11:33:20.628+0000] {processor.py:186} INFO - Started process (PID=112) to work on /opt/airflow/dags/pricescope_pipeline.py
[2026-08-01T11:33:20.631+0000] {processor.py:914} INFO - Processing file /opt/airflow/dags/pricescope_pipeline.py for tasks to queue
[2026-08-01T11:33:20.634+0000] {logging_mixin.py:190} INFO - [2026-08-01T11:33:20.634+0000] {dagbag.py:588} INFO - Filling up the DagBag from /opt/airflow/dags/pricescope_pipeline.py
[2026-08-01T11:33:20.656+0000] {logging_mixin.py:190} INFO - [2026-08-01T11:33:20.653+0000] {dagbag.py:484} ERROR - Failed to bag_dag: /opt/airflow/dags/pricescope_pipeline.py
Traceback (most recent call last):
  File "/home/airflow/.local/lib/python3.12/site-packages/croniter/croniter.py", line 284, in _alphaconv
    return cls.ALPHACONV[index][key]
           ~~~~~~~~~~~~~~~~~~~~^^^^^
KeyError: ''

During handling of the above exception, another exception occurred:

Traceback (most recent call last):
  File "/home/airflow/.local/lib/python3.12/site-packages/airflow/timetables/_cron.py", line 102, in validate
    croniter(self._expression)
  File "/home/airflow/.local/lib/python3.12/site-packages/croniter/croniter.py", line 271, in __init__
    self.expanded, self.nth_weekday_of_month = self.expand(
                                               ^^^^^^^^^^^^
  File "/home/airflow/.local/lib/python3.12/site-packages/croniter/croniter.py", line 1032, in expand
    return cls._expand(expr_format, hash_id=hash_id,
           ^^^^^^^^^^^^^^^^^^^^^^^^^^^^^^^^^^^^^^^^^
  File "/home/airflow/.local/lib/python3.12/site-packages/croniter/croniter.py", line 973, in _expand
    t = cls._alphaconv(i, t, expressions)
        ^^^^^^^^^^^^^^^^^^^^^^^^^^^^^^^^^
  File "/home/airflow/.local/lib/python3.12/site-packages/croniter/croniter.py", line 286, in _alphaconv
    raise CroniterNotAlphaError(
croniter.croniter.CroniterNotAlphaError: [0 6, 18 * * *] is not acceptable

During handling of the above exception, another exception occurred:

Traceback (most recent call last):
  File "/home/airflow/.local/lib/python3.12/site-packages/airflow/models/dagbag.py", line 479, in _process_modules
    dag.validate()
  File "/home/airflow/.local/lib/python3.12/site-packages/airflow/models/dag.py", line 845, in validate
    self.timetable.validate()
  File "/home/airflow/.local/lib/python3.12/site-packages/airflow/timetables/_cron.py", line 104, in validate
    raise AirflowTimetableInvalid(str(e))
airflow.exceptions.AirflowTimetableInvalid: [0 6, 18 * * *] is not acceptable
[2026-08-01T11:33:20.657+0000] {processor.py:927} WARNING - No viable dags retrieved from /opt/airflow/dags/pricescope_pipeline.py
[2026-08-01T11:33:20.672+0000] {processor.py:208} INFO - Processing /opt/airflow/dags/pricescope_pipeline.py took 0.049 seconds
[2026-08-01T11:33:50.877+0000] {processor.py:186} INFO - Started process (PID=119) to work on /opt/airflow/dags/pricescope_pipeline.py
[2026-08-01T11:33:50.880+0000] {processor.py:914} INFO - Processing file /opt/airflow/dags/pricescope_pipeline.py for tasks to queue
[2026-08-01T11:33:50.883+0000] {logging_mixin.py:190} INFO - [2026-08-01T11:33:50.883+0000] {dagbag.py:588} INFO - Filling up the DagBag from /opt/airflow/dags/pricescope_pipeline.py
[2026-08-01T11:33:50.909+0000] {logging_mixin.py:190} INFO - [2026-08-01T11:33:50.906+0000] {dagbag.py:484} ERROR - Failed to bag_dag: /opt/airflow/dags/pricescope_pipeline.py
Traceback (most recent call last):
  File "/home/airflow/.local/lib/python3.12/site-packages/croniter/croniter.py", line 284, in _alphaconv
    return cls.ALPHACONV[index][key]
           ~~~~~~~~~~~~~~~~~~~~^^^^^
KeyError: ''

During handling of the above exception, another exception occurred:

Traceback (most recent call last):
  File "/home/airflow/.local/lib/python3.12/site-packages/airflow/timetables/_cron.py", line 102, in validate
    croniter(self._expression)
  File "/home/airflow/.local/lib/python3.12/site-packages/croniter/croniter.py", line 271, in __init__
    self.expanded, self.nth_weekday_of_month = self.expand(
                                               ^^^^^^^^^^^^
  File "/home/airflow/.local/lib/python3.12/site-packages/croniter/croniter.py", line 1032, in expand
    return cls._expand(expr_format, hash_id=hash_id,
           ^^^^^^^^^^^^^^^^^^^^^^^^^^^^^^^^^^^^^^^^^
  File "/home/airflow/.local/lib/python3.12/site-packages/croniter/croniter.py", line 973, in _expand
    t = cls._alphaconv(i, t, expressions)
        ^^^^^^^^^^^^^^^^^^^^^^^^^^^^^^^^^
  File "/home/airflow/.local/lib/python3.12/site-packages/croniter/croniter.py", line 286, in _alphaconv
    raise CroniterNotAlphaError(
croniter.croniter.CroniterNotAlphaError: [0 6, 18 * * *] is not acceptable

During handling of the above exception, another exception occurred:

Traceback (most recent call last):
  File "/home/airflow/.local/lib/python3.12/site-packages/airflow/models/dagbag.py", line 479, in _process_modules
    dag.validate()
  File "/home/airflow/.local/lib/python3.12/site-packages/airflow/models/dag.py", line 845, in validate
    self.timetable.validate()
  File "/home/airflow/.local/lib/python3.12/site-packages/airflow/timetables/_cron.py", line 104, in validate
    raise AirflowTimetableInvalid(str(e))
airflow.exceptions.AirflowTimetableInvalid: [0 6, 18 * * *] is not acceptable
[2026-08-01T11:33:50.911+0000] {processor.py:927} WARNING - No viable dags retrieved from /opt/airflow/dags/pricescope_pipeline.py
[2026-08-01T11:33:50.930+0000] {processor.py:208} INFO - Processing /opt/airflow/dags/pricescope_pipeline.py took 0.060 seconds
[2026-08-01T11:34:21.174+0000] {processor.py:186} INFO - Started process (PID=126) to work on /opt/airflow/dags/pricescope_pipeline.py
[2026-08-01T11:34:21.176+0000] {processor.py:914} INFO - Processing file /opt/airflow/dags/pricescope_pipeline.py for tasks to queue
[2026-08-01T11:34:21.182+0000] {logging_mixin.py:190} INFO - [2026-08-01T11:34:21.181+0000] {dagbag.py:588} INFO - Filling up the DagBag from /opt/airflow/dags/pricescope_pipeline.py
[2026-08-01T11:34:21.207+0000] {logging_mixin.py:190} INFO - [2026-08-01T11:34:21.204+0000] {dagbag.py:484} ERROR - Failed to bag_dag: /opt/airflow/dags/pricescope_pipeline.py
Traceback (most recent call last):
  File "/home/airflow/.local/lib/python3.12/site-packages/croniter/croniter.py", line 284, in _alphaconv
    return cls.ALPHACONV[index][key]
           ~~~~~~~~~~~~~~~~~~~~^^^^^
KeyError: ''

During handling of the above exception, another exception occurred:

Traceback (most recent call last):
  File "/home/airflow/.local/lib/python3.12/site-packages/airflow/timetables/_cron.py", line 102, in validate
    croniter(self._expression)
  File "/home/airflow/.local/lib/python3.12/site-packages/croniter/croniter.py", line 271, in __init__
    self.expanded, self.nth_weekday_of_month = self.expand(
                                               ^^^^^^^^^^^^
  File "/home/airflow/.local/lib/python3.12/site-packages/croniter/croniter.py", line 1032, in expand
    return cls._expand(expr_format, hash_id=hash_id,
           ^^^^^^^^^^^^^^^^^^^^^^^^^^^^^^^^^^^^^^^^^
  File "/home/airflow/.local/lib/python3.12/site-packages/croniter/croniter.py", line 973, in _expand
    t = cls._alphaconv(i, t, expressions)
        ^^^^^^^^^^^^^^^^^^^^^^^^^^^^^^^^^
  File "/home/airflow/.local/lib/python3.12/site-packages/croniter/croniter.py", line 286, in _alphaconv
    raise CroniterNotAlphaError(
croniter.croniter.CroniterNotAlphaError: [0 6, 18 * * *] is not acceptable

During handling of the above exception, another exception occurred:

Traceback (most recent call last):
  File "/home/airflow/.local/lib/python3.12/site-packages/airflow/models/dagbag.py", line 479, in _process_modules
    dag.validate()
  File "/home/airflow/.local/lib/python3.12/site-packages/airflow/models/dag.py", line 845, in validate
    self.timetable.validate()
  File "/home/airflow/.local/lib/python3.12/site-packages/airflow/timetables/_cron.py", line 104, in validate
    raise AirflowTimetableInvalid(str(e))
airflow.exceptions.AirflowTimetableInvalid: [0 6, 18 * * *] is not acceptable
[2026-08-01T11:34:21.208+0000] {processor.py:927} WARNING - No viable dags retrieved from /opt/airflow/dags/pricescope_pipeline.py
[2026-08-01T11:34:21.231+0000] {processor.py:208} INFO - Processing /opt/airflow/dags/pricescope_pipeline.py took 0.067 seconds
[2026-08-01T11:34:51.444+0000] {processor.py:186} INFO - Started process (PID=133) to work on /opt/airflow/dags/pricescope_pipeline.py
[2026-08-01T11:34:51.446+0000] {processor.py:914} INFO - Processing file /opt/airflow/dags/pricescope_pipeline.py for tasks to queue
[2026-08-01T11:34:51.451+0000] {logging_mixin.py:190} INFO - [2026-08-01T11:34:51.450+0000] {dagbag.py:588} INFO - Filling up the DagBag from /opt/airflow/dags/pricescope_pipeline.py
[2026-08-01T11:34:51.473+0000] {logging_mixin.py:190} INFO - [2026-08-01T11:34:51.471+0000] {dagbag.py:484} ERROR - Failed to bag_dag: /opt/airflow/dags/pricescope_pipeline.py
Traceback (most recent call last):
  File "/home/airflow/.local/lib/python3.12/site-packages/croniter/croniter.py", line 284, in _alphaconv
    return cls.ALPHACONV[index][key]
           ~~~~~~~~~~~~~~~~~~~~^^^^^
KeyError: ''

During handling of the above exception, another exception occurred:

Traceback (most recent call last):
  File "/home/airflow/.local/lib/python3.12/site-packages/airflow/timetables/_cron.py", line 102, in validate
    croniter(self._expression)
  File "/home/airflow/.local/lib/python3.12/site-packages/croniter/croniter.py", line 271, in __init__
    self.expanded, self.nth_weekday_of_month = self.expand(
                                               ^^^^^^^^^^^^
  File "/home/airflow/.local/lib/python3.12/site-packages/croniter/croniter.py", line 1032, in expand
    return cls._expand(expr_format, hash_id=hash_id,
           ^^^^^^^^^^^^^^^^^^^^^^^^^^^^^^^^^^^^^^^^^
  File "/home/airflow/.local/lib/python3.12/site-packages/croniter/croniter.py", line 973, in _expand
    t = cls._alphaconv(i, t, expressions)
        ^^^^^^^^^^^^^^^^^^^^^^^^^^^^^^^^^
  File "/home/airflow/.local/lib/python3.12/site-packages/croniter/croniter.py", line 286, in _alphaconv
    raise CroniterNotAlphaError(
croniter.croniter.CroniterNotAlphaError: [0 6, 18 * * *] is not acceptable

During handling of the above exception, another exception occurred:

Traceback (most recent call last):
  File "/home/airflow/.local/lib/python3.12/site-packages/airflow/models/dagbag.py", line 479, in _process_modules
    dag.validate()
  File "/home/airflow/.local/lib/python3.12/site-packages/airflow/models/dag.py", line 845, in validate
    self.timetable.validate()
  File "/home/airflow/.local/lib/python3.12/site-packages/airflow/timetables/_cron.py", line 104, in validate
    raise AirflowTimetableInvalid(str(e))
airflow.exceptions.AirflowTimetableInvalid: [0 6, 18 * * *] is not acceptable
[2026-08-01T11:34:51.474+0000] {processor.py:927} WARNING - No viable dags retrieved from /opt/airflow/dags/pricescope_pipeline.py
[2026-08-01T11:34:51.495+0000] {processor.py:208} INFO - Processing /opt/airflow/dags/pricescope_pipeline.py took 0.056 seconds
[2026-08-01T11:35:21.747+0000] {processor.py:186} INFO - Started process (PID=140) to work on /opt/airflow/dags/pricescope_pipeline.py
[2026-08-01T11:35:21.749+0000] {processor.py:914} INFO - Processing file /opt/airflow/dags/pricescope_pipeline.py for tasks to queue
[2026-08-01T11:35:21.752+0000] {logging_mixin.py:190} INFO - [2026-08-01T11:35:21.751+0000] {dagbag.py:588} INFO - Filling up the DagBag from /opt/airflow/dags/pricescope_pipeline.py
[2026-08-01T11:35:21.768+0000] {logging_mixin.py:190} INFO - [2026-08-01T11:35:21.766+0000] {dagbag.py:484} ERROR - Failed to bag_dag: /opt/airflow/dags/pricescope_pipeline.py
Traceback (most recent call last):
  File "/home/airflow/.local/lib/python3.12/site-packages/croniter/croniter.py", line 284, in _alphaconv
    return cls.ALPHACONV[index][key]
           ~~~~~~~~~~~~~~~~~~~~^^^^^
KeyError: ''

During handling of the above exception, another exception occurred:

Traceback (most recent call last):
  File "/home/airflow/.local/lib/python3.12/site-packages/airflow/timetables/_cron.py", line 102, in validate
    croniter(self._expression)
  File "/home/airflow/.local/lib/python3.12/site-packages/croniter/croniter.py", line 271, in __init__
    self.expanded, self.nth_weekday_of_month = self.expand(
                                               ^^^^^^^^^^^^
  File "/home/airflow/.local/lib/python3.12/site-packages/croniter/croniter.py", line 1032, in expand
    return cls._expand(expr_format, hash_id=hash_id,
           ^^^^^^^^^^^^^^^^^^^^^^^^^^^^^^^^^^^^^^^^^
  File "/home/airflow/.local/lib/python3.12/site-packages/croniter/croniter.py", line 973, in _expand
    t = cls._alphaconv(i, t, expressions)
        ^^^^^^^^^^^^^^^^^^^^^^^^^^^^^^^^^
  File "/home/airflow/.local/lib/python3.12/site-packages/croniter/croniter.py", line 286, in _alphaconv
    raise CroniterNotAlphaError(
croniter.croniter.CroniterNotAlphaError: [0 6, 18 * * *] is not acceptable

During handling of the above exception, another exception occurred:

Traceback (most recent call last):
  File "/home/airflow/.local/lib/python3.12/site-packages/airflow/models/dagbag.py", line 479, in _process_modules
    dag.validate()
  File "/home/airflow/.local/lib/python3.12/site-packages/airflow/models/dag.py", line 845, in validate
    self.timetable.validate()
  File "/home/airflow/.local/lib/python3.12/site-packages/airflow/timetables/_cron.py", line 104, in validate
    raise AirflowTimetableInvalid(str(e))
airflow.exceptions.AirflowTimetableInvalid: [0 6, 18 * * *] is not acceptable
[2026-08-01T11:35:21.769+0000] {processor.py:927} WARNING - No viable dags retrieved from /opt/airflow/dags/pricescope_pipeline.py
[2026-08-01T11:35:21.789+0000] {processor.py:208} INFO - Processing /opt/airflow/dags/pricescope_pipeline.py took 0.046 seconds
[2026-08-01T11:35:52.086+0000] {processor.py:186} INFO - Started process (PID=147) to work on /opt/airflow/dags/pricescope_pipeline.py
[2026-08-01T11:35:52.089+0000] {processor.py:914} INFO - Processing file /opt/airflow/dags/pricescope_pipeline.py for tasks to queue
[2026-08-01T11:35:52.092+0000] {logging_mixin.py:190} INFO - [2026-08-01T11:35:52.092+0000] {dagbag.py:588} INFO - Filling up the DagBag from /opt/airflow/dags/pricescope_pipeline.py
[2026-08-01T11:35:52.119+0000] {logging_mixin.py:190} INFO - [2026-08-01T11:35:52.116+0000] {dagbag.py:484} ERROR - Failed to bag_dag: /opt/airflow/dags/pricescope_pipeline.py
Traceback (most recent call last):
  File "/home/airflow/.local/lib/python3.12/site-packages/croniter/croniter.py", line 284, in _alphaconv
    return cls.ALPHACONV[index][key]
           ~~~~~~~~~~~~~~~~~~~~^^^^^
KeyError: ''

During handling of the above exception, another exception occurred:

Traceback (most recent call last):
  File "/home/airflow/.local/lib/python3.12/site-packages/airflow/timetables/_cron.py", line 102, in validate
    croniter(self._expression)
  File "/home/airflow/.local/lib/python3.12/site-packages/croniter/croniter.py", line 271, in __init__
    self.expanded, self.nth_weekday_of_month = self.expand(
                                               ^^^^^^^^^^^^
  File "/home/airflow/.local/lib/python3.12/site-packages/croniter/croniter.py", line 1032, in expand
    return cls._expand(expr_format, hash_id=hash_id,
           ^^^^^^^^^^^^^^^^^^^^^^^^^^^^^^^^^^^^^^^^^
  File "/home/airflow/.local/lib/python3.12/site-packages/croniter/croniter.py", line 973, in _expand
    t = cls._alphaconv(i, t, expressions)
        ^^^^^^^^^^^^^^^^^^^^^^^^^^^^^^^^^
  File "/home/airflow/.local/lib/python3.12/site-packages/croniter/croniter.py", line 286, in _alphaconv
    raise CroniterNotAlphaError(
croniter.croniter.CroniterNotAlphaError: [0 6, 18 * * *] is not acceptable

During handling of the above exception, another exception occurred:

Traceback (most recent call last):
  File "/home/airflow/.local/lib/python3.12/site-packages/airflow/models/dagbag.py", line 479, in _process_modules
    dag.validate()
  File "/home/airflow/.local/lib/python3.12/site-packages/airflow/models/dag.py", line 845, in validate
    self.timetable.validate()
  File "/home/airflow/.local/lib/python3.12/site-packages/airflow/timetables/_cron.py", line 104, in validate
    raise AirflowTimetableInvalid(str(e))
airflow.exceptions.AirflowTimetableInvalid: [0 6, 18 * * *] is not acceptable
[2026-08-01T11:35:52.120+0000] {processor.py:927} WARNING - No viable dags retrieved from /opt/airflow/dags/pricescope_pipeline.py
[2026-08-01T11:35:52.141+0000] {processor.py:208} INFO - Processing /opt/airflow/dags/pricescope_pipeline.py took 0.061 seconds
[2026-08-01T11:36:22.364+0000] {processor.py:186} INFO - Started process (PID=154) to work on /opt/airflow/dags/pricescope_pipeline.py
[2026-08-01T11:36:22.367+0000] {processor.py:914} INFO - Processing file /opt/airflow/dags/pricescope_pipeline.py for tasks to queue
[2026-08-01T11:36:22.374+0000] {logging_mixin.py:190} INFO - [2026-08-01T11:36:22.373+0000] {dagbag.py:588} INFO - Filling up the DagBag from /opt/airflow/dags/pricescope_pipeline.py
[2026-08-01T11:36:22.398+0000] {logging_mixin.py:190} INFO - [2026-08-01T11:36:22.395+0000] {dagbag.py:484} ERROR - Failed to bag_dag: /opt/airflow/dags/pricescope_pipeline.py
Traceback (most recent call last):
  File "/home/airflow/.local/lib/python3.12/site-packages/croniter/croniter.py", line 284, in _alphaconv
    return cls.ALPHACONV[index][key]
           ~~~~~~~~~~~~~~~~~~~~^^^^^
KeyError: ''

During handling of the above exception, another exception occurred:

Traceback (most recent call last):
  File "/home/airflow/.local/lib/python3.12/site-packages/airflow/timetables/_cron.py", line 102, in validate
    croniter(self._expression)
  File "/home/airflow/.local/lib/python3.12/site-packages/croniter/croniter.py", line 271, in __init__
    self.expanded, self.nth_weekday_of_month = self.expand(
                                               ^^^^^^^^^^^^
  File "/home/airflow/.local/lib/python3.12/site-packages/croniter/croniter.py", line 1032, in expand
    return cls._expand(expr_format, hash_id=hash_id,
           ^^^^^^^^^^^^^^^^^^^^^^^^^^^^^^^^^^^^^^^^^
  File "/home/airflow/.local/lib/python3.12/site-packages/croniter/croniter.py", line 973, in _expand
    t = cls._alphaconv(i, t, expressions)
        ^^^^^^^^^^^^^^^^^^^^^^^^^^^^^^^^^
  File "/home/airflow/.local/lib/python3.12/site-packages/croniter/croniter.py", line 286, in _alphaconv
    raise CroniterNotAlphaError(
croniter.croniter.CroniterNotAlphaError: [0 6, 18 * * *] is not acceptable

During handling of the above exception, another exception occurred:

Traceback (most recent call last):
  File "/home/airflow/.local/lib/python3.12/site-packages/airflow/models/dagbag.py", line 479, in _process_modules
    dag.validate()
  File "/home/airflow/.local/lib/python3.12/site-packages/airflow/models/dag.py", line 845, in validate
    self.timetable.validate()
  File "/home/airflow/.local/lib/python3.12/site-packages/airflow/timetables/_cron.py", line 104, in validate
    raise AirflowTimetableInvalid(str(e))
airflow.exceptions.AirflowTimetableInvalid: [0 6, 18 * * *] is not acceptable
[2026-08-01T11:36:22.401+0000] {processor.py:927} WARNING - No viable dags retrieved from /opt/airflow/dags/pricescope_pipeline.py
[2026-08-01T11:36:22.426+0000] {processor.py:208} INFO - Processing /opt/airflow/dags/pricescope_pipeline.py took 0.072 seconds
[2026-08-01T11:36:52.652+0000] {processor.py:186} INFO - Started process (PID=161) to work on /opt/airflow/dags/pricescope_pipeline.py
[2026-08-01T11:36:52.653+0000] {processor.py:914} INFO - Processing file /opt/airflow/dags/pricescope_pipeline.py for tasks to queue
[2026-08-01T11:36:52.656+0000] {logging_mixin.py:190} INFO - [2026-08-01T11:36:52.656+0000] {dagbag.py:588} INFO - Filling up the DagBag from /opt/airflow/dags/pricescope_pipeline.py
[2026-08-01T11:36:52.677+0000] {logging_mixin.py:190} INFO - [2026-08-01T11:36:52.675+0000] {dagbag.py:484} ERROR - Failed to bag_dag: /opt/airflow/dags/pricescope_pipeline.py
Traceback (most recent call last):
  File "/home/airflow/.local/lib/python3.12/site-packages/croniter/croniter.py", line 284, in _alphaconv
    return cls.ALPHACONV[index][key]
           ~~~~~~~~~~~~~~~~~~~~^^^^^
KeyError: ''

During handling of the above exception, another exception occurred:

Traceback (most recent call last):
  File "/home/airflow/.local/lib/python3.12/site-packages/airflow/timetables/_cron.py", line 102, in validate
    croniter(self._expression)
  File "/home/airflow/.local/lib/python3.12/site-packages/croniter/croniter.py", line 271, in __init__
    self.expanded, self.nth_weekday_of_month = self.expand(
                                               ^^^^^^^^^^^^
  File "/home/airflow/.local/lib/python3.12/site-packages/croniter/croniter.py", line 1032, in expand
    return cls._expand(expr_format, hash_id=hash_id,
           ^^^^^^^^^^^^^^^^^^^^^^^^^^^^^^^^^^^^^^^^^
  File "/home/airflow/.local/lib/python3.12/site-packages/croniter/croniter.py", line 973, in _expand
    t = cls._alphaconv(i, t, expressions)
        ^^^^^^^^^^^^^^^^^^^^^^^^^^^^^^^^^
  File "/home/airflow/.local/lib/python3.12/site-packages/croniter/croniter.py", line 286, in _alphaconv
    raise CroniterNotAlphaError(
croniter.croniter.CroniterNotAlphaError: [0 6, 18 * * *] is not acceptable

During handling of the above exception, another exception occurred:

Traceback (most recent call last):
  File "/home/airflow/.local/lib/python3.12/site-packages/airflow/models/dagbag.py", line 479, in _process_modules
    dag.validate()
  File "/home/airflow/.local/lib/python3.12/site-packages/airflow/models/dag.py", line 845, in validate
    self.timetable.validate()
  File "/home/airflow/.local/lib/python3.12/site-packages/airflow/timetables/_cron.py", line 104, in validate
    raise AirflowTimetableInvalid(str(e))
airflow.exceptions.AirflowTimetableInvalid: [0 6, 18 * * *] is not acceptable
[2026-08-01T11:36:52.678+0000] {processor.py:927} WARNING - No viable dags retrieved from /opt/airflow/dags/pricescope_pipeline.py
[2026-08-01T11:36:52.696+0000] {processor.py:208} INFO - Processing /opt/airflow/dags/pricescope_pipeline.py took 0.051 seconds
[2026-08-01T11:37:22.933+0000] {processor.py:186} INFO - Started process (PID=168) to work on /opt/airflow/dags/pricescope_pipeline.py
[2026-08-01T11:37:22.934+0000] {processor.py:914} INFO - Processing file /opt/airflow/dags/pricescope_pipeline.py for tasks to queue
[2026-08-01T11:37:22.938+0000] {logging_mixin.py:190} INFO - [2026-08-01T11:37:22.937+0000] {dagbag.py:588} INFO - Filling up the DagBag from /opt/airflow/dags/pricescope_pipeline.py
[2026-08-01T11:37:22.958+0000] {logging_mixin.py:190} INFO - [2026-08-01T11:37:22.956+0000] {dagbag.py:484} ERROR - Failed to bag_dag: /opt/airflow/dags/pricescope_pipeline.py
Traceback (most recent call last):
  File "/home/airflow/.local/lib/python3.12/site-packages/croniter/croniter.py", line 284, in _alphaconv
    return cls.ALPHACONV[index][key]
           ~~~~~~~~~~~~~~~~~~~~^^^^^
KeyError: ''

During handling of the above exception, another exception occurred:

Traceback (most recent call last):
  File "/home/airflow/.local/lib/python3.12/site-packages/airflow/timetables/_cron.py", line 102, in validate
    croniter(self._expression)
  File "/home/airflow/.local/lib/python3.12/site-packages/croniter/croniter.py", line 271, in __init__
    self.expanded, self.nth_weekday_of_month = self.expand(
                                               ^^^^^^^^^^^^
  File "/home/airflow/.local/lib/python3.12/site-packages/croniter/croniter.py", line 1032, in expand
    return cls._expand(expr_format, hash_id=hash_id,
           ^^^^^^^^^^^^^^^^^^^^^^^^^^^^^^^^^^^^^^^^^
  File "/home/airflow/.local/lib/python3.12/site-packages/croniter/croniter.py", line 973, in _expand
    t = cls._alphaconv(i, t, expressions)
        ^^^^^^^^^^^^^^^^^^^^^^^^^^^^^^^^^
  File "/home/airflow/.local/lib/python3.12/site-packages/croniter/croniter.py", line 286, in _alphaconv
    raise CroniterNotAlphaError(
croniter.croniter.CroniterNotAlphaError: [0 6, 18 * * *] is not acceptable

During handling of the above exception, another exception occurred:

Traceback (most recent call last):
  File "/home/airflow/.local/lib/python3.12/site-packages/airflow/models/dagbag.py", line 479, in _process_modules
    dag.validate()
  File "/home/airflow/.local/lib/python3.12/site-packages/airflow/models/dag.py", line 845, in validate
    self.timetable.validate()
  File "/home/airflow/.local/lib/python3.12/site-packages/airflow/timetables/_cron.py", line 104, in validate
    raise AirflowTimetableInvalid(str(e))
airflow.exceptions.AirflowTimetableInvalid: [0 6, 18 * * *] is not acceptable
[2026-08-01T11:37:22.960+0000] {processor.py:927} WARNING - No viable dags retrieved from /opt/airflow/dags/pricescope_pipeline.py
[2026-08-01T11:37:22.975+0000] {processor.py:208} INFO - Processing /opt/airflow/dags/pricescope_pipeline.py took 0.049 seconds
[2026-08-01T11:37:53.252+0000] {processor.py:186} INFO - Started process (PID=175) to work on /opt/airflow/dags/pricescope_pipeline.py
[2026-08-01T11:37:53.254+0000] {processor.py:914} INFO - Processing file /opt/airflow/dags/pricescope_pipeline.py for tasks to queue
[2026-08-01T11:37:53.257+0000] {logging_mixin.py:190} INFO - [2026-08-01T11:37:53.256+0000] {dagbag.py:588} INFO - Filling up the DagBag from /opt/airflow/dags/pricescope_pipeline.py
[2026-08-01T11:37:53.276+0000] {logging_mixin.py:190} INFO - [2026-08-01T11:37:53.274+0000] {dagbag.py:484} ERROR - Failed to bag_dag: /opt/airflow/dags/pricescope_pipeline.py
Traceback (most recent call last):
  File "/home/airflow/.local/lib/python3.12/site-packages/croniter/croniter.py", line 284, in _alphaconv
    return cls.ALPHACONV[index][key]
           ~~~~~~~~~~~~~~~~~~~~^^^^^
KeyError: ''

During handling of the above exception, another exception occurred:

Traceback (most recent call last):
  File "/home/airflow/.local/lib/python3.12/site-packages/airflow/timetables/_cron.py", line 102, in validate
    croniter(self._expression)
  File "/home/airflow/.local/lib/python3.12/site-packages/croniter/croniter.py", line 271, in __init__
    self.expanded, self.nth_weekday_of_month = self.expand(
                                               ^^^^^^^^^^^^
  File "/home/airflow/.local/lib/python3.12/site-packages/croniter/croniter.py", line 1032, in expand
    return cls._expand(expr_format, hash_id=hash_id,
           ^^^^^^^^^^^^^^^^^^^^^^^^^^^^^^^^^^^^^^^^^
  File "/home/airflow/.local/lib/python3.12/site-packages/croniter/croniter.py", line 973, in _expand
    t = cls._alphaconv(i, t, expressions)
        ^^^^^^^^^^^^^^^^^^^^^^^^^^^^^^^^^
  File "/home/airflow/.local/lib/python3.12/site-packages/croniter/croniter.py", line 286, in _alphaconv
    raise CroniterNotAlphaError(
croniter.croniter.CroniterNotAlphaError: [0 6, 18 * * *] is not acceptable

During handling of the above exception, another exception occurred:

Traceback (most recent call last):
  File "/home/airflow/.local/lib/python3.12/site-packages/airflow/models/dagbag.py", line 479, in _process_modules
    dag.validate()
  File "/home/airflow/.local/lib/python3.12/site-packages/airflow/models/dag.py", line 845, in validate
    self.timetable.validate()
  File "/home/airflow/.local/lib/python3.12/site-packages/airflow/timetables/_cron.py", line 104, in validate
    raise AirflowTimetableInvalid(str(e))
airflow.exceptions.AirflowTimetableInvalid: [0 6, 18 * * *] is not acceptable
[2026-08-01T11:37:53.277+0000] {processor.py:927} WARNING - No viable dags retrieved from /opt/airflow/dags/pricescope_pipeline.py
[2026-08-01T11:37:53.293+0000] {processor.py:208} INFO - Processing /opt/airflow/dags/pricescope_pipeline.py took 0.045 seconds
[2026-08-01T11:38:23.558+0000] {processor.py:186} INFO - Started process (PID=182) to work on /opt/airflow/dags/pricescope_pipeline.py
[2026-08-01T11:38:23.560+0000] {processor.py:914} INFO - Processing file /opt/airflow/dags/pricescope_pipeline.py for tasks to queue
[2026-08-01T11:38:23.564+0000] {logging_mixin.py:190} INFO - [2026-08-01T11:38:23.564+0000] {dagbag.py:588} INFO - Filling up the DagBag from /opt/airflow/dags/pricescope_pipeline.py
[2026-08-01T11:38:23.590+0000] {logging_mixin.py:190} INFO - [2026-08-01T11:38:23.587+0000] {dagbag.py:484} ERROR - Failed to bag_dag: /opt/airflow/dags/pricescope_pipeline.py
Traceback (most recent call last):
  File "/home/airflow/.local/lib/python3.12/site-packages/croniter/croniter.py", line 284, in _alphaconv
    return cls.ALPHACONV[index][key]
           ~~~~~~~~~~~~~~~~~~~~^^^^^
KeyError: ''

During handling of the above exception, another exception occurred:

Traceback (most recent call last):
  File "/home/airflow/.local/lib/python3.12/site-packages/airflow/timetables/_cron.py", line 102, in validate
    croniter(self._expression)
  File "/home/airflow/.local/lib/python3.12/site-packages/croniter/croniter.py", line 271, in __init__
    self.expanded, self.nth_weekday_of_month = self.expand(
                                               ^^^^^^^^^^^^
  File "/home/airflow/.local/lib/python3.12/site-packages/croniter/croniter.py", line 1032, in expand
    return cls._expand(expr_format, hash_id=hash_id,
           ^^^^^^^^^^^^^^^^^^^^^^^^^^^^^^^^^^^^^^^^^
  File "/home/airflow/.local/lib/python3.12/site-packages/croniter/croniter.py", line 973, in _expand
    t = cls._alphaconv(i, t, expressions)
        ^^^^^^^^^^^^^^^^^^^^^^^^^^^^^^^^^
  File "/home/airflow/.local/lib/python3.12/site-packages/croniter/croniter.py", line 286, in _alphaconv
    raise CroniterNotAlphaError(
croniter.croniter.CroniterNotAlphaError: [0 6, 18 * * *] is not acceptable

During handling of the above exception, another exception occurred:

Traceback (most recent call last):
  File "/home/airflow/.local/lib/python3.12/site-packages/airflow/models/dagbag.py", line 479, in _process_modules
    dag.validate()
  File "/home/airflow/.local/lib/python3.12/site-packages/airflow/models/dag.py", line 845, in validate
    self.timetable.validate()
  File "/home/airflow/.local/lib/python3.12/site-packages/airflow/timetables/_cron.py", line 104, in validate
    raise AirflowTimetableInvalid(str(e))
airflow.exceptions.AirflowTimetableInvalid: [0 6, 18 * * *] is not acceptable
[2026-08-01T11:38:23.591+0000] {processor.py:927} WARNING - No viable dags retrieved from /opt/airflow/dags/pricescope_pipeline.py
[2026-08-01T11:38:23.608+0000] {processor.py:208} INFO - Processing /opt/airflow/dags/pricescope_pipeline.py took 0.055 seconds
[2026-08-01T11:38:53.839+0000] {processor.py:186} INFO - Started process (PID=189) to work on /opt/airflow/dags/pricescope_pipeline.py
[2026-08-01T11:38:53.841+0000] {processor.py:914} INFO - Processing file /opt/airflow/dags/pricescope_pipeline.py for tasks to queue
[2026-08-01T11:38:53.845+0000] {logging_mixin.py:190} INFO - [2026-08-01T11:38:53.845+0000] {dagbag.py:588} INFO - Filling up the DagBag from /opt/airflow/dags/pricescope_pipeline.py
[2026-08-01T11:38:53.872+0000] {logging_mixin.py:190} INFO - [2026-08-01T11:38:53.869+0000] {dagbag.py:484} ERROR - Failed to bag_dag: /opt/airflow/dags/pricescope_pipeline.py
Traceback (most recent call last):
  File "/home/airflow/.local/lib/python3.12/site-packages/croniter/croniter.py", line 284, in _alphaconv
    return cls.ALPHACONV[index][key]
           ~~~~~~~~~~~~~~~~~~~~^^^^^
KeyError: ''

During handling of the above exception, another exception occurred:

Traceback (most recent call last):
  File "/home/airflow/.local/lib/python3.12/site-packages/airflow/timetables/_cron.py", line 102, in validate
    croniter(self._expression)
  File "/home/airflow/.local/lib/python3.12/site-packages/croniter/croniter.py", line 271, in __init__
    self.expanded, self.nth_weekday_of_month = self.expand(
                                               ^^^^^^^^^^^^
  File "/home/airflow/.local/lib/python3.12/site-packages/croniter/croniter.py", line 1032, in expand
    return cls._expand(expr_format, hash_id=hash_id,
           ^^^^^^^^^^^^^^^^^^^^^^^^^^^^^^^^^^^^^^^^^
  File "/home/airflow/.local/lib/python3.12/site-packages/croniter/croniter.py", line 973, in _expand
    t = cls._alphaconv(i, t, expressions)
        ^^^^^^^^^^^^^^^^^^^^^^^^^^^^^^^^^
  File "/home/airflow/.local/lib/python3.12/site-packages/croniter/croniter.py", line 286, in _alphaconv
    raise CroniterNotAlphaError(
croniter.croniter.CroniterNotAlphaError: [0 6, 18 * * *] is not acceptable

During handling of the above exception, another exception occurred:

Traceback (most recent call last):
  File "/home/airflow/.local/lib/python3.12/site-packages/airflow/models/dagbag.py", line 479, in _process_modules
    dag.validate()
  File "/home/airflow/.local/lib/python3.12/site-packages/airflow/models/dag.py", line 845, in validate
    self.timetable.validate()
  File "/home/airflow/.local/lib/python3.12/site-packages/airflow/timetables/_cron.py", line 104, in validate
    raise AirflowTimetableInvalid(str(e))
airflow.exceptions.AirflowTimetableInvalid: [0 6, 18 * * *] is not acceptable
[2026-08-01T11:38:53.874+0000] {processor.py:927} WARNING - No viable dags retrieved from /opt/airflow/dags/pricescope_pipeline.py
[2026-08-01T11:38:53.899+0000] {processor.py:208} INFO - Processing /opt/airflow/dags/pricescope_pipeline.py took 0.068 seconds
[2026-08-01T11:39:24.081+0000] {processor.py:186} INFO - Started process (PID=196) to work on /opt/airflow/dags/pricescope_pipeline.py
[2026-08-01T11:39:24.083+0000] {processor.py:914} INFO - Processing file /opt/airflow/dags/pricescope_pipeline.py for tasks to queue
[2026-08-01T11:39:24.086+0000] {logging_mixin.py:190} INFO - [2026-08-01T11:39:24.086+0000] {dagbag.py:588} INFO - Filling up the DagBag from /opt/airflow/dags/pricescope_pipeline.py
[2026-08-01T11:39:24.112+0000] {logging_mixin.py:190} INFO - [2026-08-01T11:39:24.109+0000] {dagbag.py:484} ERROR - Failed to bag_dag: /opt/airflow/dags/pricescope_pipeline.py
Traceback (most recent call last):
  File "/home/airflow/.local/lib/python3.12/site-packages/croniter/croniter.py", line 284, in _alphaconv
    return cls.ALPHACONV[index][key]
           ~~~~~~~~~~~~~~~~~~~~^^^^^
KeyError: ''

During handling of the above exception, another exception occurred:

Traceback (most recent call last):
  File "/home/airflow/.local/lib/python3.12/site-packages/airflow/timetables/_cron.py", line 102, in validate
    croniter(self._expression)
  File "/home/airflow/.local/lib/python3.12/site-packages/croniter/croniter.py", line 271, in __init__
    self.expanded, self.nth_weekday_of_month = self.expand(
                                               ^^^^^^^^^^^^
  File "/home/airflow/.local/lib/python3.12/site-packages/croniter/croniter.py", line 1032, in expand
    return cls._expand(expr_format, hash_id=hash_id,
           ^^^^^^^^^^^^^^^^^^^^^^^^^^^^^^^^^^^^^^^^^
  File "/home/airflow/.local/lib/python3.12/site-packages/croniter/croniter.py", line 973, in _expand
    t = cls._alphaconv(i, t, expressions)
        ^^^^^^^^^^^^^^^^^^^^^^^^^^^^^^^^^
  File "/home/airflow/.local/lib/python3.12/site-packages/croniter/croniter.py", line 286, in _alphaconv
    raise CroniterNotAlphaError(
croniter.croniter.CroniterNotAlphaError: [0 6, 18 * * *] is not acceptable

During handling of the above exception, another exception occurred:

Traceback (most recent call last):
  File "/home/airflow/.local/lib/python3.12/site-packages/airflow/models/dagbag.py", line 479, in _process_modules
    dag.validate()
  File "/home/airflow/.local/lib/python3.12/site-packages/airflow/models/dag.py", line 845, in validate
    self.timetable.validate()
  File "/home/airflow/.local/lib/python3.12/site-packages/airflow/timetables/_cron.py", line 104, in validate
    raise AirflowTimetableInvalid(str(e))
airflow.exceptions.AirflowTimetableInvalid: [0 6, 18 * * *] is not acceptable
[2026-08-01T11:39:24.114+0000] {processor.py:927} WARNING - No viable dags retrieved from /opt/airflow/dags/pricescope_pipeline.py
[2026-08-01T11:39:24.136+0000] {processor.py:208} INFO - Processing /opt/airflow/dags/pricescope_pipeline.py took 0.063 seconds
[2026-08-01T11:39:54.402+0000] {processor.py:186} INFO - Started process (PID=203) to work on /opt/airflow/dags/pricescope_pipeline.py
[2026-08-01T11:39:54.404+0000] {processor.py:914} INFO - Processing file /opt/airflow/dags/pricescope_pipeline.py for tasks to queue
[2026-08-01T11:39:54.408+0000] {logging_mixin.py:190} INFO - [2026-08-01T11:39:54.408+0000] {dagbag.py:588} INFO - Filling up the DagBag from /opt/airflow/dags/pricescope_pipeline.py
[2026-08-01T11:39:54.442+0000] {logging_mixin.py:190} INFO - [2026-08-01T11:39:54.434+0000] {dagbag.py:484} ERROR - Failed to bag_dag: /opt/airflow/dags/pricescope_pipeline.py
Traceback (most recent call last):
  File "/home/airflow/.local/lib/python3.12/site-packages/croniter/croniter.py", line 284, in _alphaconv
    return cls.ALPHACONV[index][key]
           ~~~~~~~~~~~~~~~~~~~~^^^^^
KeyError: ''

During handling of the above exception, another exception occurred:

Traceback (most recent call last):
  File "/home/airflow/.local/lib/python3.12/site-packages/airflow/timetables/_cron.py", line 102, in validate
    croniter(self._expression)
  File "/home/airflow/.local/lib/python3.12/site-packages/croniter/croniter.py", line 271, in __init__
    self.expanded, self.nth_weekday_of_month = self.expand(
                                               ^^^^^^^^^^^^
  File "/home/airflow/.local/lib/python3.12/site-packages/croniter/croniter.py", line 1032, in expand
    return cls._expand(expr_format, hash_id=hash_id,
           ^^^^^^^^^^^^^^^^^^^^^^^^^^^^^^^^^^^^^^^^^
  File "/home/airflow/.local/lib/python3.12/site-packages/croniter/croniter.py", line 973, in _expand
    t = cls._alphaconv(i, t, expressions)
        ^^^^^^^^^^^^^^^^^^^^^^^^^^^^^^^^^
  File "/home/airflow/.local/lib/python3.12/site-packages/croniter/croniter.py", line 286, in _alphaconv
    raise CroniterNotAlphaError(
croniter.croniter.CroniterNotAlphaError: [0 6, 18 * * *] is not acceptable

During handling of the above exception, another exception occurred:

Traceback (most recent call last):
  File "/home/airflow/.local/lib/python3.12/site-packages/airflow/models/dagbag.py", line 479, in _process_modules
    dag.validate()
  File "/home/airflow/.local/lib/python3.12/site-packages/airflow/models/dag.py", line 845, in validate
    self.timetable.validate()
  File "/home/airflow/.local/lib/python3.12/site-packages/airflow/timetables/_cron.py", line 104, in validate
    raise AirflowTimetableInvalid(str(e))
airflow.exceptions.AirflowTimetableInvalid: [0 6, 18 * * *] is not acceptable
[2026-08-01T11:39:54.444+0000] {processor.py:927} WARNING - No viable dags retrieved from /opt/airflow/dags/pricescope_pipeline.py
[2026-08-01T11:39:54.468+0000] {processor.py:208} INFO - Processing /opt/airflow/dags/pricescope_pipeline.py took 0.075 seconds
[2026-08-01T11:40:24.731+0000] {processor.py:186} INFO - Started process (PID=210) to work on /opt/airflow/dags/pricescope_pipeline.py
[2026-08-01T11:40:24.735+0000] {processor.py:914} INFO - Processing file /opt/airflow/dags/pricescope_pipeline.py for tasks to queue
[2026-08-01T11:40:24.746+0000] {logging_mixin.py:190} INFO - [2026-08-01T11:40:24.745+0000] {dagbag.py:588} INFO - Filling up the DagBag from /opt/airflow/dags/pricescope_pipeline.py
[2026-08-01T11:40:24.805+0000] {logging_mixin.py:190} INFO - [2026-08-01T11:40:24.799+0000] {dagbag.py:484} ERROR - Failed to bag_dag: /opt/airflow/dags/pricescope_pipeline.py
Traceback (most recent call last):
  File "/home/airflow/.local/lib/python3.12/site-packages/croniter/croniter.py", line 284, in _alphaconv
    return cls.ALPHACONV[index][key]
           ~~~~~~~~~~~~~~~~~~~~^^^^^
KeyError: ''

During handling of the above exception, another exception occurred:

Traceback (most recent call last):
  File "/home/airflow/.local/lib/python3.12/site-packages/airflow/timetables/_cron.py", line 102, in validate
    croniter(self._expression)
  File "/home/airflow/.local/lib/python3.12/site-packages/croniter/croniter.py", line 271, in __init__
    self.expanded, self.nth_weekday_of_month = self.expand(
                                               ^^^^^^^^^^^^
  File "/home/airflow/.local/lib/python3.12/site-packages/croniter/croniter.py", line 1032, in expand
    return cls._expand(expr_format, hash_id=hash_id,
           ^^^^^^^^^^^^^^^^^^^^^^^^^^^^^^^^^^^^^^^^^
  File "/home/airflow/.local/lib/python3.12/site-packages/croniter/croniter.py", line 973, in _expand
    t = cls._alphaconv(i, t, expressions)
        ^^^^^^^^^^^^^^^^^^^^^^^^^^^^^^^^^
  File "/home/airflow/.local/lib/python3.12/site-packages/croniter/croniter.py", line 286, in _alphaconv
    raise CroniterNotAlphaError(
croniter.croniter.CroniterNotAlphaError: [0 6, 18 * * *] is not acceptable

During handling of the above exception, another exception occurred:

Traceback (most recent call last):
  File "/home/airflow/.local/lib/python3.12/site-packages/airflow/models/dagbag.py", line 479, in _process_modules
    dag.validate()
  File "/home/airflow/.local/lib/python3.12/site-packages/airflow/models/dag.py", line 845, in validate
    self.timetable.validate()
  File "/home/airflow/.local/lib/python3.12/site-packages/airflow/timetables/_cron.py", line 104, in validate
    raise AirflowTimetableInvalid(str(e))
airflow.exceptions.AirflowTimetableInvalid: [0 6, 18 * * *] is not acceptable
[2026-08-01T11:40:24.807+0000] {processor.py:927} WARNING - No viable dags retrieved from /opt/airflow/dags/pricescope_pipeline.py
[2026-08-01T11:40:24.857+0000] {processor.py:208} INFO - Processing /opt/airflow/dags/pricescope_pipeline.py took 0.150 seconds
[2026-08-01T11:40:55.040+0000] {processor.py:186} INFO - Started process (PID=217) to work on /opt/airflow/dags/pricescope_pipeline.py
[2026-08-01T11:40:55.043+0000] {processor.py:914} INFO - Processing file /opt/airflow/dags/pricescope_pipeline.py for tasks to queue
[2026-08-01T11:40:55.050+0000] {logging_mixin.py:190} INFO - [2026-08-01T11:40:55.049+0000] {dagbag.py:588} INFO - Filling up the DagBag from /opt/airflow/dags/pricescope_pipeline.py
[2026-08-01T11:40:55.098+0000] {logging_mixin.py:190} INFO - [2026-08-01T11:40:55.091+0000] {dagbag.py:484} ERROR - Failed to bag_dag: /opt/airflow/dags/pricescope_pipeline.py
Traceback (most recent call last):
  File "/home/airflow/.local/lib/python3.12/site-packages/croniter/croniter.py", line 284, in _alphaconv
    return cls.ALPHACONV[index][key]
           ~~~~~~~~~~~~~~~~~~~~^^^^^
KeyError: ''

During handling of the above exception, another exception occurred:

Traceback (most recent call last):
  File "/home/airflow/.local/lib/python3.12/site-packages/airflow/timetables/_cron.py", line 102, in validate
    croniter(self._expression)
  File "/home/airflow/.local/lib/python3.12/site-packages/croniter/croniter.py", line 271, in __init__
    self.expanded, self.nth_weekday_of_month = self.expand(
                                               ^^^^^^^^^^^^
  File "/home/airflow/.local/lib/python3.12/site-packages/croniter/croniter.py", line 1032, in expand
    return cls._expand(expr_format, hash_id=hash_id,
           ^^^^^^^^^^^^^^^^^^^^^^^^^^^^^^^^^^^^^^^^^
  File "/home/airflow/.local/lib/python3.12/site-packages/croniter/croniter.py", line 973, in _expand
    t = cls._alphaconv(i, t, expressions)
        ^^^^^^^^^^^^^^^^^^^^^^^^^^^^^^^^^
  File "/home/airflow/.local/lib/python3.12/site-packages/croniter/croniter.py", line 286, in _alphaconv
    raise CroniterNotAlphaError(
croniter.croniter.CroniterNotAlphaError: [0 6, 18 * * *] is not acceptable

During handling of the above exception, another exception occurred:

Traceback (most recent call last):
  File "/home/airflow/.local/lib/python3.12/site-packages/airflow/models/dagbag.py", line 479, in _process_modules
    dag.validate()
  File "/home/airflow/.local/lib/python3.12/site-packages/airflow/models/dag.py", line 845, in validate
    self.timetable.validate()
  File "/home/airflow/.local/lib/python3.12/site-packages/airflow/timetables/_cron.py", line 104, in validate
    raise AirflowTimetableInvalid(str(e))
airflow.exceptions.AirflowTimetableInvalid: [0 6, 18 * * *] is not acceptable
[2026-08-01T11:40:55.100+0000] {processor.py:927} WARNING - No viable dags retrieved from /opt/airflow/dags/pricescope_pipeline.py
[2026-08-01T11:40:55.131+0000] {processor.py:208} INFO - Processing /opt/airflow/dags/pricescope_pipeline.py took 0.105 seconds
[2026-08-01T11:41:25.346+0000] {processor.py:186} INFO - Started process (PID=230) to work on /opt/airflow/dags/pricescope_pipeline.py
[2026-08-01T11:41:25.351+0000] {processor.py:914} INFO - Processing file /opt/airflow/dags/pricescope_pipeline.py for tasks to queue
[2026-08-01T11:41:25.362+0000] {logging_mixin.py:190} INFO - [2026-08-01T11:41:25.358+0000] {dagbag.py:588} INFO - Filling up the DagBag from /opt/airflow/dags/pricescope_pipeline.py
[2026-08-01T11:41:25.423+0000] {logging_mixin.py:190} INFO - [2026-08-01T11:41:25.416+0000] {dagbag.py:484} ERROR - Failed to bag_dag: /opt/airflow/dags/pricescope_pipeline.py
Traceback (most recent call last):
  File "/home/airflow/.local/lib/python3.12/site-packages/croniter/croniter.py", line 284, in _alphaconv
    return cls.ALPHACONV[index][key]
           ~~~~~~~~~~~~~~~~~~~~^^^^^
KeyError: ''

During handling of the above exception, another exception occurred:

Traceback (most recent call last):
  File "/home/airflow/.local/lib/python3.12/site-packages/airflow/timetables/_cron.py", line 102, in validate
    croniter(self._expression)
  File "/home/airflow/.local/lib/python3.12/site-packages/croniter/croniter.py", line 271, in __init__
    self.expanded, self.nth_weekday_of_month = self.expand(
                                               ^^^^^^^^^^^^
  File "/home/airflow/.local/lib/python3.12/site-packages/croniter/croniter.py", line 1032, in expand
    return cls._expand(expr_format, hash_id=hash_id,
           ^^^^^^^^^^^^^^^^^^^^^^^^^^^^^^^^^^^^^^^^^
  File "/home/airflow/.local/lib/python3.12/site-packages/croniter/croniter.py", line 973, in _expand
    t = cls._alphaconv(i, t, expressions)
        ^^^^^^^^^^^^^^^^^^^^^^^^^^^^^^^^^
  File "/home/airflow/.local/lib/python3.12/site-packages/croniter/croniter.py", line 286, in _alphaconv
    raise CroniterNotAlphaError(
croniter.croniter.CroniterNotAlphaError: [0 6, 18 * * *] is not acceptable

During handling of the above exception, another exception occurred:

Traceback (most recent call last):
  File "/home/airflow/.local/lib/python3.12/site-packages/airflow/models/dagbag.py", line 479, in _process_modules
    dag.validate()
  File "/home/airflow/.local/lib/python3.12/site-packages/airflow/models/dag.py", line 845, in validate
    self.timetable.validate()
  File "/home/airflow/.local/lib/python3.12/site-packages/airflow/timetables/_cron.py", line 104, in validate
    raise AirflowTimetableInvalid(str(e))
airflow.exceptions.AirflowTimetableInvalid: [0 6, 18 * * *] is not acceptable
[2026-08-01T11:41:25.426+0000] {processor.py:927} WARNING - No viable dags retrieved from /opt/airflow/dags/pricescope_pipeline.py
[2026-08-01T11:41:25.487+0000] {processor.py:208} INFO - Processing /opt/airflow/dags/pricescope_pipeline.py took 0.161 seconds
[2026-08-01T11:41:55.705+0000] {processor.py:186} INFO - Started process (PID=237) to work on /opt/airflow/dags/pricescope_pipeline.py
[2026-08-01T11:41:55.707+0000] {processor.py:914} INFO - Processing file /opt/airflow/dags/pricescope_pipeline.py for tasks to queue
[2026-08-01T11:41:55.711+0000] {logging_mixin.py:190} INFO - [2026-08-01T11:41:55.711+0000] {dagbag.py:588} INFO - Filling up the DagBag from /opt/airflow/dags/pricescope_pipeline.py
[2026-08-01T11:41:55.737+0000] {logging_mixin.py:190} INFO - [2026-08-01T11:41:55.733+0000] {dagbag.py:484} ERROR - Failed to bag_dag: /opt/airflow/dags/pricescope_pipeline.py
Traceback (most recent call last):
  File "/home/airflow/.local/lib/python3.12/site-packages/croniter/croniter.py", line 284, in _alphaconv
    return cls.ALPHACONV[index][key]
           ~~~~~~~~~~~~~~~~~~~~^^^^^
KeyError: ''

During handling of the above exception, another exception occurred:

Traceback (most recent call last):
  File "/home/airflow/.local/lib/python3.12/site-packages/airflow/timetables/_cron.py", line 102, in validate
    croniter(self._expression)
  File "/home/airflow/.local/lib/python3.12/site-packages/croniter/croniter.py", line 271, in __init__
    self.expanded, self.nth_weekday_of_month = self.expand(
                                               ^^^^^^^^^^^^
  File "/home/airflow/.local/lib/python3.12/site-packages/croniter/croniter.py", line 1032, in expand
    return cls._expand(expr_format, hash_id=hash_id,
           ^^^^^^^^^^^^^^^^^^^^^^^^^^^^^^^^^^^^^^^^^
  File "/home/airflow/.local/lib/python3.12/site-packages/croniter/croniter.py", line 973, in _expand
    t = cls._alphaconv(i, t, expressions)
        ^^^^^^^^^^^^^^^^^^^^^^^^^^^^^^^^^
  File "/home/airflow/.local/lib/python3.12/site-packages/croniter/croniter.py", line 286, in _alphaconv
    raise CroniterNotAlphaError(
croniter.croniter.CroniterNotAlphaError: [0 6, 18 * * *] is not acceptable

During handling of the above exception, another exception occurred:

Traceback (most recent call last):
  File "/home/airflow/.local/lib/python3.12/site-packages/airflow/models/dagbag.py", line 479, in _process_modules
    dag.validate()
  File "/home/airflow/.local/lib/python3.12/site-packages/airflow/models/dag.py", line 845, in validate
    self.timetable.validate()
  File "/home/airflow/.local/lib/python3.12/site-packages/airflow/timetables/_cron.py", line 104, in validate
    raise AirflowTimetableInvalid(str(e))
airflow.exceptions.AirflowTimetableInvalid: [0 6, 18 * * *] is not acceptable
[2026-08-01T11:41:55.740+0000] {processor.py:927} WARNING - No viable dags retrieved from /opt/airflow/dags/pricescope_pipeline.py
[2026-08-01T11:41:55.769+0000] {processor.py:208} INFO - Processing /opt/airflow/dags/pricescope_pipeline.py took 0.076 seconds
[2026-08-01T11:42:26.062+0000] {processor.py:186} INFO - Started process (PID=244) to work on /opt/airflow/dags/pricescope_pipeline.py
[2026-08-01T11:42:26.064+0000] {processor.py:914} INFO - Processing file /opt/airflow/dags/pricescope_pipeline.py for tasks to queue
[2026-08-01T11:42:26.071+0000] {logging_mixin.py:190} INFO - [2026-08-01T11:42:26.070+0000] {dagbag.py:588} INFO - Filling up the DagBag from /opt/airflow/dags/pricescope_pipeline.py
[2026-08-01T11:42:26.093+0000] {logging_mixin.py:190} INFO - [2026-08-01T11:42:26.091+0000] {dagbag.py:484} ERROR - Failed to bag_dag: /opt/airflow/dags/pricescope_pipeline.py
Traceback (most recent call last):
  File "/home/airflow/.local/lib/python3.12/site-packages/croniter/croniter.py", line 284, in _alphaconv
    return cls.ALPHACONV[index][key]
           ~~~~~~~~~~~~~~~~~~~~^^^^^
KeyError: ''

During handling of the above exception, another exception occurred:

Traceback (most recent call last):
  File "/home/airflow/.local/lib/python3.12/site-packages/airflow/timetables/_cron.py", line 102, in validate
    croniter(self._expression)
  File "/home/airflow/.local/lib/python3.12/site-packages/croniter/croniter.py", line 271, in __init__
    self.expanded, self.nth_weekday_of_month = self.expand(
                                               ^^^^^^^^^^^^
  File "/home/airflow/.local/lib/python3.12/site-packages/croniter/croniter.py", line 1032, in expand
    return cls._expand(expr_format, hash_id=hash_id,
           ^^^^^^^^^^^^^^^^^^^^^^^^^^^^^^^^^^^^^^^^^
  File "/home/airflow/.local/lib/python3.12/site-packages/croniter/croniter.py", line 973, in _expand
    t = cls._alphaconv(i, t, expressions)
        ^^^^^^^^^^^^^^^^^^^^^^^^^^^^^^^^^
  File "/home/airflow/.local/lib/python3.12/site-packages/croniter/croniter.py", line 286, in _alphaconv
    raise CroniterNotAlphaError(
croniter.croniter.CroniterNotAlphaError: [0 6, 18 * * *] is not acceptable

During handling of the above exception, another exception occurred:

Traceback (most recent call last):
  File "/home/airflow/.local/lib/python3.12/site-packages/airflow/models/dagbag.py", line 479, in _process_modules
    dag.validate()
  File "/home/airflow/.local/lib/python3.12/site-packages/airflow/models/dag.py", line 845, in validate
    self.timetable.validate()
  File "/home/airflow/.local/lib/python3.12/site-packages/airflow/timetables/_cron.py", line 104, in validate
    raise AirflowTimetableInvalid(str(e))
airflow.exceptions.AirflowTimetableInvalid: [0 6, 18 * * *] is not acceptable
[2026-08-01T11:42:26.094+0000] {processor.py:927} WARNING - No viable dags retrieved from /opt/airflow/dags/pricescope_pipeline.py
[2026-08-01T11:42:26.112+0000] {processor.py:208} INFO - Processing /opt/airflow/dags/pricescope_pipeline.py took 0.058 seconds
[2026-08-01T11:42:56.355+0000] {processor.py:186} INFO - Started process (PID=251) to work on /opt/airflow/dags/pricescope_pipeline.py
[2026-08-01T11:42:56.357+0000] {processor.py:914} INFO - Processing file /opt/airflow/dags/pricescope_pipeline.py for tasks to queue
[2026-08-01T11:42:56.362+0000] {logging_mixin.py:190} INFO - [2026-08-01T11:42:56.361+0000] {dagbag.py:588} INFO - Filling up the DagBag from /opt/airflow/dags/pricescope_pipeline.py
[2026-08-01T11:42:56.402+0000] {logging_mixin.py:190} INFO - [2026-08-01T11:42:56.397+0000] {dagbag.py:484} ERROR - Failed to bag_dag: /opt/airflow/dags/pricescope_pipeline.py
Traceback (most recent call last):
  File "/home/airflow/.local/lib/python3.12/site-packages/croniter/croniter.py", line 284, in _alphaconv
    return cls.ALPHACONV[index][key]
           ~~~~~~~~~~~~~~~~~~~~^^^^^
KeyError: ''

During handling of the above exception, another exception occurred:

Traceback (most recent call last):
  File "/home/airflow/.local/lib/python3.12/site-packages/airflow/timetables/_cron.py", line 102, in validate
    croniter(self._expression)
  File "/home/airflow/.local/lib/python3.12/site-packages/croniter/croniter.py", line 271, in __init__
    self.expanded, self.nth_weekday_of_month = self.expand(
                                               ^^^^^^^^^^^^
  File "/home/airflow/.local/lib/python3.12/site-packages/croniter/croniter.py", line 1032, in expand
    return cls._expand(expr_format, hash_id=hash_id,
           ^^^^^^^^^^^^^^^^^^^^^^^^^^^^^^^^^^^^^^^^^
  File "/home/airflow/.local/lib/python3.12/site-packages/croniter/croniter.py", line 973, in _expand
    t = cls._alphaconv(i, t, expressions)
        ^^^^^^^^^^^^^^^^^^^^^^^^^^^^^^^^^
  File "/home/airflow/.local/lib/python3.12/site-packages/croniter/croniter.py", line 286, in _alphaconv
    raise CroniterNotAlphaError(
croniter.croniter.CroniterNotAlphaError: [0 6, 18 * * *] is not acceptable

During handling of the above exception, another exception occurred:

Traceback (most recent call last):
  File "/home/airflow/.local/lib/python3.12/site-packages/airflow/models/dagbag.py", line 479, in _process_modules
    dag.validate()
  File "/home/airflow/.local/lib/python3.12/site-packages/airflow/models/dag.py", line 845, in validate
    self.timetable.validate()
  File "/home/airflow/.local/lib/python3.12/site-packages/airflow/timetables/_cron.py", line 104, in validate
    raise AirflowTimetableInvalid(str(e))
airflow.exceptions.AirflowTimetableInvalid: [0 6, 18 * * *] is not acceptable
[2026-08-01T11:42:56.404+0000] {processor.py:927} WARNING - No viable dags retrieved from /opt/airflow/dags/pricescope_pipeline.py
[2026-08-01T11:42:56.431+0000] {processor.py:208} INFO - Processing /opt/airflow/dags/pricescope_pipeline.py took 0.084 seconds
[2026-08-01T11:43:26.909+0000] {processor.py:186} INFO - Started process (PID=258) to work on /opt/airflow/dags/pricescope_pipeline.py
[2026-08-01T11:43:26.911+0000] {processor.py:914} INFO - Processing file /opt/airflow/dags/pricescope_pipeline.py for tasks to queue
[2026-08-01T11:43:26.915+0000] {logging_mixin.py:190} INFO - [2026-08-01T11:43:26.915+0000] {dagbag.py:588} INFO - Filling up the DagBag from /opt/airflow/dags/pricescope_pipeline.py
[2026-08-01T11:43:26.941+0000] {logging_mixin.py:190} INFO - [2026-08-01T11:43:26.937+0000] {dagbag.py:484} ERROR - Failed to bag_dag: /opt/airflow/dags/pricescope_pipeline.py
Traceback (most recent call last):
  File "/home/airflow/.local/lib/python3.12/site-packages/croniter/croniter.py", line 284, in _alphaconv
    return cls.ALPHACONV[index][key]
           ~~~~~~~~~~~~~~~~~~~~^^^^^
KeyError: ''

During handling of the above exception, another exception occurred:

Traceback (most recent call last):
  File "/home/airflow/.local/lib/python3.12/site-packages/airflow/timetables/_cron.py", line 102, in validate
    croniter(self._expression)
  File "/home/airflow/.local/lib/python3.12/site-packages/croniter/croniter.py", line 271, in __init__
    self.expanded, self.nth_weekday_of_month = self.expand(
                                               ^^^^^^^^^^^^
  File "/home/airflow/.local/lib/python3.12/site-packages/croniter/croniter.py", line 1032, in expand
    return cls._expand(expr_format, hash_id=hash_id,
           ^^^^^^^^^^^^^^^^^^^^^^^^^^^^^^^^^^^^^^^^^
  File "/home/airflow/.local/lib/python3.12/site-packages/croniter/croniter.py", line 973, in _expand
    t = cls._alphaconv(i, t, expressions)
        ^^^^^^^^^^^^^^^^^^^^^^^^^^^^^^^^^
  File "/home/airflow/.local/lib/python3.12/site-packages/croniter/croniter.py", line 286, in _alphaconv
    raise CroniterNotAlphaError(
croniter.croniter.CroniterNotAlphaError: [0 6, 18 * * *] is not acceptable

During handling of the above exception, another exception occurred:

Traceback (most recent call last):
  File "/home/airflow/.local/lib/python3.12/site-packages/airflow/models/dagbag.py", line 479, in _process_modules
    dag.validate()
  File "/home/airflow/.local/lib/python3.12/site-packages/airflow/models/dag.py", line 845, in validate
    self.timetable.validate()
  File "/home/airflow/.local/lib/python3.12/site-packages/airflow/timetables/_cron.py", line 104, in validate
    raise AirflowTimetableInvalid(str(e))
airflow.exceptions.AirflowTimetableInvalid: [0 6, 18 * * *] is not acceptable
[2026-08-01T11:43:26.943+0000] {processor.py:927} WARNING - No viable dags retrieved from /opt/airflow/dags/pricescope_pipeline.py
[2026-08-01T11:43:26.966+0000] {processor.py:208} INFO - Processing /opt/airflow/dags/pricescope_pipeline.py took 0.065 seconds
[2026-08-01T11:43:40.076+0000] {processor.py:186} INFO - Started process (PID=259) to work on /opt/airflow/dags/pricescope_pipeline.py
[2026-08-01T11:43:40.080+0000] {processor.py:914} INFO - Processing file /opt/airflow/dags/pricescope_pipeline.py for tasks to queue
[2026-08-01T11:43:40.085+0000] {logging_mixin.py:190} INFO - [2026-08-01T11:43:40.084+0000] {dagbag.py:588} INFO - Filling up the DagBag from /opt/airflow/dags/pricescope_pipeline.py
[2026-08-01T11:43:40.133+0000] {logging_mixin.py:190} INFO - [2026-08-01T11:43:40.129+0000] {dagbag.py:484} ERROR - Failed to bag_dag: /opt/airflow/dags/pricescope_pipeline.py
Traceback (most recent call last):
  File "/home/airflow/.local/lib/python3.12/site-packages/croniter/croniter.py", line 284, in _alphaconv
    return cls.ALPHACONV[index][key]
           ~~~~~~~~~~~~~~~~~~~~^^^^^
KeyError: ''

During handling of the above exception, another exception occurred:

Traceback (most recent call last):
  File "/home/airflow/.local/lib/python3.12/site-packages/airflow/timetables/_cron.py", line 102, in validate
    croniter(self._expression)
  File "/home/airflow/.local/lib/python3.12/site-packages/croniter/croniter.py", line 271, in __init__
    self.expanded, self.nth_weekday_of_month = self.expand(
                                               ^^^^^^^^^^^^
  File "/home/airflow/.local/lib/python3.12/site-packages/croniter/croniter.py", line 1032, in expand
    return cls._expand(expr_format, hash_id=hash_id,
           ^^^^^^^^^^^^^^^^^^^^^^^^^^^^^^^^^^^^^^^^^
  File "/home/airflow/.local/lib/python3.12/site-packages/croniter/croniter.py", line 973, in _expand
    t = cls._alphaconv(i, t, expressions)
        ^^^^^^^^^^^^^^^^^^^^^^^^^^^^^^^^^
  File "/home/airflow/.local/lib/python3.12/site-packages/croniter/croniter.py", line 286, in _alphaconv
    raise CroniterNotAlphaError(
croniter.croniter.CroniterNotAlphaError: [0 6, 18 * * *] is not acceptable

During handling of the above exception, another exception occurred:

Traceback (most recent call last):
  File "/home/airflow/.local/lib/python3.12/site-packages/airflow/models/dagbag.py", line 479, in _process_modules
    dag.validate()
  File "/home/airflow/.local/lib/python3.12/site-packages/airflow/models/dag.py", line 845, in validate
    self.timetable.validate()
  File "/home/airflow/.local/lib/python3.12/site-packages/airflow/timetables/_cron.py", line 104, in validate
    raise AirflowTimetableInvalid(str(e))
airflow.exceptions.AirflowTimetableInvalid: [0 6, 18 * * *] is not acceptable
[2026-08-01T11:43:40.135+0000] {processor.py:927} WARNING - No viable dags retrieved from /opt/airflow/dags/pricescope_pipeline.py
[2026-08-01T11:43:40.172+0000] {processor.py:208} INFO - Processing /opt/airflow/dags/pricescope_pipeline.py took 0.104 seconds
[2026-08-01T11:44:10.364+0000] {processor.py:186} INFO - Started process (PID=266) to work on /opt/airflow/dags/pricescope_pipeline.py
[2026-08-01T11:44:10.366+0000] {processor.py:914} INFO - Processing file /opt/airflow/dags/pricescope_pipeline.py for tasks to queue
[2026-08-01T11:44:10.368+0000] {logging_mixin.py:190} INFO - [2026-08-01T11:44:10.368+0000] {dagbag.py:588} INFO - Filling up the DagBag from /opt/airflow/dags/pricescope_pipeline.py
[2026-08-01T11:44:10.386+0000] {logging_mixin.py:190} INFO - [2026-08-01T11:44:10.384+0000] {dagbag.py:484} ERROR - Failed to bag_dag: /opt/airflow/dags/pricescope_pipeline.py
Traceback (most recent call last):
  File "/home/airflow/.local/lib/python3.12/site-packages/croniter/croniter.py", line 284, in _alphaconv
    return cls.ALPHACONV[index][key]
           ~~~~~~~~~~~~~~~~~~~~^^^^^
KeyError: ''

During handling of the above exception, another exception occurred:

Traceback (most recent call last):
  File "/home/airflow/.local/lib/python3.12/site-packages/airflow/timetables/_cron.py", line 102, in validate
    croniter(self._expression)
  File "/home/airflow/.local/lib/python3.12/site-packages/croniter/croniter.py", line 271, in __init__
    self.expanded, self.nth_weekday_of_month = self.expand(
                                               ^^^^^^^^^^^^
  File "/home/airflow/.local/lib/python3.12/site-packages/croniter/croniter.py", line 1032, in expand
    return cls._expand(expr_format, hash_id=hash_id,
           ^^^^^^^^^^^^^^^^^^^^^^^^^^^^^^^^^^^^^^^^^
  File "/home/airflow/.local/lib/python3.12/site-packages/croniter/croniter.py", line 973, in _expand
    t = cls._alphaconv(i, t, expressions)
        ^^^^^^^^^^^^^^^^^^^^^^^^^^^^^^^^^
  File "/home/airflow/.local/lib/python3.12/site-packages/croniter/croniter.py", line 286, in _alphaconv
    raise CroniterNotAlphaError(
croniter.croniter.CroniterNotAlphaError: [0 6, 18 * * *] is not acceptable

During handling of the above exception, another exception occurred:

Traceback (most recent call last):
  File "/home/airflow/.local/lib/python3.12/site-packages/airflow/models/dagbag.py", line 479, in _process_modules
    dag.validate()
  File "/home/airflow/.local/lib/python3.12/site-packages/airflow/models/dag.py", line 845, in validate
    self.timetable.validate()
  File "/home/airflow/.local/lib/python3.12/site-packages/airflow/timetables/_cron.py", line 104, in validate
    raise AirflowTimetableInvalid(str(e))
airflow.exceptions.AirflowTimetableInvalid: [0 6, 18 * * *] is not acceptable
[2026-08-01T11:44:10.387+0000] {processor.py:927} WARNING - No viable dags retrieved from /opt/airflow/dags/pricescope_pipeline.py
[2026-08-01T11:44:10.404+0000] {processor.py:208} INFO - Processing /opt/airflow/dags/pricescope_pipeline.py took 0.045 seconds
[2026-08-01T11:44:40.624+0000] {processor.py:186} INFO - Started process (PID=273) to work on /opt/airflow/dags/pricescope_pipeline.py
[2026-08-01T11:44:40.627+0000] {processor.py:914} INFO - Processing file /opt/airflow/dags/pricescope_pipeline.py for tasks to queue
[2026-08-01T11:44:40.631+0000] {logging_mixin.py:190} INFO - [2026-08-01T11:44:40.631+0000] {dagbag.py:588} INFO - Filling up the DagBag from /opt/airflow/dags/pricescope_pipeline.py
[2026-08-01T11:44:40.658+0000] {logging_mixin.py:190} INFO - [2026-08-01T11:44:40.654+0000] {dagbag.py:484} ERROR - Failed to bag_dag: /opt/airflow/dags/pricescope_pipeline.py
Traceback (most recent call last):
  File "/home/airflow/.local/lib/python3.12/site-packages/croniter/croniter.py", line 284, in _alphaconv
    return cls.ALPHACONV[index][key]
           ~~~~~~~~~~~~~~~~~~~~^^^^^
KeyError: ''

During handling of the above exception, another exception occurred:

Traceback (most recent call last):
  File "/home/airflow/.local/lib/python3.12/site-packages/airflow/timetables/_cron.py", line 102, in validate
    croniter(self._expression)
  File "/home/airflow/.local/lib/python3.12/site-packages/croniter/croniter.py", line 271, in __init__
    self.expanded, self.nth_weekday_of_month = self.expand(
                                               ^^^^^^^^^^^^
  File "/home/airflow/.local/lib/python3.12/site-packages/croniter/croniter.py", line 1032, in expand
    return cls._expand(expr_format, hash_id=hash_id,
           ^^^^^^^^^^^^^^^^^^^^^^^^^^^^^^^^^^^^^^^^^
  File "/home/airflow/.local/lib/python3.12/site-packages/croniter/croniter.py", line 973, in _expand
    t = cls._alphaconv(i, t, expressions)
        ^^^^^^^^^^^^^^^^^^^^^^^^^^^^^^^^^
  File "/home/airflow/.local/lib/python3.12/site-packages/croniter/croniter.py", line 286, in _alphaconv
    raise CroniterNotAlphaError(
croniter.croniter.CroniterNotAlphaError: [0 6, 18 * * *] is not acceptable

During handling of the above exception, another exception occurred:

Traceback (most recent call last):
  File "/home/airflow/.local/lib/python3.12/site-packages/airflow/models/dagbag.py", line 479, in _process_modules
    dag.validate()
  File "/home/airflow/.local/lib/python3.12/site-packages/airflow/models/dag.py", line 845, in validate
    self.timetable.validate()
  File "/home/airflow/.local/lib/python3.12/site-packages/airflow/timetables/_cron.py", line 104, in validate
    raise AirflowTimetableInvalid(str(e))
airflow.exceptions.AirflowTimetableInvalid: [0 6, 18 * * *] is not acceptable
[2026-08-01T11:44:40.659+0000] {processor.py:927} WARNING - No viable dags retrieved from /opt/airflow/dags/pricescope_pipeline.py
[2026-08-01T11:44:40.684+0000] {processor.py:208} INFO - Processing /opt/airflow/dags/pricescope_pipeline.py took 0.069 seconds
[2026-08-01T11:45:10.921+0000] {processor.py:186} INFO - Started process (PID=280) to work on /opt/airflow/dags/pricescope_pipeline.py
[2026-08-01T11:45:10.923+0000] {processor.py:914} INFO - Processing file /opt/airflow/dags/pricescope_pipeline.py for tasks to queue
[2026-08-01T11:45:10.928+0000] {logging_mixin.py:190} INFO - [2026-08-01T11:45:10.928+0000] {dagbag.py:588} INFO - Filling up the DagBag from /opt/airflow/dags/pricescope_pipeline.py
[2026-08-01T11:45:10.963+0000] {logging_mixin.py:190} INFO - [2026-08-01T11:45:10.959+0000] {dagbag.py:484} ERROR - Failed to bag_dag: /opt/airflow/dags/pricescope_pipeline.py
Traceback (most recent call last):
  File "/home/airflow/.local/lib/python3.12/site-packages/croniter/croniter.py", line 284, in _alphaconv
    return cls.ALPHACONV[index][key]
           ~~~~~~~~~~~~~~~~~~~~^^^^^
KeyError: ''

During handling of the above exception, another exception occurred:

Traceback (most recent call last):
  File "/home/airflow/.local/lib/python3.12/site-packages/airflow/timetables/_cron.py", line 102, in validate
    croniter(self._expression)
  File "/home/airflow/.local/lib/python3.12/site-packages/croniter/croniter.py", line 271, in __init__
    self.expanded, self.nth_weekday_of_month = self.expand(
                                               ^^^^^^^^^^^^
  File "/home/airflow/.local/lib/python3.12/site-packages/croniter/croniter.py", line 1032, in expand
    return cls._expand(expr_format, hash_id=hash_id,
           ^^^^^^^^^^^^^^^^^^^^^^^^^^^^^^^^^^^^^^^^^
  File "/home/airflow/.local/lib/python3.12/site-packages/croniter/croniter.py", line 973, in _expand
    t = cls._alphaconv(i, t, expressions)
        ^^^^^^^^^^^^^^^^^^^^^^^^^^^^^^^^^
  File "/home/airflow/.local/lib/python3.12/site-packages/croniter/croniter.py", line 286, in _alphaconv
    raise CroniterNotAlphaError(
croniter.croniter.CroniterNotAlphaError: [0 6, 18 * * *] is not acceptable

During handling of the above exception, another exception occurred:

Traceback (most recent call last):
  File "/home/airflow/.local/lib/python3.12/site-packages/airflow/models/dagbag.py", line 479, in _process_modules
    dag.validate()
  File "/home/airflow/.local/lib/python3.12/site-packages/airflow/models/dag.py", line 845, in validate
    self.timetable.validate()
  File "/home/airflow/.local/lib/python3.12/site-packages/airflow/timetables/_cron.py", line 104, in validate
    raise AirflowTimetableInvalid(str(e))
airflow.exceptions.AirflowTimetableInvalid: [0 6, 18 * * *] is not acceptable
[2026-08-01T11:45:10.966+0000] {processor.py:927} WARNING - No viable dags retrieved from /opt/airflow/dags/pricescope_pipeline.py
[2026-08-01T11:45:10.999+0000] {processor.py:208} INFO - Processing /opt/airflow/dags/pricescope_pipeline.py took 0.087 seconds
[2026-08-01T11:45:41.249+0000] {processor.py:186} INFO - Started process (PID=287) to work on /opt/airflow/dags/pricescope_pipeline.py
[2026-08-01T11:45:41.251+0000] {processor.py:914} INFO - Processing file /opt/airflow/dags/pricescope_pipeline.py for tasks to queue
[2026-08-01T11:45:41.254+0000] {logging_mixin.py:190} INFO - [2026-08-01T11:45:41.254+0000] {dagbag.py:588} INFO - Filling up the DagBag from /opt/airflow/dags/pricescope_pipeline.py
[2026-08-01T11:45:41.273+0000] {logging_mixin.py:190} INFO - [2026-08-01T11:45:41.271+0000] {dagbag.py:484} ERROR - Failed to bag_dag: /opt/airflow/dags/pricescope_pipeline.py
Traceback (most recent call last):
  File "/home/airflow/.local/lib/python3.12/site-packages/croniter/croniter.py", line 284, in _alphaconv
    return cls.ALPHACONV[index][key]
           ~~~~~~~~~~~~~~~~~~~~^^^^^
KeyError: ''

During handling of the above exception, another exception occurred:

Traceback (most recent call last):
  File "/home/airflow/.local/lib/python3.12/site-packages/airflow/timetables/_cron.py", line 102, in validate
    croniter(self._expression)
  File "/home/airflow/.local/lib/python3.12/site-packages/croniter/croniter.py", line 271, in __init__
    self.expanded, self.nth_weekday_of_month = self.expand(
                                               ^^^^^^^^^^^^
  File "/home/airflow/.local/lib/python3.12/site-packages/croniter/croniter.py", line 1032, in expand
    return cls._expand(expr_format, hash_id=hash_id,
           ^^^^^^^^^^^^^^^^^^^^^^^^^^^^^^^^^^^^^^^^^
  File "/home/airflow/.local/lib/python3.12/site-packages/croniter/croniter.py", line 973, in _expand
    t = cls._alphaconv(i, t, expressions)
        ^^^^^^^^^^^^^^^^^^^^^^^^^^^^^^^^^
  File "/home/airflow/.local/lib/python3.12/site-packages/croniter/croniter.py", line 286, in _alphaconv
    raise CroniterNotAlphaError(
croniter.croniter.CroniterNotAlphaError: [0 6, 18 * * *] is not acceptable

During handling of the above exception, another exception occurred:

Traceback (most recent call last):
  File "/home/airflow/.local/lib/python3.12/site-packages/airflow/models/dagbag.py", line 479, in _process_modules
    dag.validate()
  File "/home/airflow/.local/lib/python3.12/site-packages/airflow/models/dag.py", line 845, in validate
    self.timetable.validate()
  File "/home/airflow/.local/lib/python3.12/site-packages/airflow/timetables/_cron.py", line 104, in validate
    raise AirflowTimetableInvalid(str(e))
airflow.exceptions.AirflowTimetableInvalid: [0 6, 18 * * *] is not acceptable
[2026-08-01T11:45:41.275+0000] {processor.py:927} WARNING - No viable dags retrieved from /opt/airflow/dags/pricescope_pipeline.py
[2026-08-01T11:45:41.291+0000] {processor.py:208} INFO - Processing /opt/airflow/dags/pricescope_pipeline.py took 0.046 seconds
[2026-08-01T11:46:11.533+0000] {processor.py:186} INFO - Started process (PID=294) to work on /opt/airflow/dags/pricescope_pipeline.py
[2026-08-01T11:46:11.535+0000] {processor.py:914} INFO - Processing file /opt/airflow/dags/pricescope_pipeline.py for tasks to queue
[2026-08-01T11:46:11.538+0000] {logging_mixin.py:190} INFO - [2026-08-01T11:46:11.538+0000] {dagbag.py:588} INFO - Filling up the DagBag from /opt/airflow/dags/pricescope_pipeline.py
[2026-08-01T11:46:11.557+0000] {logging_mixin.py:190} INFO - [2026-08-01T11:46:11.555+0000] {dagbag.py:484} ERROR - Failed to bag_dag: /opt/airflow/dags/pricescope_pipeline.py
Traceback (most recent call last):
  File "/home/airflow/.local/lib/python3.12/site-packages/croniter/croniter.py", line 284, in _alphaconv
    return cls.ALPHACONV[index][key]
           ~~~~~~~~~~~~~~~~~~~~^^^^^
KeyError: ''

During handling of the above exception, another exception occurred:

Traceback (most recent call last):
  File "/home/airflow/.local/lib/python3.12/site-packages/airflow/timetables/_cron.py", line 102, in validate
    croniter(self._expression)
  File "/home/airflow/.local/lib/python3.12/site-packages/croniter/croniter.py", line 271, in __init__
    self.expanded, self.nth_weekday_of_month = self.expand(
                                               ^^^^^^^^^^^^
  File "/home/airflow/.local/lib/python3.12/site-packages/croniter/croniter.py", line 1032, in expand
    return cls._expand(expr_format, hash_id=hash_id,
           ^^^^^^^^^^^^^^^^^^^^^^^^^^^^^^^^^^^^^^^^^
  File "/home/airflow/.local/lib/python3.12/site-packages/croniter/croniter.py", line 973, in _expand
    t = cls._alphaconv(i, t, expressions)
        ^^^^^^^^^^^^^^^^^^^^^^^^^^^^^^^^^
  File "/home/airflow/.local/lib/python3.12/site-packages/croniter/croniter.py", line 286, in _alphaconv
    raise CroniterNotAlphaError(
croniter.croniter.CroniterNotAlphaError: [0 6, 18 * * *] is not acceptable

During handling of the above exception, another exception occurred:

Traceback (most recent call last):
  File "/home/airflow/.local/lib/python3.12/site-packages/airflow/models/dagbag.py", line 479, in _process_modules
    dag.validate()
  File "/home/airflow/.local/lib/python3.12/site-packages/airflow/models/dag.py", line 845, in validate
    self.timetable.validate()
  File "/home/airflow/.local/lib/python3.12/site-packages/airflow/timetables/_cron.py", line 104, in validate
    raise AirflowTimetableInvalid(str(e))
airflow.exceptions.AirflowTimetableInvalid: [0 6, 18 * * *] is not acceptable
[2026-08-01T11:46:11.559+0000] {processor.py:927} WARNING - No viable dags retrieved from /opt/airflow/dags/pricescope_pipeline.py
[2026-08-01T11:46:11.574+0000] {processor.py:208} INFO - Processing /opt/airflow/dags/pricescope_pipeline.py took 0.045 seconds
[2026-08-01T11:46:41.799+0000] {processor.py:186} INFO - Started process (PID=301) to work on /opt/airflow/dags/pricescope_pipeline.py
[2026-08-01T11:46:41.801+0000] {processor.py:914} INFO - Processing file /opt/airflow/dags/pricescope_pipeline.py for tasks to queue
[2026-08-01T11:46:41.804+0000] {logging_mixin.py:190} INFO - [2026-08-01T11:46:41.804+0000] {dagbag.py:588} INFO - Filling up the DagBag from /opt/airflow/dags/pricescope_pipeline.py
[2026-08-01T11:46:41.823+0000] {logging_mixin.py:190} INFO - [2026-08-01T11:46:41.821+0000] {dagbag.py:484} ERROR - Failed to bag_dag: /opt/airflow/dags/pricescope_pipeline.py
Traceback (most recent call last):
  File "/home/airflow/.local/lib/python3.12/site-packages/croniter/croniter.py", line 284, in _alphaconv
    return cls.ALPHACONV[index][key]
           ~~~~~~~~~~~~~~~~~~~~^^^^^
KeyError: ''

During handling of the above exception, another exception occurred:

Traceback (most recent call last):
  File "/home/airflow/.local/lib/python3.12/site-packages/airflow/timetables/_cron.py", line 102, in validate
    croniter(self._expression)
  File "/home/airflow/.local/lib/python3.12/site-packages/croniter/croniter.py", line 271, in __init__
    self.expanded, self.nth_weekday_of_month = self.expand(
                                               ^^^^^^^^^^^^
  File "/home/airflow/.local/lib/python3.12/site-packages/croniter/croniter.py", line 1032, in expand
    return cls._expand(expr_format, hash_id=hash_id,
           ^^^^^^^^^^^^^^^^^^^^^^^^^^^^^^^^^^^^^^^^^
  File "/home/airflow/.local/lib/python3.12/site-packages/croniter/croniter.py", line 973, in _expand
    t = cls._alphaconv(i, t, expressions)
        ^^^^^^^^^^^^^^^^^^^^^^^^^^^^^^^^^
  File "/home/airflow/.local/lib/python3.12/site-packages/croniter/croniter.py", line 286, in _alphaconv
    raise CroniterNotAlphaError(
croniter.croniter.CroniterNotAlphaError: [0 6, 18 * * *] is not acceptable

During handling of the above exception, another exception occurred:

Traceback (most recent call last):
  File "/home/airflow/.local/lib/python3.12/site-packages/airflow/models/dagbag.py", line 479, in _process_modules
    dag.validate()
  File "/home/airflow/.local/lib/python3.12/site-packages/airflow/models/dag.py", line 845, in validate
    self.timetable.validate()
  File "/home/airflow/.local/lib/python3.12/site-packages/airflow/timetables/_cron.py", line 104, in validate
    raise AirflowTimetableInvalid(str(e))
airflow.exceptions.AirflowTimetableInvalid: [0 6, 18 * * *] is not acceptable
[2026-08-01T11:46:41.824+0000] {processor.py:927} WARNING - No viable dags retrieved from /opt/airflow/dags/pricescope_pipeline.py
[2026-08-01T11:46:41.841+0000] {processor.py:208} INFO - Processing /opt/airflow/dags/pricescope_pipeline.py took 0.048 seconds
[2026-08-01T11:47:12.144+0000] {processor.py:186} INFO - Started process (PID=315) to work on /opt/airflow/dags/pricescope_pipeline.py
[2026-08-01T11:47:12.146+0000] {processor.py:914} INFO - Processing file /opt/airflow/dags/pricescope_pipeline.py for tasks to queue
[2026-08-01T11:47:12.151+0000] {logging_mixin.py:190} INFO - [2026-08-01T11:47:12.151+0000] {dagbag.py:588} INFO - Filling up the DagBag from /opt/airflow/dags/pricescope_pipeline.py
[2026-08-01T11:47:12.171+0000] {logging_mixin.py:190} INFO - [2026-08-01T11:47:12.169+0000] {dagbag.py:484} ERROR - Failed to bag_dag: /opt/airflow/dags/pricescope_pipeline.py
Traceback (most recent call last):
  File "/home/airflow/.local/lib/python3.12/site-packages/croniter/croniter.py", line 284, in _alphaconv
    return cls.ALPHACONV[index][key]
           ~~~~~~~~~~~~~~~~~~~~^^^^^
KeyError: ''

During handling of the above exception, another exception occurred:

Traceback (most recent call last):
  File "/home/airflow/.local/lib/python3.12/site-packages/airflow/timetables/_cron.py", line 102, in validate
    croniter(self._expression)
  File "/home/airflow/.local/lib/python3.12/site-packages/croniter/croniter.py", line 271, in __init__
    self.expanded, self.nth_weekday_of_month = self.expand(
                                               ^^^^^^^^^^^^
  File "/home/airflow/.local/lib/python3.12/site-packages/croniter/croniter.py", line 1032, in expand
    return cls._expand(expr_format, hash_id=hash_id,
           ^^^^^^^^^^^^^^^^^^^^^^^^^^^^^^^^^^^^^^^^^
  File "/home/airflow/.local/lib/python3.12/site-packages/croniter/croniter.py", line 973, in _expand
    t = cls._alphaconv(i, t, expressions)
        ^^^^^^^^^^^^^^^^^^^^^^^^^^^^^^^^^
  File "/home/airflow/.local/lib/python3.12/site-packages/croniter/croniter.py", line 286, in _alphaconv
    raise CroniterNotAlphaError(
croniter.croniter.CroniterNotAlphaError: [0 6, 18 * * *] is not acceptable

During handling of the above exception, another exception occurred:

Traceback (most recent call last):
  File "/home/airflow/.local/lib/python3.12/site-packages/airflow/models/dagbag.py", line 479, in _process_modules
    dag.validate()
  File "/home/airflow/.local/lib/python3.12/site-packages/airflow/models/dag.py", line 845, in validate
    self.timetable.validate()
  File "/home/airflow/.local/lib/python3.12/site-packages/airflow/timetables/_cron.py", line 104, in validate
    raise AirflowTimetableInvalid(str(e))
airflow.exceptions.AirflowTimetableInvalid: [0 6, 18 * * *] is not acceptable
[2026-08-01T11:47:12.172+0000] {processor.py:927} WARNING - No viable dags retrieved from /opt/airflow/dags/pricescope_pipeline.py
[2026-08-01T11:47:12.196+0000] {processor.py:208} INFO - Processing /opt/airflow/dags/pricescope_pipeline.py took 0.060 seconds
[2026-08-01T11:47:42.434+0000] {processor.py:186} INFO - Started process (PID=323) to work on /opt/airflow/dags/pricescope_pipeline.py
[2026-08-01T11:47:42.436+0000] {processor.py:914} INFO - Processing file /opt/airflow/dags/pricescope_pipeline.py for tasks to queue
[2026-08-01T11:47:42.439+0000] {logging_mixin.py:190} INFO - [2026-08-01T11:47:42.438+0000] {dagbag.py:588} INFO - Filling up the DagBag from /opt/airflow/dags/pricescope_pipeline.py
[2026-08-01T11:47:42.459+0000] {logging_mixin.py:190} INFO - [2026-08-01T11:47:42.457+0000] {dagbag.py:484} ERROR - Failed to bag_dag: /opt/airflow/dags/pricescope_pipeline.py
Traceback (most recent call last):
  File "/home/airflow/.local/lib/python3.12/site-packages/croniter/croniter.py", line 284, in _alphaconv
    return cls.ALPHACONV[index][key]
           ~~~~~~~~~~~~~~~~~~~~^^^^^
KeyError: ''

During handling of the above exception, another exception occurred:

Traceback (most recent call last):
  File "/home/airflow/.local/lib/python3.12/site-packages/airflow/timetables/_cron.py", line 102, in validate
    croniter(self._expression)
  File "/home/airflow/.local/lib/python3.12/site-packages/croniter/croniter.py", line 271, in __init__
    self.expanded, self.nth_weekday_of_month = self.expand(
                                               ^^^^^^^^^^^^
  File "/home/airflow/.local/lib/python3.12/site-packages/croniter/croniter.py", line 1032, in expand
    return cls._expand(expr_format, hash_id=hash_id,
           ^^^^^^^^^^^^^^^^^^^^^^^^^^^^^^^^^^^^^^^^^
  File "/home/airflow/.local/lib/python3.12/site-packages/croniter/croniter.py", line 973, in _expand
    t = cls._alphaconv(i, t, expressions)
        ^^^^^^^^^^^^^^^^^^^^^^^^^^^^^^^^^
  File "/home/airflow/.local/lib/python3.12/site-packages/croniter/croniter.py", line 286, in _alphaconv
    raise CroniterNotAlphaError(
croniter.croniter.CroniterNotAlphaError: [0 6, 18 * * *] is not acceptable

During handling of the above exception, another exception occurred:

Traceback (most recent call last):
  File "/home/airflow/.local/lib/python3.12/site-packages/airflow/models/dagbag.py", line 479, in _process_modules
    dag.validate()
  File "/home/airflow/.local/lib/python3.12/site-packages/airflow/models/dag.py", line 845, in validate
    self.timetable.validate()
  File "/home/airflow/.local/lib/python3.12/site-packages/airflow/timetables/_cron.py", line 104, in validate
    raise AirflowTimetableInvalid(str(e))
airflow.exceptions.AirflowTimetableInvalid: [0 6, 18 * * *] is not acceptable
[2026-08-01T11:47:42.461+0000] {processor.py:927} WARNING - No viable dags retrieved from /opt/airflow/dags/pricescope_pipeline.py
[2026-08-01T11:47:42.477+0000] {processor.py:208} INFO - Processing /opt/airflow/dags/pricescope_pipeline.py took 0.049 seconds
[2026-08-01T11:48:12.722+0000] {processor.py:186} INFO - Started process (PID=331) to work on /opt/airflow/dags/pricescope_pipeline.py
[2026-08-01T11:48:12.724+0000] {processor.py:914} INFO - Processing file /opt/airflow/dags/pricescope_pipeline.py for tasks to queue
[2026-08-01T11:48:12.727+0000] {logging_mixin.py:190} INFO - [2026-08-01T11:48:12.726+0000] {dagbag.py:588} INFO - Filling up the DagBag from /opt/airflow/dags/pricescope_pipeline.py
[2026-08-01T11:48:12.747+0000] {logging_mixin.py:190} INFO - [2026-08-01T11:48:12.745+0000] {dagbag.py:484} ERROR - Failed to bag_dag: /opt/airflow/dags/pricescope_pipeline.py
Traceback (most recent call last):
  File "/home/airflow/.local/lib/python3.12/site-packages/croniter/croniter.py", line 284, in _alphaconv
    return cls.ALPHACONV[index][key]
           ~~~~~~~~~~~~~~~~~~~~^^^^^
KeyError: ''

During handling of the above exception, another exception occurred:

Traceback (most recent call last):
  File "/home/airflow/.local/lib/python3.12/site-packages/airflow/timetables/_cron.py", line 102, in validate
    croniter(self._expression)
  File "/home/airflow/.local/lib/python3.12/site-packages/croniter/croniter.py", line 271, in __init__
    self.expanded, self.nth_weekday_of_month = self.expand(
                                               ^^^^^^^^^^^^
  File "/home/airflow/.local/lib/python3.12/site-packages/croniter/croniter.py", line 1032, in expand
    return cls._expand(expr_format, hash_id=hash_id,
           ^^^^^^^^^^^^^^^^^^^^^^^^^^^^^^^^^^^^^^^^^
  File "/home/airflow/.local/lib/python3.12/site-packages/croniter/croniter.py", line 973, in _expand
    t = cls._alphaconv(i, t, expressions)
        ^^^^^^^^^^^^^^^^^^^^^^^^^^^^^^^^^
  File "/home/airflow/.local/lib/python3.12/site-packages/croniter/croniter.py", line 286, in _alphaconv
    raise CroniterNotAlphaError(
croniter.croniter.CroniterNotAlphaError: [0 6, 18 * * *] is not acceptable

During handling of the above exception, another exception occurred:

Traceback (most recent call last):
  File "/home/airflow/.local/lib/python3.12/site-packages/airflow/models/dagbag.py", line 479, in _process_modules
    dag.validate()
  File "/home/airflow/.local/lib/python3.12/site-packages/airflow/models/dag.py", line 845, in validate
    self.timetable.validate()
  File "/home/airflow/.local/lib/python3.12/site-packages/airflow/timetables/_cron.py", line 104, in validate
    raise AirflowTimetableInvalid(str(e))
airflow.exceptions.AirflowTimetableInvalid: [0 6, 18 * * *] is not acceptable
[2026-08-01T11:48:12.748+0000] {processor.py:927} WARNING - No viable dags retrieved from /opt/airflow/dags/pricescope_pipeline.py
[2026-08-01T11:48:12.767+0000] {processor.py:208} INFO - Processing /opt/airflow/dags/pricescope_pipeline.py took 0.051 seconds
[2026-08-01T11:48:42.984+0000] {processor.py:186} INFO - Started process (PID=338) to work on /opt/airflow/dags/pricescope_pipeline.py
[2026-08-01T11:48:42.986+0000] {processor.py:914} INFO - Processing file /opt/airflow/dags/pricescope_pipeline.py for tasks to queue
[2026-08-01T11:48:42.989+0000] {logging_mixin.py:190} INFO - [2026-08-01T11:48:42.989+0000] {dagbag.py:588} INFO - Filling up the DagBag from /opt/airflow/dags/pricescope_pipeline.py
[2026-08-01T11:48:43.010+0000] {logging_mixin.py:190} INFO - [2026-08-01T11:48:43.008+0000] {dagbag.py:484} ERROR - Failed to bag_dag: /opt/airflow/dags/pricescope_pipeline.py
Traceback (most recent call last):
  File "/home/airflow/.local/lib/python3.12/site-packages/croniter/croniter.py", line 284, in _alphaconv
    return cls.ALPHACONV[index][key]
           ~~~~~~~~~~~~~~~~~~~~^^^^^
KeyError: ''

During handling of the above exception, another exception occurred:

Traceback (most recent call last):
  File "/home/airflow/.local/lib/python3.12/site-packages/airflow/timetables/_cron.py", line 102, in validate
    croniter(self._expression)
  File "/home/airflow/.local/lib/python3.12/site-packages/croniter/croniter.py", line 271, in __init__
    self.expanded, self.nth_weekday_of_month = self.expand(
                                               ^^^^^^^^^^^^
  File "/home/airflow/.local/lib/python3.12/site-packages/croniter/croniter.py", line 1032, in expand
    return cls._expand(expr_format, hash_id=hash_id,
           ^^^^^^^^^^^^^^^^^^^^^^^^^^^^^^^^^^^^^^^^^
  File "/home/airflow/.local/lib/python3.12/site-packages/croniter/croniter.py", line 973, in _expand
    t = cls._alphaconv(i, t, expressions)
        ^^^^^^^^^^^^^^^^^^^^^^^^^^^^^^^^^
  File "/home/airflow/.local/lib/python3.12/site-packages/croniter/croniter.py", line 286, in _alphaconv
    raise CroniterNotAlphaError(
croniter.croniter.CroniterNotAlphaError: [0 6, 18 * * *] is not acceptable

During handling of the above exception, another exception occurred:

Traceback (most recent call last):
  File "/home/airflow/.local/lib/python3.12/site-packages/airflow/models/dagbag.py", line 479, in _process_modules
    dag.validate()
  File "/home/airflow/.local/lib/python3.12/site-packages/airflow/models/dag.py", line 845, in validate
    self.timetable.validate()
  File "/home/airflow/.local/lib/python3.12/site-packages/airflow/timetables/_cron.py", line 104, in validate
    raise AirflowTimetableInvalid(str(e))
airflow.exceptions.AirflowTimetableInvalid: [0 6, 18 * * *] is not acceptable
[2026-08-01T11:48:43.011+0000] {processor.py:927} WARNING - No viable dags retrieved from /opt/airflow/dags/pricescope_pipeline.py
[2026-08-01T11:48:43.029+0000] {processor.py:208} INFO - Processing /opt/airflow/dags/pricescope_pipeline.py took 0.050 seconds
[2026-08-01T11:49:13.295+0000] {processor.py:186} INFO - Started process (PID=345) to work on /opt/airflow/dags/pricescope_pipeline.py
[2026-08-01T11:49:13.297+0000] {processor.py:914} INFO - Processing file /opt/airflow/dags/pricescope_pipeline.py for tasks to queue
[2026-08-01T11:49:13.300+0000] {logging_mixin.py:190} INFO - [2026-08-01T11:49:13.300+0000] {dagbag.py:588} INFO - Filling up the DagBag from /opt/airflow/dags/pricescope_pipeline.py
[2026-08-01T11:49:13.324+0000] {logging_mixin.py:190} INFO - [2026-08-01T11:49:13.322+0000] {dagbag.py:484} ERROR - Failed to bag_dag: /opt/airflow/dags/pricescope_pipeline.py
Traceback (most recent call last):
  File "/home/airflow/.local/lib/python3.12/site-packages/croniter/croniter.py", line 284, in _alphaconv
    return cls.ALPHACONV[index][key]
           ~~~~~~~~~~~~~~~~~~~~^^^^^
KeyError: ''

During handling of the above exception, another exception occurred:

Traceback (most recent call last):
  File "/home/airflow/.local/lib/python3.12/site-packages/airflow/timetables/_cron.py", line 102, in validate
    croniter(self._expression)
  File "/home/airflow/.local/lib/python3.12/site-packages/croniter/croniter.py", line 271, in __init__
    self.expanded, self.nth_weekday_of_month = self.expand(
                                               ^^^^^^^^^^^^
  File "/home/airflow/.local/lib/python3.12/site-packages/croniter/croniter.py", line 1032, in expand
    return cls._expand(expr_format, hash_id=hash_id,
           ^^^^^^^^^^^^^^^^^^^^^^^^^^^^^^^^^^^^^^^^^
  File "/home/airflow/.local/lib/python3.12/site-packages/croniter/croniter.py", line 973, in _expand
    t = cls._alphaconv(i, t, expressions)
        ^^^^^^^^^^^^^^^^^^^^^^^^^^^^^^^^^
  File "/home/airflow/.local/lib/python3.12/site-packages/croniter/croniter.py", line 286, in _alphaconv
    raise CroniterNotAlphaError(
croniter.croniter.CroniterNotAlphaError: [0 6, 18 * * *] is not acceptable

During handling of the above exception, another exception occurred:

Traceback (most recent call last):
  File "/home/airflow/.local/lib/python3.12/site-packages/airflow/models/dagbag.py", line 479, in _process_modules
    dag.validate()
  File "/home/airflow/.local/lib/python3.12/site-packages/airflow/models/dag.py", line 845, in validate
    self.timetable.validate()
  File "/home/airflow/.local/lib/python3.12/site-packages/airflow/timetables/_cron.py", line 104, in validate
    raise AirflowTimetableInvalid(str(e))
airflow.exceptions.AirflowTimetableInvalid: [0 6, 18 * * *] is not acceptable
[2026-08-01T11:49:13.326+0000] {processor.py:927} WARNING - No viable dags retrieved from /opt/airflow/dags/pricescope_pipeline.py
[2026-08-01T11:49:13.343+0000] {processor.py:208} INFO - Processing /opt/airflow/dags/pricescope_pipeline.py took 0.056 seconds
[2026-08-01T11:49:43.502+0000] {processor.py:186} INFO - Started process (PID=352) to work on /opt/airflow/dags/pricescope_pipeline.py
[2026-08-01T11:49:43.506+0000] {processor.py:914} INFO - Processing file /opt/airflow/dags/pricescope_pipeline.py for tasks to queue
[2026-08-01T11:49:43.509+0000] {logging_mixin.py:190} INFO - [2026-08-01T11:49:43.509+0000] {dagbag.py:588} INFO - Filling up the DagBag from /opt/airflow/dags/pricescope_pipeline.py
[2026-08-01T11:49:43.531+0000] {logging_mixin.py:190} INFO - [2026-08-01T11:49:43.529+0000] {dagbag.py:484} ERROR - Failed to bag_dag: /opt/airflow/dags/pricescope_pipeline.py
Traceback (most recent call last):
  File "/home/airflow/.local/lib/python3.12/site-packages/croniter/croniter.py", line 284, in _alphaconv
    return cls.ALPHACONV[index][key]
           ~~~~~~~~~~~~~~~~~~~~^^^^^
KeyError: ''

During handling of the above exception, another exception occurred:

Traceback (most recent call last):
  File "/home/airflow/.local/lib/python3.12/site-packages/airflow/timetables/_cron.py", line 102, in validate
    croniter(self._expression)
  File "/home/airflow/.local/lib/python3.12/site-packages/croniter/croniter.py", line 271, in __init__
    self.expanded, self.nth_weekday_of_month = self.expand(
                                               ^^^^^^^^^^^^
  File "/home/airflow/.local/lib/python3.12/site-packages/croniter/croniter.py", line 1032, in expand
    return cls._expand(expr_format, hash_id=hash_id,
           ^^^^^^^^^^^^^^^^^^^^^^^^^^^^^^^^^^^^^^^^^
  File "/home/airflow/.local/lib/python3.12/site-packages/croniter/croniter.py", line 973, in _expand
    t = cls._alphaconv(i, t, expressions)
        ^^^^^^^^^^^^^^^^^^^^^^^^^^^^^^^^^
  File "/home/airflow/.local/lib/python3.12/site-packages/croniter/croniter.py", line 286, in _alphaconv
    raise CroniterNotAlphaError(
croniter.croniter.CroniterNotAlphaError: [0 6, 18 * * *] is not acceptable

During handling of the above exception, another exception occurred:

Traceback (most recent call last):
  File "/home/airflow/.local/lib/python3.12/site-packages/airflow/models/dagbag.py", line 479, in _process_modules
    dag.validate()
  File "/home/airflow/.local/lib/python3.12/site-packages/airflow/models/dag.py", line 845, in validate
    self.timetable.validate()
  File "/home/airflow/.local/lib/python3.12/site-packages/airflow/timetables/_cron.py", line 104, in validate
    raise AirflowTimetableInvalid(str(e))
airflow.exceptions.AirflowTimetableInvalid: [0 6, 18 * * *] is not acceptable
[2026-08-01T11:49:43.532+0000] {processor.py:927} WARNING - No viable dags retrieved from /opt/airflow/dags/pricescope_pipeline.py
[2026-08-01T11:49:43.546+0000] {processor.py:208} INFO - Processing /opt/airflow/dags/pricescope_pipeline.py took 0.049 seconds
[2026-08-01T11:50:13.757+0000] {processor.py:186} INFO - Started process (PID=359) to work on /opt/airflow/dags/pricescope_pipeline.py
[2026-08-01T11:50:13.758+0000] {processor.py:914} INFO - Processing file /opt/airflow/dags/pricescope_pipeline.py for tasks to queue
[2026-08-01T11:50:13.761+0000] {logging_mixin.py:190} INFO - [2026-08-01T11:50:13.761+0000] {dagbag.py:588} INFO - Filling up the DagBag from /opt/airflow/dags/pricescope_pipeline.py
[2026-08-01T11:50:13.780+0000] {logging_mixin.py:190} INFO - [2026-08-01T11:50:13.778+0000] {dagbag.py:484} ERROR - Failed to bag_dag: /opt/airflow/dags/pricescope_pipeline.py
Traceback (most recent call last):
  File "/home/airflow/.local/lib/python3.12/site-packages/croniter/croniter.py", line 284, in _alphaconv
    return cls.ALPHACONV[index][key]
           ~~~~~~~~~~~~~~~~~~~~^^^^^
KeyError: ''

During handling of the above exception, another exception occurred:

Traceback (most recent call last):
  File "/home/airflow/.local/lib/python3.12/site-packages/airflow/timetables/_cron.py", line 102, in validate
    croniter(self._expression)
  File "/home/airflow/.local/lib/python3.12/site-packages/croniter/croniter.py", line 271, in __init__
    self.expanded, self.nth_weekday_of_month = self.expand(
                                               ^^^^^^^^^^^^
  File "/home/airflow/.local/lib/python3.12/site-packages/croniter/croniter.py", line 1032, in expand
    return cls._expand(expr_format, hash_id=hash_id,
           ^^^^^^^^^^^^^^^^^^^^^^^^^^^^^^^^^^^^^^^^^
  File "/home/airflow/.local/lib/python3.12/site-packages/croniter/croniter.py", line 973, in _expand
    t = cls._alphaconv(i, t, expressions)
        ^^^^^^^^^^^^^^^^^^^^^^^^^^^^^^^^^
  File "/home/airflow/.local/lib/python3.12/site-packages/croniter/croniter.py", line 286, in _alphaconv
    raise CroniterNotAlphaError(
croniter.croniter.CroniterNotAlphaError: [0 6, 18 * * *] is not acceptable

During handling of the above exception, another exception occurred:

Traceback (most recent call last):
  File "/home/airflow/.local/lib/python3.12/site-packages/airflow/models/dagbag.py", line 479, in _process_modules
    dag.validate()
  File "/home/airflow/.local/lib/python3.12/site-packages/airflow/models/dag.py", line 845, in validate
    self.timetable.validate()
  File "/home/airflow/.local/lib/python3.12/site-packages/airflow/timetables/_cron.py", line 104, in validate
    raise AirflowTimetableInvalid(str(e))
airflow.exceptions.AirflowTimetableInvalid: [0 6, 18 * * *] is not acceptable
[2026-08-01T11:50:13.781+0000] {processor.py:927} WARNING - No viable dags retrieved from /opt/airflow/dags/pricescope_pipeline.py
[2026-08-01T11:50:13.795+0000] {processor.py:208} INFO - Processing /opt/airflow/dags/pricescope_pipeline.py took 0.043 seconds
[2026-08-01T11:50:44.050+0000] {processor.py:186} INFO - Started process (PID=367) to work on /opt/airflow/dags/pricescope_pipeline.py
[2026-08-01T11:50:44.053+0000] {processor.py:914} INFO - Processing file /opt/airflow/dags/pricescope_pipeline.py for tasks to queue
[2026-08-01T11:50:44.056+0000] {logging_mixin.py:190} INFO - [2026-08-01T11:50:44.056+0000] {dagbag.py:588} INFO - Filling up the DagBag from /opt/airflow/dags/pricescope_pipeline.py
[2026-08-01T11:50:44.078+0000] {logging_mixin.py:190} INFO - [2026-08-01T11:50:44.075+0000] {dagbag.py:484} ERROR - Failed to bag_dag: /opt/airflow/dags/pricescope_pipeline.py
Traceback (most recent call last):
  File "/home/airflow/.local/lib/python3.12/site-packages/croniter/croniter.py", line 284, in _alphaconv
    return cls.ALPHACONV[index][key]
           ~~~~~~~~~~~~~~~~~~~~^^^^^
KeyError: ''

During handling of the above exception, another exception occurred:

Traceback (most recent call last):
  File "/home/airflow/.local/lib/python3.12/site-packages/airflow/timetables/_cron.py", line 102, in validate
    croniter(self._expression)
  File "/home/airflow/.local/lib/python3.12/site-packages/croniter/croniter.py", line 271, in __init__
    self.expanded, self.nth_weekday_of_month = self.expand(
                                               ^^^^^^^^^^^^
  File "/home/airflow/.local/lib/python3.12/site-packages/croniter/croniter.py", line 1032, in expand
    return cls._expand(expr_format, hash_id=hash_id,
           ^^^^^^^^^^^^^^^^^^^^^^^^^^^^^^^^^^^^^^^^^
  File "/home/airflow/.local/lib/python3.12/site-packages/croniter/croniter.py", line 973, in _expand
    t = cls._alphaconv(i, t, expressions)
        ^^^^^^^^^^^^^^^^^^^^^^^^^^^^^^^^^
  File "/home/airflow/.local/lib/python3.12/site-packages/croniter/croniter.py", line 286, in _alphaconv
    raise CroniterNotAlphaError(
croniter.croniter.CroniterNotAlphaError: [0 6, 18 * * *] is not acceptable

During handling of the above exception, another exception occurred:

Traceback (most recent call last):
  File "/home/airflow/.local/lib/python3.12/site-packages/airflow/models/dagbag.py", line 479, in _process_modules
    dag.validate()
  File "/home/airflow/.local/lib/python3.12/site-packages/airflow/models/dag.py", line 845, in validate
    self.timetable.validate()
  File "/home/airflow/.local/lib/python3.12/site-packages/airflow/timetables/_cron.py", line 104, in validate
    raise AirflowTimetableInvalid(str(e))
airflow.exceptions.AirflowTimetableInvalid: [0 6, 18 * * *] is not acceptable
[2026-08-01T11:50:44.080+0000] {processor.py:927} WARNING - No viable dags retrieved from /opt/airflow/dags/pricescope_pipeline.py
[2026-08-01T11:50:44.098+0000] {processor.py:208} INFO - Processing /opt/airflow/dags/pricescope_pipeline.py took 0.053 seconds
[2026-08-01T11:51:14.376+0000] {processor.py:186} INFO - Started process (PID=374) to work on /opt/airflow/dags/pricescope_pipeline.py
[2026-08-01T11:51:14.378+0000] {processor.py:914} INFO - Processing file /opt/airflow/dags/pricescope_pipeline.py for tasks to queue
[2026-08-01T11:51:14.382+0000] {logging_mixin.py:190} INFO - [2026-08-01T11:51:14.382+0000] {dagbag.py:588} INFO - Filling up the DagBag from /opt/airflow/dags/pricescope_pipeline.py
[2026-08-01T11:51:14.412+0000] {logging_mixin.py:190} INFO - [2026-08-01T11:51:14.408+0000] {dagbag.py:484} ERROR - Failed to bag_dag: /opt/airflow/dags/pricescope_pipeline.py
Traceback (most recent call last):
  File "/home/airflow/.local/lib/python3.12/site-packages/croniter/croniter.py", line 284, in _alphaconv
    return cls.ALPHACONV[index][key]
           ~~~~~~~~~~~~~~~~~~~~^^^^^
KeyError: ''

During handling of the above exception, another exception occurred:

Traceback (most recent call last):
  File "/home/airflow/.local/lib/python3.12/site-packages/airflow/timetables/_cron.py", line 102, in validate
    croniter(self._expression)
  File "/home/airflow/.local/lib/python3.12/site-packages/croniter/croniter.py", line 271, in __init__
    self.expanded, self.nth_weekday_of_month = self.expand(
                                               ^^^^^^^^^^^^
  File "/home/airflow/.local/lib/python3.12/site-packages/croniter/croniter.py", line 1032, in expand
    return cls._expand(expr_format, hash_id=hash_id,
           ^^^^^^^^^^^^^^^^^^^^^^^^^^^^^^^^^^^^^^^^^
  File "/home/airflow/.local/lib/python3.12/site-packages/croniter/croniter.py", line 973, in _expand
    t = cls._alphaconv(i, t, expressions)
        ^^^^^^^^^^^^^^^^^^^^^^^^^^^^^^^^^
  File "/home/airflow/.local/lib/python3.12/site-packages/croniter/croniter.py", line 286, in _alphaconv
    raise CroniterNotAlphaError(
croniter.croniter.CroniterNotAlphaError: [0 6, 18 * * *] is not acceptable

During handling of the above exception, another exception occurred:

Traceback (most recent call last):
  File "/home/airflow/.local/lib/python3.12/site-packages/airflow/models/dagbag.py", line 479, in _process_modules
    dag.validate()
  File "/home/airflow/.local/lib/python3.12/site-packages/airflow/models/dag.py", line 845, in validate
    self.timetable.validate()
  File "/home/airflow/.local/lib/python3.12/site-packages/airflow/timetables/_cron.py", line 104, in validate
    raise AirflowTimetableInvalid(str(e))
airflow.exceptions.AirflowTimetableInvalid: [0 6, 18 * * *] is not acceptable
[2026-08-01T11:51:14.414+0000] {processor.py:927} WARNING - No viable dags retrieved from /opt/airflow/dags/pricescope_pipeline.py
[2026-08-01T11:51:14.443+0000] {processor.py:208} INFO - Processing /opt/airflow/dags/pricescope_pipeline.py took 0.073 seconds
[2026-08-01T11:51:44.653+0000] {processor.py:186} INFO - Started process (PID=381) to work on /opt/airflow/dags/pricescope_pipeline.py
[2026-08-01T11:51:44.655+0000] {processor.py:914} INFO - Processing file /opt/airflow/dags/pricescope_pipeline.py for tasks to queue
[2026-08-01T11:51:44.661+0000] {logging_mixin.py:190} INFO - [2026-08-01T11:51:44.660+0000] {dagbag.py:588} INFO - Filling up the DagBag from /opt/airflow/dags/pricescope_pipeline.py
[2026-08-01T11:51:44.685+0000] {logging_mixin.py:190} INFO - [2026-08-01T11:51:44.682+0000] {dagbag.py:484} ERROR - Failed to bag_dag: /opt/airflow/dags/pricescope_pipeline.py
Traceback (most recent call last):
  File "/home/airflow/.local/lib/python3.12/site-packages/croniter/croniter.py", line 284, in _alphaconv
    return cls.ALPHACONV[index][key]
           ~~~~~~~~~~~~~~~~~~~~^^^^^
KeyError: ''

During handling of the above exception, another exception occurred:

Traceback (most recent call last):
  File "/home/airflow/.local/lib/python3.12/site-packages/airflow/timetables/_cron.py", line 102, in validate
    croniter(self._expression)
  File "/home/airflow/.local/lib/python3.12/site-packages/croniter/croniter.py", line 271, in __init__
    self.expanded, self.nth_weekday_of_month = self.expand(
                                               ^^^^^^^^^^^^
  File "/home/airflow/.local/lib/python3.12/site-packages/croniter/croniter.py", line 1032, in expand
    return cls._expand(expr_format, hash_id=hash_id,
           ^^^^^^^^^^^^^^^^^^^^^^^^^^^^^^^^^^^^^^^^^
  File "/home/airflow/.local/lib/python3.12/site-packages/croniter/croniter.py", line 973, in _expand
    t = cls._alphaconv(i, t, expressions)
        ^^^^^^^^^^^^^^^^^^^^^^^^^^^^^^^^^
  File "/home/airflow/.local/lib/python3.12/site-packages/croniter/croniter.py", line 286, in _alphaconv
    raise CroniterNotAlphaError(
croniter.croniter.CroniterNotAlphaError: [0 6, 18 * * *] is not acceptable

During handling of the above exception, another exception occurred:

Traceback (most recent call last):
  File "/home/airflow/.local/lib/python3.12/site-packages/airflow/models/dagbag.py", line 479, in _process_modules
    dag.validate()
  File "/home/airflow/.local/lib/python3.12/site-packages/airflow/models/dag.py", line 845, in validate
    self.timetable.validate()
  File "/home/airflow/.local/lib/python3.12/site-packages/airflow/timetables/_cron.py", line 104, in validate
    raise AirflowTimetableInvalid(str(e))
airflow.exceptions.AirflowTimetableInvalid: [0 6, 18 * * *] is not acceptable
[2026-08-01T11:51:44.687+0000] {processor.py:927} WARNING - No viable dags retrieved from /opt/airflow/dags/pricescope_pipeline.py
[2026-08-01T11:51:44.710+0000] {processor.py:208} INFO - Processing /opt/airflow/dags/pricescope_pipeline.py took 0.062 seconds
[2026-08-01T11:52:14.989+0000] {processor.py:186} INFO - Started process (PID=388) to work on /opt/airflow/dags/pricescope_pipeline.py
[2026-08-01T11:52:14.992+0000] {processor.py:914} INFO - Processing file /opt/airflow/dags/pricescope_pipeline.py for tasks to queue
[2026-08-01T11:52:15.002+0000] {logging_mixin.py:190} INFO - [2026-08-01T11:52:15.001+0000] {dagbag.py:588} INFO - Filling up the DagBag from /opt/airflow/dags/pricescope_pipeline.py
[2026-08-01T11:52:15.105+0000] {logging_mixin.py:190} INFO - [2026-08-01T11:52:15.089+0000] {dagbag.py:484} ERROR - Failed to bag_dag: /opt/airflow/dags/pricescope_pipeline.py
Traceback (most recent call last):
  File "/home/airflow/.local/lib/python3.12/site-packages/croniter/croniter.py", line 284, in _alphaconv
    return cls.ALPHACONV[index][key]
           ~~~~~~~~~~~~~~~~~~~~^^^^^
KeyError: ''

During handling of the above exception, another exception occurred:

Traceback (most recent call last):
  File "/home/airflow/.local/lib/python3.12/site-packages/airflow/timetables/_cron.py", line 102, in validate
    croniter(self._expression)
  File "/home/airflow/.local/lib/python3.12/site-packages/croniter/croniter.py", line 271, in __init__
    self.expanded, self.nth_weekday_of_month = self.expand(
                                               ^^^^^^^^^^^^
  File "/home/airflow/.local/lib/python3.12/site-packages/croniter/croniter.py", line 1032, in expand
    return cls._expand(expr_format, hash_id=hash_id,
           ^^^^^^^^^^^^^^^^^^^^^^^^^^^^^^^^^^^^^^^^^
  File "/home/airflow/.local/lib/python3.12/site-packages/croniter/croniter.py", line 973, in _expand
    t = cls._alphaconv(i, t, expressions)
        ^^^^^^^^^^^^^^^^^^^^^^^^^^^^^^^^^
  File "/home/airflow/.local/lib/python3.12/site-packages/croniter/croniter.py", line 286, in _alphaconv
    raise CroniterNotAlphaError(
croniter.croniter.CroniterNotAlphaError: [0 6, 18 * * *] is not acceptable

During handling of the above exception, another exception occurred:

Traceback (most recent call last):
  File "/home/airflow/.local/lib/python3.12/site-packages/airflow/models/dagbag.py", line 479, in _process_modules
    dag.validate()
  File "/home/airflow/.local/lib/python3.12/site-packages/airflow/models/dag.py", line 845, in validate
    self.timetable.validate()
  File "/home/airflow/.local/lib/python3.12/site-packages/airflow/timetables/_cron.py", line 104, in validate
    raise AirflowTimetableInvalid(str(e))
airflow.exceptions.AirflowTimetableInvalid: [0 6, 18 * * *] is not acceptable
[2026-08-01T11:52:15.107+0000] {processor.py:927} WARNING - No viable dags retrieved from /opt/airflow/dags/pricescope_pipeline.py
[2026-08-01T11:52:15.181+0000] {processor.py:208} INFO - Processing /opt/airflow/dags/pricescope_pipeline.py took 0.213 seconds
[2026-08-01T11:52:45.250+0000] {processor.py:186} INFO - Started process (PID=395) to work on /opt/airflow/dags/pricescope_pipeline.py
[2026-08-01T11:52:45.251+0000] {processor.py:914} INFO - Processing file /opt/airflow/dags/pricescope_pipeline.py for tasks to queue
[2026-08-01T11:52:45.254+0000] {logging_mixin.py:190} INFO - [2026-08-01T11:52:45.254+0000] {dagbag.py:588} INFO - Filling up the DagBag from /opt/airflow/dags/pricescope_pipeline.py
[2026-08-01T11:52:45.281+0000] {logging_mixin.py:190} INFO - [2026-08-01T11:52:45.279+0000] {dagbag.py:484} ERROR - Failed to bag_dag: /opt/airflow/dags/pricescope_pipeline.py
Traceback (most recent call last):
  File "/home/airflow/.local/lib/python3.12/site-packages/croniter/croniter.py", line 284, in _alphaconv
    return cls.ALPHACONV[index][key]
           ~~~~~~~~~~~~~~~~~~~~^^^^^
KeyError: ''

During handling of the above exception, another exception occurred:

Traceback (most recent call last):
  File "/home/airflow/.local/lib/python3.12/site-packages/airflow/timetables/_cron.py", line 102, in validate
    croniter(self._expression)
  File "/home/airflow/.local/lib/python3.12/site-packages/croniter/croniter.py", line 271, in __init__
    self.expanded, self.nth_weekday_of_month = self.expand(
                                               ^^^^^^^^^^^^
  File "/home/airflow/.local/lib/python3.12/site-packages/croniter/croniter.py", line 1032, in expand
    return cls._expand(expr_format, hash_id=hash_id,
           ^^^^^^^^^^^^^^^^^^^^^^^^^^^^^^^^^^^^^^^^^
  File "/home/airflow/.local/lib/python3.12/site-packages/croniter/croniter.py", line 973, in _expand
    t = cls._alphaconv(i, t, expressions)
        ^^^^^^^^^^^^^^^^^^^^^^^^^^^^^^^^^
  File "/home/airflow/.local/lib/python3.12/site-packages/croniter/croniter.py", line 286, in _alphaconv
    raise CroniterNotAlphaError(
croniter.croniter.CroniterNotAlphaError: [0 6, 18 * * *] is not acceptable

During handling of the above exception, another exception occurred:

Traceback (most recent call last):
  File "/home/airflow/.local/lib/python3.12/site-packages/airflow/models/dagbag.py", line 479, in _process_modules
    dag.validate()
  File "/home/airflow/.local/lib/python3.12/site-packages/airflow/models/dag.py", line 845, in validate
    self.timetable.validate()
  File "/home/airflow/.local/lib/python3.12/site-packages/airflow/timetables/_cron.py", line 104, in validate
    raise AirflowTimetableInvalid(str(e))
airflow.exceptions.AirflowTimetableInvalid: [0 6, 18 * * *] is not acceptable
[2026-08-01T11:52:45.283+0000] {processor.py:927} WARNING - No viable dags retrieved from /opt/airflow/dags/pricescope_pipeline.py
[2026-08-01T11:52:45.299+0000] {processor.py:208} INFO - Processing /opt/airflow/dags/pricescope_pipeline.py took 0.055 seconds
[2026-08-01T11:53:15.532+0000] {processor.py:186} INFO - Started process (PID=402) to work on /opt/airflow/dags/pricescope_pipeline.py
[2026-08-01T11:53:15.534+0000] {processor.py:914} INFO - Processing file /opt/airflow/dags/pricescope_pipeline.py for tasks to queue
[2026-08-01T11:53:15.537+0000] {logging_mixin.py:190} INFO - [2026-08-01T11:53:15.537+0000] {dagbag.py:588} INFO - Filling up the DagBag from /opt/airflow/dags/pricescope_pipeline.py
[2026-08-01T11:53:15.556+0000] {logging_mixin.py:190} INFO - [2026-08-01T11:53:15.554+0000] {dagbag.py:484} ERROR - Failed to bag_dag: /opt/airflow/dags/pricescope_pipeline.py
Traceback (most recent call last):
  File "/home/airflow/.local/lib/python3.12/site-packages/croniter/croniter.py", line 284, in _alphaconv
    return cls.ALPHACONV[index][key]
           ~~~~~~~~~~~~~~~~~~~~^^^^^
KeyError: ''

During handling of the above exception, another exception occurred:

Traceback (most recent call last):
  File "/home/airflow/.local/lib/python3.12/site-packages/airflow/timetables/_cron.py", line 102, in validate
    croniter(self._expression)
  File "/home/airflow/.local/lib/python3.12/site-packages/croniter/croniter.py", line 271, in __init__
    self.expanded, self.nth_weekday_of_month = self.expand(
                                               ^^^^^^^^^^^^
  File "/home/airflow/.local/lib/python3.12/site-packages/croniter/croniter.py", line 1032, in expand
    return cls._expand(expr_format, hash_id=hash_id,
           ^^^^^^^^^^^^^^^^^^^^^^^^^^^^^^^^^^^^^^^^^
  File "/home/airflow/.local/lib/python3.12/site-packages/croniter/croniter.py", line 973, in _expand
    t = cls._alphaconv(i, t, expressions)
        ^^^^^^^^^^^^^^^^^^^^^^^^^^^^^^^^^
  File "/home/airflow/.local/lib/python3.12/site-packages/croniter/croniter.py", line 286, in _alphaconv
    raise CroniterNotAlphaError(
croniter.croniter.CroniterNotAlphaError: [0 6, 18 * * *] is not acceptable

During handling of the above exception, another exception occurred:

Traceback (most recent call last):
  File "/home/airflow/.local/lib/python3.12/site-packages/airflow/models/dagbag.py", line 479, in _process_modules
    dag.validate()
  File "/home/airflow/.local/lib/python3.12/site-packages/airflow/models/dag.py", line 845, in validate
    self.timetable.validate()
  File "/home/airflow/.local/lib/python3.12/site-packages/airflow/timetables/_cron.py", line 104, in validate
    raise AirflowTimetableInvalid(str(e))
airflow.exceptions.AirflowTimetableInvalid: [0 6, 18 * * *] is not acceptable
[2026-08-01T11:53:15.557+0000] {processor.py:927} WARNING - No viable dags retrieved from /opt/airflow/dags/pricescope_pipeline.py
[2026-08-01T11:53:15.575+0000] {processor.py:208} INFO - Processing /opt/airflow/dags/pricescope_pipeline.py took 0.049 seconds
[2026-08-01T11:53:45.812+0000] {processor.py:186} INFO - Started process (PID=409) to work on /opt/airflow/dags/pricescope_pipeline.py
[2026-08-01T11:53:45.814+0000] {processor.py:914} INFO - Processing file /opt/airflow/dags/pricescope_pipeline.py for tasks to queue
[2026-08-01T11:53:45.817+0000] {logging_mixin.py:190} INFO - [2026-08-01T11:53:45.817+0000] {dagbag.py:588} INFO - Filling up the DagBag from /opt/airflow/dags/pricescope_pipeline.py
[2026-08-01T11:53:45.835+0000] {logging_mixin.py:190} INFO - [2026-08-01T11:53:45.833+0000] {dagbag.py:484} ERROR - Failed to bag_dag: /opt/airflow/dags/pricescope_pipeline.py
Traceback (most recent call last):
  File "/home/airflow/.local/lib/python3.12/site-packages/croniter/croniter.py", line 284, in _alphaconv
    return cls.ALPHACONV[index][key]
           ~~~~~~~~~~~~~~~~~~~~^^^^^
KeyError: ''

During handling of the above exception, another exception occurred:

Traceback (most recent call last):
  File "/home/airflow/.local/lib/python3.12/site-packages/airflow/timetables/_cron.py", line 102, in validate
    croniter(self._expression)
  File "/home/airflow/.local/lib/python3.12/site-packages/croniter/croniter.py", line 271, in __init__
    self.expanded, self.nth_weekday_of_month = self.expand(
                                               ^^^^^^^^^^^^
  File "/home/airflow/.local/lib/python3.12/site-packages/croniter/croniter.py", line 1032, in expand
    return cls._expand(expr_format, hash_id=hash_id,
           ^^^^^^^^^^^^^^^^^^^^^^^^^^^^^^^^^^^^^^^^^
  File "/home/airflow/.local/lib/python3.12/site-packages/croniter/croniter.py", line 973, in _expand
    t = cls._alphaconv(i, t, expressions)
        ^^^^^^^^^^^^^^^^^^^^^^^^^^^^^^^^^
  File "/home/airflow/.local/lib/python3.12/site-packages/croniter/croniter.py", line 286, in _alphaconv
    raise CroniterNotAlphaError(
croniter.croniter.CroniterNotAlphaError: [0 6, 18 * * *] is not acceptable

During handling of the above exception, another exception occurred:

Traceback (most recent call last):
  File "/home/airflow/.local/lib/python3.12/site-packages/airflow/models/dagbag.py", line 479, in _process_modules
    dag.validate()
  File "/home/airflow/.local/lib/python3.12/site-packages/airflow/models/dag.py", line 845, in validate
    self.timetable.validate()
  File "/home/airflow/.local/lib/python3.12/site-packages/airflow/timetables/_cron.py", line 104, in validate
    raise AirflowTimetableInvalid(str(e))
airflow.exceptions.AirflowTimetableInvalid: [0 6, 18 * * *] is not acceptable
[2026-08-01T11:53:45.837+0000] {processor.py:927} WARNING - No viable dags retrieved from /opt/airflow/dags/pricescope_pipeline.py
[2026-08-01T11:53:45.851+0000] {processor.py:208} INFO - Processing /opt/airflow/dags/pricescope_pipeline.py took 0.044 seconds
[2026-08-01T11:54:16.098+0000] {processor.py:186} INFO - Started process (PID=416) to work on /opt/airflow/dags/pricescope_pipeline.py
[2026-08-01T11:54:16.100+0000] {processor.py:914} INFO - Processing file /opt/airflow/dags/pricescope_pipeline.py for tasks to queue
[2026-08-01T11:54:16.103+0000] {logging_mixin.py:190} INFO - [2026-08-01T11:54:16.103+0000] {dagbag.py:588} INFO - Filling up the DagBag from /opt/airflow/dags/pricescope_pipeline.py
[2026-08-01T11:54:16.127+0000] {logging_mixin.py:190} INFO - [2026-08-01T11:54:16.125+0000] {dagbag.py:484} ERROR - Failed to bag_dag: /opt/airflow/dags/pricescope_pipeline.py
Traceback (most recent call last):
  File "/home/airflow/.local/lib/python3.12/site-packages/croniter/croniter.py", line 284, in _alphaconv
    return cls.ALPHACONV[index][key]
           ~~~~~~~~~~~~~~~~~~~~^^^^^
KeyError: ''

During handling of the above exception, another exception occurred:

Traceback (most recent call last):
  File "/home/airflow/.local/lib/python3.12/site-packages/airflow/timetables/_cron.py", line 102, in validate
    croniter(self._expression)
  File "/home/airflow/.local/lib/python3.12/site-packages/croniter/croniter.py", line 271, in __init__
    self.expanded, self.nth_weekday_of_month = self.expand(
                                               ^^^^^^^^^^^^
  File "/home/airflow/.local/lib/python3.12/site-packages/croniter/croniter.py", line 1032, in expand
    return cls._expand(expr_format, hash_id=hash_id,
           ^^^^^^^^^^^^^^^^^^^^^^^^^^^^^^^^^^^^^^^^^
  File "/home/airflow/.local/lib/python3.12/site-packages/croniter/croniter.py", line 973, in _expand
    t = cls._alphaconv(i, t, expressions)
        ^^^^^^^^^^^^^^^^^^^^^^^^^^^^^^^^^
  File "/home/airflow/.local/lib/python3.12/site-packages/croniter/croniter.py", line 286, in _alphaconv
    raise CroniterNotAlphaError(
croniter.croniter.CroniterNotAlphaError: [0 6, 18 * * *] is not acceptable

During handling of the above exception, another exception occurred:

Traceback (most recent call last):
  File "/home/airflow/.local/lib/python3.12/site-packages/airflow/models/dagbag.py", line 479, in _process_modules
    dag.validate()
  File "/home/airflow/.local/lib/python3.12/site-packages/airflow/models/dag.py", line 845, in validate
    self.timetable.validate()
  File "/home/airflow/.local/lib/python3.12/site-packages/airflow/timetables/_cron.py", line 104, in validate
    raise AirflowTimetableInvalid(str(e))
airflow.exceptions.AirflowTimetableInvalid: [0 6, 18 * * *] is not acceptable
[2026-08-01T11:54:16.132+0000] {processor.py:927} WARNING - No viable dags retrieved from /opt/airflow/dags/pricescope_pipeline.py
[2026-08-01T11:54:16.155+0000] {processor.py:208} INFO - Processing /opt/airflow/dags/pricescope_pipeline.py took 0.062 seconds
[2026-08-01T11:54:46.380+0000] {processor.py:186} INFO - Started process (PID=423) to work on /opt/airflow/dags/pricescope_pipeline.py
[2026-08-01T11:54:46.381+0000] {processor.py:914} INFO - Processing file /opt/airflow/dags/pricescope_pipeline.py for tasks to queue
[2026-08-01T11:54:46.384+0000] {logging_mixin.py:190} INFO - [2026-08-01T11:54:46.384+0000] {dagbag.py:588} INFO - Filling up the DagBag from /opt/airflow/dags/pricescope_pipeline.py
[2026-08-01T11:54:46.404+0000] {logging_mixin.py:190} INFO - [2026-08-01T11:54:46.402+0000] {dagbag.py:484} ERROR - Failed to bag_dag: /opt/airflow/dags/pricescope_pipeline.py
Traceback (most recent call last):
  File "/home/airflow/.local/lib/python3.12/site-packages/croniter/croniter.py", line 284, in _alphaconv
    return cls.ALPHACONV[index][key]
           ~~~~~~~~~~~~~~~~~~~~^^^^^
KeyError: ''

During handling of the above exception, another exception occurred:

Traceback (most recent call last):
  File "/home/airflow/.local/lib/python3.12/site-packages/airflow/timetables/_cron.py", line 102, in validate
    croniter(self._expression)
  File "/home/airflow/.local/lib/python3.12/site-packages/croniter/croniter.py", line 271, in __init__
    self.expanded, self.nth_weekday_of_month = self.expand(
                                               ^^^^^^^^^^^^
  File "/home/airflow/.local/lib/python3.12/site-packages/croniter/croniter.py", line 1032, in expand
    return cls._expand(expr_format, hash_id=hash_id,
           ^^^^^^^^^^^^^^^^^^^^^^^^^^^^^^^^^^^^^^^^^
  File "/home/airflow/.local/lib/python3.12/site-packages/croniter/croniter.py", line 973, in _expand
    t = cls._alphaconv(i, t, expressions)
        ^^^^^^^^^^^^^^^^^^^^^^^^^^^^^^^^^
  File "/home/airflow/.local/lib/python3.12/site-packages/croniter/croniter.py", line 286, in _alphaconv
    raise CroniterNotAlphaError(
croniter.croniter.CroniterNotAlphaError: [0 6, 18 * * *] is not acceptable

During handling of the above exception, another exception occurred:

Traceback (most recent call last):
  File "/home/airflow/.local/lib/python3.12/site-packages/airflow/models/dagbag.py", line 479, in _process_modules
    dag.validate()
  File "/home/airflow/.local/lib/python3.12/site-packages/airflow/models/dag.py", line 845, in validate
    self.timetable.validate()
  File "/home/airflow/.local/lib/python3.12/site-packages/airflow/timetables/_cron.py", line 104, in validate
    raise AirflowTimetableInvalid(str(e))
airflow.exceptions.AirflowTimetableInvalid: [0 6, 18 * * *] is not acceptable
[2026-08-01T11:54:46.405+0000] {processor.py:927} WARNING - No viable dags retrieved from /opt/airflow/dags/pricescope_pipeline.py
[2026-08-01T11:54:46.422+0000] {processor.py:208} INFO - Processing /opt/airflow/dags/pricescope_pipeline.py took 0.048 seconds
[2026-08-01T11:55:16.660+0000] {processor.py:186} INFO - Started process (PID=430) to work on /opt/airflow/dags/pricescope_pipeline.py
[2026-08-01T11:55:16.661+0000] {processor.py:914} INFO - Processing file /opt/airflow/dags/pricescope_pipeline.py for tasks to queue
[2026-08-01T11:55:16.666+0000] {logging_mixin.py:190} INFO - [2026-08-01T11:55:16.665+0000] {dagbag.py:588} INFO - Filling up the DagBag from /opt/airflow/dags/pricescope_pipeline.py
[2026-08-01T11:55:16.683+0000] {logging_mixin.py:190} INFO - [2026-08-01T11:55:16.681+0000] {dagbag.py:484} ERROR - Failed to bag_dag: /opt/airflow/dags/pricescope_pipeline.py
Traceback (most recent call last):
  File "/home/airflow/.local/lib/python3.12/site-packages/croniter/croniter.py", line 284, in _alphaconv
    return cls.ALPHACONV[index][key]
           ~~~~~~~~~~~~~~~~~~~~^^^^^
KeyError: ''

During handling of the above exception, another exception occurred:

Traceback (most recent call last):
  File "/home/airflow/.local/lib/python3.12/site-packages/airflow/timetables/_cron.py", line 102, in validate
    croniter(self._expression)
  File "/home/airflow/.local/lib/python3.12/site-packages/croniter/croniter.py", line 271, in __init__
    self.expanded, self.nth_weekday_of_month = self.expand(
                                               ^^^^^^^^^^^^
  File "/home/airflow/.local/lib/python3.12/site-packages/croniter/croniter.py", line 1032, in expand
    return cls._expand(expr_format, hash_id=hash_id,
           ^^^^^^^^^^^^^^^^^^^^^^^^^^^^^^^^^^^^^^^^^
  File "/home/airflow/.local/lib/python3.12/site-packages/croniter/croniter.py", line 973, in _expand
    t = cls._alphaconv(i, t, expressions)
        ^^^^^^^^^^^^^^^^^^^^^^^^^^^^^^^^^
  File "/home/airflow/.local/lib/python3.12/site-packages/croniter/croniter.py", line 286, in _alphaconv
    raise CroniterNotAlphaError(
croniter.croniter.CroniterNotAlphaError: [0 6, 18 * * *] is not acceptable

During handling of the above exception, another exception occurred:

Traceback (most recent call last):
  File "/home/airflow/.local/lib/python3.12/site-packages/airflow/models/dagbag.py", line 479, in _process_modules
    dag.validate()
  File "/home/airflow/.local/lib/python3.12/site-packages/airflow/models/dag.py", line 845, in validate
    self.timetable.validate()
  File "/home/airflow/.local/lib/python3.12/site-packages/airflow/timetables/_cron.py", line 104, in validate
    raise AirflowTimetableInvalid(str(e))
airflow.exceptions.AirflowTimetableInvalid: [0 6, 18 * * *] is not acceptable
[2026-08-01T11:55:16.684+0000] {processor.py:927} WARNING - No viable dags retrieved from /opt/airflow/dags/pricescope_pipeline.py
[2026-08-01T11:55:16.700+0000] {processor.py:208} INFO - Processing /opt/airflow/dags/pricescope_pipeline.py took 0.044 seconds
[2026-08-01T11:55:46.919+0000] {processor.py:186} INFO - Started process (PID=437) to work on /opt/airflow/dags/pricescope_pipeline.py
[2026-08-01T11:55:46.921+0000] {processor.py:914} INFO - Processing file /opt/airflow/dags/pricescope_pipeline.py for tasks to queue
[2026-08-01T11:55:46.924+0000] {logging_mixin.py:190} INFO - [2026-08-01T11:55:46.924+0000] {dagbag.py:588} INFO - Filling up the DagBag from /opt/airflow/dags/pricescope_pipeline.py
[2026-08-01T11:55:46.943+0000] {logging_mixin.py:190} INFO - [2026-08-01T11:55:46.941+0000] {dagbag.py:484} ERROR - Failed to bag_dag: /opt/airflow/dags/pricescope_pipeline.py
Traceback (most recent call last):
  File "/home/airflow/.local/lib/python3.12/site-packages/croniter/croniter.py", line 284, in _alphaconv
    return cls.ALPHACONV[index][key]
           ~~~~~~~~~~~~~~~~~~~~^^^^^
KeyError: ''

During handling of the above exception, another exception occurred:

Traceback (most recent call last):
  File "/home/airflow/.local/lib/python3.12/site-packages/airflow/timetables/_cron.py", line 102, in validate
    croniter(self._expression)
  File "/home/airflow/.local/lib/python3.12/site-packages/croniter/croniter.py", line 271, in __init__
    self.expanded, self.nth_weekday_of_month = self.expand(
                                               ^^^^^^^^^^^^
  File "/home/airflow/.local/lib/python3.12/site-packages/croniter/croniter.py", line 1032, in expand
    return cls._expand(expr_format, hash_id=hash_id,
           ^^^^^^^^^^^^^^^^^^^^^^^^^^^^^^^^^^^^^^^^^
  File "/home/airflow/.local/lib/python3.12/site-packages/croniter/croniter.py", line 973, in _expand
    t = cls._alphaconv(i, t, expressions)
        ^^^^^^^^^^^^^^^^^^^^^^^^^^^^^^^^^
  File "/home/airflow/.local/lib/python3.12/site-packages/croniter/croniter.py", line 286, in _alphaconv
    raise CroniterNotAlphaError(
croniter.croniter.CroniterNotAlphaError: [0 6, 18 * * *] is not acceptable

During handling of the above exception, another exception occurred:

Traceback (most recent call last):
  File "/home/airflow/.local/lib/python3.12/site-packages/airflow/models/dagbag.py", line 479, in _process_modules
    dag.validate()
  File "/home/airflow/.local/lib/python3.12/site-packages/airflow/models/dag.py", line 845, in validate
    self.timetable.validate()
  File "/home/airflow/.local/lib/python3.12/site-packages/airflow/timetables/_cron.py", line 104, in validate
    raise AirflowTimetableInvalid(str(e))
airflow.exceptions.AirflowTimetableInvalid: [0 6, 18 * * *] is not acceptable
[2026-08-01T11:55:46.945+0000] {processor.py:927} WARNING - No viable dags retrieved from /opt/airflow/dags/pricescope_pipeline.py
[2026-08-01T11:55:46.960+0000] {processor.py:208} INFO - Processing /opt/airflow/dags/pricescope_pipeline.py took 0.045 seconds
[2026-08-01T11:56:17.258+0000] {processor.py:186} INFO - Started process (PID=444) to work on /opt/airflow/dags/pricescope_pipeline.py
[2026-08-01T11:56:17.260+0000] {processor.py:914} INFO - Processing file /opt/airflow/dags/pricescope_pipeline.py for tasks to queue
[2026-08-01T11:56:17.266+0000] {logging_mixin.py:190} INFO - [2026-08-01T11:56:17.265+0000] {dagbag.py:588} INFO - Filling up the DagBag from /opt/airflow/dags/pricescope_pipeline.py
[2026-08-01T11:56:17.300+0000] {logging_mixin.py:190} INFO - [2026-08-01T11:56:17.297+0000] {dagbag.py:484} ERROR - Failed to bag_dag: /opt/airflow/dags/pricescope_pipeline.py
Traceback (most recent call last):
  File "/home/airflow/.local/lib/python3.12/site-packages/croniter/croniter.py", line 284, in _alphaconv
    return cls.ALPHACONV[index][key]
           ~~~~~~~~~~~~~~~~~~~~^^^^^
KeyError: ''

During handling of the above exception, another exception occurred:

Traceback (most recent call last):
  File "/home/airflow/.local/lib/python3.12/site-packages/airflow/timetables/_cron.py", line 102, in validate
    croniter(self._expression)
  File "/home/airflow/.local/lib/python3.12/site-packages/croniter/croniter.py", line 271, in __init__
    self.expanded, self.nth_weekday_of_month = self.expand(
                                               ^^^^^^^^^^^^
  File "/home/airflow/.local/lib/python3.12/site-packages/croniter/croniter.py", line 1032, in expand
    return cls._expand(expr_format, hash_id=hash_id,
           ^^^^^^^^^^^^^^^^^^^^^^^^^^^^^^^^^^^^^^^^^
  File "/home/airflow/.local/lib/python3.12/site-packages/croniter/croniter.py", line 973, in _expand
    t = cls._alphaconv(i, t, expressions)
        ^^^^^^^^^^^^^^^^^^^^^^^^^^^^^^^^^
  File "/home/airflow/.local/lib/python3.12/site-packages/croniter/croniter.py", line 286, in _alphaconv
    raise CroniterNotAlphaError(
croniter.croniter.CroniterNotAlphaError: [0 6, 18 * * *] is not acceptable

During handling of the above exception, another exception occurred:

Traceback (most recent call last):
  File "/home/airflow/.local/lib/python3.12/site-packages/airflow/models/dagbag.py", line 479, in _process_modules
    dag.validate()
  File "/home/airflow/.local/lib/python3.12/site-packages/airflow/models/dag.py", line 845, in validate
    self.timetable.validate()
  File "/home/airflow/.local/lib/python3.12/site-packages/airflow/timetables/_cron.py", line 104, in validate
    raise AirflowTimetableInvalid(str(e))
airflow.exceptions.AirflowTimetableInvalid: [0 6, 18 * * *] is not acceptable
[2026-08-01T11:56:17.301+0000] {processor.py:927} WARNING - No viable dags retrieved from /opt/airflow/dags/pricescope_pipeline.py
[2026-08-01T11:56:17.326+0000] {processor.py:208} INFO - Processing /opt/airflow/dags/pricescope_pipeline.py took 0.075 seconds
[2026-08-01T11:56:47.549+0000] {processor.py:186} INFO - Started process (PID=451) to work on /opt/airflow/dags/pricescope_pipeline.py
[2026-08-01T11:56:47.551+0000] {processor.py:914} INFO - Processing file /opt/airflow/dags/pricescope_pipeline.py for tasks to queue
[2026-08-01T11:56:47.555+0000] {logging_mixin.py:190} INFO - [2026-08-01T11:56:47.555+0000] {dagbag.py:588} INFO - Filling up the DagBag from /opt/airflow/dags/pricescope_pipeline.py
[2026-08-01T11:56:47.590+0000] {logging_mixin.py:190} INFO - [2026-08-01T11:56:47.584+0000] {dagbag.py:484} ERROR - Failed to bag_dag: /opt/airflow/dags/pricescope_pipeline.py
Traceback (most recent call last):
  File "/home/airflow/.local/lib/python3.12/site-packages/croniter/croniter.py", line 284, in _alphaconv
    return cls.ALPHACONV[index][key]
           ~~~~~~~~~~~~~~~~~~~~^^^^^
KeyError: ''

During handling of the above exception, another exception occurred:

Traceback (most recent call last):
  File "/home/airflow/.local/lib/python3.12/site-packages/airflow/timetables/_cron.py", line 102, in validate
    croniter(self._expression)
  File "/home/airflow/.local/lib/python3.12/site-packages/croniter/croniter.py", line 271, in __init__
    self.expanded, self.nth_weekday_of_month = self.expand(
                                               ^^^^^^^^^^^^
  File "/home/airflow/.local/lib/python3.12/site-packages/croniter/croniter.py", line 1032, in expand
    return cls._expand(expr_format, hash_id=hash_id,
           ^^^^^^^^^^^^^^^^^^^^^^^^^^^^^^^^^^^^^^^^^
  File "/home/airflow/.local/lib/python3.12/site-packages/croniter/croniter.py", line 973, in _expand
    t = cls._alphaconv(i, t, expressions)
        ^^^^^^^^^^^^^^^^^^^^^^^^^^^^^^^^^
  File "/home/airflow/.local/lib/python3.12/site-packages/croniter/croniter.py", line 286, in _alphaconv
    raise CroniterNotAlphaError(
croniter.croniter.CroniterNotAlphaError: [0 6, 18 * * *] is not acceptable

During handling of the above exception, another exception occurred:

Traceback (most recent call last):
  File "/home/airflow/.local/lib/python3.12/site-packages/airflow/models/dagbag.py", line 479, in _process_modules
    dag.validate()
  File "/home/airflow/.local/lib/python3.12/site-packages/airflow/models/dag.py", line 845, in validate
    self.timetable.validate()
  File "/home/airflow/.local/lib/python3.12/site-packages/airflow/timetables/_cron.py", line 104, in validate
    raise AirflowTimetableInvalid(str(e))
airflow.exceptions.AirflowTimetableInvalid: [0 6, 18 * * *] is not acceptable
[2026-08-01T11:56:47.592+0000] {processor.py:927} WARNING - No viable dags retrieved from /opt/airflow/dags/pricescope_pipeline.py
[2026-08-01T11:56:47.613+0000] {processor.py:208} INFO - Processing /opt/airflow/dags/pricescope_pipeline.py took 0.068 seconds
[2026-08-01T11:57:17.834+0000] {processor.py:186} INFO - Started process (PID=458) to work on /opt/airflow/dags/pricescope_pipeline.py
[2026-08-01T11:57:17.835+0000] {processor.py:914} INFO - Processing file /opt/airflow/dags/pricescope_pipeline.py for tasks to queue
[2026-08-01T11:57:17.838+0000] {logging_mixin.py:190} INFO - [2026-08-01T11:57:17.838+0000] {dagbag.py:588} INFO - Filling up the DagBag from /opt/airflow/dags/pricescope_pipeline.py
[2026-08-01T11:57:17.866+0000] {logging_mixin.py:190} INFO - [2026-08-01T11:57:17.864+0000] {dagbag.py:484} ERROR - Failed to bag_dag: /opt/airflow/dags/pricescope_pipeline.py
Traceback (most recent call last):
  File "/home/airflow/.local/lib/python3.12/site-packages/croniter/croniter.py", line 284, in _alphaconv
    return cls.ALPHACONV[index][key]
           ~~~~~~~~~~~~~~~~~~~~^^^^^
KeyError: ''

During handling of the above exception, another exception occurred:

Traceback (most recent call last):
  File "/home/airflow/.local/lib/python3.12/site-packages/airflow/timetables/_cron.py", line 102, in validate
    croniter(self._expression)
  File "/home/airflow/.local/lib/python3.12/site-packages/croniter/croniter.py", line 271, in __init__
    self.expanded, self.nth_weekday_of_month = self.expand(
                                               ^^^^^^^^^^^^
  File "/home/airflow/.local/lib/python3.12/site-packages/croniter/croniter.py", line 1032, in expand
    return cls._expand(expr_format, hash_id=hash_id,
           ^^^^^^^^^^^^^^^^^^^^^^^^^^^^^^^^^^^^^^^^^
  File "/home/airflow/.local/lib/python3.12/site-packages/croniter/croniter.py", line 973, in _expand
    t = cls._alphaconv(i, t, expressions)
        ^^^^^^^^^^^^^^^^^^^^^^^^^^^^^^^^^
  File "/home/airflow/.local/lib/python3.12/site-packages/croniter/croniter.py", line 286, in _alphaconv
    raise CroniterNotAlphaError(
croniter.croniter.CroniterNotAlphaError: [0 6, 18 * * *] is not acceptable

During handling of the above exception, another exception occurred:

Traceback (most recent call last):
  File "/home/airflow/.local/lib/python3.12/site-packages/airflow/models/dagbag.py", line 479, in _process_modules
    dag.validate()
  File "/home/airflow/.local/lib/python3.12/site-packages/airflow/models/dag.py", line 845, in validate
    self.timetable.validate()
  File "/home/airflow/.local/lib/python3.12/site-packages/airflow/timetables/_cron.py", line 104, in validate
    raise AirflowTimetableInvalid(str(e))
airflow.exceptions.AirflowTimetableInvalid: [0 6, 18 * * *] is not acceptable
[2026-08-01T11:57:17.868+0000] {processor.py:927} WARNING - No viable dags retrieved from /opt/airflow/dags/pricescope_pipeline.py
[2026-08-01T11:57:17.883+0000] {processor.py:208} INFO - Processing /opt/airflow/dags/pricescope_pipeline.py took 0.054 seconds
[2026-08-01T11:57:48.132+0000] {processor.py:186} INFO - Started process (PID=465) to work on /opt/airflow/dags/pricescope_pipeline.py
[2026-08-01T11:57:48.134+0000] {processor.py:914} INFO - Processing file /opt/airflow/dags/pricescope_pipeline.py for tasks to queue
[2026-08-01T11:57:48.138+0000] {logging_mixin.py:190} INFO - [2026-08-01T11:57:48.137+0000] {dagbag.py:588} INFO - Filling up the DagBag from /opt/airflow/dags/pricescope_pipeline.py
[2026-08-01T11:57:48.158+0000] {logging_mixin.py:190} INFO - [2026-08-01T11:57:48.156+0000] {dagbag.py:484} ERROR - Failed to bag_dag: /opt/airflow/dags/pricescope_pipeline.py
Traceback (most recent call last):
  File "/home/airflow/.local/lib/python3.12/site-packages/croniter/croniter.py", line 284, in _alphaconv
    return cls.ALPHACONV[index][key]
           ~~~~~~~~~~~~~~~~~~~~^^^^^
KeyError: ''

During handling of the above exception, another exception occurred:

Traceback (most recent call last):
  File "/home/airflow/.local/lib/python3.12/site-packages/airflow/timetables/_cron.py", line 102, in validate
    croniter(self._expression)
  File "/home/airflow/.local/lib/python3.12/site-packages/croniter/croniter.py", line 271, in __init__
    self.expanded, self.nth_weekday_of_month = self.expand(
                                               ^^^^^^^^^^^^
  File "/home/airflow/.local/lib/python3.12/site-packages/croniter/croniter.py", line 1032, in expand
    return cls._expand(expr_format, hash_id=hash_id,
           ^^^^^^^^^^^^^^^^^^^^^^^^^^^^^^^^^^^^^^^^^
  File "/home/airflow/.local/lib/python3.12/site-packages/croniter/croniter.py", line 973, in _expand
    t = cls._alphaconv(i, t, expressions)
        ^^^^^^^^^^^^^^^^^^^^^^^^^^^^^^^^^
  File "/home/airflow/.local/lib/python3.12/site-packages/croniter/croniter.py", line 286, in _alphaconv
    raise CroniterNotAlphaError(
croniter.croniter.CroniterNotAlphaError: [0 6, 18 * * *] is not acceptable

During handling of the above exception, another exception occurred:

Traceback (most recent call last):
  File "/home/airflow/.local/lib/python3.12/site-packages/airflow/models/dagbag.py", line 479, in _process_modules
    dag.validate()
  File "/home/airflow/.local/lib/python3.12/site-packages/airflow/models/dag.py", line 845, in validate
    self.timetable.validate()
  File "/home/airflow/.local/lib/python3.12/site-packages/airflow/timetables/_cron.py", line 104, in validate
    raise AirflowTimetableInvalid(str(e))
airflow.exceptions.AirflowTimetableInvalid: [0 6, 18 * * *] is not acceptable
[2026-08-01T11:57:48.160+0000] {processor.py:927} WARNING - No viable dags retrieved from /opt/airflow/dags/pricescope_pipeline.py
[2026-08-01T11:57:48.175+0000] {processor.py:208} INFO - Processing /opt/airflow/dags/pricescope_pipeline.py took 0.048 seconds
[2026-08-01T11:58:18.435+0000] {processor.py:186} INFO - Started process (PID=472) to work on /opt/airflow/dags/pricescope_pipeline.py
[2026-08-01T11:58:18.437+0000] {processor.py:914} INFO - Processing file /opt/airflow/dags/pricescope_pipeline.py for tasks to queue
[2026-08-01T11:58:18.440+0000] {logging_mixin.py:190} INFO - [2026-08-01T11:58:18.440+0000] {dagbag.py:588} INFO - Filling up the DagBag from /opt/airflow/dags/pricescope_pipeline.py
[2026-08-01T11:58:18.461+0000] {logging_mixin.py:190} INFO - [2026-08-01T11:58:18.459+0000] {dagbag.py:484} ERROR - Failed to bag_dag: /opt/airflow/dags/pricescope_pipeline.py
Traceback (most recent call last):
  File "/home/airflow/.local/lib/python3.12/site-packages/croniter/croniter.py", line 284, in _alphaconv
    return cls.ALPHACONV[index][key]
           ~~~~~~~~~~~~~~~~~~~~^^^^^
KeyError: ''

During handling of the above exception, another exception occurred:

Traceback (most recent call last):
  File "/home/airflow/.local/lib/python3.12/site-packages/airflow/timetables/_cron.py", line 102, in validate
    croniter(self._expression)
  File "/home/airflow/.local/lib/python3.12/site-packages/croniter/croniter.py", line 271, in __init__
    self.expanded, self.nth_weekday_of_month = self.expand(
                                               ^^^^^^^^^^^^
  File "/home/airflow/.local/lib/python3.12/site-packages/croniter/croniter.py", line 1032, in expand
    return cls._expand(expr_format, hash_id=hash_id,
           ^^^^^^^^^^^^^^^^^^^^^^^^^^^^^^^^^^^^^^^^^
  File "/home/airflow/.local/lib/python3.12/site-packages/croniter/croniter.py", line 973, in _expand
    t = cls._alphaconv(i, t, expressions)
        ^^^^^^^^^^^^^^^^^^^^^^^^^^^^^^^^^
  File "/home/airflow/.local/lib/python3.12/site-packages/croniter/croniter.py", line 286, in _alphaconv
    raise CroniterNotAlphaError(
croniter.croniter.CroniterNotAlphaError: [0 6, 18 * * *] is not acceptable

During handling of the above exception, another exception occurred:

Traceback (most recent call last):
  File "/home/airflow/.local/lib/python3.12/site-packages/airflow/models/dagbag.py", line 479, in _process_modules
    dag.validate()
  File "/home/airflow/.local/lib/python3.12/site-packages/airflow/models/dag.py", line 845, in validate
    self.timetable.validate()
  File "/home/airflow/.local/lib/python3.12/site-packages/airflow/timetables/_cron.py", line 104, in validate
    raise AirflowTimetableInvalid(str(e))
airflow.exceptions.AirflowTimetableInvalid: [0 6, 18 * * *] is not acceptable
[2026-08-01T11:58:18.462+0000] {processor.py:927} WARNING - No viable dags retrieved from /opt/airflow/dags/pricescope_pipeline.py
[2026-08-01T11:58:18.478+0000] {processor.py:208} INFO - Processing /opt/airflow/dags/pricescope_pipeline.py took 0.049 seconds
[2026-08-01T11:58:48.745+0000] {processor.py:186} INFO - Started process (PID=480) to work on /opt/airflow/dags/pricescope_pipeline.py
[2026-08-01T11:58:48.747+0000] {processor.py:914} INFO - Processing file /opt/airflow/dags/pricescope_pipeline.py for tasks to queue
[2026-08-01T11:58:48.750+0000] {logging_mixin.py:190} INFO - [2026-08-01T11:58:48.750+0000] {dagbag.py:588} INFO - Filling up the DagBag from /opt/airflow/dags/pricescope_pipeline.py
[2026-08-01T11:58:48.778+0000] {logging_mixin.py:190} INFO - [2026-08-01T11:58:48.774+0000] {dagbag.py:484} ERROR - Failed to bag_dag: /opt/airflow/dags/pricescope_pipeline.py
Traceback (most recent call last):
  File "/home/airflow/.local/lib/python3.12/site-packages/croniter/croniter.py", line 284, in _alphaconv
    return cls.ALPHACONV[index][key]
           ~~~~~~~~~~~~~~~~~~~~^^^^^
KeyError: ''

During handling of the above exception, another exception occurred:

Traceback (most recent call last):
  File "/home/airflow/.local/lib/python3.12/site-packages/airflow/timetables/_cron.py", line 102, in validate
    croniter(self._expression)
  File "/home/airflow/.local/lib/python3.12/site-packages/croniter/croniter.py", line 271, in __init__
    self.expanded, self.nth_weekday_of_month = self.expand(
                                               ^^^^^^^^^^^^
  File "/home/airflow/.local/lib/python3.12/site-packages/croniter/croniter.py", line 1032, in expand
    return cls._expand(expr_format, hash_id=hash_id,
           ^^^^^^^^^^^^^^^^^^^^^^^^^^^^^^^^^^^^^^^^^
  File "/home/airflow/.local/lib/python3.12/site-packages/croniter/croniter.py", line 973, in _expand
    t = cls._alphaconv(i, t, expressions)
        ^^^^^^^^^^^^^^^^^^^^^^^^^^^^^^^^^
  File "/home/airflow/.local/lib/python3.12/site-packages/croniter/croniter.py", line 286, in _alphaconv
    raise CroniterNotAlphaError(
croniter.croniter.CroniterNotAlphaError: [0 6, 18 * * *] is not acceptable

During handling of the above exception, another exception occurred:

Traceback (most recent call last):
  File "/home/airflow/.local/lib/python3.12/site-packages/airflow/models/dagbag.py", line 479, in _process_modules
    dag.validate()
  File "/home/airflow/.local/lib/python3.12/site-packages/airflow/models/dag.py", line 845, in validate
    self.timetable.validate()
  File "/home/airflow/.local/lib/python3.12/site-packages/airflow/timetables/_cron.py", line 104, in validate
    raise AirflowTimetableInvalid(str(e))
airflow.exceptions.AirflowTimetableInvalid: [0 6, 18 * * *] is not acceptable
[2026-08-01T11:58:48.780+0000] {processor.py:927} WARNING - No viable dags retrieved from /opt/airflow/dags/pricescope_pipeline.py
[2026-08-01T11:58:48.803+0000] {processor.py:208} INFO - Processing /opt/airflow/dags/pricescope_pipeline.py took 0.064 seconds
[2026-08-01T11:59:19.048+0000] {processor.py:186} INFO - Started process (PID=487) to work on /opt/airflow/dags/pricescope_pipeline.py
[2026-08-01T11:59:19.050+0000] {processor.py:914} INFO - Processing file /opt/airflow/dags/pricescope_pipeline.py for tasks to queue
[2026-08-01T11:59:19.056+0000] {logging_mixin.py:190} INFO - [2026-08-01T11:59:19.055+0000] {dagbag.py:588} INFO - Filling up the DagBag from /opt/airflow/dags/pricescope_pipeline.py
[2026-08-01T11:59:19.079+0000] {logging_mixin.py:190} INFO - [2026-08-01T11:59:19.077+0000] {dagbag.py:484} ERROR - Failed to bag_dag: /opt/airflow/dags/pricescope_pipeline.py
Traceback (most recent call last):
  File "/home/airflow/.local/lib/python3.12/site-packages/croniter/croniter.py", line 284, in _alphaconv
    return cls.ALPHACONV[index][key]
           ~~~~~~~~~~~~~~~~~~~~^^^^^
KeyError: ''

During handling of the above exception, another exception occurred:

Traceback (most recent call last):
  File "/home/airflow/.local/lib/python3.12/site-packages/airflow/timetables/_cron.py", line 102, in validate
    croniter(self._expression)
  File "/home/airflow/.local/lib/python3.12/site-packages/croniter/croniter.py", line 271, in __init__
    self.expanded, self.nth_weekday_of_month = self.expand(
                                               ^^^^^^^^^^^^
  File "/home/airflow/.local/lib/python3.12/site-packages/croniter/croniter.py", line 1032, in expand
    return cls._expand(expr_format, hash_id=hash_id,
           ^^^^^^^^^^^^^^^^^^^^^^^^^^^^^^^^^^^^^^^^^
  File "/home/airflow/.local/lib/python3.12/site-packages/croniter/croniter.py", line 973, in _expand
    t = cls._alphaconv(i, t, expressions)
        ^^^^^^^^^^^^^^^^^^^^^^^^^^^^^^^^^
  File "/home/airflow/.local/lib/python3.12/site-packages/croniter/croniter.py", line 286, in _alphaconv
    raise CroniterNotAlphaError(
croniter.croniter.CroniterNotAlphaError: [0 6, 18 * * *] is not acceptable

During handling of the above exception, another exception occurred:

Traceback (most recent call last):
  File "/home/airflow/.local/lib/python3.12/site-packages/airflow/models/dagbag.py", line 479, in _process_modules
    dag.validate()
  File "/home/airflow/.local/lib/python3.12/site-packages/airflow/models/dag.py", line 845, in validate
    self.timetable.validate()
  File "/home/airflow/.local/lib/python3.12/site-packages/airflow/timetables/_cron.py", line 104, in validate
    raise AirflowTimetableInvalid(str(e))
airflow.exceptions.AirflowTimetableInvalid: [0 6, 18 * * *] is not acceptable
[2026-08-01T11:59:19.080+0000] {processor.py:927} WARNING - No viable dags retrieved from /opt/airflow/dags/pricescope_pipeline.py
[2026-08-01T11:59:19.096+0000] {processor.py:208} INFO - Processing /opt/airflow/dags/pricescope_pipeline.py took 0.053 seconds
[2026-08-01T11:59:49.320+0000] {processor.py:186} INFO - Started process (PID=494) to work on /opt/airflow/dags/pricescope_pipeline.py
[2026-08-01T11:59:49.322+0000] {processor.py:914} INFO - Processing file /opt/airflow/dags/pricescope_pipeline.py for tasks to queue
[2026-08-01T11:59:49.327+0000] {logging_mixin.py:190} INFO - [2026-08-01T11:59:49.327+0000] {dagbag.py:588} INFO - Filling up the DagBag from /opt/airflow/dags/pricescope_pipeline.py
[2026-08-01T11:59:49.353+0000] {logging_mixin.py:190} INFO - [2026-08-01T11:59:49.350+0000] {dagbag.py:484} ERROR - Failed to bag_dag: /opt/airflow/dags/pricescope_pipeline.py
Traceback (most recent call last):
  File "/home/airflow/.local/lib/python3.12/site-packages/croniter/croniter.py", line 284, in _alphaconv
    return cls.ALPHACONV[index][key]
           ~~~~~~~~~~~~~~~~~~~~^^^^^
KeyError: ''

During handling of the above exception, another exception occurred:

Traceback (most recent call last):
  File "/home/airflow/.local/lib/python3.12/site-packages/airflow/timetables/_cron.py", line 102, in validate
    croniter(self._expression)
  File "/home/airflow/.local/lib/python3.12/site-packages/croniter/croniter.py", line 271, in __init__
    self.expanded, self.nth_weekday_of_month = self.expand(
                                               ^^^^^^^^^^^^
  File "/home/airflow/.local/lib/python3.12/site-packages/croniter/croniter.py", line 1032, in expand
    return cls._expand(expr_format, hash_id=hash_id,
           ^^^^^^^^^^^^^^^^^^^^^^^^^^^^^^^^^^^^^^^^^
  File "/home/airflow/.local/lib/python3.12/site-packages/croniter/croniter.py", line 973, in _expand
    t = cls._alphaconv(i, t, expressions)
        ^^^^^^^^^^^^^^^^^^^^^^^^^^^^^^^^^
  File "/home/airflow/.local/lib/python3.12/site-packages/croniter/croniter.py", line 286, in _alphaconv
    raise CroniterNotAlphaError(
croniter.croniter.CroniterNotAlphaError: [0 6, 18 * * *] is not acceptable

During handling of the above exception, another exception occurred:

Traceback (most recent call last):
  File "/home/airflow/.local/lib/python3.12/site-packages/airflow/models/dagbag.py", line 479, in _process_modules
    dag.validate()
  File "/home/airflow/.local/lib/python3.12/site-packages/airflow/models/dag.py", line 845, in validate
    self.timetable.validate()
  File "/home/airflow/.local/lib/python3.12/site-packages/airflow/timetables/_cron.py", line 104, in validate
    raise AirflowTimetableInvalid(str(e))
airflow.exceptions.AirflowTimetableInvalid: [0 6, 18 * * *] is not acceptable
[2026-08-01T11:59:49.355+0000] {processor.py:927} WARNING - No viable dags retrieved from /opt/airflow/dags/pricescope_pipeline.py
[2026-08-01T11:59:49.375+0000] {processor.py:208} INFO - Processing /opt/airflow/dags/pricescope_pipeline.py took 0.059 seconds
[2026-08-01T12:00:19.635+0000] {processor.py:186} INFO - Started process (PID=501) to work on /opt/airflow/dags/pricescope_pipeline.py
[2026-08-01T12:00:19.637+0000] {processor.py:914} INFO - Processing file /opt/airflow/dags/pricescope_pipeline.py for tasks to queue
[2026-08-01T12:00:19.642+0000] {logging_mixin.py:190} INFO - [2026-08-01T12:00:19.641+0000] {dagbag.py:588} INFO - Filling up the DagBag from /opt/airflow/dags/pricescope_pipeline.py
[2026-08-01T12:00:19.665+0000] {logging_mixin.py:190} INFO - [2026-08-01T12:00:19.663+0000] {dagbag.py:484} ERROR - Failed to bag_dag: /opt/airflow/dags/pricescope_pipeline.py
Traceback (most recent call last):
  File "/home/airflow/.local/lib/python3.12/site-packages/croniter/croniter.py", line 284, in _alphaconv
    return cls.ALPHACONV[index][key]
           ~~~~~~~~~~~~~~~~~~~~^^^^^
KeyError: ''

During handling of the above exception, another exception occurred:

Traceback (most recent call last):
  File "/home/airflow/.local/lib/python3.12/site-packages/airflow/timetables/_cron.py", line 102, in validate
    croniter(self._expression)
  File "/home/airflow/.local/lib/python3.12/site-packages/croniter/croniter.py", line 271, in __init__
    self.expanded, self.nth_weekday_of_month = self.expand(
                                               ^^^^^^^^^^^^
  File "/home/airflow/.local/lib/python3.12/site-packages/croniter/croniter.py", line 1032, in expand
    return cls._expand(expr_format, hash_id=hash_id,
           ^^^^^^^^^^^^^^^^^^^^^^^^^^^^^^^^^^^^^^^^^
  File "/home/airflow/.local/lib/python3.12/site-packages/croniter/croniter.py", line 973, in _expand
    t = cls._alphaconv(i, t, expressions)
        ^^^^^^^^^^^^^^^^^^^^^^^^^^^^^^^^^
  File "/home/airflow/.local/lib/python3.12/site-packages/croniter/croniter.py", line 286, in _alphaconv
    raise CroniterNotAlphaError(
croniter.croniter.CroniterNotAlphaError: [0 6, 18 * * *] is not acceptable

During handling of the above exception, another exception occurred:

Traceback (most recent call last):
  File "/home/airflow/.local/lib/python3.12/site-packages/airflow/models/dagbag.py", line 479, in _process_modules
    dag.validate()
  File "/home/airflow/.local/lib/python3.12/site-packages/airflow/models/dag.py", line 845, in validate
    self.timetable.validate()
  File "/home/airflow/.local/lib/python3.12/site-packages/airflow/timetables/_cron.py", line 104, in validate
    raise AirflowTimetableInvalid(str(e))
airflow.exceptions.AirflowTimetableInvalid: [0 6, 18 * * *] is not acceptable
[2026-08-01T12:00:19.666+0000] {processor.py:927} WARNING - No viable dags retrieved from /opt/airflow/dags/pricescope_pipeline.py
[2026-08-01T12:00:19.685+0000] {processor.py:208} INFO - Processing /opt/airflow/dags/pricescope_pipeline.py took 0.055 seconds
[2026-08-01T12:00:50.034+0000] {processor.py:186} INFO - Started process (PID=508) to work on /opt/airflow/dags/pricescope_pipeline.py
[2026-08-01T12:00:50.037+0000] {processor.py:914} INFO - Processing file /opt/airflow/dags/pricescope_pipeline.py for tasks to queue
[2026-08-01T12:00:50.040+0000] {logging_mixin.py:190} INFO - [2026-08-01T12:00:50.040+0000] {dagbag.py:588} INFO - Filling up the DagBag from /opt/airflow/dags/pricescope_pipeline.py
[2026-08-01T12:00:50.083+0000] {logging_mixin.py:190} INFO - [2026-08-01T12:00:50.081+0000] {dagbag.py:484} ERROR - Failed to bag_dag: /opt/airflow/dags/pricescope_pipeline.py
Traceback (most recent call last):
  File "/home/airflow/.local/lib/python3.12/site-packages/croniter/croniter.py", line 284, in _alphaconv
    return cls.ALPHACONV[index][key]
           ~~~~~~~~~~~~~~~~~~~~^^^^^
KeyError: ''

During handling of the above exception, another exception occurred:

Traceback (most recent call last):
  File "/home/airflow/.local/lib/python3.12/site-packages/airflow/timetables/_cron.py", line 102, in validate
    croniter(self._expression)
  File "/home/airflow/.local/lib/python3.12/site-packages/croniter/croniter.py", line 271, in __init__
    self.expanded, self.nth_weekday_of_month = self.expand(
                                               ^^^^^^^^^^^^
  File "/home/airflow/.local/lib/python3.12/site-packages/croniter/croniter.py", line 1032, in expand
    return cls._expand(expr_format, hash_id=hash_id,
           ^^^^^^^^^^^^^^^^^^^^^^^^^^^^^^^^^^^^^^^^^
  File "/home/airflow/.local/lib/python3.12/site-packages/croniter/croniter.py", line 973, in _expand
    t = cls._alphaconv(i, t, expressions)
        ^^^^^^^^^^^^^^^^^^^^^^^^^^^^^^^^^
  File "/home/airflow/.local/lib/python3.12/site-packages/croniter/croniter.py", line 286, in _alphaconv
    raise CroniterNotAlphaError(
croniter.croniter.CroniterNotAlphaError: [0 6, 18 * * *] is not acceptable

During handling of the above exception, another exception occurred:

Traceback (most recent call last):
  File "/home/airflow/.local/lib/python3.12/site-packages/airflow/models/dagbag.py", line 479, in _process_modules
    dag.validate()
  File "/home/airflow/.local/lib/python3.12/site-packages/airflow/models/dag.py", line 845, in validate
    self.timetable.validate()
  File "/home/airflow/.local/lib/python3.12/site-packages/airflow/timetables/_cron.py", line 104, in validate
    raise AirflowTimetableInvalid(str(e))
airflow.exceptions.AirflowTimetableInvalid: [0 6, 18 * * *] is not acceptable
[2026-08-01T12:00:50.085+0000] {processor.py:927} WARNING - No viable dags retrieved from /opt/airflow/dags/pricescope_pipeline.py
[2026-08-01T12:00:50.103+0000] {processor.py:208} INFO - Processing /opt/airflow/dags/pricescope_pipeline.py took 0.074 seconds
[2026-08-01T12:01:20.345+0000] {processor.py:186} INFO - Started process (PID=515) to work on /opt/airflow/dags/pricescope_pipeline.py
[2026-08-01T12:01:20.347+0000] {processor.py:914} INFO - Processing file /opt/airflow/dags/pricescope_pipeline.py for tasks to queue
[2026-08-01T12:01:20.351+0000] {logging_mixin.py:190} INFO - [2026-08-01T12:01:20.351+0000] {dagbag.py:588} INFO - Filling up the DagBag from /opt/airflow/dags/pricescope_pipeline.py
[2026-08-01T12:01:20.377+0000] {logging_mixin.py:190} INFO - [2026-08-01T12:01:20.373+0000] {dagbag.py:484} ERROR - Failed to bag_dag: /opt/airflow/dags/pricescope_pipeline.py
Traceback (most recent call last):
  File "/home/airflow/.local/lib/python3.12/site-packages/croniter/croniter.py", line 284, in _alphaconv
    return cls.ALPHACONV[index][key]
           ~~~~~~~~~~~~~~~~~~~~^^^^^
KeyError: ''

During handling of the above exception, another exception occurred:

Traceback (most recent call last):
  File "/home/airflow/.local/lib/python3.12/site-packages/airflow/timetables/_cron.py", line 102, in validate
    croniter(self._expression)
  File "/home/airflow/.local/lib/python3.12/site-packages/croniter/croniter.py", line 271, in __init__
    self.expanded, self.nth_weekday_of_month = self.expand(
                                               ^^^^^^^^^^^^
  File "/home/airflow/.local/lib/python3.12/site-packages/croniter/croniter.py", line 1032, in expand
    return cls._expand(expr_format, hash_id=hash_id,
           ^^^^^^^^^^^^^^^^^^^^^^^^^^^^^^^^^^^^^^^^^
  File "/home/airflow/.local/lib/python3.12/site-packages/croniter/croniter.py", line 973, in _expand
    t = cls._alphaconv(i, t, expressions)
        ^^^^^^^^^^^^^^^^^^^^^^^^^^^^^^^^^
  File "/home/airflow/.local/lib/python3.12/site-packages/croniter/croniter.py", line 286, in _alphaconv
    raise CroniterNotAlphaError(
croniter.croniter.CroniterNotAlphaError: [0 6, 18 * * *] is not acceptable

During handling of the above exception, another exception occurred:

Traceback (most recent call last):
  File "/home/airflow/.local/lib/python3.12/site-packages/airflow/models/dagbag.py", line 479, in _process_modules
    dag.validate()
  File "/home/airflow/.local/lib/python3.12/site-packages/airflow/models/dag.py", line 845, in validate
    self.timetable.validate()
  File "/home/airflow/.local/lib/python3.12/site-packages/airflow/timetables/_cron.py", line 104, in validate
    raise AirflowTimetableInvalid(str(e))
airflow.exceptions.AirflowTimetableInvalid: [0 6, 18 * * *] is not acceptable
[2026-08-01T12:01:20.379+0000] {processor.py:927} WARNING - No viable dags retrieved from /opt/airflow/dags/pricescope_pipeline.py
[2026-08-01T12:01:20.403+0000] {processor.py:208} INFO - Processing /opt/airflow/dags/pricescope_pipeline.py took 0.069 seconds
[2026-08-01T12:01:50.613+0000] {processor.py:186} INFO - Started process (PID=522) to work on /opt/airflow/dags/pricescope_pipeline.py
[2026-08-01T12:01:50.615+0000] {processor.py:914} INFO - Processing file /opt/airflow/dags/pricescope_pipeline.py for tasks to queue
[2026-08-01T12:01:50.618+0000] {logging_mixin.py:190} INFO - [2026-08-01T12:01:50.618+0000] {dagbag.py:588} INFO - Filling up the DagBag from /opt/airflow/dags/pricescope_pipeline.py
[2026-08-01T12:01:50.640+0000] {logging_mixin.py:190} INFO - [2026-08-01T12:01:50.637+0000] {dagbag.py:484} ERROR - Failed to bag_dag: /opt/airflow/dags/pricescope_pipeline.py
Traceback (most recent call last):
  File "/home/airflow/.local/lib/python3.12/site-packages/croniter/croniter.py", line 284, in _alphaconv
    return cls.ALPHACONV[index][key]
           ~~~~~~~~~~~~~~~~~~~~^^^^^
KeyError: ''

During handling of the above exception, another exception occurred:

Traceback (most recent call last):
  File "/home/airflow/.local/lib/python3.12/site-packages/airflow/timetables/_cron.py", line 102, in validate
    croniter(self._expression)
  File "/home/airflow/.local/lib/python3.12/site-packages/croniter/croniter.py", line 271, in __init__
    self.expanded, self.nth_weekday_of_month = self.expand(
                                               ^^^^^^^^^^^^
  File "/home/airflow/.local/lib/python3.12/site-packages/croniter/croniter.py", line 1032, in expand
    return cls._expand(expr_format, hash_id=hash_id,
           ^^^^^^^^^^^^^^^^^^^^^^^^^^^^^^^^^^^^^^^^^
  File "/home/airflow/.local/lib/python3.12/site-packages/croniter/croniter.py", line 973, in _expand
    t = cls._alphaconv(i, t, expressions)
        ^^^^^^^^^^^^^^^^^^^^^^^^^^^^^^^^^
  File "/home/airflow/.local/lib/python3.12/site-packages/croniter/croniter.py", line 286, in _alphaconv
    raise CroniterNotAlphaError(
croniter.croniter.CroniterNotAlphaError: [0 6, 18 * * *] is not acceptable

During handling of the above exception, another exception occurred:

Traceback (most recent call last):
  File "/home/airflow/.local/lib/python3.12/site-packages/airflow/models/dagbag.py", line 479, in _process_modules
    dag.validate()
  File "/home/airflow/.local/lib/python3.12/site-packages/airflow/models/dag.py", line 845, in validate
    self.timetable.validate()
  File "/home/airflow/.local/lib/python3.12/site-packages/airflow/timetables/_cron.py", line 104, in validate
    raise AirflowTimetableInvalid(str(e))
airflow.exceptions.AirflowTimetableInvalid: [0 6, 18 * * *] is not acceptable
[2026-08-01T12:01:50.641+0000] {processor.py:927} WARNING - No viable dags retrieved from /opt/airflow/dags/pricescope_pipeline.py
[2026-08-01T12:01:50.659+0000] {processor.py:208} INFO - Processing /opt/airflow/dags/pricescope_pipeline.py took 0.052 seconds
[2026-08-01T12:02:20.844+0000] {processor.py:186} INFO - Started process (PID=528) to work on /opt/airflow/dags/pricescope_pipeline.py
[2026-08-01T12:02:20.846+0000] {processor.py:914} INFO - Processing file /opt/airflow/dags/pricescope_pipeline.py for tasks to queue
[2026-08-01T12:02:20.849+0000] {logging_mixin.py:190} INFO - [2026-08-01T12:02:20.849+0000] {dagbag.py:588} INFO - Filling up the DagBag from /opt/airflow/dags/pricescope_pipeline.py
[2026-08-01T12:02:20.870+0000] {logging_mixin.py:190} INFO - [2026-08-01T12:02:20.868+0000] {dagbag.py:484} ERROR - Failed to bag_dag: /opt/airflow/dags/pricescope_pipeline.py
Traceback (most recent call last):
  File "/home/airflow/.local/lib/python3.12/site-packages/croniter/croniter.py", line 284, in _alphaconv
    return cls.ALPHACONV[index][key]
           ~~~~~~~~~~~~~~~~~~~~^^^^^
KeyError: ''

During handling of the above exception, another exception occurred:

Traceback (most recent call last):
  File "/home/airflow/.local/lib/python3.12/site-packages/airflow/timetables/_cron.py", line 102, in validate
    croniter(self._expression)
  File "/home/airflow/.local/lib/python3.12/site-packages/croniter/croniter.py", line 271, in __init__
    self.expanded, self.nth_weekday_of_month = self.expand(
                                               ^^^^^^^^^^^^
  File "/home/airflow/.local/lib/python3.12/site-packages/croniter/croniter.py", line 1032, in expand
    return cls._expand(expr_format, hash_id=hash_id,
           ^^^^^^^^^^^^^^^^^^^^^^^^^^^^^^^^^^^^^^^^^
  File "/home/airflow/.local/lib/python3.12/site-packages/croniter/croniter.py", line 973, in _expand
    t = cls._alphaconv(i, t, expressions)
        ^^^^^^^^^^^^^^^^^^^^^^^^^^^^^^^^^
  File "/home/airflow/.local/lib/python3.12/site-packages/croniter/croniter.py", line 286, in _alphaconv
    raise CroniterNotAlphaError(
croniter.croniter.CroniterNotAlphaError: [0 6, 18 * * *] is not acceptable

During handling of the above exception, another exception occurred:

Traceback (most recent call last):
  File "/home/airflow/.local/lib/python3.12/site-packages/airflow/models/dagbag.py", line 479, in _process_modules
    dag.validate()
  File "/home/airflow/.local/lib/python3.12/site-packages/airflow/models/dag.py", line 845, in validate
    self.timetable.validate()
  File "/home/airflow/.local/lib/python3.12/site-packages/airflow/timetables/_cron.py", line 104, in validate
    raise AirflowTimetableInvalid(str(e))
airflow.exceptions.AirflowTimetableInvalid: [0 6, 18 * * *] is not acceptable
[2026-08-01T12:02:20.871+0000] {processor.py:927} WARNING - No viable dags retrieved from /opt/airflow/dags/pricescope_pipeline.py
[2026-08-01T12:02:20.888+0000] {processor.py:208} INFO - Processing /opt/airflow/dags/pricescope_pipeline.py took 0.049 seconds
[2026-08-01T12:02:51.206+0000] {processor.py:186} INFO - Started process (PID=535) to work on /opt/airflow/dags/pricescope_pipeline.py
[2026-08-01T12:02:51.208+0000] {processor.py:914} INFO - Processing file /opt/airflow/dags/pricescope_pipeline.py for tasks to queue
[2026-08-01T12:02:51.210+0000] {logging_mixin.py:190} INFO - [2026-08-01T12:02:51.210+0000] {dagbag.py:588} INFO - Filling up the DagBag from /opt/airflow/dags/pricescope_pipeline.py
[2026-08-01T12:02:51.229+0000] {logging_mixin.py:190} INFO - [2026-08-01T12:02:51.226+0000] {dagbag.py:484} ERROR - Failed to bag_dag: /opt/airflow/dags/pricescope_pipeline.py
Traceback (most recent call last):
  File "/home/airflow/.local/lib/python3.12/site-packages/croniter/croniter.py", line 284, in _alphaconv
    return cls.ALPHACONV[index][key]
           ~~~~~~~~~~~~~~~~~~~~^^^^^
KeyError: ''

During handling of the above exception, another exception occurred:

Traceback (most recent call last):
  File "/home/airflow/.local/lib/python3.12/site-packages/airflow/timetables/_cron.py", line 102, in validate
    croniter(self._expression)
  File "/home/airflow/.local/lib/python3.12/site-packages/croniter/croniter.py", line 271, in __init__
    self.expanded, self.nth_weekday_of_month = self.expand(
                                               ^^^^^^^^^^^^
  File "/home/airflow/.local/lib/python3.12/site-packages/croniter/croniter.py", line 1032, in expand
    return cls._expand(expr_format, hash_id=hash_id,
           ^^^^^^^^^^^^^^^^^^^^^^^^^^^^^^^^^^^^^^^^^
  File "/home/airflow/.local/lib/python3.12/site-packages/croniter/croniter.py", line 973, in _expand
    t = cls._alphaconv(i, t, expressions)
        ^^^^^^^^^^^^^^^^^^^^^^^^^^^^^^^^^
  File "/home/airflow/.local/lib/python3.12/site-packages/croniter/croniter.py", line 286, in _alphaconv
    raise CroniterNotAlphaError(
croniter.croniter.CroniterNotAlphaError: [0 6, 18 * * *] is not acceptable

During handling of the above exception, another exception occurred:

Traceback (most recent call last):
  File "/home/airflow/.local/lib/python3.12/site-packages/airflow/models/dagbag.py", line 479, in _process_modules
    dag.validate()
  File "/home/airflow/.local/lib/python3.12/site-packages/airflow/models/dag.py", line 845, in validate
    self.timetable.validate()
  File "/home/airflow/.local/lib/python3.12/site-packages/airflow/timetables/_cron.py", line 104, in validate
    raise AirflowTimetableInvalid(str(e))
airflow.exceptions.AirflowTimetableInvalid: [0 6, 18 * * *] is not acceptable
[2026-08-01T12:02:51.230+0000] {processor.py:927} WARNING - No viable dags retrieved from /opt/airflow/dags/pricescope_pipeline.py
[2026-08-01T12:02:51.246+0000] {processor.py:208} INFO - Processing /opt/airflow/dags/pricescope_pipeline.py took 0.045 seconds
[2026-08-01T12:03:21.454+0000] {processor.py:186} INFO - Started process (PID=542) to work on /opt/airflow/dags/pricescope_pipeline.py
[2026-08-01T12:03:21.457+0000] {processor.py:914} INFO - Processing file /opt/airflow/dags/pricescope_pipeline.py for tasks to queue
[2026-08-01T12:03:21.461+0000] {logging_mixin.py:190} INFO - [2026-08-01T12:03:21.460+0000] {dagbag.py:588} INFO - Filling up the DagBag from /opt/airflow/dags/pricescope_pipeline.py
[2026-08-01T12:03:21.481+0000] {logging_mixin.py:190} INFO - [2026-08-01T12:03:21.479+0000] {dagbag.py:484} ERROR - Failed to bag_dag: /opt/airflow/dags/pricescope_pipeline.py
Traceback (most recent call last):
  File "/home/airflow/.local/lib/python3.12/site-packages/croniter/croniter.py", line 284, in _alphaconv
    return cls.ALPHACONV[index][key]
           ~~~~~~~~~~~~~~~~~~~~^^^^^
KeyError: ''

During handling of the above exception, another exception occurred:

Traceback (most recent call last):
  File "/home/airflow/.local/lib/python3.12/site-packages/airflow/timetables/_cron.py", line 102, in validate
    croniter(self._expression)
  File "/home/airflow/.local/lib/python3.12/site-packages/croniter/croniter.py", line 271, in __init__
    self.expanded, self.nth_weekday_of_month = self.expand(
                                               ^^^^^^^^^^^^
  File "/home/airflow/.local/lib/python3.12/site-packages/croniter/croniter.py", line 1032, in expand
    return cls._expand(expr_format, hash_id=hash_id,
           ^^^^^^^^^^^^^^^^^^^^^^^^^^^^^^^^^^^^^^^^^
  File "/home/airflow/.local/lib/python3.12/site-packages/croniter/croniter.py", line 973, in _expand
    t = cls._alphaconv(i, t, expressions)
        ^^^^^^^^^^^^^^^^^^^^^^^^^^^^^^^^^
  File "/home/airflow/.local/lib/python3.12/site-packages/croniter/croniter.py", line 286, in _alphaconv
    raise CroniterNotAlphaError(
croniter.croniter.CroniterNotAlphaError: [0 6, 18 * * *] is not acceptable

During handling of the above exception, another exception occurred:

Traceback (most recent call last):
  File "/home/airflow/.local/lib/python3.12/site-packages/airflow/models/dagbag.py", line 479, in _process_modules
    dag.validate()
  File "/home/airflow/.local/lib/python3.12/site-packages/airflow/models/dag.py", line 845, in validate
    self.timetable.validate()
  File "/home/airflow/.local/lib/python3.12/site-packages/airflow/timetables/_cron.py", line 104, in validate
    raise AirflowTimetableInvalid(str(e))
airflow.exceptions.AirflowTimetableInvalid: [0 6, 18 * * *] is not acceptable
[2026-08-01T12:03:21.483+0000] {processor.py:927} WARNING - No viable dags retrieved from /opt/airflow/dags/pricescope_pipeline.py
[2026-08-01T12:03:21.497+0000] {processor.py:208} INFO - Processing /opt/airflow/dags/pricescope_pipeline.py took 0.051 seconds
[2026-08-01T12:03:51.725+0000] {processor.py:186} INFO - Started process (PID=549) to work on /opt/airflow/dags/pricescope_pipeline.py
[2026-08-01T12:03:51.727+0000] {processor.py:914} INFO - Processing file /opt/airflow/dags/pricescope_pipeline.py for tasks to queue
[2026-08-01T12:03:51.730+0000] {logging_mixin.py:190} INFO - [2026-08-01T12:03:51.730+0000] {dagbag.py:588} INFO - Filling up the DagBag from /opt/airflow/dags/pricescope_pipeline.py
[2026-08-01T12:03:51.752+0000] {logging_mixin.py:190} INFO - [2026-08-01T12:03:51.751+0000] {dagbag.py:484} ERROR - Failed to bag_dag: /opt/airflow/dags/pricescope_pipeline.py
Traceback (most recent call last):
  File "/home/airflow/.local/lib/python3.12/site-packages/croniter/croniter.py", line 284, in _alphaconv
    return cls.ALPHACONV[index][key]
           ~~~~~~~~~~~~~~~~~~~~^^^^^
KeyError: ''

During handling of the above exception, another exception occurred:

Traceback (most recent call last):
  File "/home/airflow/.local/lib/python3.12/site-packages/airflow/timetables/_cron.py", line 102, in validate
    croniter(self._expression)
  File "/home/airflow/.local/lib/python3.12/site-packages/croniter/croniter.py", line 271, in __init__
    self.expanded, self.nth_weekday_of_month = self.expand(
                                               ^^^^^^^^^^^^
  File "/home/airflow/.local/lib/python3.12/site-packages/croniter/croniter.py", line 1032, in expand
    return cls._expand(expr_format, hash_id=hash_id,
           ^^^^^^^^^^^^^^^^^^^^^^^^^^^^^^^^^^^^^^^^^
  File "/home/airflow/.local/lib/python3.12/site-packages/croniter/croniter.py", line 973, in _expand
    t = cls._alphaconv(i, t, expressions)
        ^^^^^^^^^^^^^^^^^^^^^^^^^^^^^^^^^
  File "/home/airflow/.local/lib/python3.12/site-packages/croniter/croniter.py", line 286, in _alphaconv
    raise CroniterNotAlphaError(
croniter.croniter.CroniterNotAlphaError: [0 6, 18 * * *] is not acceptable

During handling of the above exception, another exception occurred:

Traceback (most recent call last):
  File "/home/airflow/.local/lib/python3.12/site-packages/airflow/models/dagbag.py", line 479, in _process_modules
    dag.validate()
  File "/home/airflow/.local/lib/python3.12/site-packages/airflow/models/dag.py", line 845, in validate
    self.timetable.validate()
  File "/home/airflow/.local/lib/python3.12/site-packages/airflow/timetables/_cron.py", line 104, in validate
    raise AirflowTimetableInvalid(str(e))
airflow.exceptions.AirflowTimetableInvalid: [0 6, 18 * * *] is not acceptable
[2026-08-01T12:03:51.754+0000] {processor.py:927} WARNING - No viable dags retrieved from /opt/airflow/dags/pricescope_pipeline.py
[2026-08-01T12:03:51.771+0000] {processor.py:208} INFO - Processing /opt/airflow/dags/pricescope_pipeline.py took 0.051 seconds
[2026-08-01T13:42:11.988+0000] {processor.py:186} INFO - Started process (PID=556) to work on /opt/airflow/dags/pricescope_pipeline.py
[2026-08-01T13:42:11.992+0000] {processor.py:914} INFO - Processing file /opt/airflow/dags/pricescope_pipeline.py for tasks to queue
[2026-08-01T13:42:12.002+0000] {logging_mixin.py:190} INFO - [2026-08-01T13:42:12.002+0000] {dagbag.py:588} INFO - Filling up the DagBag from /opt/airflow/dags/pricescope_pipeline.py
[2026-08-01T13:42:12.057+0000] {logging_mixin.py:190} INFO - [2026-08-01T13:42:12.047+0000] {dagbag.py:484} ERROR - Failed to bag_dag: /opt/airflow/dags/pricescope_pipeline.py
Traceback (most recent call last):
  File "/home/airflow/.local/lib/python3.12/site-packages/croniter/croniter.py", line 284, in _alphaconv
    return cls.ALPHACONV[index][key]
           ~~~~~~~~~~~~~~~~~~~~^^^^^
KeyError: ''

During handling of the above exception, another exception occurred:

Traceback (most recent call last):
  File "/home/airflow/.local/lib/python3.12/site-packages/airflow/timetables/_cron.py", line 102, in validate
    croniter(self._expression)
  File "/home/airflow/.local/lib/python3.12/site-packages/croniter/croniter.py", line 271, in __init__
    self.expanded, self.nth_weekday_of_month = self.expand(
                                               ^^^^^^^^^^^^
  File "/home/airflow/.local/lib/python3.12/site-packages/croniter/croniter.py", line 1032, in expand
    return cls._expand(expr_format, hash_id=hash_id,
           ^^^^^^^^^^^^^^^^^^^^^^^^^^^^^^^^^^^^^^^^^
  File "/home/airflow/.local/lib/python3.12/site-packages/croniter/croniter.py", line 973, in _expand
    t = cls._alphaconv(i, t, expressions)
        ^^^^^^^^^^^^^^^^^^^^^^^^^^^^^^^^^
  File "/home/airflow/.local/lib/python3.12/site-packages/croniter/croniter.py", line 286, in _alphaconv
    raise CroniterNotAlphaError(
croniter.croniter.CroniterNotAlphaError: [0 6, 18 * * *] is not acceptable

During handling of the above exception, another exception occurred:

Traceback (most recent call last):
  File "/home/airflow/.local/lib/python3.12/site-packages/airflow/models/dagbag.py", line 479, in _process_modules
    dag.validate()
  File "/home/airflow/.local/lib/python3.12/site-packages/airflow/models/dag.py", line 845, in validate
    self.timetable.validate()
  File "/home/airflow/.local/lib/python3.12/site-packages/airflow/timetables/_cron.py", line 104, in validate
    raise AirflowTimetableInvalid(str(e))
airflow.exceptions.AirflowTimetableInvalid: [0 6, 18 * * *] is not acceptable
[2026-08-01T13:42:12.059+0000] {processor.py:927} WARNING - No viable dags retrieved from /opt/airflow/dags/pricescope_pipeline.py
[2026-08-01T13:42:12.122+0000] {processor.py:208} INFO - Processing /opt/airflow/dags/pricescope_pipeline.py took 0.144 seconds
[2026-08-01T17:59:24.410+0000] {processor.py:186} INFO - Started process (PID=557) to work on /opt/airflow/dags/pricescope_pipeline.py
[2026-08-01T17:59:24.544+0000] {processor.py:914} INFO - Processing file /opt/airflow/dags/pricescope_pipeline.py for tasks to queue
[2026-08-01T17:59:24.608+0000] {logging_mixin.py:190} INFO - [2026-08-01T17:59:24.607+0000] {dagbag.py:588} INFO - Filling up the DagBag from /opt/airflow/dags/pricescope_pipeline.py
[2026-08-01T19:27:32.337+0000] {logging_mixin.py:190} INFO - [2026-08-01T19:27:32.334+0000] {dagbag.py:484} ERROR - Failed to bag_dag: /opt/airflow/dags/pricescope_pipeline.py
Traceback (most recent call last):
  File "/home/airflow/.local/lib/python3.12/site-packages/croniter/croniter.py", line 284, in _alphaconv
    return cls.ALPHACONV[index][key]
           ~~~~~~~~~~~~~~~~~~~~^^^^^
KeyError: ''

During handling of the above exception, another exception occurred:

Traceback (most recent call last):
  File "/home/airflow/.local/lib/python3.12/site-packages/airflow/timetables/_cron.py", line 102, in validate
    croniter(self._expression)
  File "/home/airflow/.local/lib/python3.12/site-packages/croniter/croniter.py", line 271, in __init__
    self.expanded, self.nth_weekday_of_month = self.expand(
                                               ^^^^^^^^^^^^
  File "/home/airflow/.local/lib/python3.12/site-packages/croniter/croniter.py", line 1032, in expand
    return cls._expand(expr_format, hash_id=hash_id,
           ^^^^^^^^^^^^^^^^^^^^^^^^^^^^^^^^^^^^^^^^^
  File "/home/airflow/.local/lib/python3.12/site-packages/croniter/croniter.py", line 973, in _expand
    t = cls._alphaconv(i, t, expressions)
        ^^^^^^^^^^^^^^^^^^^^^^^^^^^^^^^^^
  File "/home/airflow/.local/lib/python3.12/site-packages/croniter/croniter.py", line 286, in _alphaconv
    raise CroniterNotAlphaError(
croniter.croniter.CroniterNotAlphaError: [0 6, 18 * * *] is not acceptable

During handling of the above exception, another exception occurred:

Traceback (most recent call last):
  File "/home/airflow/.local/lib/python3.12/site-packages/airflow/models/dagbag.py", line 479, in _process_modules
    dag.validate()
  File "/home/airflow/.local/lib/python3.12/site-packages/airflow/models/dag.py", line 845, in validate
    self.timetable.validate()
  File "/home/airflow/.local/lib/python3.12/site-packages/airflow/timetables/_cron.py", line 104, in validate
    raise AirflowTimetableInvalid(str(e))
airflow.exceptions.AirflowTimetableInvalid: [0 6, 18 * * *] is not acceptable
[2026-08-01T19:27:32.470+0000] {processor.py:927} WARNING - No viable dags retrieved from /opt/airflow/dags/pricescope_pipeline.py
[2026-08-01T19:27:32.706+0000] {processor.py:208} INFO - Processing /opt/airflow/dags/pricescope_pipeline.py took 2.164 seconds
[2026-08-01T19:28:04.865+0000] {processor.py:186} INFO - Started process (PID=564) to work on /opt/airflow/dags/pricescope_pipeline.py
[2026-08-01T19:28:04.868+0000] {processor.py:914} INFO - Processing file /opt/airflow/dags/pricescope_pipeline.py for tasks to queue
[2026-08-01T19:28:04.871+0000] {logging_mixin.py:190} INFO - [2026-08-01T19:28:04.870+0000] {dagbag.py:588} INFO - Filling up the DagBag from /opt/airflow/dags/pricescope_pipeline.py
[2026-08-01T19:28:04.893+0000] {logging_mixin.py:190} INFO - [2026-08-01T19:28:04.891+0000] {dagbag.py:484} ERROR - Failed to bag_dag: /opt/airflow/dags/pricescope_pipeline.py
Traceback (most recent call last):
  File "/home/airflow/.local/lib/python3.12/site-packages/croniter/croniter.py", line 284, in _alphaconv
    return cls.ALPHACONV[index][key]
           ~~~~~~~~~~~~~~~~~~~~^^^^^
KeyError: ''

During handling of the above exception, another exception occurred:

Traceback (most recent call last):
  File "/home/airflow/.local/lib/python3.12/site-packages/airflow/timetables/_cron.py", line 102, in validate
    croniter(self._expression)
  File "/home/airflow/.local/lib/python3.12/site-packages/croniter/croniter.py", line 271, in __init__
    self.expanded, self.nth_weekday_of_month = self.expand(
                                               ^^^^^^^^^^^^
  File "/home/airflow/.local/lib/python3.12/site-packages/croniter/croniter.py", line 1032, in expand
    return cls._expand(expr_format, hash_id=hash_id,
           ^^^^^^^^^^^^^^^^^^^^^^^^^^^^^^^^^^^^^^^^^
  File "/home/airflow/.local/lib/python3.12/site-packages/croniter/croniter.py", line 973, in _expand
    t = cls._alphaconv(i, t, expressions)
        ^^^^^^^^^^^^^^^^^^^^^^^^^^^^^^^^^
  File "/home/airflow/.local/lib/python3.12/site-packages/croniter/croniter.py", line 286, in _alphaconv
    raise CroniterNotAlphaError(
croniter.croniter.CroniterNotAlphaError: [0 6, 18 * * *] is not acceptable

During handling of the above exception, another exception occurred:

Traceback (most recent call last):
  File "/home/airflow/.local/lib/python3.12/site-packages/airflow/models/dagbag.py", line 479, in _process_modules
    dag.validate()
  File "/home/airflow/.local/lib/python3.12/site-packages/airflow/models/dag.py", line 845, in validate
    self.timetable.validate()
  File "/home/airflow/.local/lib/python3.12/site-packages/airflow/timetables/_cron.py", line 104, in validate
    raise AirflowTimetableInvalid(str(e))
airflow.exceptions.AirflowTimetableInvalid: [0 6, 18 * * *] is not acceptable
[2026-08-01T19:28:04.895+0000] {processor.py:927} WARNING - No viable dags retrieved from /opt/airflow/dags/pricescope_pipeline.py
[2026-08-01T19:28:04.921+0000] {processor.py:208} INFO - Processing /opt/airflow/dags/pricescope_pipeline.py took 0.062 seconds
[2026-08-01T19:28:35.249+0000] {processor.py:186} INFO - Started process (PID=572) to work on /opt/airflow/dags/pricescope_pipeline.py
[2026-08-01T19:28:35.252+0000] {processor.py:914} INFO - Processing file /opt/airflow/dags/pricescope_pipeline.py for tasks to queue
[2026-08-01T19:28:35.256+0000] {logging_mixin.py:190} INFO - [2026-08-01T19:28:35.255+0000] {dagbag.py:588} INFO - Filling up the DagBag from /opt/airflow/dags/pricescope_pipeline.py
[2026-08-01T19:28:35.289+0000] {logging_mixin.py:190} INFO - [2026-08-01T19:28:35.286+0000] {dagbag.py:484} ERROR - Failed to bag_dag: /opt/airflow/dags/pricescope_pipeline.py
Traceback (most recent call last):
  File "/home/airflow/.local/lib/python3.12/site-packages/croniter/croniter.py", line 284, in _alphaconv
    return cls.ALPHACONV[index][key]
           ~~~~~~~~~~~~~~~~~~~~^^^^^
KeyError: ''

During handling of the above exception, another exception occurred:

Traceback (most recent call last):
  File "/home/airflow/.local/lib/python3.12/site-packages/airflow/timetables/_cron.py", line 102, in validate
    croniter(self._expression)
  File "/home/airflow/.local/lib/python3.12/site-packages/croniter/croniter.py", line 271, in __init__
    self.expanded, self.nth_weekday_of_month = self.expand(
                                               ^^^^^^^^^^^^
  File "/home/airflow/.local/lib/python3.12/site-packages/croniter/croniter.py", line 1032, in expand
    return cls._expand(expr_format, hash_id=hash_id,
           ^^^^^^^^^^^^^^^^^^^^^^^^^^^^^^^^^^^^^^^^^
  File "/home/airflow/.local/lib/python3.12/site-packages/croniter/croniter.py", line 973, in _expand
    t = cls._alphaconv(i, t, expressions)
        ^^^^^^^^^^^^^^^^^^^^^^^^^^^^^^^^^
  File "/home/airflow/.local/lib/python3.12/site-packages/croniter/croniter.py", line 286, in _alphaconv
    raise CroniterNotAlphaError(
croniter.croniter.CroniterNotAlphaError: [0 6, 18 * * *] is not acceptable

During handling of the above exception, another exception occurred:

Traceback (most recent call last):
  File "/home/airflow/.local/lib/python3.12/site-packages/airflow/models/dagbag.py", line 479, in _process_modules
    dag.validate()
  File "/home/airflow/.local/lib/python3.12/site-packages/airflow/models/dag.py", line 845, in validate
    self.timetable.validate()
  File "/home/airflow/.local/lib/python3.12/site-packages/airflow/timetables/_cron.py", line 104, in validate
    raise AirflowTimetableInvalid(str(e))
airflow.exceptions.AirflowTimetableInvalid: [0 6, 18 * * *] is not acceptable
[2026-08-01T19:28:35.290+0000] {processor.py:927} WARNING - No viable dags retrieved from /opt/airflow/dags/pricescope_pipeline.py
[2026-08-01T19:28:35.315+0000] {processor.py:208} INFO - Processing /opt/airflow/dags/pricescope_pipeline.py took 0.072 seconds
[2026-08-01T19:29:05.633+0000] {processor.py:186} INFO - Started process (PID=579) to work on /opt/airflow/dags/pricescope_pipeline.py
[2026-08-01T19:29:05.635+0000] {processor.py:914} INFO - Processing file /opt/airflow/dags/pricescope_pipeline.py for tasks to queue
[2026-08-01T19:29:05.640+0000] {logging_mixin.py:190} INFO - [2026-08-01T19:29:05.640+0000] {dagbag.py:588} INFO - Filling up the DagBag from /opt/airflow/dags/pricescope_pipeline.py
[2026-08-01T19:29:05.695+0000] {logging_mixin.py:190} INFO - [2026-08-01T19:29:05.691+0000] {dagbag.py:484} ERROR - Failed to bag_dag: /opt/airflow/dags/pricescope_pipeline.py
Traceback (most recent call last):
  File "/home/airflow/.local/lib/python3.12/site-packages/croniter/croniter.py", line 284, in _alphaconv
    return cls.ALPHACONV[index][key]
           ~~~~~~~~~~~~~~~~~~~~^^^^^
KeyError: ''

During handling of the above exception, another exception occurred:

Traceback (most recent call last):
  File "/home/airflow/.local/lib/python3.12/site-packages/airflow/timetables/_cron.py", line 102, in validate
    croniter(self._expression)
  File "/home/airflow/.local/lib/python3.12/site-packages/croniter/croniter.py", line 271, in __init__
    self.expanded, self.nth_weekday_of_month = self.expand(
                                               ^^^^^^^^^^^^
  File "/home/airflow/.local/lib/python3.12/site-packages/croniter/croniter.py", line 1032, in expand
    return cls._expand(expr_format, hash_id=hash_id,
           ^^^^^^^^^^^^^^^^^^^^^^^^^^^^^^^^^^^^^^^^^
  File "/home/airflow/.local/lib/python3.12/site-packages/croniter/croniter.py", line 973, in _expand
    t = cls._alphaconv(i, t, expressions)
        ^^^^^^^^^^^^^^^^^^^^^^^^^^^^^^^^^
  File "/home/airflow/.local/lib/python3.12/site-packages/croniter/croniter.py", line 286, in _alphaconv
    raise CroniterNotAlphaError(
croniter.croniter.CroniterNotAlphaError: [0 6, 18 * * *] is not acceptable

During handling of the above exception, another exception occurred:

Traceback (most recent call last):
  File "/home/airflow/.local/lib/python3.12/site-packages/airflow/models/dagbag.py", line 479, in _process_modules
    dag.validate()
  File "/home/airflow/.local/lib/python3.12/site-packages/airflow/models/dag.py", line 845, in validate
    self.timetable.validate()
  File "/home/airflow/.local/lib/python3.12/site-packages/airflow/timetables/_cron.py", line 104, in validate
    raise AirflowTimetableInvalid(str(e))
airflow.exceptions.AirflowTimetableInvalid: [0 6, 18 * * *] is not acceptable
[2026-08-01T19:29:05.697+0000] {processor.py:927} WARNING - No viable dags retrieved from /opt/airflow/dags/pricescope_pipeline.py
[2026-08-01T19:29:05.750+0000] {processor.py:208} INFO - Processing /opt/airflow/dags/pricescope_pipeline.py took 0.126 seconds
[2026-08-01T19:29:35.980+0000] {processor.py:186} INFO - Started process (PID=586) to work on /opt/airflow/dags/pricescope_pipeline.py
[2026-08-01T19:29:35.982+0000] {processor.py:914} INFO - Processing file /opt/airflow/dags/pricescope_pipeline.py for tasks to queue
[2026-08-01T19:29:35.987+0000] {logging_mixin.py:190} INFO - [2026-08-01T19:29:35.986+0000] {dagbag.py:588} INFO - Filling up the DagBag from /opt/airflow/dags/pricescope_pipeline.py
[2026-08-01T19:29:36.024+0000] {logging_mixin.py:190} INFO - [2026-08-01T19:29:36.020+0000] {dagbag.py:484} ERROR - Failed to bag_dag: /opt/airflow/dags/pricescope_pipeline.py
Traceback (most recent call last):
  File "/home/airflow/.local/lib/python3.12/site-packages/croniter/croniter.py", line 284, in _alphaconv
    return cls.ALPHACONV[index][key]
           ~~~~~~~~~~~~~~~~~~~~^^^^^
KeyError: ''

During handling of the above exception, another exception occurred:

Traceback (most recent call last):
  File "/home/airflow/.local/lib/python3.12/site-packages/airflow/timetables/_cron.py", line 102, in validate
    croniter(self._expression)
  File "/home/airflow/.local/lib/python3.12/site-packages/croniter/croniter.py", line 271, in __init__
    self.expanded, self.nth_weekday_of_month = self.expand(
                                               ^^^^^^^^^^^^
  File "/home/airflow/.local/lib/python3.12/site-packages/croniter/croniter.py", line 1032, in expand
    return cls._expand(expr_format, hash_id=hash_id,
           ^^^^^^^^^^^^^^^^^^^^^^^^^^^^^^^^^^^^^^^^^
  File "/home/airflow/.local/lib/python3.12/site-packages/croniter/croniter.py", line 973, in _expand
    t = cls._alphaconv(i, t, expressions)
        ^^^^^^^^^^^^^^^^^^^^^^^^^^^^^^^^^
  File "/home/airflow/.local/lib/python3.12/site-packages/croniter/croniter.py", line 286, in _alphaconv
    raise CroniterNotAlphaError(
croniter.croniter.CroniterNotAlphaError: [0 6, 18 * * *] is not acceptable

During handling of the above exception, another exception occurred:

Traceback (most recent call last):
  File "/home/airflow/.local/lib/python3.12/site-packages/airflow/models/dagbag.py", line 479, in _process_modules
    dag.validate()
  File "/home/airflow/.local/lib/python3.12/site-packages/airflow/models/dag.py", line 845, in validate
    self.timetable.validate()
  File "/home/airflow/.local/lib/python3.12/site-packages/airflow/timetables/_cron.py", line 104, in validate
    raise AirflowTimetableInvalid(str(e))
airflow.exceptions.AirflowTimetableInvalid: [0 6, 18 * * *] is not acceptable
[2026-08-01T19:29:36.025+0000] {processor.py:927} WARNING - No viable dags retrieved from /opt/airflow/dags/pricescope_pipeline.py
[2026-08-01T19:29:36.049+0000] {processor.py:208} INFO - Processing /opt/airflow/dags/pricescope_pipeline.py took 0.075 seconds
[2026-08-01T19:30:06.309+0000] {processor.py:186} INFO - Started process (PID=594) to work on /opt/airflow/dags/pricescope_pipeline.py
[2026-08-01T19:30:06.311+0000] {processor.py:914} INFO - Processing file /opt/airflow/dags/pricescope_pipeline.py for tasks to queue
[2026-08-01T19:30:06.315+0000] {logging_mixin.py:190} INFO - [2026-08-01T19:30:06.314+0000] {dagbag.py:588} INFO - Filling up the DagBag from /opt/airflow/dags/pricescope_pipeline.py
[2026-08-01T19:30:06.346+0000] {logging_mixin.py:190} INFO - [2026-08-01T19:30:06.343+0000] {dagbag.py:484} ERROR - Failed to bag_dag: /opt/airflow/dags/pricescope_pipeline.py
Traceback (most recent call last):
  File "/home/airflow/.local/lib/python3.12/site-packages/croniter/croniter.py", line 284, in _alphaconv
    return cls.ALPHACONV[index][key]
           ~~~~~~~~~~~~~~~~~~~~^^^^^
KeyError: ''

During handling of the above exception, another exception occurred:

Traceback (most recent call last):
  File "/home/airflow/.local/lib/python3.12/site-packages/airflow/timetables/_cron.py", line 102, in validate
    croniter(self._expression)
  File "/home/airflow/.local/lib/python3.12/site-packages/croniter/croniter.py", line 271, in __init__
    self.expanded, self.nth_weekday_of_month = self.expand(
                                               ^^^^^^^^^^^^
  File "/home/airflow/.local/lib/python3.12/site-packages/croniter/croniter.py", line 1032, in expand
    return cls._expand(expr_format, hash_id=hash_id,
           ^^^^^^^^^^^^^^^^^^^^^^^^^^^^^^^^^^^^^^^^^
  File "/home/airflow/.local/lib/python3.12/site-packages/croniter/croniter.py", line 973, in _expand
    t = cls._alphaconv(i, t, expressions)
        ^^^^^^^^^^^^^^^^^^^^^^^^^^^^^^^^^
  File "/home/airflow/.local/lib/python3.12/site-packages/croniter/croniter.py", line 286, in _alphaconv
    raise CroniterNotAlphaError(
croniter.croniter.CroniterNotAlphaError: [0 6, 18 * * *] is not acceptable

During handling of the above exception, another exception occurred:

Traceback (most recent call last):
  File "/home/airflow/.local/lib/python3.12/site-packages/airflow/models/dagbag.py", line 479, in _process_modules
    dag.validate()
  File "/home/airflow/.local/lib/python3.12/site-packages/airflow/models/dag.py", line 845, in validate
    self.timetable.validate()
  File "/home/airflow/.local/lib/python3.12/site-packages/airflow/timetables/_cron.py", line 104, in validate
    raise AirflowTimetableInvalid(str(e))
airflow.exceptions.AirflowTimetableInvalid: [0 6, 18 * * *] is not acceptable
[2026-08-01T19:30:06.347+0000] {processor.py:927} WARNING - No viable dags retrieved from /opt/airflow/dags/pricescope_pipeline.py
[2026-08-01T19:30:06.375+0000] {processor.py:208} INFO - Processing /opt/airflow/dags/pricescope_pipeline.py took 0.072 seconds
[2026-08-01T19:30:36.760+0000] {processor.py:186} INFO - Started process (PID=601) to work on /opt/airflow/dags/pricescope_pipeline.py
[2026-08-01T19:30:36.763+0000] {processor.py:914} INFO - Processing file /opt/airflow/dags/pricescope_pipeline.py for tasks to queue
[2026-08-01T19:30:36.768+0000] {logging_mixin.py:190} INFO - [2026-08-01T19:30:36.768+0000] {dagbag.py:588} INFO - Filling up the DagBag from /opt/airflow/dags/pricescope_pipeline.py
[2026-08-01T19:30:36.821+0000] {logging_mixin.py:190} INFO - [2026-08-01T19:30:36.818+0000] {dagbag.py:484} ERROR - Failed to bag_dag: /opt/airflow/dags/pricescope_pipeline.py
Traceback (most recent call last):
  File "/home/airflow/.local/lib/python3.12/site-packages/croniter/croniter.py", line 284, in _alphaconv
    return cls.ALPHACONV[index][key]
           ~~~~~~~~~~~~~~~~~~~~^^^^^
KeyError: ''

During handling of the above exception, another exception occurred:

Traceback (most recent call last):
  File "/home/airflow/.local/lib/python3.12/site-packages/airflow/timetables/_cron.py", line 102, in validate
    croniter(self._expression)
  File "/home/airflow/.local/lib/python3.12/site-packages/croniter/croniter.py", line 271, in __init__
    self.expanded, self.nth_weekday_of_month = self.expand(
                                               ^^^^^^^^^^^^
  File "/home/airflow/.local/lib/python3.12/site-packages/croniter/croniter.py", line 1032, in expand
    return cls._expand(expr_format, hash_id=hash_id,
           ^^^^^^^^^^^^^^^^^^^^^^^^^^^^^^^^^^^^^^^^^
  File "/home/airflow/.local/lib/python3.12/site-packages/croniter/croniter.py", line 973, in _expand
    t = cls._alphaconv(i, t, expressions)
        ^^^^^^^^^^^^^^^^^^^^^^^^^^^^^^^^^
  File "/home/airflow/.local/lib/python3.12/site-packages/croniter/croniter.py", line 286, in _alphaconv
    raise CroniterNotAlphaError(
croniter.croniter.CroniterNotAlphaError: [0 6, 18 * * *] is not acceptable

During handling of the above exception, another exception occurred:

Traceback (most recent call last):
  File "/home/airflow/.local/lib/python3.12/site-packages/airflow/models/dagbag.py", line 479, in _process_modules
    dag.validate()
  File "/home/airflow/.local/lib/python3.12/site-packages/airflow/models/dag.py", line 845, in validate
    self.timetable.validate()
  File "/home/airflow/.local/lib/python3.12/site-packages/airflow/timetables/_cron.py", line 104, in validate
    raise AirflowTimetableInvalid(str(e))
airflow.exceptions.AirflowTimetableInvalid: [0 6, 18 * * *] is not acceptable
[2026-08-01T19:30:36.823+0000] {processor.py:927} WARNING - No viable dags retrieved from /opt/airflow/dags/pricescope_pipeline.py
[2026-08-01T19:30:36.878+0000] {processor.py:208} INFO - Processing /opt/airflow/dags/pricescope_pipeline.py took 0.125 seconds
[2026-08-01T19:31:07.098+0000] {processor.py:186} INFO - Started process (PID=607) to work on /opt/airflow/dags/pricescope_pipeline.py
[2026-08-01T19:31:07.101+0000] {processor.py:914} INFO - Processing file /opt/airflow/dags/pricescope_pipeline.py for tasks to queue
[2026-08-01T19:31:07.106+0000] {logging_mixin.py:190} INFO - [2026-08-01T19:31:07.105+0000] {dagbag.py:588} INFO - Filling up the DagBag from /opt/airflow/dags/pricescope_pipeline.py
[2026-08-01T19:31:07.140+0000] {logging_mixin.py:190} INFO - [2026-08-01T19:31:07.137+0000] {dagbag.py:484} ERROR - Failed to bag_dag: /opt/airflow/dags/pricescope_pipeline.py
Traceback (most recent call last):
  File "/home/airflow/.local/lib/python3.12/site-packages/croniter/croniter.py", line 284, in _alphaconv
    return cls.ALPHACONV[index][key]
           ~~~~~~~~~~~~~~~~~~~~^^^^^
KeyError: ''

During handling of the above exception, another exception occurred:

Traceback (most recent call last):
  File "/home/airflow/.local/lib/python3.12/site-packages/airflow/timetables/_cron.py", line 102, in validate
    croniter(self._expression)
  File "/home/airflow/.local/lib/python3.12/site-packages/croniter/croniter.py", line 271, in __init__
    self.expanded, self.nth_weekday_of_month = self.expand(
                                               ^^^^^^^^^^^^
  File "/home/airflow/.local/lib/python3.12/site-packages/croniter/croniter.py", line 1032, in expand
    return cls._expand(expr_format, hash_id=hash_id,
           ^^^^^^^^^^^^^^^^^^^^^^^^^^^^^^^^^^^^^^^^^
  File "/home/airflow/.local/lib/python3.12/site-packages/croniter/croniter.py", line 973, in _expand
    t = cls._alphaconv(i, t, expressions)
        ^^^^^^^^^^^^^^^^^^^^^^^^^^^^^^^^^
  File "/home/airflow/.local/lib/python3.12/site-packages/croniter/croniter.py", line 286, in _alphaconv
    raise CroniterNotAlphaError(
croniter.croniter.CroniterNotAlphaError: [0 6, 18 * * *] is not acceptable

During handling of the above exception, another exception occurred:

Traceback (most recent call last):
  File "/home/airflow/.local/lib/python3.12/site-packages/airflow/models/dagbag.py", line 479, in _process_modules
    dag.validate()
  File "/home/airflow/.local/lib/python3.12/site-packages/airflow/models/dag.py", line 845, in validate
    self.timetable.validate()
  File "/home/airflow/.local/lib/python3.12/site-packages/airflow/timetables/_cron.py", line 104, in validate
    raise AirflowTimetableInvalid(str(e))
airflow.exceptions.AirflowTimetableInvalid: [0 6, 18 * * *] is not acceptable
[2026-08-01T19:31:07.142+0000] {processor.py:927} WARNING - No viable dags retrieved from /opt/airflow/dags/pricescope_pipeline.py
[2026-08-01T19:31:07.170+0000] {processor.py:208} INFO - Processing /opt/airflow/dags/pricescope_pipeline.py took 0.079 seconds
[2026-08-01T19:31:37.493+0000] {processor.py:186} INFO - Started process (PID=614) to work on /opt/airflow/dags/pricescope_pipeline.py
[2026-08-01T19:31:37.496+0000] {processor.py:914} INFO - Processing file /opt/airflow/dags/pricescope_pipeline.py for tasks to queue
[2026-08-01T19:31:37.504+0000] {logging_mixin.py:190} INFO - [2026-08-01T19:31:37.503+0000] {dagbag.py:588} INFO - Filling up the DagBag from /opt/airflow/dags/pricescope_pipeline.py
[2026-08-01T19:31:37.549+0000] {logging_mixin.py:190} INFO - [2026-08-01T19:31:37.546+0000] {dagbag.py:484} ERROR - Failed to bag_dag: /opt/airflow/dags/pricescope_pipeline.py
Traceback (most recent call last):
  File "/home/airflow/.local/lib/python3.12/site-packages/croniter/croniter.py", line 284, in _alphaconv
    return cls.ALPHACONV[index][key]
           ~~~~~~~~~~~~~~~~~~~~^^^^^
KeyError: ''

During handling of the above exception, another exception occurred:

Traceback (most recent call last):
  File "/home/airflow/.local/lib/python3.12/site-packages/airflow/timetables/_cron.py", line 102, in validate
    croniter(self._expression)
  File "/home/airflow/.local/lib/python3.12/site-packages/croniter/croniter.py", line 271, in __init__
    self.expanded, self.nth_weekday_of_month = self.expand(
                                               ^^^^^^^^^^^^
  File "/home/airflow/.local/lib/python3.12/site-packages/croniter/croniter.py", line 1032, in expand
    return cls._expand(expr_format, hash_id=hash_id,
           ^^^^^^^^^^^^^^^^^^^^^^^^^^^^^^^^^^^^^^^^^
  File "/home/airflow/.local/lib/python3.12/site-packages/croniter/croniter.py", line 973, in _expand
    t = cls._alphaconv(i, t, expressions)
        ^^^^^^^^^^^^^^^^^^^^^^^^^^^^^^^^^
  File "/home/airflow/.local/lib/python3.12/site-packages/croniter/croniter.py", line 286, in _alphaconv
    raise CroniterNotAlphaError(
croniter.croniter.CroniterNotAlphaError: [0 6, 18 * * *] is not acceptable

During handling of the above exception, another exception occurred:

Traceback (most recent call last):
  File "/home/airflow/.local/lib/python3.12/site-packages/airflow/models/dagbag.py", line 479, in _process_modules
    dag.validate()
  File "/home/airflow/.local/lib/python3.12/site-packages/airflow/models/dag.py", line 845, in validate
    self.timetable.validate()
  File "/home/airflow/.local/lib/python3.12/site-packages/airflow/timetables/_cron.py", line 104, in validate
    raise AirflowTimetableInvalid(str(e))
airflow.exceptions.AirflowTimetableInvalid: [0 6, 18 * * *] is not acceptable
[2026-08-01T19:31:37.552+0000] {processor.py:927} WARNING - No viable dags retrieved from /opt/airflow/dags/pricescope_pipeline.py
[2026-08-01T19:31:37.580+0000] {processor.py:208} INFO - Processing /opt/airflow/dags/pricescope_pipeline.py took 0.097 seconds
[2026-08-01T19:32:07.920+0000] {processor.py:186} INFO - Started process (PID=621) to work on /opt/airflow/dags/pricescope_pipeline.py
[2026-08-01T19:32:07.923+0000] {processor.py:914} INFO - Processing file /opt/airflow/dags/pricescope_pipeline.py for tasks to queue
[2026-08-01T19:32:07.926+0000] {logging_mixin.py:190} INFO - [2026-08-01T19:32:07.925+0000] {dagbag.py:588} INFO - Filling up the DagBag from /opt/airflow/dags/pricescope_pipeline.py
[2026-08-01T19:32:07.964+0000] {logging_mixin.py:190} INFO - [2026-08-01T19:32:07.962+0000] {dagbag.py:484} ERROR - Failed to bag_dag: /opt/airflow/dags/pricescope_pipeline.py
Traceback (most recent call last):
  File "/home/airflow/.local/lib/python3.12/site-packages/croniter/croniter.py", line 284, in _alphaconv
    return cls.ALPHACONV[index][key]
           ~~~~~~~~~~~~~~~~~~~~^^^^^
KeyError: ''

During handling of the above exception, another exception occurred:

Traceback (most recent call last):
  File "/home/airflow/.local/lib/python3.12/site-packages/airflow/timetables/_cron.py", line 102, in validate
    croniter(self._expression)
  File "/home/airflow/.local/lib/python3.12/site-packages/croniter/croniter.py", line 271, in __init__
    self.expanded, self.nth_weekday_of_month = self.expand(
                                               ^^^^^^^^^^^^
  File "/home/airflow/.local/lib/python3.12/site-packages/croniter/croniter.py", line 1032, in expand
    return cls._expand(expr_format, hash_id=hash_id,
           ^^^^^^^^^^^^^^^^^^^^^^^^^^^^^^^^^^^^^^^^^
  File "/home/airflow/.local/lib/python3.12/site-packages/croniter/croniter.py", line 973, in _expand
    t = cls._alphaconv(i, t, expressions)
        ^^^^^^^^^^^^^^^^^^^^^^^^^^^^^^^^^
  File "/home/airflow/.local/lib/python3.12/site-packages/croniter/croniter.py", line 286, in _alphaconv
    raise CroniterNotAlphaError(
croniter.croniter.CroniterNotAlphaError: [0 6, 18 * * *] is not acceptable

During handling of the above exception, another exception occurred:

Traceback (most recent call last):
  File "/home/airflow/.local/lib/python3.12/site-packages/airflow/models/dagbag.py", line 479, in _process_modules
    dag.validate()
  File "/home/airflow/.local/lib/python3.12/site-packages/airflow/models/dag.py", line 845, in validate
    self.timetable.validate()
  File "/home/airflow/.local/lib/python3.12/site-packages/airflow/timetables/_cron.py", line 104, in validate
    raise AirflowTimetableInvalid(str(e))
airflow.exceptions.AirflowTimetableInvalid: [0 6, 18 * * *] is not acceptable
[2026-08-01T19:32:07.966+0000] {processor.py:927} WARNING - No viable dags retrieved from /opt/airflow/dags/pricescope_pipeline.py
[2026-08-01T19:32:07.991+0000] {processor.py:208} INFO - Processing /opt/airflow/dags/pricescope_pipeline.py took 0.076 seconds
[2026-08-01T19:32:38.515+0000] {processor.py:186} INFO - Started process (PID=628) to work on /opt/airflow/dags/pricescope_pipeline.py
[2026-08-01T19:32:38.521+0000] {processor.py:914} INFO - Processing file /opt/airflow/dags/pricescope_pipeline.py for tasks to queue
[2026-08-01T19:32:38.536+0000] {logging_mixin.py:190} INFO - [2026-08-01T19:32:38.535+0000] {dagbag.py:588} INFO - Filling up the DagBag from /opt/airflow/dags/pricescope_pipeline.py
[2026-08-01T19:32:38.591+0000] {logging_mixin.py:190} INFO - [2026-08-01T19:32:38.585+0000] {dagbag.py:484} ERROR - Failed to bag_dag: /opt/airflow/dags/pricescope_pipeline.py
Traceback (most recent call last):
  File "/home/airflow/.local/lib/python3.12/site-packages/croniter/croniter.py", line 284, in _alphaconv
    return cls.ALPHACONV[index][key]
           ~~~~~~~~~~~~~~~~~~~~^^^^^
KeyError: ''

During handling of the above exception, another exception occurred:

Traceback (most recent call last):
  File "/home/airflow/.local/lib/python3.12/site-packages/airflow/timetables/_cron.py", line 102, in validate
    croniter(self._expression)
  File "/home/airflow/.local/lib/python3.12/site-packages/croniter/croniter.py", line 271, in __init__
    self.expanded, self.nth_weekday_of_month = self.expand(
                                               ^^^^^^^^^^^^
  File "/home/airflow/.local/lib/python3.12/site-packages/croniter/croniter.py", line 1032, in expand
    return cls._expand(expr_format, hash_id=hash_id,
           ^^^^^^^^^^^^^^^^^^^^^^^^^^^^^^^^^^^^^^^^^
  File "/home/airflow/.local/lib/python3.12/site-packages/croniter/croniter.py", line 973, in _expand
    t = cls._alphaconv(i, t, expressions)
        ^^^^^^^^^^^^^^^^^^^^^^^^^^^^^^^^^
  File "/home/airflow/.local/lib/python3.12/site-packages/croniter/croniter.py", line 286, in _alphaconv
    raise CroniterNotAlphaError(
croniter.croniter.CroniterNotAlphaError: [0 6, 18 * * *] is not acceptable

During handling of the above exception, another exception occurred:

Traceback (most recent call last):
  File "/home/airflow/.local/lib/python3.12/site-packages/airflow/models/dagbag.py", line 479, in _process_modules
    dag.validate()
  File "/home/airflow/.local/lib/python3.12/site-packages/airflow/models/dag.py", line 845, in validate
    self.timetable.validate()
  File "/home/airflow/.local/lib/python3.12/site-packages/airflow/timetables/_cron.py", line 104, in validate
    raise AirflowTimetableInvalid(str(e))
airflow.exceptions.AirflowTimetableInvalid: [0 6, 18 * * *] is not acceptable
[2026-08-01T19:32:38.595+0000] {processor.py:927} WARNING - No viable dags retrieved from /opt/airflow/dags/pricescope_pipeline.py
[2026-08-01T19:32:38.627+0000] {processor.py:208} INFO - Processing /opt/airflow/dags/pricescope_pipeline.py took 0.138 seconds
[2026-08-01T19:33:08.876+0000] {processor.py:186} INFO - Started process (PID=635) to work on /opt/airflow/dags/pricescope_pipeline.py
[2026-08-01T19:33:08.878+0000] {processor.py:914} INFO - Processing file /opt/airflow/dags/pricescope_pipeline.py for tasks to queue
[2026-08-01T19:33:08.883+0000] {logging_mixin.py:190} INFO - [2026-08-01T19:33:08.883+0000] {dagbag.py:588} INFO - Filling up the DagBag from /opt/airflow/dags/pricescope_pipeline.py
[2026-08-01T19:33:08.916+0000] {logging_mixin.py:190} INFO - [2026-08-01T19:33:08.913+0000] {dagbag.py:484} ERROR - Failed to bag_dag: /opt/airflow/dags/pricescope_pipeline.py
Traceback (most recent call last):
  File "/home/airflow/.local/lib/python3.12/site-packages/croniter/croniter.py", line 284, in _alphaconv
    return cls.ALPHACONV[index][key]
           ~~~~~~~~~~~~~~~~~~~~^^^^^
KeyError: ''

During handling of the above exception, another exception occurred:

Traceback (most recent call last):
  File "/home/airflow/.local/lib/python3.12/site-packages/airflow/timetables/_cron.py", line 102, in validate
    croniter(self._expression)
  File "/home/airflow/.local/lib/python3.12/site-packages/croniter/croniter.py", line 271, in __init__
    self.expanded, self.nth_weekday_of_month = self.expand(
                                               ^^^^^^^^^^^^
  File "/home/airflow/.local/lib/python3.12/site-packages/croniter/croniter.py", line 1032, in expand
    return cls._expand(expr_format, hash_id=hash_id,
           ^^^^^^^^^^^^^^^^^^^^^^^^^^^^^^^^^^^^^^^^^
  File "/home/airflow/.local/lib/python3.12/site-packages/croniter/croniter.py", line 973, in _expand
    t = cls._alphaconv(i, t, expressions)
        ^^^^^^^^^^^^^^^^^^^^^^^^^^^^^^^^^
  File "/home/airflow/.local/lib/python3.12/site-packages/croniter/croniter.py", line 286, in _alphaconv
    raise CroniterNotAlphaError(
croniter.croniter.CroniterNotAlphaError: [0 6, 18 * * *] is not acceptable

During handling of the above exception, another exception occurred:

Traceback (most recent call last):
  File "/home/airflow/.local/lib/python3.12/site-packages/airflow/models/dagbag.py", line 479, in _process_modules
    dag.validate()
  File "/home/airflow/.local/lib/python3.12/site-packages/airflow/models/dag.py", line 845, in validate
    self.timetable.validate()
  File "/home/airflow/.local/lib/python3.12/site-packages/airflow/timetables/_cron.py", line 104, in validate
    raise AirflowTimetableInvalid(str(e))
airflow.exceptions.AirflowTimetableInvalid: [0 6, 18 * * *] is not acceptable
[2026-08-01T19:33:08.917+0000] {processor.py:927} WARNING - No viable dags retrieved from /opt/airflow/dags/pricescope_pipeline.py
[2026-08-01T19:33:08.943+0000] {processor.py:208} INFO - Processing /opt/airflow/dags/pricescope_pipeline.py took 0.075 seconds
[2026-08-01T19:33:39.247+0000] {processor.py:186} INFO - Started process (PID=642) to work on /opt/airflow/dags/pricescope_pipeline.py
[2026-08-01T19:33:39.252+0000] {processor.py:914} INFO - Processing file /opt/airflow/dags/pricescope_pipeline.py for tasks to queue
[2026-08-01T19:33:39.262+0000] {logging_mixin.py:190} INFO - [2026-08-01T19:33:39.261+0000] {dagbag.py:588} INFO - Filling up the DagBag from /opt/airflow/dags/pricescope_pipeline.py
[2026-08-01T19:33:39.325+0000] {logging_mixin.py:190} INFO - [2026-08-01T19:33:39.318+0000] {dagbag.py:484} ERROR - Failed to bag_dag: /opt/airflow/dags/pricescope_pipeline.py
Traceback (most recent call last):
  File "/home/airflow/.local/lib/python3.12/site-packages/croniter/croniter.py", line 284, in _alphaconv
    return cls.ALPHACONV[index][key]
           ~~~~~~~~~~~~~~~~~~~~^^^^^
KeyError: ''

During handling of the above exception, another exception occurred:

Traceback (most recent call last):
  File "/home/airflow/.local/lib/python3.12/site-packages/airflow/timetables/_cron.py", line 102, in validate
    croniter(self._expression)
  File "/home/airflow/.local/lib/python3.12/site-packages/croniter/croniter.py", line 271, in __init__
    self.expanded, self.nth_weekday_of_month = self.expand(
                                               ^^^^^^^^^^^^
  File "/home/airflow/.local/lib/python3.12/site-packages/croniter/croniter.py", line 1032, in expand
    return cls._expand(expr_format, hash_id=hash_id,
           ^^^^^^^^^^^^^^^^^^^^^^^^^^^^^^^^^^^^^^^^^
  File "/home/airflow/.local/lib/python3.12/site-packages/croniter/croniter.py", line 973, in _expand
    t = cls._alphaconv(i, t, expressions)
        ^^^^^^^^^^^^^^^^^^^^^^^^^^^^^^^^^
  File "/home/airflow/.local/lib/python3.12/site-packages/croniter/croniter.py", line 286, in _alphaconv
    raise CroniterNotAlphaError(
croniter.croniter.CroniterNotAlphaError: [0 6, 18 * * *] is not acceptable

During handling of the above exception, another exception occurred:

Traceback (most recent call last):
  File "/home/airflow/.local/lib/python3.12/site-packages/airflow/models/dagbag.py", line 479, in _process_modules
    dag.validate()
  File "/home/airflow/.local/lib/python3.12/site-packages/airflow/models/dag.py", line 845, in validate
    self.timetable.validate()
  File "/home/airflow/.local/lib/python3.12/site-packages/airflow/timetables/_cron.py", line 104, in validate
    raise AirflowTimetableInvalid(str(e))
airflow.exceptions.AirflowTimetableInvalid: [0 6, 18 * * *] is not acceptable
[2026-08-01T19:33:39.327+0000] {processor.py:927} WARNING - No viable dags retrieved from /opt/airflow/dags/pricescope_pipeline.py
[2026-08-01T19:33:39.367+0000] {processor.py:208} INFO - Processing /opt/airflow/dags/pricescope_pipeline.py took 0.136 seconds
[2026-08-01T19:34:09.705+0000] {processor.py:186} INFO - Started process (PID=649) to work on /opt/airflow/dags/pricescope_pipeline.py
[2026-08-01T19:34:09.709+0000] {processor.py:914} INFO - Processing file /opt/airflow/dags/pricescope_pipeline.py for tasks to queue
[2026-08-01T19:34:09.717+0000] {logging_mixin.py:190} INFO - [2026-08-01T19:34:09.716+0000] {dagbag.py:588} INFO - Filling up the DagBag from /opt/airflow/dags/pricescope_pipeline.py
[2026-08-01T19:34:09.769+0000] {logging_mixin.py:190} INFO - [2026-08-01T19:34:09.762+0000] {dagbag.py:484} ERROR - Failed to bag_dag: /opt/airflow/dags/pricescope_pipeline.py
Traceback (most recent call last):
  File "/home/airflow/.local/lib/python3.12/site-packages/croniter/croniter.py", line 284, in _alphaconv
    return cls.ALPHACONV[index][key]
           ~~~~~~~~~~~~~~~~~~~~^^^^^
KeyError: ''

During handling of the above exception, another exception occurred:

Traceback (most recent call last):
  File "/home/airflow/.local/lib/python3.12/site-packages/airflow/timetables/_cron.py", line 102, in validate
    croniter(self._expression)
  File "/home/airflow/.local/lib/python3.12/site-packages/croniter/croniter.py", line 271, in __init__
    self.expanded, self.nth_weekday_of_month = self.expand(
                                               ^^^^^^^^^^^^
  File "/home/airflow/.local/lib/python3.12/site-packages/croniter/croniter.py", line 1032, in expand
    return cls._expand(expr_format, hash_id=hash_id,
           ^^^^^^^^^^^^^^^^^^^^^^^^^^^^^^^^^^^^^^^^^
  File "/home/airflow/.local/lib/python3.12/site-packages/croniter/croniter.py", line 973, in _expand
    t = cls._alphaconv(i, t, expressions)
        ^^^^^^^^^^^^^^^^^^^^^^^^^^^^^^^^^
  File "/home/airflow/.local/lib/python3.12/site-packages/croniter/croniter.py", line 286, in _alphaconv
    raise CroniterNotAlphaError(
croniter.croniter.CroniterNotAlphaError: [0 6, 18 * * *] is not acceptable

During handling of the above exception, another exception occurred:

Traceback (most recent call last):
  File "/home/airflow/.local/lib/python3.12/site-packages/airflow/models/dagbag.py", line 479, in _process_modules
    dag.validate()
  File "/home/airflow/.local/lib/python3.12/site-packages/airflow/models/dag.py", line 845, in validate
    self.timetable.validate()
  File "/home/airflow/.local/lib/python3.12/site-packages/airflow/timetables/_cron.py", line 104, in validate
    raise AirflowTimetableInvalid(str(e))
airflow.exceptions.AirflowTimetableInvalid: [0 6, 18 * * *] is not acceptable
[2026-08-01T19:34:09.771+0000] {processor.py:927} WARNING - No viable dags retrieved from /opt/airflow/dags/pricescope_pipeline.py
[2026-08-01T19:34:09.811+0000] {processor.py:208} INFO - Processing /opt/airflow/dags/pricescope_pipeline.py took 0.125 seconds
[2026-08-01T19:34:40.161+0000] {processor.py:186} INFO - Started process (PID=656) to work on /opt/airflow/dags/pricescope_pipeline.py
[2026-08-01T19:34:40.164+0000] {processor.py:914} INFO - Processing file /opt/airflow/dags/pricescope_pipeline.py for tasks to queue
[2026-08-01T19:34:40.170+0000] {logging_mixin.py:190} INFO - [2026-08-01T19:34:40.170+0000] {dagbag.py:588} INFO - Filling up the DagBag from /opt/airflow/dags/pricescope_pipeline.py
[2026-08-01T19:34:40.213+0000] {logging_mixin.py:190} INFO - [2026-08-01T19:34:40.208+0000] {dagbag.py:484} ERROR - Failed to bag_dag: /opt/airflow/dags/pricescope_pipeline.py
Traceback (most recent call last):
  File "/home/airflow/.local/lib/python3.12/site-packages/croniter/croniter.py", line 284, in _alphaconv
    return cls.ALPHACONV[index][key]
           ~~~~~~~~~~~~~~~~~~~~^^^^^
KeyError: ''

During handling of the above exception, another exception occurred:

Traceback (most recent call last):
  File "/home/airflow/.local/lib/python3.12/site-packages/airflow/timetables/_cron.py", line 102, in validate
    croniter(self._expression)
  File "/home/airflow/.local/lib/python3.12/site-packages/croniter/croniter.py", line 271, in __init__
    self.expanded, self.nth_weekday_of_month = self.expand(
                                               ^^^^^^^^^^^^
  File "/home/airflow/.local/lib/python3.12/site-packages/croniter/croniter.py", line 1032, in expand
    return cls._expand(expr_format, hash_id=hash_id,
           ^^^^^^^^^^^^^^^^^^^^^^^^^^^^^^^^^^^^^^^^^
  File "/home/airflow/.local/lib/python3.12/site-packages/croniter/croniter.py", line 973, in _expand
    t = cls._alphaconv(i, t, expressions)
        ^^^^^^^^^^^^^^^^^^^^^^^^^^^^^^^^^
  File "/home/airflow/.local/lib/python3.12/site-packages/croniter/croniter.py", line 286, in _alphaconv
    raise CroniterNotAlphaError(
croniter.croniter.CroniterNotAlphaError: [0 6, 18 * * *] is not acceptable

During handling of the above exception, another exception occurred:

Traceback (most recent call last):
  File "/home/airflow/.local/lib/python3.12/site-packages/airflow/models/dagbag.py", line 479, in _process_modules
    dag.validate()
  File "/home/airflow/.local/lib/python3.12/site-packages/airflow/models/dag.py", line 845, in validate
    self.timetable.validate()
  File "/home/airflow/.local/lib/python3.12/site-packages/airflow/timetables/_cron.py", line 104, in validate
    raise AirflowTimetableInvalid(str(e))
airflow.exceptions.AirflowTimetableInvalid: [0 6, 18 * * *] is not acceptable
[2026-08-01T19:34:40.216+0000] {processor.py:927} WARNING - No viable dags retrieved from /opt/airflow/dags/pricescope_pipeline.py
[2026-08-01T19:34:40.249+0000] {processor.py:208} INFO - Processing /opt/airflow/dags/pricescope_pipeline.py took 0.103 seconds
[2026-08-01T19:35:10.573+0000] {processor.py:186} INFO - Started process (PID=663) to work on /opt/airflow/dags/pricescope_pipeline.py
[2026-08-01T19:35:10.578+0000] {processor.py:914} INFO - Processing file /opt/airflow/dags/pricescope_pipeline.py for tasks to queue
[2026-08-01T19:35:10.586+0000] {logging_mixin.py:190} INFO - [2026-08-01T19:35:10.585+0000] {dagbag.py:588} INFO - Filling up the DagBag from /opt/airflow/dags/pricescope_pipeline.py
[2026-08-01T19:35:10.619+0000] {logging_mixin.py:190} INFO - [2026-08-01T19:35:10.616+0000] {dagbag.py:484} ERROR - Failed to bag_dag: /opt/airflow/dags/pricescope_pipeline.py
Traceback (most recent call last):
  File "/home/airflow/.local/lib/python3.12/site-packages/croniter/croniter.py", line 284, in _alphaconv
    return cls.ALPHACONV[index][key]
           ~~~~~~~~~~~~~~~~~~~~^^^^^
KeyError: ''

During handling of the above exception, another exception occurred:

Traceback (most recent call last):
  File "/home/airflow/.local/lib/python3.12/site-packages/airflow/timetables/_cron.py", line 102, in validate
    croniter(self._expression)
  File "/home/airflow/.local/lib/python3.12/site-packages/croniter/croniter.py", line 271, in __init__
    self.expanded, self.nth_weekday_of_month = self.expand(
                                               ^^^^^^^^^^^^
  File "/home/airflow/.local/lib/python3.12/site-packages/croniter/croniter.py", line 1032, in expand
    return cls._expand(expr_format, hash_id=hash_id,
           ^^^^^^^^^^^^^^^^^^^^^^^^^^^^^^^^^^^^^^^^^
  File "/home/airflow/.local/lib/python3.12/site-packages/croniter/croniter.py", line 973, in _expand
    t = cls._alphaconv(i, t, expressions)
        ^^^^^^^^^^^^^^^^^^^^^^^^^^^^^^^^^
  File "/home/airflow/.local/lib/python3.12/site-packages/croniter/croniter.py", line 286, in _alphaconv
    raise CroniterNotAlphaError(
croniter.croniter.CroniterNotAlphaError: [0 6, 18 * * *] is not acceptable

During handling of the above exception, another exception occurred:

Traceback (most recent call last):
  File "/home/airflow/.local/lib/python3.12/site-packages/airflow/models/dagbag.py", line 479, in _process_modules
    dag.validate()
  File "/home/airflow/.local/lib/python3.12/site-packages/airflow/models/dag.py", line 845, in validate
    self.timetable.validate()
  File "/home/airflow/.local/lib/python3.12/site-packages/airflow/timetables/_cron.py", line 104, in validate
    raise AirflowTimetableInvalid(str(e))
airflow.exceptions.AirflowTimetableInvalid: [0 6, 18 * * *] is not acceptable
[2026-08-01T19:35:10.621+0000] {processor.py:927} WARNING - No viable dags retrieved from /opt/airflow/dags/pricescope_pipeline.py
[2026-08-01T19:35:10.639+0000] {processor.py:208} INFO - Processing /opt/airflow/dags/pricescope_pipeline.py took 0.093 seconds
[2026-08-01T19:35:41.087+0000] {processor.py:186} INFO - Started process (PID=670) to work on /opt/airflow/dags/pricescope_pipeline.py
[2026-08-01T19:35:41.089+0000] {processor.py:914} INFO - Processing file /opt/airflow/dags/pricescope_pipeline.py for tasks to queue
[2026-08-01T19:35:41.093+0000] {logging_mixin.py:190} INFO - [2026-08-01T19:35:41.092+0000] {dagbag.py:588} INFO - Filling up the DagBag from /opt/airflow/dags/pricescope_pipeline.py
[2026-08-01T19:35:41.148+0000] {logging_mixin.py:190} INFO - [2026-08-01T19:35:41.145+0000] {dagbag.py:484} ERROR - Failed to bag_dag: /opt/airflow/dags/pricescope_pipeline.py
Traceback (most recent call last):
  File "/home/airflow/.local/lib/python3.12/site-packages/croniter/croniter.py", line 284, in _alphaconv
    return cls.ALPHACONV[index][key]
           ~~~~~~~~~~~~~~~~~~~~^^^^^
KeyError: ''

During handling of the above exception, another exception occurred:

Traceback (most recent call last):
  File "/home/airflow/.local/lib/python3.12/site-packages/airflow/timetables/_cron.py", line 102, in validate
    croniter(self._expression)
  File "/home/airflow/.local/lib/python3.12/site-packages/croniter/croniter.py", line 271, in __init__
    self.expanded, self.nth_weekday_of_month = self.expand(
                                               ^^^^^^^^^^^^
  File "/home/airflow/.local/lib/python3.12/site-packages/croniter/croniter.py", line 1032, in expand
    return cls._expand(expr_format, hash_id=hash_id,
           ^^^^^^^^^^^^^^^^^^^^^^^^^^^^^^^^^^^^^^^^^
  File "/home/airflow/.local/lib/python3.12/site-packages/croniter/croniter.py", line 973, in _expand
    t = cls._alphaconv(i, t, expressions)
        ^^^^^^^^^^^^^^^^^^^^^^^^^^^^^^^^^
  File "/home/airflow/.local/lib/python3.12/site-packages/croniter/croniter.py", line 286, in _alphaconv
    raise CroniterNotAlphaError(
croniter.croniter.CroniterNotAlphaError: [0 6, 18 * * *] is not acceptable

During handling of the above exception, another exception occurred:

Traceback (most recent call last):
  File "/home/airflow/.local/lib/python3.12/site-packages/airflow/models/dagbag.py", line 479, in _process_modules
    dag.validate()
  File "/home/airflow/.local/lib/python3.12/site-packages/airflow/models/dag.py", line 845, in validate
    self.timetable.validate()
  File "/home/airflow/.local/lib/python3.12/site-packages/airflow/timetables/_cron.py", line 104, in validate
    raise AirflowTimetableInvalid(str(e))
airflow.exceptions.AirflowTimetableInvalid: [0 6, 18 * * *] is not acceptable
[2026-08-01T19:35:41.151+0000] {processor.py:927} WARNING - No viable dags retrieved from /opt/airflow/dags/pricescope_pipeline.py
[2026-08-01T19:35:41.180+0000] {processor.py:208} INFO - Processing /opt/airflow/dags/pricescope_pipeline.py took 0.100 seconds
[2026-08-01T19:36:11.406+0000] {processor.py:186} INFO - Started process (PID=677) to work on /opt/airflow/dags/pricescope_pipeline.py
[2026-08-01T19:36:11.408+0000] {processor.py:914} INFO - Processing file /opt/airflow/dags/pricescope_pipeline.py for tasks to queue
[2026-08-01T19:36:11.413+0000] {logging_mixin.py:190} INFO - [2026-08-01T19:36:11.412+0000] {dagbag.py:588} INFO - Filling up the DagBag from /opt/airflow/dags/pricescope_pipeline.py
[2026-08-01T19:36:11.438+0000] {logging_mixin.py:190} INFO - [2026-08-01T19:36:11.435+0000] {dagbag.py:484} ERROR - Failed to bag_dag: /opt/airflow/dags/pricescope_pipeline.py
Traceback (most recent call last):
  File "/home/airflow/.local/lib/python3.12/site-packages/croniter/croniter.py", line 284, in _alphaconv
    return cls.ALPHACONV[index][key]
           ~~~~~~~~~~~~~~~~~~~~^^^^^
KeyError: ''

During handling of the above exception, another exception occurred:

Traceback (most recent call last):
  File "/home/airflow/.local/lib/python3.12/site-packages/airflow/timetables/_cron.py", line 102, in validate
    croniter(self._expression)
  File "/home/airflow/.local/lib/python3.12/site-packages/croniter/croniter.py", line 271, in __init__
    self.expanded, self.nth_weekday_of_month = self.expand(
                                               ^^^^^^^^^^^^
  File "/home/airflow/.local/lib/python3.12/site-packages/croniter/croniter.py", line 1032, in expand
    return cls._expand(expr_format, hash_id=hash_id,
           ^^^^^^^^^^^^^^^^^^^^^^^^^^^^^^^^^^^^^^^^^
  File "/home/airflow/.local/lib/python3.12/site-packages/croniter/croniter.py", line 973, in _expand
    t = cls._alphaconv(i, t, expressions)
        ^^^^^^^^^^^^^^^^^^^^^^^^^^^^^^^^^
  File "/home/airflow/.local/lib/python3.12/site-packages/croniter/croniter.py", line 286, in _alphaconv
    raise CroniterNotAlphaError(
croniter.croniter.CroniterNotAlphaError: [0 6, 18 * * *] is not acceptable

During handling of the above exception, another exception occurred:

Traceback (most recent call last):
  File "/home/airflow/.local/lib/python3.12/site-packages/airflow/models/dagbag.py", line 479, in _process_modules
    dag.validate()
  File "/home/airflow/.local/lib/python3.12/site-packages/airflow/models/dag.py", line 845, in validate
    self.timetable.validate()
  File "/home/airflow/.local/lib/python3.12/site-packages/airflow/timetables/_cron.py", line 104, in validate
    raise AirflowTimetableInvalid(str(e))
airflow.exceptions.AirflowTimetableInvalid: [0 6, 18 * * *] is not acceptable
[2026-08-01T19:36:11.439+0000] {processor.py:927} WARNING - No viable dags retrieved from /opt/airflow/dags/pricescope_pipeline.py
[2026-08-01T19:36:11.458+0000] {processor.py:208} INFO - Processing /opt/airflow/dags/pricescope_pipeline.py took 0.056 seconds
[2026-08-01T19:36:41.768+0000] {processor.py:186} INFO - Started process (PID=684) to work on /opt/airflow/dags/pricescope_pipeline.py
[2026-08-01T19:36:41.771+0000] {processor.py:914} INFO - Processing file /opt/airflow/dags/pricescope_pipeline.py for tasks to queue
[2026-08-01T19:36:41.776+0000] {logging_mixin.py:190} INFO - [2026-08-01T19:36:41.775+0000] {dagbag.py:588} INFO - Filling up the DagBag from /opt/airflow/dags/pricescope_pipeline.py
[2026-08-01T19:36:41.826+0000] {logging_mixin.py:190} INFO - [2026-08-01T19:36:41.824+0000] {dagbag.py:484} ERROR - Failed to bag_dag: /opt/airflow/dags/pricescope_pipeline.py
Traceback (most recent call last):
  File "/home/airflow/.local/lib/python3.12/site-packages/croniter/croniter.py", line 284, in _alphaconv
    return cls.ALPHACONV[index][key]
           ~~~~~~~~~~~~~~~~~~~~^^^^^
KeyError: ''

During handling of the above exception, another exception occurred:

Traceback (most recent call last):
  File "/home/airflow/.local/lib/python3.12/site-packages/airflow/timetables/_cron.py", line 102, in validate
    croniter(self._expression)
  File "/home/airflow/.local/lib/python3.12/site-packages/croniter/croniter.py", line 271, in __init__
    self.expanded, self.nth_weekday_of_month = self.expand(
                                               ^^^^^^^^^^^^
  File "/home/airflow/.local/lib/python3.12/site-packages/croniter/croniter.py", line 1032, in expand
    return cls._expand(expr_format, hash_id=hash_id,
           ^^^^^^^^^^^^^^^^^^^^^^^^^^^^^^^^^^^^^^^^^
  File "/home/airflow/.local/lib/python3.12/site-packages/croniter/croniter.py", line 973, in _expand
    t = cls._alphaconv(i, t, expressions)
        ^^^^^^^^^^^^^^^^^^^^^^^^^^^^^^^^^
  File "/home/airflow/.local/lib/python3.12/site-packages/croniter/croniter.py", line 286, in _alphaconv
    raise CroniterNotAlphaError(
croniter.croniter.CroniterNotAlphaError: [0 6, 18 * * *] is not acceptable

During handling of the above exception, another exception occurred:

Traceback (most recent call last):
  File "/home/airflow/.local/lib/python3.12/site-packages/airflow/models/dagbag.py", line 479, in _process_modules
    dag.validate()
  File "/home/airflow/.local/lib/python3.12/site-packages/airflow/models/dag.py", line 845, in validate
    self.timetable.validate()
  File "/home/airflow/.local/lib/python3.12/site-packages/airflow/timetables/_cron.py", line 104, in validate
    raise AirflowTimetableInvalid(str(e))
airflow.exceptions.AirflowTimetableInvalid: [0 6, 18 * * *] is not acceptable
[2026-08-01T19:36:41.829+0000] {processor.py:927} WARNING - No viable dags retrieved from /opt/airflow/dags/pricescope_pipeline.py
[2026-08-01T19:36:41.857+0000] {processor.py:208} INFO - Processing /opt/airflow/dags/pricescope_pipeline.py took 0.097 seconds
[2026-08-01T19:37:12.348+0000] {processor.py:186} INFO - Started process (PID=691) to work on /opt/airflow/dags/pricescope_pipeline.py
[2026-08-01T19:37:12.353+0000] {processor.py:914} INFO - Processing file /opt/airflow/dags/pricescope_pipeline.py for tasks to queue
[2026-08-01T19:37:12.365+0000] {logging_mixin.py:190} INFO - [2026-08-01T19:37:12.362+0000] {dagbag.py:588} INFO - Filling up the DagBag from /opt/airflow/dags/pricescope_pipeline.py
[2026-08-01T19:37:12.464+0000] {logging_mixin.py:190} INFO - [2026-08-01T19:37:12.456+0000] {dagbag.py:484} ERROR - Failed to bag_dag: /opt/airflow/dags/pricescope_pipeline.py
Traceback (most recent call last):
  File "/home/airflow/.local/lib/python3.12/site-packages/croniter/croniter.py", line 284, in _alphaconv
    return cls.ALPHACONV[index][key]
           ~~~~~~~~~~~~~~~~~~~~^^^^^
KeyError: ''

During handling of the above exception, another exception occurred:

Traceback (most recent call last):
  File "/home/airflow/.local/lib/python3.12/site-packages/airflow/timetables/_cron.py", line 102, in validate
    croniter(self._expression)
  File "/home/airflow/.local/lib/python3.12/site-packages/croniter/croniter.py", line 271, in __init__
    self.expanded, self.nth_weekday_of_month = self.expand(
                                               ^^^^^^^^^^^^
  File "/home/airflow/.local/lib/python3.12/site-packages/croniter/croniter.py", line 1032, in expand
    return cls._expand(expr_format, hash_id=hash_id,
           ^^^^^^^^^^^^^^^^^^^^^^^^^^^^^^^^^^^^^^^^^
  File "/home/airflow/.local/lib/python3.12/site-packages/croniter/croniter.py", line 973, in _expand
    t = cls._alphaconv(i, t, expressions)
        ^^^^^^^^^^^^^^^^^^^^^^^^^^^^^^^^^
  File "/home/airflow/.local/lib/python3.12/site-packages/croniter/croniter.py", line 286, in _alphaconv
    raise CroniterNotAlphaError(
croniter.croniter.CroniterNotAlphaError: [0 6, 18 * * *] is not acceptable

During handling of the above exception, another exception occurred:

Traceback (most recent call last):
  File "/home/airflow/.local/lib/python3.12/site-packages/airflow/models/dagbag.py", line 479, in _process_modules
    dag.validate()
  File "/home/airflow/.local/lib/python3.12/site-packages/airflow/models/dag.py", line 845, in validate
    self.timetable.validate()
  File "/home/airflow/.local/lib/python3.12/site-packages/airflow/timetables/_cron.py", line 104, in validate
    raise AirflowTimetableInvalid(str(e))
airflow.exceptions.AirflowTimetableInvalid: [0 6, 18 * * *] is not acceptable
[2026-08-01T19:37:12.473+0000] {processor.py:927} WARNING - No viable dags retrieved from /opt/airflow/dags/pricescope_pipeline.py
[2026-08-01T19:37:12.516+0000] {processor.py:208} INFO - Processing /opt/airflow/dags/pricescope_pipeline.py took 0.192 seconds
[2026-08-01T19:37:42.765+0000] {processor.py:186} INFO - Started process (PID=698) to work on /opt/airflow/dags/pricescope_pipeline.py
[2026-08-01T19:37:42.769+0000] {processor.py:914} INFO - Processing file /opt/airflow/dags/pricescope_pipeline.py for tasks to queue
[2026-08-01T19:37:42.777+0000] {logging_mixin.py:190} INFO - [2026-08-01T19:37:42.776+0000] {dagbag.py:588} INFO - Filling up the DagBag from /opt/airflow/dags/pricescope_pipeline.py
[2026-08-01T19:37:42.830+0000] {logging_mixin.py:190} INFO - [2026-08-01T19:37:42.824+0000] {dagbag.py:484} ERROR - Failed to bag_dag: /opt/airflow/dags/pricescope_pipeline.py
Traceback (most recent call last):
  File "/home/airflow/.local/lib/python3.12/site-packages/croniter/croniter.py", line 284, in _alphaconv
    return cls.ALPHACONV[index][key]
           ~~~~~~~~~~~~~~~~~~~~^^^^^
KeyError: ''

During handling of the above exception, another exception occurred:

Traceback (most recent call last):
  File "/home/airflow/.local/lib/python3.12/site-packages/airflow/timetables/_cron.py", line 102, in validate
    croniter(self._expression)
  File "/home/airflow/.local/lib/python3.12/site-packages/croniter/croniter.py", line 271, in __init__
    self.expanded, self.nth_weekday_of_month = self.expand(
                                               ^^^^^^^^^^^^
  File "/home/airflow/.local/lib/python3.12/site-packages/croniter/croniter.py", line 1032, in expand
    return cls._expand(expr_format, hash_id=hash_id,
           ^^^^^^^^^^^^^^^^^^^^^^^^^^^^^^^^^^^^^^^^^
  File "/home/airflow/.local/lib/python3.12/site-packages/croniter/croniter.py", line 973, in _expand
    t = cls._alphaconv(i, t, expressions)
        ^^^^^^^^^^^^^^^^^^^^^^^^^^^^^^^^^
  File "/home/airflow/.local/lib/python3.12/site-packages/croniter/croniter.py", line 286, in _alphaconv
    raise CroniterNotAlphaError(
croniter.croniter.CroniterNotAlphaError: [0 6, 18 * * *] is not acceptable

During handling of the above exception, another exception occurred:

Traceback (most recent call last):
  File "/home/airflow/.local/lib/python3.12/site-packages/airflow/models/dagbag.py", line 479, in _process_modules
    dag.validate()
  File "/home/airflow/.local/lib/python3.12/site-packages/airflow/models/dag.py", line 845, in validate
    self.timetable.validate()
  File "/home/airflow/.local/lib/python3.12/site-packages/airflow/timetables/_cron.py", line 104, in validate
    raise AirflowTimetableInvalid(str(e))
airflow.exceptions.AirflowTimetableInvalid: [0 6, 18 * * *] is not acceptable
[2026-08-01T19:37:42.833+0000] {processor.py:927} WARNING - No viable dags retrieved from /opt/airflow/dags/pricescope_pipeline.py
[2026-08-01T19:37:42.873+0000] {processor.py:208} INFO - Processing /opt/airflow/dags/pricescope_pipeline.py took 0.131 seconds
[2026-08-01T19:38:13.335+0000] {processor.py:186} INFO - Started process (PID=706) to work on /opt/airflow/dags/pricescope_pipeline.py
[2026-08-01T19:38:13.338+0000] {processor.py:914} INFO - Processing file /opt/airflow/dags/pricescope_pipeline.py for tasks to queue
[2026-08-01T19:38:13.344+0000] {logging_mixin.py:190} INFO - [2026-08-01T19:38:13.344+0000] {dagbag.py:588} INFO - Filling up the DagBag from /opt/airflow/dags/pricescope_pipeline.py
[2026-08-01T19:38:13.383+0000] {logging_mixin.py:190} INFO - [2026-08-01T19:38:13.381+0000] {dagbag.py:484} ERROR - Failed to bag_dag: /opt/airflow/dags/pricescope_pipeline.py
Traceback (most recent call last):
  File "/home/airflow/.local/lib/python3.12/site-packages/croniter/croniter.py", line 284, in _alphaconv
    return cls.ALPHACONV[index][key]
           ~~~~~~~~~~~~~~~~~~~~^^^^^
KeyError: ''

During handling of the above exception, another exception occurred:

Traceback (most recent call last):
  File "/home/airflow/.local/lib/python3.12/site-packages/airflow/timetables/_cron.py", line 102, in validate
    croniter(self._expression)
  File "/home/airflow/.local/lib/python3.12/site-packages/croniter/croniter.py", line 271, in __init__
    self.expanded, self.nth_weekday_of_month = self.expand(
                                               ^^^^^^^^^^^^
  File "/home/airflow/.local/lib/python3.12/site-packages/croniter/croniter.py", line 1032, in expand
    return cls._expand(expr_format, hash_id=hash_id,
           ^^^^^^^^^^^^^^^^^^^^^^^^^^^^^^^^^^^^^^^^^
  File "/home/airflow/.local/lib/python3.12/site-packages/croniter/croniter.py", line 973, in _expand
    t = cls._alphaconv(i, t, expressions)
        ^^^^^^^^^^^^^^^^^^^^^^^^^^^^^^^^^
  File "/home/airflow/.local/lib/python3.12/site-packages/croniter/croniter.py", line 286, in _alphaconv
    raise CroniterNotAlphaError(
croniter.croniter.CroniterNotAlphaError: [0 6, 18 * * *] is not acceptable

During handling of the above exception, another exception occurred:

Traceback (most recent call last):
  File "/home/airflow/.local/lib/python3.12/site-packages/airflow/models/dagbag.py", line 479, in _process_modules
    dag.validate()
  File "/home/airflow/.local/lib/python3.12/site-packages/airflow/models/dag.py", line 845, in validate
    self.timetable.validate()
  File "/home/airflow/.local/lib/python3.12/site-packages/airflow/timetables/_cron.py", line 104, in validate
    raise AirflowTimetableInvalid(str(e))
airflow.exceptions.AirflowTimetableInvalid: [0 6, 18 * * *] is not acceptable
[2026-08-01T19:38:13.384+0000] {processor.py:927} WARNING - No viable dags retrieved from /opt/airflow/dags/pricescope_pipeline.py
[2026-08-01T19:38:13.405+0000] {processor.py:208} INFO - Processing /opt/airflow/dags/pricescope_pipeline.py took 0.076 seconds
[2026-08-01T19:38:43.730+0000] {processor.py:186} INFO - Started process (PID=713) to work on /opt/airflow/dags/pricescope_pipeline.py
[2026-08-01T19:38:43.735+0000] {processor.py:914} INFO - Processing file /opt/airflow/dags/pricescope_pipeline.py for tasks to queue
[2026-08-01T19:38:43.743+0000] {logging_mixin.py:190} INFO - [2026-08-01T19:38:43.742+0000] {dagbag.py:588} INFO - Filling up the DagBag from /opt/airflow/dags/pricescope_pipeline.py
[2026-08-01T19:38:43.790+0000] {logging_mixin.py:190} INFO - [2026-08-01T19:38:43.784+0000] {dagbag.py:484} ERROR - Failed to bag_dag: /opt/airflow/dags/pricescope_pipeline.py
Traceback (most recent call last):
  File "/home/airflow/.local/lib/python3.12/site-packages/croniter/croniter.py", line 284, in _alphaconv
    return cls.ALPHACONV[index][key]
           ~~~~~~~~~~~~~~~~~~~~^^^^^
KeyError: ''

During handling of the above exception, another exception occurred:

Traceback (most recent call last):
  File "/home/airflow/.local/lib/python3.12/site-packages/airflow/timetables/_cron.py", line 102, in validate
    croniter(self._expression)
  File "/home/airflow/.local/lib/python3.12/site-packages/croniter/croniter.py", line 271, in __init__
    self.expanded, self.nth_weekday_of_month = self.expand(
                                               ^^^^^^^^^^^^
  File "/home/airflow/.local/lib/python3.12/site-packages/croniter/croniter.py", line 1032, in expand
    return cls._expand(expr_format, hash_id=hash_id,
           ^^^^^^^^^^^^^^^^^^^^^^^^^^^^^^^^^^^^^^^^^
  File "/home/airflow/.local/lib/python3.12/site-packages/croniter/croniter.py", line 973, in _expand
    t = cls._alphaconv(i, t, expressions)
        ^^^^^^^^^^^^^^^^^^^^^^^^^^^^^^^^^
  File "/home/airflow/.local/lib/python3.12/site-packages/croniter/croniter.py", line 286, in _alphaconv
    raise CroniterNotAlphaError(
croniter.croniter.CroniterNotAlphaError: [0 6, 18 * * *] is not acceptable

During handling of the above exception, another exception occurred:

Traceback (most recent call last):
  File "/home/airflow/.local/lib/python3.12/site-packages/airflow/models/dagbag.py", line 479, in _process_modules
    dag.validate()
  File "/home/airflow/.local/lib/python3.12/site-packages/airflow/models/dag.py", line 845, in validate
    self.timetable.validate()
  File "/home/airflow/.local/lib/python3.12/site-packages/airflow/timetables/_cron.py", line 104, in validate
    raise AirflowTimetableInvalid(str(e))
airflow.exceptions.AirflowTimetableInvalid: [0 6, 18 * * *] is not acceptable
[2026-08-01T19:38:43.795+0000] {processor.py:927} WARNING - No viable dags retrieved from /opt/airflow/dags/pricescope_pipeline.py
[2026-08-01T19:38:43.849+0000] {processor.py:208} INFO - Processing /opt/airflow/dags/pricescope_pipeline.py took 0.134 seconds
[2026-08-01T19:39:14.160+0000] {processor.py:186} INFO - Started process (PID=720) to work on /opt/airflow/dags/pricescope_pipeline.py
[2026-08-01T19:39:14.162+0000] {processor.py:914} INFO - Processing file /opt/airflow/dags/pricescope_pipeline.py for tasks to queue
[2026-08-01T19:39:14.165+0000] {logging_mixin.py:190} INFO - [2026-08-01T19:39:14.165+0000] {dagbag.py:588} INFO - Filling up the DagBag from /opt/airflow/dags/pricescope_pipeline.py
[2026-08-01T19:39:14.198+0000] {logging_mixin.py:190} INFO - [2026-08-01T19:39:14.194+0000] {dagbag.py:484} ERROR - Failed to bag_dag: /opt/airflow/dags/pricescope_pipeline.py
Traceback (most recent call last):
  File "/home/airflow/.local/lib/python3.12/site-packages/croniter/croniter.py", line 284, in _alphaconv
    return cls.ALPHACONV[index][key]
           ~~~~~~~~~~~~~~~~~~~~^^^^^
KeyError: ''

During handling of the above exception, another exception occurred:

Traceback (most recent call last):
  File "/home/airflow/.local/lib/python3.12/site-packages/airflow/timetables/_cron.py", line 102, in validate
    croniter(self._expression)
  File "/home/airflow/.local/lib/python3.12/site-packages/croniter/croniter.py", line 271, in __init__
    self.expanded, self.nth_weekday_of_month = self.expand(
                                               ^^^^^^^^^^^^
  File "/home/airflow/.local/lib/python3.12/site-packages/croniter/croniter.py", line 1032, in expand
    return cls._expand(expr_format, hash_id=hash_id,
           ^^^^^^^^^^^^^^^^^^^^^^^^^^^^^^^^^^^^^^^^^
  File "/home/airflow/.local/lib/python3.12/site-packages/croniter/croniter.py", line 973, in _expand
    t = cls._alphaconv(i, t, expressions)
        ^^^^^^^^^^^^^^^^^^^^^^^^^^^^^^^^^
  File "/home/airflow/.local/lib/python3.12/site-packages/croniter/croniter.py", line 286, in _alphaconv
    raise CroniterNotAlphaError(
croniter.croniter.CroniterNotAlphaError: [0 6, 18 * * *] is not acceptable

During handling of the above exception, another exception occurred:

Traceback (most recent call last):
  File "/home/airflow/.local/lib/python3.12/site-packages/airflow/models/dagbag.py", line 479, in _process_modules
    dag.validate()
  File "/home/airflow/.local/lib/python3.12/site-packages/airflow/models/dag.py", line 845, in validate
    self.timetable.validate()
  File "/home/airflow/.local/lib/python3.12/site-packages/airflow/timetables/_cron.py", line 104, in validate
    raise AirflowTimetableInvalid(str(e))
airflow.exceptions.AirflowTimetableInvalid: [0 6, 18 * * *] is not acceptable
[2026-08-01T19:39:14.200+0000] {processor.py:927} WARNING - No viable dags retrieved from /opt/airflow/dags/pricescope_pipeline.py
[2026-08-01T19:39:14.226+0000] {processor.py:208} INFO - Processing /opt/airflow/dags/pricescope_pipeline.py took 0.071 seconds
[2026-08-01T19:39:44.661+0000] {processor.py:186} INFO - Started process (PID=727) to work on /opt/airflow/dags/pricescope_pipeline.py
[2026-08-01T19:39:44.663+0000] {processor.py:914} INFO - Processing file /opt/airflow/dags/pricescope_pipeline.py for tasks to queue
[2026-08-01T19:39:44.667+0000] {logging_mixin.py:190} INFO - [2026-08-01T19:39:44.667+0000] {dagbag.py:588} INFO - Filling up the DagBag from /opt/airflow/dags/pricescope_pipeline.py
[2026-08-01T19:39:44.701+0000] {logging_mixin.py:190} INFO - [2026-08-01T19:39:44.696+0000] {dagbag.py:484} ERROR - Failed to bag_dag: /opt/airflow/dags/pricescope_pipeline.py
Traceback (most recent call last):
  File "/home/airflow/.local/lib/python3.12/site-packages/croniter/croniter.py", line 284, in _alphaconv
    return cls.ALPHACONV[index][key]
           ~~~~~~~~~~~~~~~~~~~~^^^^^
KeyError: ''

During handling of the above exception, another exception occurred:

Traceback (most recent call last):
  File "/home/airflow/.local/lib/python3.12/site-packages/airflow/timetables/_cron.py", line 102, in validate
    croniter(self._expression)
  File "/home/airflow/.local/lib/python3.12/site-packages/croniter/croniter.py", line 271, in __init__
    self.expanded, self.nth_weekday_of_month = self.expand(
                                               ^^^^^^^^^^^^
  File "/home/airflow/.local/lib/python3.12/site-packages/croniter/croniter.py", line 1032, in expand
    return cls._expand(expr_format, hash_id=hash_id,
           ^^^^^^^^^^^^^^^^^^^^^^^^^^^^^^^^^^^^^^^^^
  File "/home/airflow/.local/lib/python3.12/site-packages/croniter/croniter.py", line 973, in _expand
    t = cls._alphaconv(i, t, expressions)
        ^^^^^^^^^^^^^^^^^^^^^^^^^^^^^^^^^
  File "/home/airflow/.local/lib/python3.12/site-packages/croniter/croniter.py", line 286, in _alphaconv
    raise CroniterNotAlphaError(
croniter.croniter.CroniterNotAlphaError: [0 6, 18 * * *] is not acceptable

During handling of the above exception, another exception occurred:

Traceback (most recent call last):
  File "/home/airflow/.local/lib/python3.12/site-packages/airflow/models/dagbag.py", line 479, in _process_modules
    dag.validate()
  File "/home/airflow/.local/lib/python3.12/site-packages/airflow/models/dag.py", line 845, in validate
    self.timetable.validate()
  File "/home/airflow/.local/lib/python3.12/site-packages/airflow/timetables/_cron.py", line 104, in validate
    raise AirflowTimetableInvalid(str(e))
airflow.exceptions.AirflowTimetableInvalid: [0 6, 18 * * *] is not acceptable
[2026-08-01T19:39:44.704+0000] {processor.py:927} WARNING - No viable dags retrieved from /opt/airflow/dags/pricescope_pipeline.py
[2026-08-01T19:39:44.759+0000] {processor.py:208} INFO - Processing /opt/airflow/dags/pricescope_pipeline.py took 0.106 seconds
[2026-08-01T19:40:15.083+0000] {processor.py:186} INFO - Started process (PID=734) to work on /opt/airflow/dags/pricescope_pipeline.py
[2026-08-01T19:40:15.085+0000] {processor.py:914} INFO - Processing file /opt/airflow/dags/pricescope_pipeline.py for tasks to queue
[2026-08-01T19:40:15.089+0000] {logging_mixin.py:190} INFO - [2026-08-01T19:40:15.089+0000] {dagbag.py:588} INFO - Filling up the DagBag from /opt/airflow/dags/pricescope_pipeline.py
[2026-08-01T19:40:15.139+0000] {logging_mixin.py:190} INFO - [2026-08-01T19:40:15.137+0000] {dagbag.py:484} ERROR - Failed to bag_dag: /opt/airflow/dags/pricescope_pipeline.py
Traceback (most recent call last):
  File "/home/airflow/.local/lib/python3.12/site-packages/croniter/croniter.py", line 284, in _alphaconv
    return cls.ALPHACONV[index][key]
           ~~~~~~~~~~~~~~~~~~~~^^^^^
KeyError: ''

During handling of the above exception, another exception occurred:

Traceback (most recent call last):
  File "/home/airflow/.local/lib/python3.12/site-packages/airflow/timetables/_cron.py", line 102, in validate
    croniter(self._expression)
  File "/home/airflow/.local/lib/python3.12/site-packages/croniter/croniter.py", line 271, in __init__
    self.expanded, self.nth_weekday_of_month = self.expand(
                                               ^^^^^^^^^^^^
  File "/home/airflow/.local/lib/python3.12/site-packages/croniter/croniter.py", line 1032, in expand
    return cls._expand(expr_format, hash_id=hash_id,
           ^^^^^^^^^^^^^^^^^^^^^^^^^^^^^^^^^^^^^^^^^
  File "/home/airflow/.local/lib/python3.12/site-packages/croniter/croniter.py", line 973, in _expand
    t = cls._alphaconv(i, t, expressions)
        ^^^^^^^^^^^^^^^^^^^^^^^^^^^^^^^^^
  File "/home/airflow/.local/lib/python3.12/site-packages/croniter/croniter.py", line 286, in _alphaconv
    raise CroniterNotAlphaError(
croniter.croniter.CroniterNotAlphaError: [0 6, 18 * * *] is not acceptable

During handling of the above exception, another exception occurred:

Traceback (most recent call last):
  File "/home/airflow/.local/lib/python3.12/site-packages/airflow/models/dagbag.py", line 479, in _process_modules
    dag.validate()
  File "/home/airflow/.local/lib/python3.12/site-packages/airflow/models/dag.py", line 845, in validate
    self.timetable.validate()
  File "/home/airflow/.local/lib/python3.12/site-packages/airflow/timetables/_cron.py", line 104, in validate
    raise AirflowTimetableInvalid(str(e))
airflow.exceptions.AirflowTimetableInvalid: [0 6, 18 * * *] is not acceptable
[2026-08-01T19:40:15.141+0000] {processor.py:927} WARNING - No viable dags retrieved from /opt/airflow/dags/pricescope_pipeline.py
[2026-08-01T19:40:15.165+0000] {processor.py:208} INFO - Processing /opt/airflow/dags/pricescope_pipeline.py took 0.087 seconds
[2026-08-01T19:40:45.557+0000] {processor.py:186} INFO - Started process (PID=741) to work on /opt/airflow/dags/pricescope_pipeline.py
[2026-08-01T19:40:45.560+0000] {processor.py:914} INFO - Processing file /opt/airflow/dags/pricescope_pipeline.py for tasks to queue
[2026-08-01T19:40:45.567+0000] {logging_mixin.py:190} INFO - [2026-08-01T19:40:45.567+0000] {dagbag.py:588} INFO - Filling up the DagBag from /opt/airflow/dags/pricescope_pipeline.py
[2026-08-01T19:40:45.624+0000] {logging_mixin.py:190} INFO - [2026-08-01T19:40:45.621+0000] {dagbag.py:484} ERROR - Failed to bag_dag: /opt/airflow/dags/pricescope_pipeline.py
Traceback (most recent call last):
  File "/home/airflow/.local/lib/python3.12/site-packages/croniter/croniter.py", line 284, in _alphaconv
    return cls.ALPHACONV[index][key]
           ~~~~~~~~~~~~~~~~~~~~^^^^^
KeyError: ''

During handling of the above exception, another exception occurred:

Traceback (most recent call last):
  File "/home/airflow/.local/lib/python3.12/site-packages/airflow/timetables/_cron.py", line 102, in validate
    croniter(self._expression)
  File "/home/airflow/.local/lib/python3.12/site-packages/croniter/croniter.py", line 271, in __init__
    self.expanded, self.nth_weekday_of_month = self.expand(
                                               ^^^^^^^^^^^^
  File "/home/airflow/.local/lib/python3.12/site-packages/croniter/croniter.py", line 1032, in expand
    return cls._expand(expr_format, hash_id=hash_id,
           ^^^^^^^^^^^^^^^^^^^^^^^^^^^^^^^^^^^^^^^^^
  File "/home/airflow/.local/lib/python3.12/site-packages/croniter/croniter.py", line 973, in _expand
    t = cls._alphaconv(i, t, expressions)
        ^^^^^^^^^^^^^^^^^^^^^^^^^^^^^^^^^
  File "/home/airflow/.local/lib/python3.12/site-packages/croniter/croniter.py", line 286, in _alphaconv
    raise CroniterNotAlphaError(
croniter.croniter.CroniterNotAlphaError: [0 6, 18 * * *] is not acceptable

During handling of the above exception, another exception occurred:

Traceback (most recent call last):
  File "/home/airflow/.local/lib/python3.12/site-packages/airflow/models/dagbag.py", line 479, in _process_modules
    dag.validate()
  File "/home/airflow/.local/lib/python3.12/site-packages/airflow/models/dag.py", line 845, in validate
    self.timetable.validate()
  File "/home/airflow/.local/lib/python3.12/site-packages/airflow/timetables/_cron.py", line 104, in validate
    raise AirflowTimetableInvalid(str(e))
airflow.exceptions.AirflowTimetableInvalid: [0 6, 18 * * *] is not acceptable
[2026-08-01T19:40:45.626+0000] {processor.py:927} WARNING - No viable dags retrieved from /opt/airflow/dags/pricescope_pipeline.py
[2026-08-01T19:40:45.676+0000] {processor.py:208} INFO - Processing /opt/airflow/dags/pricescope_pipeline.py took 0.132 seconds
[2026-08-01T19:41:15.990+0000] {processor.py:186} INFO - Started process (PID=748) to work on /opt/airflow/dags/pricescope_pipeline.py
[2026-08-01T19:41:15.995+0000] {processor.py:914} INFO - Processing file /opt/airflow/dags/pricescope_pipeline.py for tasks to queue
[2026-08-01T19:41:16.003+0000] {logging_mixin.py:190} INFO - [2026-08-01T19:41:16.002+0000] {dagbag.py:588} INFO - Filling up the DagBag from /opt/airflow/dags/pricescope_pipeline.py
[2026-08-01T19:41:16.066+0000] {logging_mixin.py:190} INFO - [2026-08-01T19:41:16.061+0000] {dagbag.py:484} ERROR - Failed to bag_dag: /opt/airflow/dags/pricescope_pipeline.py
Traceback (most recent call last):
  File "/home/airflow/.local/lib/python3.12/site-packages/croniter/croniter.py", line 284, in _alphaconv
    return cls.ALPHACONV[index][key]
           ~~~~~~~~~~~~~~~~~~~~^^^^^
KeyError: ''

During handling of the above exception, another exception occurred:

Traceback (most recent call last):
  File "/home/airflow/.local/lib/python3.12/site-packages/airflow/timetables/_cron.py", line 102, in validate
    croniter(self._expression)
  File "/home/airflow/.local/lib/python3.12/site-packages/croniter/croniter.py", line 271, in __init__
    self.expanded, self.nth_weekday_of_month = self.expand(
                                               ^^^^^^^^^^^^
  File "/home/airflow/.local/lib/python3.12/site-packages/croniter/croniter.py", line 1032, in expand
    return cls._expand(expr_format, hash_id=hash_id,
           ^^^^^^^^^^^^^^^^^^^^^^^^^^^^^^^^^^^^^^^^^
  File "/home/airflow/.local/lib/python3.12/site-packages/croniter/croniter.py", line 973, in _expand
    t = cls._alphaconv(i, t, expressions)
        ^^^^^^^^^^^^^^^^^^^^^^^^^^^^^^^^^
  File "/home/airflow/.local/lib/python3.12/site-packages/croniter/croniter.py", line 286, in _alphaconv
    raise CroniterNotAlphaError(
croniter.croniter.CroniterNotAlphaError: [0 6, 18 * * *] is not acceptable

During handling of the above exception, another exception occurred:

Traceback (most recent call last):
  File "/home/airflow/.local/lib/python3.12/site-packages/airflow/models/dagbag.py", line 479, in _process_modules
    dag.validate()
  File "/home/airflow/.local/lib/python3.12/site-packages/airflow/models/dag.py", line 845, in validate
    self.timetable.validate()
  File "/home/airflow/.local/lib/python3.12/site-packages/airflow/timetables/_cron.py", line 104, in validate
    raise AirflowTimetableInvalid(str(e))
airflow.exceptions.AirflowTimetableInvalid: [0 6, 18 * * *] is not acceptable
[2026-08-01T19:41:16.071+0000] {processor.py:927} WARNING - No viable dags retrieved from /opt/airflow/dags/pricescope_pipeline.py
[2026-08-01T19:41:16.138+0000] {processor.py:208} INFO - Processing /opt/airflow/dags/pricescope_pipeline.py took 0.163 seconds
[2026-08-01T19:41:46.508+0000] {processor.py:186} INFO - Started process (PID=756) to work on /opt/airflow/dags/pricescope_pipeline.py
[2026-08-01T19:41:46.512+0000] {processor.py:914} INFO - Processing file /opt/airflow/dags/pricescope_pipeline.py for tasks to queue
[2026-08-01T19:41:46.521+0000] {logging_mixin.py:190} INFO - [2026-08-01T19:41:46.520+0000] {dagbag.py:588} INFO - Filling up the DagBag from /opt/airflow/dags/pricescope_pipeline.py
[2026-08-01T19:41:46.568+0000] {logging_mixin.py:190} INFO - [2026-08-01T19:41:46.562+0000] {dagbag.py:484} ERROR - Failed to bag_dag: /opt/airflow/dags/pricescope_pipeline.py
Traceback (most recent call last):
  File "/home/airflow/.local/lib/python3.12/site-packages/croniter/croniter.py", line 284, in _alphaconv
    return cls.ALPHACONV[index][key]
           ~~~~~~~~~~~~~~~~~~~~^^^^^
KeyError: ''

During handling of the above exception, another exception occurred:

Traceback (most recent call last):
  File "/home/airflow/.local/lib/python3.12/site-packages/airflow/timetables/_cron.py", line 102, in validate
    croniter(self._expression)
  File "/home/airflow/.local/lib/python3.12/site-packages/croniter/croniter.py", line 271, in __init__
    self.expanded, self.nth_weekday_of_month = self.expand(
                                               ^^^^^^^^^^^^
  File "/home/airflow/.local/lib/python3.12/site-packages/croniter/croniter.py", line 1032, in expand
    return cls._expand(expr_format, hash_id=hash_id,
           ^^^^^^^^^^^^^^^^^^^^^^^^^^^^^^^^^^^^^^^^^
  File "/home/airflow/.local/lib/python3.12/site-packages/croniter/croniter.py", line 973, in _expand
    t = cls._alphaconv(i, t, expressions)
        ^^^^^^^^^^^^^^^^^^^^^^^^^^^^^^^^^
  File "/home/airflow/.local/lib/python3.12/site-packages/croniter/croniter.py", line 286, in _alphaconv
    raise CroniterNotAlphaError(
croniter.croniter.CroniterNotAlphaError: [0 6, 18 * * *] is not acceptable

During handling of the above exception, another exception occurred:

Traceback (most recent call last):
  File "/home/airflow/.local/lib/python3.12/site-packages/airflow/models/dagbag.py", line 479, in _process_modules
    dag.validate()
  File "/home/airflow/.local/lib/python3.12/site-packages/airflow/models/dag.py", line 845, in validate
    self.timetable.validate()
  File "/home/airflow/.local/lib/python3.12/site-packages/airflow/timetables/_cron.py", line 104, in validate
    raise AirflowTimetableInvalid(str(e))
airflow.exceptions.AirflowTimetableInvalid: [0 6, 18 * * *] is not acceptable
[2026-08-01T19:41:46.570+0000] {processor.py:927} WARNING - No viable dags retrieved from /opt/airflow/dags/pricescope_pipeline.py
[2026-08-01T19:41:46.618+0000] {processor.py:208} INFO - Processing /opt/airflow/dags/pricescope_pipeline.py took 0.120 seconds
[2026-08-01T19:42:17.112+0000] {processor.py:186} INFO - Started process (PID=764) to work on /opt/airflow/dags/pricescope_pipeline.py
[2026-08-01T19:42:17.118+0000] {processor.py:914} INFO - Processing file /opt/airflow/dags/pricescope_pipeline.py for tasks to queue
[2026-08-01T19:42:17.125+0000] {logging_mixin.py:190} INFO - [2026-08-01T19:42:17.124+0000] {dagbag.py:588} INFO - Filling up the DagBag from /opt/airflow/dags/pricescope_pipeline.py
[2026-08-01T19:42:17.186+0000] {logging_mixin.py:190} INFO - [2026-08-01T19:42:17.179+0000] {dagbag.py:484} ERROR - Failed to bag_dag: /opt/airflow/dags/pricescope_pipeline.py
Traceback (most recent call last):
  File "/home/airflow/.local/lib/python3.12/site-packages/croniter/croniter.py", line 284, in _alphaconv
    return cls.ALPHACONV[index][key]
           ~~~~~~~~~~~~~~~~~~~~^^^^^
KeyError: ''

During handling of the above exception, another exception occurred:

Traceback (most recent call last):
  File "/home/airflow/.local/lib/python3.12/site-packages/airflow/timetables/_cron.py", line 102, in validate
    croniter(self._expression)
  File "/home/airflow/.local/lib/python3.12/site-packages/croniter/croniter.py", line 271, in __init__
    self.expanded, self.nth_weekday_of_month = self.expand(
                                               ^^^^^^^^^^^^
  File "/home/airflow/.local/lib/python3.12/site-packages/croniter/croniter.py", line 1032, in expand
    return cls._expand(expr_format, hash_id=hash_id,
           ^^^^^^^^^^^^^^^^^^^^^^^^^^^^^^^^^^^^^^^^^
  File "/home/airflow/.local/lib/python3.12/site-packages/croniter/croniter.py", line 973, in _expand
    t = cls._alphaconv(i, t, expressions)
        ^^^^^^^^^^^^^^^^^^^^^^^^^^^^^^^^^
  File "/home/airflow/.local/lib/python3.12/site-packages/croniter/croniter.py", line 286, in _alphaconv
    raise CroniterNotAlphaError(
croniter.croniter.CroniterNotAlphaError: [0 6, 18 * * *] is not acceptable

During handling of the above exception, another exception occurred:

Traceback (most recent call last):
  File "/home/airflow/.local/lib/python3.12/site-packages/airflow/models/dagbag.py", line 479, in _process_modules
    dag.validate()
  File "/home/airflow/.local/lib/python3.12/site-packages/airflow/models/dag.py", line 845, in validate
    self.timetable.validate()
  File "/home/airflow/.local/lib/python3.12/site-packages/airflow/timetables/_cron.py", line 104, in validate
    raise AirflowTimetableInvalid(str(e))
airflow.exceptions.AirflowTimetableInvalid: [0 6, 18 * * *] is not acceptable
[2026-08-01T19:42:17.189+0000] {processor.py:927} WARNING - No viable dags retrieved from /opt/airflow/dags/pricescope_pipeline.py
[2026-08-01T19:42:17.222+0000] {processor.py:208} INFO - Processing /opt/airflow/dags/pricescope_pipeline.py took 0.124 seconds
[2026-08-01T19:42:47.493+0000] {processor.py:186} INFO - Started process (PID=770) to work on /opt/airflow/dags/pricescope_pipeline.py
[2026-08-01T19:42:47.496+0000] {processor.py:914} INFO - Processing file /opt/airflow/dags/pricescope_pipeline.py for tasks to queue
[2026-08-01T19:42:47.500+0000] {logging_mixin.py:190} INFO - [2026-08-01T19:42:47.499+0000] {dagbag.py:588} INFO - Filling up the DagBag from /opt/airflow/dags/pricescope_pipeline.py
[2026-08-01T19:42:47.549+0000] {logging_mixin.py:190} INFO - [2026-08-01T19:42:47.546+0000] {dagbag.py:484} ERROR - Failed to bag_dag: /opt/airflow/dags/pricescope_pipeline.py
Traceback (most recent call last):
  File "/home/airflow/.local/lib/python3.12/site-packages/croniter/croniter.py", line 284, in _alphaconv
    return cls.ALPHACONV[index][key]
           ~~~~~~~~~~~~~~~~~~~~^^^^^
KeyError: ''

During handling of the above exception, another exception occurred:

Traceback (most recent call last):
  File "/home/airflow/.local/lib/python3.12/site-packages/airflow/timetables/_cron.py", line 102, in validate
    croniter(self._expression)
  File "/home/airflow/.local/lib/python3.12/site-packages/croniter/croniter.py", line 271, in __init__
    self.expanded, self.nth_weekday_of_month = self.expand(
                                               ^^^^^^^^^^^^
  File "/home/airflow/.local/lib/python3.12/site-packages/croniter/croniter.py", line 1032, in expand
    return cls._expand(expr_format, hash_id=hash_id,
           ^^^^^^^^^^^^^^^^^^^^^^^^^^^^^^^^^^^^^^^^^
  File "/home/airflow/.local/lib/python3.12/site-packages/croniter/croniter.py", line 973, in _expand
    t = cls._alphaconv(i, t, expressions)
        ^^^^^^^^^^^^^^^^^^^^^^^^^^^^^^^^^
  File "/home/airflow/.local/lib/python3.12/site-packages/croniter/croniter.py", line 286, in _alphaconv
    raise CroniterNotAlphaError(
croniter.croniter.CroniterNotAlphaError: [0 6, 18 * * *] is not acceptable

During handling of the above exception, another exception occurred:

Traceback (most recent call last):
  File "/home/airflow/.local/lib/python3.12/site-packages/airflow/models/dagbag.py", line 479, in _process_modules
    dag.validate()
  File "/home/airflow/.local/lib/python3.12/site-packages/airflow/models/dag.py", line 845, in validate
    self.timetable.validate()
  File "/home/airflow/.local/lib/python3.12/site-packages/airflow/timetables/_cron.py", line 104, in validate
    raise AirflowTimetableInvalid(str(e))
airflow.exceptions.AirflowTimetableInvalid: [0 6, 18 * * *] is not acceptable
[2026-08-01T19:42:47.552+0000] {processor.py:927} WARNING - No viable dags retrieved from /opt/airflow/dags/pricescope_pipeline.py
[2026-08-01T19:42:47.585+0000] {processor.py:208} INFO - Processing /opt/airflow/dags/pricescope_pipeline.py took 0.099 seconds
[2026-08-01T19:43:18.006+0000] {processor.py:186} INFO - Started process (PID=777) to work on /opt/airflow/dags/pricescope_pipeline.py
[2026-08-01T19:43:18.009+0000] {processor.py:914} INFO - Processing file /opt/airflow/dags/pricescope_pipeline.py for tasks to queue
[2026-08-01T19:43:18.017+0000] {logging_mixin.py:190} INFO - [2026-08-01T19:43:18.016+0000] {dagbag.py:588} INFO - Filling up the DagBag from /opt/airflow/dags/pricescope_pipeline.py
[2026-08-01T19:43:18.076+0000] {logging_mixin.py:190} INFO - [2026-08-01T19:43:18.073+0000] {dagbag.py:484} ERROR - Failed to bag_dag: /opt/airflow/dags/pricescope_pipeline.py
Traceback (most recent call last):
  File "/home/airflow/.local/lib/python3.12/site-packages/croniter/croniter.py", line 284, in _alphaconv
    return cls.ALPHACONV[index][key]
           ~~~~~~~~~~~~~~~~~~~~^^^^^
KeyError: ''

During handling of the above exception, another exception occurred:

Traceback (most recent call last):
  File "/home/airflow/.local/lib/python3.12/site-packages/airflow/timetables/_cron.py", line 102, in validate
    croniter(self._expression)
  File "/home/airflow/.local/lib/python3.12/site-packages/croniter/croniter.py", line 271, in __init__
    self.expanded, self.nth_weekday_of_month = self.expand(
                                               ^^^^^^^^^^^^
  File "/home/airflow/.local/lib/python3.12/site-packages/croniter/croniter.py", line 1032, in expand
    return cls._expand(expr_format, hash_id=hash_id,
           ^^^^^^^^^^^^^^^^^^^^^^^^^^^^^^^^^^^^^^^^^
  File "/home/airflow/.local/lib/python3.12/site-packages/croniter/croniter.py", line 973, in _expand
    t = cls._alphaconv(i, t, expressions)
        ^^^^^^^^^^^^^^^^^^^^^^^^^^^^^^^^^
  File "/home/airflow/.local/lib/python3.12/site-packages/croniter/croniter.py", line 286, in _alphaconv
    raise CroniterNotAlphaError(
croniter.croniter.CroniterNotAlphaError: [0 6, 18 * * *] is not acceptable

During handling of the above exception, another exception occurred:

Traceback (most recent call last):
  File "/home/airflow/.local/lib/python3.12/site-packages/airflow/models/dagbag.py", line 479, in _process_modules
    dag.validate()
  File "/home/airflow/.local/lib/python3.12/site-packages/airflow/models/dag.py", line 845, in validate
    self.timetable.validate()
  File "/home/airflow/.local/lib/python3.12/site-packages/airflow/timetables/_cron.py", line 104, in validate
    raise AirflowTimetableInvalid(str(e))
airflow.exceptions.AirflowTimetableInvalid: [0 6, 18 * * *] is not acceptable
[2026-08-01T19:43:18.079+0000] {processor.py:927} WARNING - No viable dags retrieved from /opt/airflow/dags/pricescope_pipeline.py
[2026-08-01T19:43:18.152+0000] {processor.py:208} INFO - Processing /opt/airflow/dags/pricescope_pipeline.py took 0.154 seconds
[2026-08-01T19:43:48.447+0000] {processor.py:186} INFO - Started process (PID=784) to work on /opt/airflow/dags/pricescope_pipeline.py
[2026-08-01T19:43:48.449+0000] {processor.py:914} INFO - Processing file /opt/airflow/dags/pricescope_pipeline.py for tasks to queue
[2026-08-01T19:43:48.454+0000] {logging_mixin.py:190} INFO - [2026-08-01T19:43:48.454+0000] {dagbag.py:588} INFO - Filling up the DagBag from /opt/airflow/dags/pricescope_pipeline.py
[2026-08-01T19:43:48.481+0000] {logging_mixin.py:190} INFO - [2026-08-01T19:43:48.478+0000] {dagbag.py:484} ERROR - Failed to bag_dag: /opt/airflow/dags/pricescope_pipeline.py
Traceback (most recent call last):
  File "/home/airflow/.local/lib/python3.12/site-packages/croniter/croniter.py", line 284, in _alphaconv
    return cls.ALPHACONV[index][key]
           ~~~~~~~~~~~~~~~~~~~~^^^^^
KeyError: ''

During handling of the above exception, another exception occurred:

Traceback (most recent call last):
  File "/home/airflow/.local/lib/python3.12/site-packages/airflow/timetables/_cron.py", line 102, in validate
    croniter(self._expression)
  File "/home/airflow/.local/lib/python3.12/site-packages/croniter/croniter.py", line 271, in __init__
    self.expanded, self.nth_weekday_of_month = self.expand(
                                               ^^^^^^^^^^^^
  File "/home/airflow/.local/lib/python3.12/site-packages/croniter/croniter.py", line 1032, in expand
    return cls._expand(expr_format, hash_id=hash_id,
           ^^^^^^^^^^^^^^^^^^^^^^^^^^^^^^^^^^^^^^^^^
  File "/home/airflow/.local/lib/python3.12/site-packages/croniter/croniter.py", line 973, in _expand
    t = cls._alphaconv(i, t, expressions)
        ^^^^^^^^^^^^^^^^^^^^^^^^^^^^^^^^^
  File "/home/airflow/.local/lib/python3.12/site-packages/croniter/croniter.py", line 286, in _alphaconv
    raise CroniterNotAlphaError(
croniter.croniter.CroniterNotAlphaError: [0 6, 18 * * *] is not acceptable

During handling of the above exception, another exception occurred:

Traceback (most recent call last):
  File "/home/airflow/.local/lib/python3.12/site-packages/airflow/models/dagbag.py", line 479, in _process_modules
    dag.validate()
  File "/home/airflow/.local/lib/python3.12/site-packages/airflow/models/dag.py", line 845, in validate
    self.timetable.validate()
  File "/home/airflow/.local/lib/python3.12/site-packages/airflow/timetables/_cron.py", line 104, in validate
    raise AirflowTimetableInvalid(str(e))
airflow.exceptions.AirflowTimetableInvalid: [0 6, 18 * * *] is not acceptable
[2026-08-01T19:43:48.483+0000] {processor.py:927} WARNING - No viable dags retrieved from /opt/airflow/dags/pricescope_pipeline.py
[2026-08-01T19:43:48.505+0000] {processor.py:208} INFO - Processing /opt/airflow/dags/pricescope_pipeline.py took 0.072 seconds
[2026-08-01T19:44:18.857+0000] {processor.py:186} INFO - Started process (PID=791) to work on /opt/airflow/dags/pricescope_pipeline.py
[2026-08-01T19:44:18.860+0000] {processor.py:914} INFO - Processing file /opt/airflow/dags/pricescope_pipeline.py for tasks to queue
[2026-08-01T19:44:18.866+0000] {logging_mixin.py:190} INFO - [2026-08-01T19:44:18.865+0000] {dagbag.py:588} INFO - Filling up the DagBag from /opt/airflow/dags/pricescope_pipeline.py
[2026-08-01T19:44:18.890+0000] {logging_mixin.py:190} INFO - [2026-08-01T19:44:18.887+0000] {dagbag.py:484} ERROR - Failed to bag_dag: /opt/airflow/dags/pricescope_pipeline.py
Traceback (most recent call last):
  File "/home/airflow/.local/lib/python3.12/site-packages/croniter/croniter.py", line 284, in _alphaconv
    return cls.ALPHACONV[index][key]
           ~~~~~~~~~~~~~~~~~~~~^^^^^
KeyError: ''

During handling of the above exception, another exception occurred:

Traceback (most recent call last):
  File "/home/airflow/.local/lib/python3.12/site-packages/airflow/timetables/_cron.py", line 102, in validate
    croniter(self._expression)
  File "/home/airflow/.local/lib/python3.12/site-packages/croniter/croniter.py", line 271, in __init__
    self.expanded, self.nth_weekday_of_month = self.expand(
                                               ^^^^^^^^^^^^
  File "/home/airflow/.local/lib/python3.12/site-packages/croniter/croniter.py", line 1032, in expand
    return cls._expand(expr_format, hash_id=hash_id,
           ^^^^^^^^^^^^^^^^^^^^^^^^^^^^^^^^^^^^^^^^^
  File "/home/airflow/.local/lib/python3.12/site-packages/croniter/croniter.py", line 973, in _expand
    t = cls._alphaconv(i, t, expressions)
        ^^^^^^^^^^^^^^^^^^^^^^^^^^^^^^^^^
  File "/home/airflow/.local/lib/python3.12/site-packages/croniter/croniter.py", line 286, in _alphaconv
    raise CroniterNotAlphaError(
croniter.croniter.CroniterNotAlphaError: [0 6, 18 * * *] is not acceptable

During handling of the above exception, another exception occurred:

Traceback (most recent call last):
  File "/home/airflow/.local/lib/python3.12/site-packages/airflow/models/dagbag.py", line 479, in _process_modules
    dag.validate()
  File "/home/airflow/.local/lib/python3.12/site-packages/airflow/models/dag.py", line 845, in validate
    self.timetable.validate()
  File "/home/airflow/.local/lib/python3.12/site-packages/airflow/timetables/_cron.py", line 104, in validate
    raise AirflowTimetableInvalid(str(e))
airflow.exceptions.AirflowTimetableInvalid: [0 6, 18 * * *] is not acceptable
[2026-08-01T19:44:18.891+0000] {processor.py:927} WARNING - No viable dags retrieved from /opt/airflow/dags/pricescope_pipeline.py
[2026-08-01T19:44:18.940+0000] {processor.py:208} INFO - Processing /opt/airflow/dags/pricescope_pipeline.py took 0.094 seconds
[2026-08-01T19:44:49.330+0000] {processor.py:186} INFO - Started process (PID=798) to work on /opt/airflow/dags/pricescope_pipeline.py
[2026-08-01T19:44:49.333+0000] {processor.py:914} INFO - Processing file /opt/airflow/dags/pricescope_pipeline.py for tasks to queue
[2026-08-01T19:44:49.340+0000] {logging_mixin.py:190} INFO - [2026-08-01T19:44:49.340+0000] {dagbag.py:588} INFO - Filling up the DagBag from /opt/airflow/dags/pricescope_pipeline.py
[2026-08-01T19:44:49.376+0000] {logging_mixin.py:190} INFO - [2026-08-01T19:44:49.371+0000] {dagbag.py:484} ERROR - Failed to bag_dag: /opt/airflow/dags/pricescope_pipeline.py
Traceback (most recent call last):
  File "/home/airflow/.local/lib/python3.12/site-packages/croniter/croniter.py", line 284, in _alphaconv
    return cls.ALPHACONV[index][key]
           ~~~~~~~~~~~~~~~~~~~~^^^^^
KeyError: ''

During handling of the above exception, another exception occurred:

Traceback (most recent call last):
  File "/home/airflow/.local/lib/python3.12/site-packages/airflow/timetables/_cron.py", line 102, in validate
    croniter(self._expression)
  File "/home/airflow/.local/lib/python3.12/site-packages/croniter/croniter.py", line 271, in __init__
    self.expanded, self.nth_weekday_of_month = self.expand(
                                               ^^^^^^^^^^^^
  File "/home/airflow/.local/lib/python3.12/site-packages/croniter/croniter.py", line 1032, in expand
    return cls._expand(expr_format, hash_id=hash_id,
           ^^^^^^^^^^^^^^^^^^^^^^^^^^^^^^^^^^^^^^^^^
  File "/home/airflow/.local/lib/python3.12/site-packages/croniter/croniter.py", line 973, in _expand
    t = cls._alphaconv(i, t, expressions)
        ^^^^^^^^^^^^^^^^^^^^^^^^^^^^^^^^^
  File "/home/airflow/.local/lib/python3.12/site-packages/croniter/croniter.py", line 286, in _alphaconv
    raise CroniterNotAlphaError(
croniter.croniter.CroniterNotAlphaError: [0 6, 18 * * *] is not acceptable

During handling of the above exception, another exception occurred:

Traceback (most recent call last):
  File "/home/airflow/.local/lib/python3.12/site-packages/airflow/models/dagbag.py", line 479, in _process_modules
    dag.validate()
  File "/home/airflow/.local/lib/python3.12/site-packages/airflow/models/dag.py", line 845, in validate
    self.timetable.validate()
  File "/home/airflow/.local/lib/python3.12/site-packages/airflow/timetables/_cron.py", line 104, in validate
    raise AirflowTimetableInvalid(str(e))
airflow.exceptions.AirflowTimetableInvalid: [0 6, 18 * * *] is not acceptable
[2026-08-01T19:44:49.377+0000] {processor.py:927} WARNING - No viable dags retrieved from /opt/airflow/dags/pricescope_pipeline.py
[2026-08-01T19:44:49.411+0000] {processor.py:208} INFO - Processing /opt/airflow/dags/pricescope_pipeline.py took 0.092 seconds
[2026-08-01T19:45:19.732+0000] {processor.py:186} INFO - Started process (PID=805) to work on /opt/airflow/dags/pricescope_pipeline.py
[2026-08-01T19:45:19.735+0000] {processor.py:914} INFO - Processing file /opt/airflow/dags/pricescope_pipeline.py for tasks to queue
[2026-08-01T19:45:19.740+0000] {logging_mixin.py:190} INFO - [2026-08-01T19:45:19.740+0000] {dagbag.py:588} INFO - Filling up the DagBag from /opt/airflow/dags/pricescope_pipeline.py
[2026-08-01T19:45:19.785+0000] {logging_mixin.py:190} INFO - [2026-08-01T19:45:19.781+0000] {dagbag.py:484} ERROR - Failed to bag_dag: /opt/airflow/dags/pricescope_pipeline.py
Traceback (most recent call last):
  File "/home/airflow/.local/lib/python3.12/site-packages/croniter/croniter.py", line 284, in _alphaconv
    return cls.ALPHACONV[index][key]
           ~~~~~~~~~~~~~~~~~~~~^^^^^
KeyError: ''

During handling of the above exception, another exception occurred:

Traceback (most recent call last):
  File "/home/airflow/.local/lib/python3.12/site-packages/airflow/timetables/_cron.py", line 102, in validate
    croniter(self._expression)
  File "/home/airflow/.local/lib/python3.12/site-packages/croniter/croniter.py", line 271, in __init__
    self.expanded, self.nth_weekday_of_month = self.expand(
                                               ^^^^^^^^^^^^
  File "/home/airflow/.local/lib/python3.12/site-packages/croniter/croniter.py", line 1032, in expand
    return cls._expand(expr_format, hash_id=hash_id,
           ^^^^^^^^^^^^^^^^^^^^^^^^^^^^^^^^^^^^^^^^^
  File "/home/airflow/.local/lib/python3.12/site-packages/croniter/croniter.py", line 973, in _expand
    t = cls._alphaconv(i, t, expressions)
        ^^^^^^^^^^^^^^^^^^^^^^^^^^^^^^^^^
  File "/home/airflow/.local/lib/python3.12/site-packages/croniter/croniter.py", line 286, in _alphaconv
    raise CroniterNotAlphaError(
croniter.croniter.CroniterNotAlphaError: [0 6, 18 * * *] is not acceptable

During handling of the above exception, another exception occurred:

Traceback (most recent call last):
  File "/home/airflow/.local/lib/python3.12/site-packages/airflow/models/dagbag.py", line 479, in _process_modules
    dag.validate()
  File "/home/airflow/.local/lib/python3.12/site-packages/airflow/models/dag.py", line 845, in validate
    self.timetable.validate()
  File "/home/airflow/.local/lib/python3.12/site-packages/airflow/timetables/_cron.py", line 104, in validate
    raise AirflowTimetableInvalid(str(e))
airflow.exceptions.AirflowTimetableInvalid: [0 6, 18 * * *] is not acceptable
[2026-08-01T19:45:19.786+0000] {processor.py:927} WARNING - No viable dags retrieved from /opt/airflow/dags/pricescope_pipeline.py
[2026-08-01T19:45:19.838+0000] {processor.py:208} INFO - Processing /opt/airflow/dags/pricescope_pipeline.py took 0.124 seconds
[2026-08-01T19:45:50.218+0000] {processor.py:186} INFO - Started process (PID=812) to work on /opt/airflow/dags/pricescope_pipeline.py
[2026-08-01T19:45:50.221+0000] {processor.py:914} INFO - Processing file /opt/airflow/dags/pricescope_pipeline.py for tasks to queue
[2026-08-01T19:45:50.228+0000] {logging_mixin.py:190} INFO - [2026-08-01T19:45:50.227+0000] {dagbag.py:588} INFO - Filling up the DagBag from /opt/airflow/dags/pricescope_pipeline.py
[2026-08-01T19:45:50.272+0000] {logging_mixin.py:190} INFO - [2026-08-01T19:45:50.268+0000] {dagbag.py:484} ERROR - Failed to bag_dag: /opt/airflow/dags/pricescope_pipeline.py
Traceback (most recent call last):
  File "/home/airflow/.local/lib/python3.12/site-packages/croniter/croniter.py", line 284, in _alphaconv
    return cls.ALPHACONV[index][key]
           ~~~~~~~~~~~~~~~~~~~~^^^^^
KeyError: ''

During handling of the above exception, another exception occurred:

Traceback (most recent call last):
  File "/home/airflow/.local/lib/python3.12/site-packages/airflow/timetables/_cron.py", line 102, in validate
    croniter(self._expression)
  File "/home/airflow/.local/lib/python3.12/site-packages/croniter/croniter.py", line 271, in __init__
    self.expanded, self.nth_weekday_of_month = self.expand(
                                               ^^^^^^^^^^^^
  File "/home/airflow/.local/lib/python3.12/site-packages/croniter/croniter.py", line 1032, in expand
    return cls._expand(expr_format, hash_id=hash_id,
           ^^^^^^^^^^^^^^^^^^^^^^^^^^^^^^^^^^^^^^^^^
  File "/home/airflow/.local/lib/python3.12/site-packages/croniter/croniter.py", line 973, in _expand
    t = cls._alphaconv(i, t, expressions)
        ^^^^^^^^^^^^^^^^^^^^^^^^^^^^^^^^^
  File "/home/airflow/.local/lib/python3.12/site-packages/croniter/croniter.py", line 286, in _alphaconv
    raise CroniterNotAlphaError(
croniter.croniter.CroniterNotAlphaError: [0 6, 18 * * *] is not acceptable

During handling of the above exception, another exception occurred:

Traceback (most recent call last):
  File "/home/airflow/.local/lib/python3.12/site-packages/airflow/models/dagbag.py", line 479, in _process_modules
    dag.validate()
  File "/home/airflow/.local/lib/python3.12/site-packages/airflow/models/dag.py", line 845, in validate
    self.timetable.validate()
  File "/home/airflow/.local/lib/python3.12/site-packages/airflow/timetables/_cron.py", line 104, in validate
    raise AirflowTimetableInvalid(str(e))
airflow.exceptions.AirflowTimetableInvalid: [0 6, 18 * * *] is not acceptable
[2026-08-01T19:45:50.273+0000] {processor.py:927} WARNING - No viable dags retrieved from /opt/airflow/dags/pricescope_pipeline.py
[2026-08-01T19:45:50.299+0000] {processor.py:208} INFO - Processing /opt/airflow/dags/pricescope_pipeline.py took 0.097 seconds
[2026-08-01T19:46:20.656+0000] {processor.py:186} INFO - Started process (PID=818) to work on /opt/airflow/dags/pricescope_pipeline.py
[2026-08-01T19:46:20.660+0000] {processor.py:914} INFO - Processing file /opt/airflow/dags/pricescope_pipeline.py for tasks to queue
[2026-08-01T19:46:20.667+0000] {logging_mixin.py:190} INFO - [2026-08-01T19:46:20.666+0000] {dagbag.py:588} INFO - Filling up the DagBag from /opt/airflow/dags/pricescope_pipeline.py
[2026-08-01T19:46:20.730+0000] {logging_mixin.py:190} INFO - [2026-08-01T19:46:20.725+0000] {dagbag.py:484} ERROR - Failed to bag_dag: /opt/airflow/dags/pricescope_pipeline.py
Traceback (most recent call last):
  File "/home/airflow/.local/lib/python3.12/site-packages/croniter/croniter.py", line 284, in _alphaconv
    return cls.ALPHACONV[index][key]
           ~~~~~~~~~~~~~~~~~~~~^^^^^
KeyError: ''

During handling of the above exception, another exception occurred:

Traceback (most recent call last):
  File "/home/airflow/.local/lib/python3.12/site-packages/airflow/timetables/_cron.py", line 102, in validate
    croniter(self._expression)
  File "/home/airflow/.local/lib/python3.12/site-packages/croniter/croniter.py", line 271, in __init__
    self.expanded, self.nth_weekday_of_month = self.expand(
                                               ^^^^^^^^^^^^
  File "/home/airflow/.local/lib/python3.12/site-packages/croniter/croniter.py", line 1032, in expand
    return cls._expand(expr_format, hash_id=hash_id,
           ^^^^^^^^^^^^^^^^^^^^^^^^^^^^^^^^^^^^^^^^^
  File "/home/airflow/.local/lib/python3.12/site-packages/croniter/croniter.py", line 973, in _expand
    t = cls._alphaconv(i, t, expressions)
        ^^^^^^^^^^^^^^^^^^^^^^^^^^^^^^^^^
  File "/home/airflow/.local/lib/python3.12/site-packages/croniter/croniter.py", line 286, in _alphaconv
    raise CroniterNotAlphaError(
croniter.croniter.CroniterNotAlphaError: [0 6, 18 * * *] is not acceptable

During handling of the above exception, another exception occurred:

Traceback (most recent call last):
  File "/home/airflow/.local/lib/python3.12/site-packages/airflow/models/dagbag.py", line 479, in _process_modules
    dag.validate()
  File "/home/airflow/.local/lib/python3.12/site-packages/airflow/models/dag.py", line 845, in validate
    self.timetable.validate()
  File "/home/airflow/.local/lib/python3.12/site-packages/airflow/timetables/_cron.py", line 104, in validate
    raise AirflowTimetableInvalid(str(e))
airflow.exceptions.AirflowTimetableInvalid: [0 6, 18 * * *] is not acceptable
[2026-08-01T19:46:20.733+0000] {processor.py:927} WARNING - No viable dags retrieved from /opt/airflow/dags/pricescope_pipeline.py
[2026-08-01T19:46:20.771+0000] {processor.py:208} INFO - Processing /opt/airflow/dags/pricescope_pipeline.py took 0.126 seconds
[2026-08-01T19:46:29.823+0000] {processor.py:186} INFO - Started process (PID=825) to work on /opt/airflow/dags/pricescope_pipeline.py
[2026-08-01T19:46:29.825+0000] {processor.py:914} INFO - Processing file /opt/airflow/dags/pricescope_pipeline.py for tasks to queue
[2026-08-01T19:46:29.831+0000] {logging_mixin.py:190} INFO - [2026-08-01T19:46:29.829+0000] {dagbag.py:588} INFO - Filling up the DagBag from /opt/airflow/dags/pricescope_pipeline.py
[2026-08-01T19:46:30.147+0000] {processor.py:925} INFO - DAG(s) 'pricescope_pipeline' retrieved from /opt/airflow/dags/pricescope_pipeline.py
[2026-08-01T19:46:31.228+0000] {logging_mixin.py:190} INFO - [2026-08-01T19:46:31.227+0000] {override.py:1911} INFO - Created Permission View: can edit on DAG:pricescope_pipeline
[2026-08-01T19:46:31.243+0000] {logging_mixin.py:190} INFO - [2026-08-01T19:46:31.242+0000] {override.py:1911} INFO - Created Permission View: can read on DAG:pricescope_pipeline
[2026-08-01T19:46:31.249+0000] {logging_mixin.py:190} INFO - [2026-08-01T19:46:31.249+0000] {override.py:1911} INFO - Created Permission View: can delete on DAG:pricescope_pipeline
[2026-08-01T19:46:31.258+0000] {logging_mixin.py:190} INFO - [2026-08-01T19:46:31.257+0000] {override.py:1911} INFO - Created Permission View: menu access on DAG Run:pricescope_pipeline
[2026-08-01T19:46:31.265+0000] {logging_mixin.py:190} INFO - [2026-08-01T19:46:31.265+0000] {override.py:1911} INFO - Created Permission View: can create on DAG Run:pricescope_pipeline
[2026-08-01T19:46:31.272+0000] {logging_mixin.py:190} INFO - [2026-08-01T19:46:31.272+0000] {override.py:1911} INFO - Created Permission View: can read on DAG Run:pricescope_pipeline
[2026-08-01T19:46:31.280+0000] {logging_mixin.py:190} INFO - [2026-08-01T19:46:31.280+0000] {override.py:1911} INFO - Created Permission View: can delete on DAG Run:pricescope_pipeline
[2026-08-01T19:46:31.283+0000] {logging_mixin.py:190} INFO - [2026-08-01T19:46:31.282+0000] {dag.py:3239} INFO - Sync 1 DAGs
[2026-08-01T19:46:31.325+0000] {logging_mixin.py:190} INFO - [2026-08-01T19:46:31.325+0000] {dag.py:3262} INFO - Creating ORM DAG for pricescope_pipeline
[2026-08-01T19:46:31.358+0000] {logging_mixin.py:190} INFO - [2026-08-01T19:46:31.357+0000] {dag.py:4180} INFO - Setting next_dagrun for pricescope_pipeline to 2026-08-01 06:00:00+00:00, run_after=2026-08-01 18:00:00+00:00
[2026-08-01T19:46:31.413+0000] {processor.py:208} INFO - Processing /opt/airflow/dags/pricescope_pipeline.py took 1.601 seconds
[2026-08-01T19:47:01.829+0000] {processor.py:186} INFO - Started process (PID=832) to work on /opt/airflow/dags/pricescope_pipeline.py
[2026-08-01T19:47:01.831+0000] {processor.py:914} INFO - Processing file /opt/airflow/dags/pricescope_pipeline.py for tasks to queue
[2026-08-01T19:47:01.835+0000] {logging_mixin.py:190} INFO - [2026-08-01T19:47:01.835+0000] {dagbag.py:588} INFO - Filling up the DagBag from /opt/airflow/dags/pricescope_pipeline.py
[2026-08-01T19:47:01.864+0000] {processor.py:925} INFO - DAG(s) 'pricescope_pipeline' retrieved from /opt/airflow/dags/pricescope_pipeline.py
[2026-08-01T19:47:01.891+0000] {logging_mixin.py:190} INFO - [2026-08-01T19:47:01.891+0000] {dag.py:3239} INFO - Sync 1 DAGs
[2026-08-01T19:47:01.952+0000] {logging_mixin.py:190} INFO - [2026-08-01T19:47:01.951+0000] {dag.py:4180} INFO - Setting next_dagrun for pricescope_pipeline to 2026-08-01 06:00:00+00:00, run_after=2026-08-01 18:00:00+00:00
[2026-08-01T19:47:01.981+0000] {processor.py:208} INFO - Processing /opt/airflow/dags/pricescope_pipeline.py took 0.158 seconds
[2026-08-01T19:47:32.244+0000] {processor.py:186} INFO - Started process (PID=839) to work on /opt/airflow/dags/pricescope_pipeline.py
[2026-08-01T19:47:32.249+0000] {processor.py:914} INFO - Processing file /opt/airflow/dags/pricescope_pipeline.py for tasks to queue
[2026-08-01T19:47:32.258+0000] {logging_mixin.py:190} INFO - [2026-08-01T19:47:32.257+0000] {dagbag.py:588} INFO - Filling up the DagBag from /opt/airflow/dags/pricescope_pipeline.py
[2026-08-01T19:47:32.338+0000] {processor.py:925} INFO - DAG(s) 'pricescope_pipeline' retrieved from /opt/airflow/dags/pricescope_pipeline.py
[2026-08-01T19:47:32.395+0000] {logging_mixin.py:190} INFO - [2026-08-01T19:47:32.395+0000] {dag.py:3239} INFO - Sync 1 DAGs
[2026-08-01T19:47:32.436+0000] {logging_mixin.py:190} INFO - [2026-08-01T19:47:32.436+0000] {dag.py:4180} INFO - Setting next_dagrun for pricescope_pipeline to 2026-08-01 06:00:00+00:00, run_after=2026-08-01 18:00:00+00:00
[2026-08-01T19:47:32.470+0000] {processor.py:208} INFO - Processing /opt/airflow/dags/pricescope_pipeline.py took 0.243 seconds
[2026-08-01T19:48:02.805+0000] {processor.py:186} INFO - Started process (PID=846) to work on /opt/airflow/dags/pricescope_pipeline.py
[2026-08-01T19:48:02.808+0000] {processor.py:914} INFO - Processing file /opt/airflow/dags/pricescope_pipeline.py for tasks to queue
[2026-08-01T19:48:02.815+0000] {logging_mixin.py:190} INFO - [2026-08-01T19:48:02.815+0000] {dagbag.py:588} INFO - Filling up the DagBag from /opt/airflow/dags/pricescope_pipeline.py
[2026-08-01T19:48:02.865+0000] {processor.py:925} INFO - DAG(s) 'pricescope_pipeline' retrieved from /opt/airflow/dags/pricescope_pipeline.py
[2026-08-01T19:48:02.898+0000] {logging_mixin.py:190} INFO - [2026-08-01T19:48:02.897+0000] {dag.py:3239} INFO - Sync 1 DAGs
[2026-08-01T19:48:02.921+0000] {logging_mixin.py:190} INFO - [2026-08-01T19:48:02.921+0000] {dag.py:4180} INFO - Setting next_dagrun for pricescope_pipeline to 2026-08-01 06:00:00+00:00, run_after=2026-08-01 18:00:00+00:00
[2026-08-01T19:48:02.945+0000] {processor.py:208} INFO - Processing /opt/airflow/dags/pricescope_pipeline.py took 0.152 seconds
[2026-08-01T19:48:33.262+0000] {processor.py:186} INFO - Started process (PID=853) to work on /opt/airflow/dags/pricescope_pipeline.py
[2026-08-01T19:48:33.265+0000] {processor.py:914} INFO - Processing file /opt/airflow/dags/pricescope_pipeline.py for tasks to queue
[2026-08-01T19:48:33.271+0000] {logging_mixin.py:190} INFO - [2026-08-01T19:48:33.270+0000] {dagbag.py:588} INFO - Filling up the DagBag from /opt/airflow/dags/pricescope_pipeline.py
[2026-08-01T19:48:33.318+0000] {processor.py:925} INFO - DAG(s) 'pricescope_pipeline' retrieved from /opt/airflow/dags/pricescope_pipeline.py
[2026-08-01T19:48:33.348+0000] {logging_mixin.py:190} INFO - [2026-08-01T19:48:33.348+0000] {dag.py:3239} INFO - Sync 1 DAGs
[2026-08-01T19:48:33.374+0000] {logging_mixin.py:190} INFO - [2026-08-01T19:48:33.373+0000] {dag.py:4180} INFO - Setting next_dagrun for pricescope_pipeline to 2026-08-01 06:00:00+00:00, run_after=2026-08-01 18:00:00+00:00
[2026-08-01T19:48:33.437+0000] {processor.py:208} INFO - Processing /opt/airflow/dags/pricescope_pipeline.py took 0.181 seconds
[2026-08-01T19:49:03.786+0000] {processor.py:186} INFO - Started process (PID=860) to work on /opt/airflow/dags/pricescope_pipeline.py
[2026-08-01T19:49:03.790+0000] {processor.py:914} INFO - Processing file /opt/airflow/dags/pricescope_pipeline.py for tasks to queue
[2026-08-01T19:49:03.795+0000] {logging_mixin.py:190} INFO - [2026-08-01T19:49:03.795+0000] {dagbag.py:588} INFO - Filling up the DagBag from /opt/airflow/dags/pricescope_pipeline.py
[2026-08-01T19:49:03.874+0000] {processor.py:925} INFO - DAG(s) 'pricescope_pipeline' retrieved from /opt/airflow/dags/pricescope_pipeline.py
[2026-08-01T19:49:03.917+0000] {logging_mixin.py:190} INFO - [2026-08-01T19:49:03.916+0000] {dag.py:3239} INFO - Sync 1 DAGs
[2026-08-01T19:49:03.961+0000] {logging_mixin.py:190} INFO - [2026-08-01T19:49:03.961+0000] {dag.py:4180} INFO - Setting next_dagrun for pricescope_pipeline to 2026-08-01 06:00:00+00:00, run_after=2026-08-01 18:00:00+00:00
[2026-08-01T19:49:03.990+0000] {processor.py:208} INFO - Processing /opt/airflow/dags/pricescope_pipeline.py took 0.218 seconds
[2026-08-01T19:49:34.357+0000] {processor.py:186} INFO - Started process (PID=867) to work on /opt/airflow/dags/pricescope_pipeline.py
[2026-08-01T19:49:34.360+0000] {processor.py:914} INFO - Processing file /opt/airflow/dags/pricescope_pipeline.py for tasks to queue
[2026-08-01T19:49:34.367+0000] {logging_mixin.py:190} INFO - [2026-08-01T19:49:34.365+0000] {dagbag.py:588} INFO - Filling up the DagBag from /opt/airflow/dags/pricescope_pipeline.py
[2026-08-01T19:49:34.414+0000] {processor.py:925} INFO - DAG(s) 'pricescope_pipeline' retrieved from /opt/airflow/dags/pricescope_pipeline.py
[2026-08-01T19:49:34.447+0000] {logging_mixin.py:190} INFO - [2026-08-01T19:49:34.447+0000] {dag.py:3239} INFO - Sync 1 DAGs
[2026-08-01T19:49:34.475+0000] {logging_mixin.py:190} INFO - [2026-08-01T19:49:34.474+0000] {dag.py:4180} INFO - Setting next_dagrun for pricescope_pipeline to 2026-08-01 06:00:00+00:00, run_after=2026-08-01 18:00:00+00:00
[2026-08-01T19:49:34.507+0000] {processor.py:208} INFO - Processing /opt/airflow/dags/pricescope_pipeline.py took 0.158 seconds
[2026-08-01T19:50:04.834+0000] {processor.py:186} INFO - Started process (PID=874) to work on /opt/airflow/dags/pricescope_pipeline.py
[2026-08-01T19:50:04.838+0000] {processor.py:914} INFO - Processing file /opt/airflow/dags/pricescope_pipeline.py for tasks to queue
[2026-08-01T19:50:04.847+0000] {logging_mixin.py:190} INFO - [2026-08-01T19:50:04.846+0000] {dagbag.py:588} INFO - Filling up the DagBag from /opt/airflow/dags/pricescope_pipeline.py
[2026-08-01T19:50:04.891+0000] {processor.py:925} INFO - DAG(s) 'pricescope_pipeline' retrieved from /opt/airflow/dags/pricescope_pipeline.py
[2026-08-01T19:50:04.953+0000] {logging_mixin.py:190} INFO - [2026-08-01T19:50:04.952+0000] {dag.py:3239} INFO - Sync 1 DAGs
[2026-08-01T19:50:04.999+0000] {logging_mixin.py:190} INFO - [2026-08-01T19:50:04.998+0000] {dag.py:4180} INFO - Setting next_dagrun for pricescope_pipeline to 2026-08-01 06:00:00+00:00, run_after=2026-08-01 18:00:00+00:00
[2026-08-01T19:50:05.024+0000] {processor.py:208} INFO - Processing /opt/airflow/dags/pricescope_pipeline.py took 0.203 seconds
[2026-08-01T19:50:35.361+0000] {processor.py:186} INFO - Started process (PID=881) to work on /opt/airflow/dags/pricescope_pipeline.py
[2026-08-01T19:50:35.366+0000] {processor.py:914} INFO - Processing file /opt/airflow/dags/pricescope_pipeline.py for tasks to queue
[2026-08-01T19:50:35.374+0000] {logging_mixin.py:190} INFO - [2026-08-01T19:50:35.373+0000] {dagbag.py:588} INFO - Filling up the DagBag from /opt/airflow/dags/pricescope_pipeline.py
[2026-08-01T19:50:35.449+0000] {processor.py:925} INFO - DAG(s) 'pricescope_pipeline' retrieved from /opt/airflow/dags/pricescope_pipeline.py
[2026-08-01T19:50:35.533+0000] {logging_mixin.py:190} INFO - [2026-08-01T19:50:35.532+0000] {dag.py:3239} INFO - Sync 1 DAGs
[2026-08-01T19:50:35.581+0000] {logging_mixin.py:190} INFO - [2026-08-01T19:50:35.580+0000] {dag.py:4180} INFO - Setting next_dagrun for pricescope_pipeline to 2026-08-01 06:00:00+00:00, run_after=2026-08-01 18:00:00+00:00
[2026-08-01T19:50:35.617+0000] {processor.py:208} INFO - Processing /opt/airflow/dags/pricescope_pipeline.py took 0.268 seconds
[2026-08-01T19:51:05.894+0000] {processor.py:186} INFO - Started process (PID=888) to work on /opt/airflow/dags/pricescope_pipeline.py
[2026-08-01T19:51:05.897+0000] {processor.py:914} INFO - Processing file /opt/airflow/dags/pricescope_pipeline.py for tasks to queue
[2026-08-01T19:51:05.906+0000] {logging_mixin.py:190} INFO - [2026-08-01T19:51:05.906+0000] {dagbag.py:588} INFO - Filling up the DagBag from /opt/airflow/dags/pricescope_pipeline.py
[2026-08-01T19:51:05.961+0000] {processor.py:925} INFO - DAG(s) 'pricescope_pipeline' retrieved from /opt/airflow/dags/pricescope_pipeline.py
[2026-08-01T19:51:05.993+0000] {logging_mixin.py:190} INFO - [2026-08-01T19:51:05.993+0000] {dag.py:3239} INFO - Sync 1 DAGs
[2026-08-01T19:51:06.026+0000] {logging_mixin.py:190} INFO - [2026-08-01T19:51:06.026+0000] {dag.py:4180} INFO - Setting next_dagrun for pricescope_pipeline to 2026-08-01 06:00:00+00:00, run_after=2026-08-01 18:00:00+00:00
[2026-08-01T19:51:06.051+0000] {processor.py:208} INFO - Processing /opt/airflow/dags/pricescope_pipeline.py took 0.175 seconds
[2026-08-01T19:51:36.500+0000] {processor.py:186} INFO - Started process (PID=895) to work on /opt/airflow/dags/pricescope_pipeline.py
[2026-08-01T19:51:36.515+0000] {processor.py:914} INFO - Processing file /opt/airflow/dags/pricescope_pipeline.py for tasks to queue
[2026-08-01T19:51:36.534+0000] {logging_mixin.py:190} INFO - [2026-08-01T19:51:36.534+0000] {dagbag.py:588} INFO - Filling up the DagBag from /opt/airflow/dags/pricescope_pipeline.py
[2026-08-01T19:51:36.617+0000] {processor.py:925} INFO - DAG(s) 'pricescope_pipeline' retrieved from /opt/airflow/dags/pricescope_pipeline.py
[2026-08-01T19:51:36.667+0000] {logging_mixin.py:190} INFO - [2026-08-01T19:51:36.667+0000] {dag.py:3239} INFO - Sync 1 DAGs
[2026-08-01T19:51:36.721+0000] {logging_mixin.py:190} INFO - [2026-08-01T19:51:36.721+0000] {dag.py:4180} INFO - Setting next_dagrun for pricescope_pipeline to 2026-08-01 06:00:00+00:00, run_after=2026-08-01 18:00:00+00:00
[2026-08-01T19:51:36.795+0000] {processor.py:208} INFO - Processing /opt/airflow/dags/pricescope_pipeline.py took 0.308 seconds
[2026-08-01T19:52:07.183+0000] {processor.py:186} INFO - Started process (PID=902) to work on /opt/airflow/dags/pricescope_pipeline.py
[2026-08-01T19:52:07.185+0000] {processor.py:914} INFO - Processing file /opt/airflow/dags/pricescope_pipeline.py for tasks to queue
[2026-08-01T19:52:07.189+0000] {logging_mixin.py:190} INFO - [2026-08-01T19:52:07.188+0000] {dagbag.py:588} INFO - Filling up the DagBag from /opt/airflow/dags/pricescope_pipeline.py
[2026-08-01T19:52:07.221+0000] {processor.py:925} INFO - DAG(s) 'pricescope_pipeline' retrieved from /opt/airflow/dags/pricescope_pipeline.py
[2026-08-01T19:52:07.256+0000] {logging_mixin.py:190} INFO - [2026-08-01T19:52:07.256+0000] {dag.py:3239} INFO - Sync 1 DAGs
[2026-08-01T19:52:07.281+0000] {logging_mixin.py:190} INFO - [2026-08-01T19:52:07.281+0000] {dag.py:4180} INFO - Setting next_dagrun for pricescope_pipeline to 2026-08-01 06:00:00+00:00, run_after=2026-08-01 18:00:00+00:00
[2026-08-01T19:52:07.300+0000] {processor.py:208} INFO - Processing /opt/airflow/dags/pricescope_pipeline.py took 0.123 seconds
[2026-08-01T19:52:37.808+0000] {processor.py:186} INFO - Started process (PID=909) to work on /opt/airflow/dags/pricescope_pipeline.py
[2026-08-01T19:52:37.812+0000] {processor.py:914} INFO - Processing file /opt/airflow/dags/pricescope_pipeline.py for tasks to queue
[2026-08-01T19:52:37.821+0000] {logging_mixin.py:190} INFO - [2026-08-01T19:52:37.820+0000] {dagbag.py:588} INFO - Filling up the DagBag from /opt/airflow/dags/pricescope_pipeline.py
[2026-08-01T19:52:37.894+0000] {processor.py:925} INFO - DAG(s) 'pricescope_pipeline' retrieved from /opt/airflow/dags/pricescope_pipeline.py
[2026-08-01T19:52:37.956+0000] {logging_mixin.py:190} INFO - [2026-08-01T19:52:37.955+0000] {dag.py:3239} INFO - Sync 1 DAGs
[2026-08-01T19:52:38.011+0000] {logging_mixin.py:190} INFO - [2026-08-01T19:52:38.010+0000] {dag.py:4180} INFO - Setting next_dagrun for pricescope_pipeline to 2026-08-01 06:00:00+00:00, run_after=2026-08-01 18:00:00+00:00
[2026-08-01T19:52:38.057+0000] {processor.py:208} INFO - Processing /opt/airflow/dags/pricescope_pipeline.py took 0.265 seconds
